2026-04-26 00:06:13 DEBUG org.testng.TestNG - suiteXmlPath: "C:\Users\Rahul\eclipse-workspace\MyntraOriginal\testng.xml"
2026-04-26 00:06:13 INFO  org.testng.internal.Utils - [TestNG] Running:
  C:\Users\Rahul\eclipse-workspace\MyntraOriginal\testng.xml

2026-04-26 00:06:19 INFO  com.Tests.HomePageTest - Searching for: Kids
2026-04-26 00:06:34 INFO  com.Tests.HomePageTest - Searching for: Boys
2026-04-26 00:06:44 INFO  com.Tests.HomePageTest - Searching for: Girls
2026-04-26 00:06:52 INFO  com.Tests.HomePageTest - Searching for: Footwear
2026-04-26 00:07:01 INFO  com.Tests.HomePageTest - Searching for: Infants
2026-04-26 00:07:10 INFO  com.Tests.HomePageTest - Searching for: Toys & Games
2026-04-26 00:07:19 INFO  com.Tests.HomePageTest - Searching for: Accessories
2026-04-26 00:07:27 INFO  com.Tests.HomePageTest - Searching for: 
2026-04-26 00:08:05 INFO  com.Tests.HomePageTest - Searching for: @#$%
2026-04-26 00:08:44 INFO  com.Tests.HomePageTest - Searching for: !!!
2026-04-26 00:08:51 INFO  com.Tests.HomePageTest - Searching for: @@@@
2026-04-26 00:08:59 INFO  com.Tests.HomePageTest - Searching for: kids@@@
2026-04-26 00:09:37 INFO  com.Tests.HomePageTest - Searching for: 123@@abc
2026-04-26 00:10:44 INFO  com.Tests.HomePageTest - Searching for: 123456
2026-04-26 00:11:24 INFO  com.Tests.HomePageTest - Searching for: aaaaaaaaaaaaaaaaaaaaaaaaaaaaaaaa
2026-04-26 00:12:15 INFO  com.Tests.HomePageTest - Products are Displayed..
2026-04-26 00:12:33 INFO  com.Tests.HomePageTest - Products are Displayed..
2026-04-26 00:13:35 INFO  com.Tests.HomePageTest - Products are Displayed..
2026-04-26 00:13:55 INFO  com.Tests.ProductListingPageTest - Category filter applied: Aprons
2026-04-26 00:13:55 INFO  com.Tests.ProductListingPageTest - Category  filter applied successfully..
2026-04-26 00:14:05 INFO  com.Tests.ProductListingPageTest - Category filter applied: Activity Toys and Games
2026-04-26 00:14:14 INFO  com.Tests.ProductListingPageTest - Category filter applied: Bedsheets
2026-04-26 00:14:14 INFO  com.Tests.ProductListingPageTest - Category  filter applied successfully..
2026-04-26 00:14:23 INFO  com.Tests.ProductListingPageTest - Category filter applied: Blankets Quilts and Dohars
2026-04-26 00:14:33 INFO  com.Tests.ProductListingPageTest - Category filter applied: Bodysuit
2026-04-26 00:14:33 INFO  com.Tests.ProductListingPageTest - Category  filter applied successfully..
2026-04-26 00:14:42 INFO  com.Tests.ProductListingPageTest - Category filter applied: Booties
2026-04-26 00:14:42 INFO  com.Tests.ProductListingPageTest - Category  filter applied successfully..
2026-04-26 00:14:50 INFO  com.Tests.ProductListingPageTest - Category filter applied: Backpacks
2026-04-26 00:14:50 INFO  com.Tests.ProductListingPageTest - Category  filter applied successfully..
2026-04-26 00:15:00 INFO  com.Tests.ProductListingPageTest - Category filter applied: Briefs
2026-04-26 00:15:00 INFO  com.Tests.ProductListingPageTest - Category  filter applied successfully..
2026-04-26 00:15:09 INFO  com.Tests.ProductListingPageTest - Category filter applied: Blazers
2026-04-26 00:15:09 INFO  com.Tests.ProductListingPageTest - Category  filter applied successfully..
2026-04-26 00:15:18 INFO  com.Tests.ProductListingPageTest - Category filter applied: Bibs
2026-04-26 00:15:18 INFO  com.Tests.ProductListingPageTest - Category  filter applied successfully..
2026-04-26 00:15:27 INFO  com.Tests.ProductListingPageTest - Category filter applied: Belts
2026-04-26 00:15:27 INFO  com.Tests.ProductListingPageTest - Category  filter applied successfully..
2026-04-26 00:16:05 INFO  com.Tests.ProductListingPageTest - Category filter applied: Boots
2026-04-26 00:16:05 INFO  com.Tests.ProductListingPageTest - Category  filter applied successfully..
2026-04-26 00:16:14 INFO  com.Tests.ProductListingPageTest - Category filter applied: Bed Covers
2026-04-26 00:16:22 INFO  com.Tests.ProductListingPageTest - Category filter applied: Caps
2026-04-26 00:16:22 INFO  com.Tests.ProductListingPageTest - Category  filter applied successfully..
2026-04-26 00:16:31 INFO  com.Tests.ProductListingPageTest - Category filter applied: Co-Ords
2026-04-26 00:16:31 INFO  com.Tests.ProductListingPageTest - Category  filter applied successfully..
2026-04-26 00:16:40 INFO  com.Tests.ProductListingPageTest - Category filter applied: Dungarees
2026-04-26 00:16:40 INFO  com.Tests.ProductListingPageTest - Category  filter applied successfully..
2026-04-26 00:16:49 INFO  com.Tests.ProductListingPageTest - Category filter applied: Diapers
2026-04-26 00:16:49 INFO  com.Tests.ProductListingPageTest - Category  filter applied successfully..
2026-04-26 00:16:59 INFO  com.Tests.ProductListingPageTest - Brand filter applied: BAESD
2026-04-26 00:16:59 INFO  com.Tests.ProductListingPageTest - Brand filter applied successfully..
2026-04-26 00:17:09 INFO  com.Tests.ProductListingPageTest - Brand filter applied: YK
2026-04-26 00:17:09 INFO  com.Tests.ProductListingPageTest - Brand filter applied successfully..
2026-04-26 00:17:19 INFO  com.Tests.ProductListingPageTest - Brand filter applied: V-Mart
2026-04-26 00:17:19 INFO  com.Tests.ProductListingPageTest - Brand filter applied successfully..
2026-04-26 00:17:28 INFO  com.Tests.ProductListingPageTest - Brand filter applied: LULU & SKY
2026-04-26 00:17:37 INFO  com.Tests.ProductListingPageTest - Brand filter applied: MINI KLUB
2026-04-26 00:17:46 INFO  com.Tests.ProductListingPageTest - Brand filter applied: INCLUD
2026-04-26 00:17:55 INFO  com.Tests.ProductListingPageTest - Brand filter applied: H&M
2026-04-26 00:18:45 INFO  com.Tests.ProductListingPageTest - Color filter applied successfully..
2026-04-26 00:20:07 INFO  com.Tests.ProductListingPageTest - Color filter applied successfully..
2026-04-26 00:20:17 INFO  com.Tests.ProductListingPageTest - Color filter applied successfully..
2026-04-26 00:21:07 INFO  com.Tests.ProductListingPageTest - Color filter applied successfully..
2026-04-26 00:21:17 INFO  com.Tests.ProductListingPageTest - Color filter applied successfully..
2026-04-26 00:23:19 INFO  com.Tests.ProductListingPageTest - Color filter applied successfully..
2026-04-26 00:24:48 INFO  com.Tests.ProductListingPageTest - products count before filter:617469
2026-04-26 00:24:48 INFO  com.Tests.ProductListingPageTest - products count after filter:617469
2026-04-26 00:25:10 INFO  com.Tests.ProductListingPageTest - searched category: Tshirts
2026-04-26 00:26:07 INFO  com.Tests.ProductListingPageTest - selected discount: 50% and above
2026-04-26 00:26:18 INFO  com.Tests.ProductListingPageTest - selected discount: 10% and above
2026-04-26 00:26:29 INFO  com.Tests.ProductListingPageTest - selected discount: 20% and above
2026-04-26 00:26:41 INFO  com.Tests.ProductListingPageTest - selected discount: 30% and above
2026-04-26 00:26:52 INFO  com.Tests.ProductListingPageTest - selected discount: 40% and above
2026-04-26 00:27:04 INFO  com.Tests.ProductListingPageTest - selected discount: 50% and above
2026-04-26 00:27:15 INFO  com.Tests.ProductListingPageTest - selected discount: 60% and above
2026-04-26 00:27:26 INFO  com.Tests.ProductListingPageTest - selected discount: 70% and above
2026-04-26 00:27:35 INFO  com.Tests.ProductListingPageTest - selected discount: 80% and above
2026-04-26 00:27:45 INFO  com.Tests.ProductListingPageTest - selected discount: 90% and above
2026-04-26 00:27:53 INFO  com.Tests.ProductListingPageTest - products count before filter:617464
2026-04-26 00:27:54 INFO  com.Tests.ProductListingPageTest - products count after filter:617464
2026-04-26 00:28:09 INFO  com.Tests.ProductListingPageTest - Total products count: 617464
2026-04-26 00:28:19 INFO  com.Tests.ProductListingPageTest - products count before filter:617464
2026-04-26 00:28:20 INFO  com.Tests.ProductListingPageTest - products count after filter:617464
2026-04-26 00:35:06 INFO  com.Tests.ProductListingPageTest - Product Price: MRP₹ 795
2026-04-26 00:35:14 INFO  com.Tests.ProductListingPageTest - Product Title: Baby Forest
2026-04-26 00:40:34 INFO  com.Tests.ProductListingPageTest - Valid Pincode Msg: Get it by Fri, May 01
2026-04-26 00:42:02 DEBUG org.apache.poi.openxml4j.opc.PackageRelationshipCollection - Parsing relationship: /xl/_rels/workbook.xml.rels
2026-04-26 00:42:02 DEBUG org.apache.poi.openxml4j.opc.PackageRelationshipCollection - Parsing relationship: /_rels/.rels
2026-04-26 00:45:56 INFO  com.Tests.ProductListingPageTest - Brand name: Baby Forest
2026-04-26 00:46:40 INFO  com.Tests.ProductListingPageTest - Move to wishlist cancelled
2026-04-26 00:47:24 INFO  com.Tests.ProductListingPageTest - Cart item count: 0
2026-04-26 00:49:11 INFO  com.Tests.ProductListingPageTest - Coupon applied successfully
2026-04-26 00:52:51 INFO  com.Tests.ProductListingPageTest - Product moved to wishlist
2026-04-26 00:54:18 INFO  com.Tests.ProductListingPageTest - Place Order button clicked
2026-04-26 00:57:12 INFO  com.Tests.ProductListingPageTest - Product name: Gentle Baby Cream - 100ml
2026-04-26 01:00:15 INFO  com.Tests.ProductListingPageTest - Product quantity: Qty: 1
2026-04-26 01:01:36 INFO  com.Tests.ProductListingPageTest - Product size: Size: 90-100 ML
2026-04-26 01:02:18 INFO  com.Tests.ProductListingPageTest - Product removed from cart
2026-04-26 01:03:04 INFO  com.Tests.ProductListingPageTest - Pincode button clicked
2026-04-26 09:47:33 DEBUG org.testng.TestNG - suiteXmlPath: "C:\Users\Rahul\AppData\Local\Temp\testng-eclipse-62658621\testng-customsuite.xml"
2026-04-26 09:47:33 INFO  org.testng.internal.Utils - [Utils] MethodGroupsHelper.collectMethodsByGroup() took 1 ms.
2026-04-26 09:47:33 INFO  org.testng.internal.Utils - [Utils] MethodGroupsHelper.sortMethods() took 2 ms.
2026-04-26 09:47:33 INFO  org.testng.internal.Utils - [Utils] MethodGroupsHelper.collectMethodsByGroup() took 0 ms.
2026-04-26 09:47:33 INFO  org.testng.internal.Utils - [Utils] MethodGroupsHelper.sortMethods() took 0 ms.
2026-04-26 09:47:33 INFO  org.testng.internal.Utils - [Utils] MethodGroupsHelper.collectMethodsByGroup() took 0 ms.
2026-04-26 09:47:33 INFO  org.testng.internal.Utils - [Utils] MethodGroupsHelper.sortMethods() took 0 ms.
2026-04-26 09:47:33 INFO  org.testng.internal.Utils - [Utils] MethodGroupsHelper.collectMethodsByGroup() took 0 ms.
2026-04-26 09:47:33 INFO  org.testng.internal.Utils - [Utils] MethodGroupsHelper.sortMethods() took 0 ms.
2026-04-26 09:47:33 INFO  org.testng.internal.Utils - [Utils] MethodGroupsHelper.collectMethodsByGroup() took 0 ms.
2026-04-26 09:47:33 INFO  org.testng.internal.Utils - [Utils] MethodGroupsHelper.sortMethods() took 0 ms.
2026-04-26 09:47:33 INFO  org.testng.internal.Utils - [Utils] MethodGroupsHelper.collectMethodsByGroup() took 0 ms.
2026-04-26 09:47:33 INFO  org.testng.internal.Utils - [Utils] MethodGroupsHelper.sortMethods() took 0 ms.
2026-04-26 09:47:33 INFO  org.testng.internal.Utils - [Utils] MethodGroupsHelper.collectMethodsByGroup() took 0 ms.
2026-04-26 09:47:33 INFO  org.testng.internal.Utils - [Utils] MethodGroupsHelper.sortMethods() took 0 ms.
2026-04-26 09:47:33 INFO  org.testng.internal.Utils - [Utils] MethodGroupsHelper.collectMethodsByGroup() took 0 ms.
2026-04-26 09:47:33 INFO  org.testng.internal.Utils - [Utils] MethodGroupsHelper.sortMethods() took 0 ms.
2026-04-26 09:47:33 INFO  org.testng.internal.Utils - [Utils] MethodGroupsHelper.collectMethodsByGroup() took 9 ms.
2026-04-26 09:47:33 INFO  org.testng.internal.Utils - [Utils] MethodGroupsHelper.sortMethods() took 15 ms.
2026-04-26 09:47:33 INFO  org.testng.internal.Utils - [Utils] MethodGroupsHelper.collectMethodsByGroup() took 0 ms.
2026-04-26 09:47:33 INFO  org.testng.internal.Utils - [Utils] MethodGroupsHelper.sortMethods() took 0 ms.
2026-04-26 09:47:33 INFO  org.testng.internal.Utils - [Utils] MethodGroupsHelper.collectMethodsByGroup() took 0 ms.
2026-04-26 09:47:33 INFO  org.testng.internal.Utils - [Utils] MethodGroupsHelper.sortMethods() took 0 ms.
2026-04-26 09:47:33 INFO  org.testng.internal.Utils - [Utils] MethodGroupsHelper.collectMethodsByGroup() took 0 ms.
2026-04-26 09:47:33 INFO  org.testng.internal.Utils - [Utils] MethodGroupsHelper.sortMethods() took 0 ms.
2026-04-26 09:47:33 INFO  org.testng.internal.Utils - [Utils] MethodGroupsHelper.collectMethodsByGroup() took 2 ms.
2026-04-26 09:47:33 INFO  org.testng.internal.Utils - [Utils] MethodGroupsHelper.sortMethods() took 15 ms.
2026-04-26 09:47:33 INFO  org.testng.internal.Utils - [Utils] MethodGroupsHelper.collectMethodsByGroup() took 0 ms.
2026-04-26 09:47:33 INFO  org.testng.internal.Utils - [Utils] MethodGroupsHelper.sortMethods() took 0 ms.
2026-04-26 09:47:33 INFO  org.testng.internal.Utils - [Utils] MethodGroupsHelper.collectMethodsByGroup() took 0 ms.
2026-04-26 09:47:33 INFO  org.testng.internal.Utils - [Utils] MethodGroupsHelper.sortMethods() took 0 ms.
2026-04-26 09:47:33 INFO  org.testng.internal.Utils - [TestNG] Running:
  C:\Users\Rahul\AppData\Local\Temp\testng-eclipse-62658621\testng-customsuite.xml

2026-04-26 09:47:33 INFO  org.testng.internal.Utils - [Utils] DynamicGraphHelper.createDynamicGraph() took 6 ms.
2026-04-26 09:47:54 INFO  com.Tests.ProductListingPageTest - Product Price: ₹140
2026-04-26 09:48:11 INFO  com.Tests.ProductListingPageTest - Product Title: Himalaya Baby
2026-04-26 09:55:41 INFO  com.Tests.ProductListingPageTest - Valid Pincode Msg: Get it by Tue, Apr 28
2026-04-26 09:57:09 DEBUG org.apache.poi.openxml4j.opc.PackageRelationshipCollection - Parsing relationship: /xl/_rels/workbook.xml.rels
2026-04-26 09:57:09 DEBUG org.apache.poi.openxml4j.opc.PackageRelationshipCollection - Parsing relationship: /_rels/.rels
2026-04-26 09:59:23 INFO  org.testng.internal.Utils - [TestNG] Time taken by org.testng.reporters.jq.Main@52bef30b: 84 ms
2026-04-26 09:59:23 INFO  org.testng.internal.Utils - [TestNG] Time taken by org.testng.reporters.FailedReporter@11544ddd: 28 ms
2026-04-26 09:59:23 INFO  org.testng.internal.Utils - [TestNG] Time taken by org.testng.reporters.XMLReporter@4ff7de80: 30 ms
2026-04-26 09:59:23 INFO  org.testng.internal.Utils - [TestNG] Time taken by org.testng.reporters.EmailableReporter2@65f1bf2c: 14 ms
2026-04-26 09:59:23 INFO  org.testng.internal.Utils - [TestNG] Time taken by org.testng.reporters.JUnitReportReporter@7fbe0f64: 13 ms
2026-04-26 09:59:23 INFO  org.testng.internal.Utils - [TestNG] Time taken by org.testng.internal.ExitCodeListener@d0971cd: 0 ms
2026-04-26 10:04:24 DEBUG org.testng.TestNG - suiteXmlPath: "C:\Users\Rahul\AppData\Local\Temp\testng-eclipse--2131896554\testng-customsuite.xml"
2026-04-26 10:04:24 INFO  org.testng.internal.Utils - [Utils] MethodGroupsHelper.collectMethodsByGroup() took 2 ms.
2026-04-26 10:04:24 INFO  org.testng.internal.Utils - [Utils] MethodGroupsHelper.sortMethods() took 1 ms.
2026-04-26 10:04:24 INFO  org.testng.internal.Utils - [Utils] MethodGroupsHelper.collectMethodsByGroup() took 0 ms.
2026-04-26 10:04:24 INFO  org.testng.internal.Utils - [Utils] MethodGroupsHelper.sortMethods() took 0 ms.
2026-04-26 10:04:24 INFO  org.testng.internal.Utils - [Utils] MethodGroupsHelper.collectMethodsByGroup() took 0 ms.
2026-04-26 10:04:24 INFO  org.testng.internal.Utils - [Utils] MethodGroupsHelper.sortMethods() took 0 ms.
2026-04-26 10:04:24 INFO  org.testng.internal.Utils - [Utils] MethodGroupsHelper.collectMethodsByGroup() took 0 ms.
2026-04-26 10:04:24 INFO  org.testng.internal.Utils - [Utils] MethodGroupsHelper.sortMethods() took 0 ms.
2026-04-26 10:04:24 INFO  org.testng.internal.Utils - [Utils] MethodGroupsHelper.collectMethodsByGroup() took 0 ms.
2026-04-26 10:04:24 INFO  org.testng.internal.Utils - [Utils] MethodGroupsHelper.sortMethods() took 0 ms.
2026-04-26 10:04:24 INFO  org.testng.internal.Utils - [Utils] MethodGroupsHelper.collectMethodsByGroup() took 0 ms.
2026-04-26 10:04:24 INFO  org.testng.internal.Utils - [Utils] MethodGroupsHelper.sortMethods() took 0 ms.
2026-04-26 10:04:24 INFO  org.testng.internal.Utils - [Utils] MethodGroupsHelper.collectMethodsByGroup() took 0 ms.
2026-04-26 10:04:24 INFO  org.testng.internal.Utils - [Utils] MethodGroupsHelper.sortMethods() took 0 ms.
2026-04-26 10:04:24 INFO  org.testng.internal.Utils - [Utils] MethodGroupsHelper.collectMethodsByGroup() took 0 ms.
2026-04-26 10:04:24 INFO  org.testng.internal.Utils - [Utils] MethodGroupsHelper.sortMethods() took 0 ms.
2026-04-26 10:04:24 INFO  org.testng.internal.Utils - [Utils] MethodGroupsHelper.collectMethodsByGroup() took 7 ms.
2026-04-26 10:04:24 INFO  org.testng.internal.Utils - [Utils] MethodGroupsHelper.sortMethods() took 17 ms.
2026-04-26 10:04:24 INFO  org.testng.internal.Utils - [Utils] MethodGroupsHelper.collectMethodsByGroup() took 0 ms.
2026-04-26 10:04:24 INFO  org.testng.internal.Utils - [Utils] MethodGroupsHelper.sortMethods() took 0 ms.
2026-04-26 10:04:24 INFO  org.testng.internal.Utils - [Utils] MethodGroupsHelper.collectMethodsByGroup() took 0 ms.
2026-04-26 10:04:24 INFO  org.testng.internal.Utils - [Utils] MethodGroupsHelper.sortMethods() took 0 ms.
2026-04-26 10:04:24 INFO  org.testng.internal.Utils - [Utils] MethodGroupsHelper.collectMethodsByGroup() took 0 ms.
2026-04-26 10:04:24 INFO  org.testng.internal.Utils - [Utils] MethodGroupsHelper.sortMethods() took 0 ms.
2026-04-26 10:04:24 INFO  org.testng.internal.Utils - [Utils] MethodGroupsHelper.collectMethodsByGroup() took 10 ms.
2026-04-26 10:04:24 INFO  org.testng.internal.Utils - [Utils] MethodGroupsHelper.sortMethods() took 0 ms.
2026-04-26 10:04:25 INFO  org.testng.internal.Utils - [Utils] MethodGroupsHelper.collectMethodsByGroup() took 0 ms.
2026-04-26 10:04:25 INFO  org.testng.internal.Utils - [Utils] MethodGroupsHelper.sortMethods() took 0 ms.
2026-04-26 10:04:25 INFO  org.testng.internal.Utils - [Utils] MethodGroupsHelper.collectMethodsByGroup() took 0 ms.
2026-04-26 10:04:25 INFO  org.testng.internal.Utils - [Utils] MethodGroupsHelper.sortMethods() took 0 ms.
2026-04-26 10:04:25 INFO  org.testng.internal.Utils - [TestNG] Running:
  C:\Users\Rahul\AppData\Local\Temp\testng-eclipse--2131896554\testng-customsuite.xml

2026-04-26 10:04:25 INFO  org.testng.internal.Utils - [Utils] DynamicGraphHelper.createDynamicGraph() took 6 ms.
2026-04-26 10:05:23 DEBUG org.testng.TestNG - suiteXmlPath: "C:\Users\Rahul\AppData\Local\Temp\testng-eclipse-1235718623\testng-customsuite.xml"
2026-04-26 10:05:24 INFO  org.testng.internal.Utils - [Utils] MethodGroupsHelper.collectMethodsByGroup() took 1 ms.
2026-04-26 10:05:24 INFO  org.testng.internal.Utils - [Utils] MethodGroupsHelper.sortMethods() took 1 ms.
2026-04-26 10:05:24 INFO  org.testng.internal.Utils - [Utils] MethodGroupsHelper.collectMethodsByGroup() took 0 ms.
2026-04-26 10:05:24 INFO  org.testng.internal.Utils - [Utils] MethodGroupsHelper.sortMethods() took 0 ms.
2026-04-26 10:05:24 INFO  org.testng.internal.Utils - [Utils] MethodGroupsHelper.collectMethodsByGroup() took 0 ms.
2026-04-26 10:05:24 INFO  org.testng.internal.Utils - [Utils] MethodGroupsHelper.sortMethods() took 0 ms.
2026-04-26 10:05:24 INFO  org.testng.internal.Utils - [Utils] MethodGroupsHelper.collectMethodsByGroup() took 0 ms.
2026-04-26 10:05:24 INFO  org.testng.internal.Utils - [Utils] MethodGroupsHelper.sortMethods() took 0 ms.
2026-04-26 10:05:24 INFO  org.testng.internal.Utils - [Utils] MethodGroupsHelper.collectMethodsByGroup() took 0 ms.
2026-04-26 10:05:24 INFO  org.testng.internal.Utils - [Utils] MethodGroupsHelper.sortMethods() took 0 ms.
2026-04-26 10:05:24 INFO  org.testng.internal.Utils - [Utils] MethodGroupsHelper.collectMethodsByGroup() took 0 ms.
2026-04-26 10:05:24 INFO  org.testng.internal.Utils - [Utils] MethodGroupsHelper.sortMethods() took 0 ms.
2026-04-26 10:05:24 INFO  org.testng.internal.Utils - [Utils] MethodGroupsHelper.collectMethodsByGroup() took 0 ms.
2026-04-26 10:05:24 INFO  org.testng.internal.Utils - [Utils] MethodGroupsHelper.sortMethods() took 0 ms.
2026-04-26 10:05:24 INFO  org.testng.internal.Utils - [Utils] MethodGroupsHelper.collectMethodsByGroup() took 0 ms.
2026-04-26 10:05:24 INFO  org.testng.internal.Utils - [Utils] MethodGroupsHelper.sortMethods() took 0 ms.
2026-04-26 10:05:24 INFO  org.testng.internal.Utils - [Utils] MethodGroupsHelper.collectMethodsByGroup() took 8 ms.
2026-04-26 10:05:24 INFO  org.testng.internal.Utils - [Utils] MethodGroupsHelper.sortMethods() took 23 ms.
2026-04-26 10:05:24 INFO  org.testng.internal.Utils - [Utils] MethodGroupsHelper.collectMethodsByGroup() took 0 ms.
2026-04-26 10:05:24 INFO  org.testng.internal.Utils - [Utils] MethodGroupsHelper.sortMethods() took 1 ms.
2026-04-26 10:05:24 INFO  org.testng.internal.Utils - [Utils] MethodGroupsHelper.collectMethodsByGroup() took 0 ms.
2026-04-26 10:05:24 INFO  org.testng.internal.Utils - [Utils] MethodGroupsHelper.sortMethods() took 0 ms.
2026-04-26 10:05:24 INFO  org.testng.internal.Utils - [Utils] MethodGroupsHelper.collectMethodsByGroup() took 0 ms.
2026-04-26 10:05:24 INFO  org.testng.internal.Utils - [Utils] MethodGroupsHelper.sortMethods() took 0 ms.
2026-04-26 10:05:24 INFO  org.testng.internal.Utils - [Utils] MethodGroupsHelper.collectMethodsByGroup() took 9 ms.
2026-04-26 10:05:24 INFO  org.testng.internal.Utils - [Utils] MethodGroupsHelper.sortMethods() took 0 ms.
2026-04-26 10:05:24 INFO  org.testng.internal.Utils - [Utils] MethodGroupsHelper.collectMethodsByGroup() took 0 ms.
2026-04-26 10:05:24 INFO  org.testng.internal.Utils - [Utils] MethodGroupsHelper.sortMethods() took 0 ms.
2026-04-26 10:05:24 INFO  org.testng.internal.Utils - [Utils] MethodGroupsHelper.collectMethodsByGroup() took 0 ms.
2026-04-26 10:05:24 INFO  org.testng.internal.Utils - [Utils] MethodGroupsHelper.sortMethods() took 0 ms.
2026-04-26 10:05:24 INFO  org.testng.internal.Utils - [TestNG] Running:
  C:\Users\Rahul\AppData\Local\Temp\testng-eclipse-1235718623\testng-customsuite.xml

2026-04-26 10:05:24 INFO  org.testng.internal.Utils - [Utils] DynamicGraphHelper.createDynamicGraph() took 5 ms.
2026-04-26 10:06:13 INFO  org.testng.internal.Utils - [TestNG] Time taken by org.testng.reporters.jq.Main@3cb8c8ce: 64 ms
2026-04-26 10:06:13 INFO  org.testng.internal.Utils - [TestNG] Time taken by org.testng.reporters.FailedReporter@5c8e67b9: 1 ms
2026-04-26 10:06:13 INFO  org.testng.internal.Utils - [TestNG] Time taken by org.testng.reporters.XMLReporter@381d7219: 10 ms
2026-04-26 10:06:13 INFO  org.testng.internal.Utils - [TestNG] Time taken by org.testng.reporters.EmailableReporter2@2a2843ec: 6 ms
2026-04-26 10:06:13 INFO  org.testng.internal.Utils - [TestNG] Time taken by org.testng.reporters.JUnitReportReporter@28737371: 7 ms
2026-04-26 10:06:13 INFO  org.testng.internal.Utils - [TestNG] Time taken by org.testng.internal.ExitCodeListener@2af46afd: 0 ms
2026-04-26 10:32:13 DEBUG org.testng.TestNG - suiteXmlPath: "C:\Users\Rahul\AppData\Local\Temp\testng-eclipse--1938373912\testng-customsuite.xml"
2026-04-26 10:32:14 INFO  org.testng.internal.Utils - [Utils] MethodGroupsHelper.collectMethodsByGroup() took 0 ms.
2026-04-26 10:32:14 INFO  org.testng.internal.Utils - [Utils] MethodGroupsHelper.sortMethods() took 2 ms.
2026-04-26 10:32:14 INFO  org.testng.internal.Utils - [Utils] MethodGroupsHelper.collectMethodsByGroup() took 0 ms.
2026-04-26 10:32:14 INFO  org.testng.internal.Utils - [Utils] MethodGroupsHelper.sortMethods() took 0 ms.
2026-04-26 10:32:14 INFO  org.testng.internal.Utils - [Utils] MethodGroupsHelper.collectMethodsByGroup() took 0 ms.
2026-04-26 10:32:14 INFO  org.testng.internal.Utils - [Utils] MethodGroupsHelper.sortMethods() took 0 ms.
2026-04-26 10:32:14 INFO  org.testng.internal.Utils - [Utils] MethodGroupsHelper.collectMethodsByGroup() took 0 ms.
2026-04-26 10:32:14 INFO  org.testng.internal.Utils - [Utils] MethodGroupsHelper.sortMethods() took 0 ms.
2026-04-26 10:32:14 INFO  org.testng.internal.Utils - [Utils] MethodGroupsHelper.collectMethodsByGroup() took 0 ms.
2026-04-26 10:32:14 INFO  org.testng.internal.Utils - [Utils] MethodGroupsHelper.sortMethods() took 0 ms.
2026-04-26 10:32:14 INFO  org.testng.internal.Utils - [Utils] MethodGroupsHelper.collectMethodsByGroup() took 0 ms.
2026-04-26 10:32:14 INFO  org.testng.internal.Utils - [Utils] MethodGroupsHelper.sortMethods() took 0 ms.
2026-04-26 10:32:14 INFO  org.testng.internal.Utils - [Utils] MethodGroupsHelper.collectMethodsByGroup() took 0 ms.
2026-04-26 10:32:14 INFO  org.testng.internal.Utils - [Utils] MethodGroupsHelper.sortMethods() took 0 ms.
2026-04-26 10:32:14 INFO  org.testng.internal.Utils - [Utils] MethodGroupsHelper.collectMethodsByGroup() took 0 ms.
2026-04-26 10:32:14 INFO  org.testng.internal.Utils - [Utils] MethodGroupsHelper.sortMethods() took 0 ms.
2026-04-26 10:32:14 INFO  org.testng.internal.Utils - [Utils] MethodGroupsHelper.collectMethodsByGroup() took 7 ms.
2026-04-26 10:32:14 INFO  org.testng.internal.Utils - [Utils] MethodGroupsHelper.sortMethods() took 16 ms.
2026-04-26 10:32:14 INFO  org.testng.internal.Utils - [Utils] MethodGroupsHelper.collectMethodsByGroup() took 0 ms.
2026-04-26 10:32:14 INFO  org.testng.internal.Utils - [Utils] MethodGroupsHelper.sortMethods() took 0 ms.
2026-04-26 10:32:14 INFO  org.testng.internal.Utils - [Utils] MethodGroupsHelper.collectMethodsByGroup() took 0 ms.
2026-04-26 10:32:14 INFO  org.testng.internal.Utils - [Utils] MethodGroupsHelper.sortMethods() took 0 ms.
2026-04-26 10:32:14 INFO  org.testng.internal.Utils - [Utils] MethodGroupsHelper.collectMethodsByGroup() took 0 ms.
2026-04-26 10:32:14 INFO  org.testng.internal.Utils - [Utils] MethodGroupsHelper.sortMethods() took 0 ms.
2026-04-26 10:32:14 INFO  org.testng.internal.Utils - [Utils] MethodGroupsHelper.collectMethodsByGroup() took 11 ms.
2026-04-26 10:32:14 INFO  org.testng.internal.Utils - [Utils] MethodGroupsHelper.sortMethods() took 0 ms.
2026-04-26 10:32:14 INFO  org.testng.internal.Utils - [Utils] MethodGroupsHelper.collectMethodsByGroup() took 0 ms.
2026-04-26 10:32:14 INFO  org.testng.internal.Utils - [Utils] MethodGroupsHelper.sortMethods() took 0 ms.
2026-04-26 10:32:14 INFO  org.testng.internal.Utils - [Utils] MethodGroupsHelper.collectMethodsByGroup() took 0 ms.
2026-04-26 10:32:14 INFO  org.testng.internal.Utils - [Utils] MethodGroupsHelper.sortMethods() took 0 ms.
2026-04-26 10:32:14 INFO  org.testng.internal.Utils - [TestNG] Running:
  C:\Users\Rahul\AppData\Local\Temp\testng-eclipse--1938373912\testng-customsuite.xml

2026-04-26 10:32:14 INFO  org.testng.internal.Utils - [Utils] DynamicGraphHelper.createDynamicGraph() took 10 ms.
2026-04-26 10:33:06 INFO  com.Tests.ProductDetailsTest - error msg after not selecting any sizes:Please select a size
2026-04-26 10:33:07 INFO  org.testng.internal.Utils - [TestNG] Time taken by org.testng.reporters.jq.Main@2042ccce: 69 ms
2026-04-26 10:33:07 INFO  org.testng.internal.Utils - [TestNG] Time taken by org.testng.reporters.FailedReporter@5e1fc2aa: 1 ms
2026-04-26 10:33:07 INFO  org.testng.internal.Utils - [TestNG] Time taken by org.testng.reporters.XMLReporter@44924587: 7 ms
2026-04-26 10:33:07 INFO  org.testng.internal.Utils - [TestNG] Time taken by org.testng.reporters.EmailableReporter2@3f685162: 6 ms
2026-04-26 10:33:07 INFO  org.testng.internal.Utils - [TestNG] Time taken by org.testng.reporters.JUnitReportReporter@15b82644: 8 ms
2026-04-26 10:33:07 INFO  org.testng.internal.Utils - [TestNG] Time taken by org.testng.internal.ExitCodeListener@20576557: 0 ms
2026-04-26 10:34:50 DEBUG org.testng.TestNG - suiteXmlPath: "C:\Users\Rahul\AppData\Local\Temp\testng-eclipse-657540597\testng-customsuite.xml"
2026-04-26 10:34:50 INFO  org.testng.internal.Utils - [Utils] MethodGroupsHelper.collectMethodsByGroup() took 2 ms.
2026-04-26 10:34:50 INFO  org.testng.internal.Utils - [Utils] MethodGroupsHelper.sortMethods() took 3 ms.
2026-04-26 10:34:50 INFO  org.testng.internal.Utils - [Utils] MethodGroupsHelper.collectMethodsByGroup() took 0 ms.
2026-04-26 10:34:50 INFO  org.testng.internal.Utils - [Utils] MethodGroupsHelper.sortMethods() took 0 ms.
2026-04-26 10:34:50 INFO  org.testng.internal.Utils - [Utils] MethodGroupsHelper.collectMethodsByGroup() took 0 ms.
2026-04-26 10:34:50 INFO  org.testng.internal.Utils - [Utils] MethodGroupsHelper.sortMethods() took 0 ms.
2026-04-26 10:34:50 INFO  org.testng.internal.Utils - [Utils] MethodGroupsHelper.collectMethodsByGroup() took 1 ms.
2026-04-26 10:34:50 INFO  org.testng.internal.Utils - [Utils] MethodGroupsHelper.sortMethods() took 0 ms.
2026-04-26 10:34:50 INFO  org.testng.internal.Utils - [Utils] MethodGroupsHelper.collectMethodsByGroup() took 0 ms.
2026-04-26 10:34:50 INFO  org.testng.internal.Utils - [Utils] MethodGroupsHelper.sortMethods() took 0 ms.
2026-04-26 10:34:50 INFO  org.testng.internal.Utils - [Utils] MethodGroupsHelper.collectMethodsByGroup() took 0 ms.
2026-04-26 10:34:50 INFO  org.testng.internal.Utils - [Utils] MethodGroupsHelper.sortMethods() took 0 ms.
2026-04-26 10:34:50 INFO  org.testng.internal.Utils - [Utils] MethodGroupsHelper.collectMethodsByGroup() took 0 ms.
2026-04-26 10:34:50 INFO  org.testng.internal.Utils - [Utils] MethodGroupsHelper.sortMethods() took 0 ms.
2026-04-26 10:34:50 INFO  org.testng.internal.Utils - [Utils] MethodGroupsHelper.collectMethodsByGroup() took 0 ms.
2026-04-26 10:34:50 INFO  org.testng.internal.Utils - [Utils] MethodGroupsHelper.sortMethods() took 0 ms.
2026-04-26 10:34:50 INFO  org.testng.internal.Utils - [Utils] MethodGroupsHelper.collectMethodsByGroup() took 9 ms.
2026-04-26 10:34:50 INFO  org.testng.internal.Utils - [Utils] MethodGroupsHelper.sortMethods() took 17 ms.
2026-04-26 10:34:50 INFO  org.testng.internal.Utils - [Utils] MethodGroupsHelper.collectMethodsByGroup() took 0 ms.
2026-04-26 10:34:50 INFO  org.testng.internal.Utils - [Utils] MethodGroupsHelper.sortMethods() took 1 ms.
2026-04-26 10:34:50 INFO  org.testng.internal.Utils - [Utils] MethodGroupsHelper.collectMethodsByGroup() took 0 ms.
2026-04-26 10:34:50 INFO  org.testng.internal.Utils - [Utils] MethodGroupsHelper.sortMethods() took 0 ms.
2026-04-26 10:34:50 INFO  org.testng.internal.Utils - [Utils] MethodGroupsHelper.collectMethodsByGroup() took 0 ms.
2026-04-26 10:34:50 INFO  org.testng.internal.Utils - [Utils] MethodGroupsHelper.sortMethods() took 0 ms.
2026-04-26 10:34:50 INFO  org.testng.internal.Utils - [Utils] MethodGroupsHelper.collectMethodsByGroup() took 8 ms.
2026-04-26 10:34:50 INFO  org.testng.internal.Utils - [Utils] MethodGroupsHelper.sortMethods() took 0 ms.
2026-04-26 10:34:50 INFO  org.testng.internal.Utils - [Utils] MethodGroupsHelper.collectMethodsByGroup() took 0 ms.
2026-04-26 10:34:50 INFO  org.testng.internal.Utils - [Utils] MethodGroupsHelper.sortMethods() took 0 ms.
2026-04-26 10:34:50 INFO  org.testng.internal.Utils - [Utils] MethodGroupsHelper.collectMethodsByGroup() took 0 ms.
2026-04-26 10:34:50 INFO  org.testng.internal.Utils - [Utils] MethodGroupsHelper.sortMethods() took 0 ms.
2026-04-26 10:34:50 INFO  org.testng.internal.Utils - [TestNG] Running:
  C:\Users\Rahul\AppData\Local\Temp\testng-eclipse-657540597\testng-customsuite.xml

2026-04-26 10:34:50 INFO  org.testng.internal.Utils - [Utils] DynamicGraphHelper.createDynamicGraph() took 5 ms.
2026-04-26 10:35:12 INFO  org.testng.internal.Utils - [TestNG] Time taken by org.testng.reporters.jq.Main@479f2dc2: 66 ms
2026-04-26 10:35:12 INFO  org.testng.internal.Utils - [TestNG] Time taken by org.testng.reporters.FailedReporter@7159a5cd: 2 ms
2026-04-26 10:35:12 INFO  org.testng.internal.Utils - [TestNG] Time taken by org.testng.reporters.XMLReporter@409986fe: 7 ms
2026-04-26 10:35:12 INFO  org.testng.internal.Utils - [TestNG] Time taken by org.testng.reporters.EmailableReporter2@7e1f584d: 5 ms
2026-04-26 10:35:12 INFO  org.testng.internal.Utils - [TestNG] Time taken by org.testng.reporters.JUnitReportReporter@a33b4e3: 7 ms
2026-04-26 10:35:12 INFO  org.testng.internal.Utils - [TestNG] Time taken by org.testng.internal.ExitCodeListener@c6da8bb: 0 ms
2026-04-26 10:39:03 DEBUG org.testng.TestNG - suiteXmlPath: "C:\Users\Rahul\AppData\Local\Temp\testng-eclipse-974537585\testng-customsuite.xml"
2026-04-26 10:39:03 INFO  org.testng.internal.Utils - [Utils] MethodGroupsHelper.collectMethodsByGroup() took 1 ms.
2026-04-26 10:39:03 INFO  org.testng.internal.Utils - [Utils] MethodGroupsHelper.sortMethods() took 1 ms.
2026-04-26 10:39:03 INFO  org.testng.internal.Utils - [Utils] MethodGroupsHelper.collectMethodsByGroup() took 0 ms.
2026-04-26 10:39:03 INFO  org.testng.internal.Utils - [Utils] MethodGroupsHelper.sortMethods() took 0 ms.
2026-04-26 10:39:03 INFO  org.testng.internal.Utils - [Utils] MethodGroupsHelper.collectMethodsByGroup() took 0 ms.
2026-04-26 10:39:03 INFO  org.testng.internal.Utils - [Utils] MethodGroupsHelper.sortMethods() took 0 ms.
2026-04-26 10:39:03 INFO  org.testng.internal.Utils - [Utils] MethodGroupsHelper.collectMethodsByGroup() took 0 ms.
2026-04-26 10:39:03 INFO  org.testng.internal.Utils - [Utils] MethodGroupsHelper.sortMethods() took 0 ms.
2026-04-26 10:39:03 INFO  org.testng.internal.Utils - [Utils] MethodGroupsHelper.collectMethodsByGroup() took 0 ms.
2026-04-26 10:39:03 INFO  org.testng.internal.Utils - [Utils] MethodGroupsHelper.sortMethods() took 0 ms.
2026-04-26 10:39:03 INFO  org.testng.internal.Utils - [Utils] MethodGroupsHelper.collectMethodsByGroup() took 0 ms.
2026-04-26 10:39:03 INFO  org.testng.internal.Utils - [Utils] MethodGroupsHelper.sortMethods() took 0 ms.
2026-04-26 10:39:03 INFO  org.testng.internal.Utils - [Utils] MethodGroupsHelper.collectMethodsByGroup() took 0 ms.
2026-04-26 10:39:03 INFO  org.testng.internal.Utils - [Utils] MethodGroupsHelper.sortMethods() took 0 ms.
2026-04-26 10:39:03 INFO  org.testng.internal.Utils - [Utils] MethodGroupsHelper.collectMethodsByGroup() took 0 ms.
2026-04-26 10:39:03 INFO  org.testng.internal.Utils - [Utils] MethodGroupsHelper.sortMethods() took 0 ms.
2026-04-26 10:39:03 INFO  org.testng.internal.Utils - [Utils] MethodGroupsHelper.collectMethodsByGroup() took 9 ms.
2026-04-26 10:39:03 INFO  org.testng.internal.Utils - [Utils] MethodGroupsHelper.sortMethods() took 17 ms.
2026-04-26 10:39:03 INFO  org.testng.internal.Utils - [Utils] MethodGroupsHelper.collectMethodsByGroup() took 0 ms.
2026-04-26 10:39:03 INFO  org.testng.internal.Utils - [Utils] MethodGroupsHelper.sortMethods() took 0 ms.
2026-04-26 10:39:03 INFO  org.testng.internal.Utils - [Utils] MethodGroupsHelper.collectMethodsByGroup() took 0 ms.
2026-04-26 10:39:03 INFO  org.testng.internal.Utils - [Utils] MethodGroupsHelper.sortMethods() took 0 ms.
2026-04-26 10:39:03 INFO  org.testng.internal.Utils - [Utils] MethodGroupsHelper.collectMethodsByGroup() took 0 ms.
2026-04-26 10:39:03 INFO  org.testng.internal.Utils - [Utils] MethodGroupsHelper.sortMethods() took 0 ms.
2026-04-26 10:39:03 INFO  org.testng.internal.Utils - [Utils] MethodGroupsHelper.collectMethodsByGroup() took 6 ms.
2026-04-26 10:39:03 INFO  org.testng.internal.Utils - [Utils] MethodGroupsHelper.sortMethods() took 1 ms.
2026-04-26 10:39:03 INFO  org.testng.internal.Utils - [Utils] MethodGroupsHelper.collectMethodsByGroup() took 0 ms.
2026-04-26 10:39:03 INFO  org.testng.internal.Utils - [Utils] MethodGroupsHelper.sortMethods() took 0 ms.
2026-04-26 10:39:03 INFO  org.testng.internal.Utils - [Utils] MethodGroupsHelper.collectMethodsByGroup() took 0 ms.
2026-04-26 10:39:03 INFO  org.testng.internal.Utils - [Utils] MethodGroupsHelper.sortMethods() took 0 ms.
2026-04-26 10:39:03 INFO  org.testng.internal.Utils - [TestNG] Running:
  C:\Users\Rahul\AppData\Local\Temp\testng-eclipse-974537585\testng-customsuite.xml

2026-04-26 10:39:03 INFO  org.testng.internal.Utils - [Utils] DynamicGraphHelper.createDynamicGraph() took 4 ms.
2026-04-26 10:39:36 INFO  org.testng.internal.Utils - [TestNG] Time taken by org.testng.reporters.jq.Main@1eb2d371: 64 ms
2026-04-26 10:39:36 INFO  org.testng.internal.Utils - [TestNG] Time taken by org.testng.reporters.FailedReporter@dab48d3: 2 ms
2026-04-26 10:39:36 INFO  org.testng.internal.Utils - [TestNG] Time taken by org.testng.reporters.XMLReporter@3491e86e: 8 ms
2026-04-26 10:39:36 INFO  org.testng.internal.Utils - [TestNG] Time taken by org.testng.reporters.EmailableReporter2@1da4b6b3: 6 ms
2026-04-26 10:39:36 INFO  org.testng.internal.Utils - [TestNG] Time taken by org.testng.reporters.JUnitReportReporter@41fed14f: 6 ms
2026-04-26 10:39:36 INFO  org.testng.internal.Utils - [TestNG] Time taken by org.testng.internal.ExitCodeListener@4d6ee47: 0 ms
2026-04-26 10:43:02 DEBUG org.testng.TestNG - suiteXmlPath: "C:\Users\Rahul\AppData\Local\Temp\testng-eclipse-905219842\testng-customsuite.xml"
2026-04-26 10:43:02 INFO  org.testng.internal.Utils - [Utils] MethodGroupsHelper.collectMethodsByGroup() took 1 ms.
2026-04-26 10:43:02 INFO  org.testng.internal.Utils - [Utils] MethodGroupsHelper.sortMethods() took 3 ms.
2026-04-26 10:43:02 INFO  org.testng.internal.Utils - [Utils] MethodGroupsHelper.collectMethodsByGroup() took 0 ms.
2026-04-26 10:43:02 INFO  org.testng.internal.Utils - [Utils] MethodGroupsHelper.sortMethods() took 0 ms.
2026-04-26 10:43:02 INFO  org.testng.internal.Utils - [Utils] MethodGroupsHelper.collectMethodsByGroup() took 0 ms.
2026-04-26 10:43:02 INFO  org.testng.internal.Utils - [Utils] MethodGroupsHelper.sortMethods() took 0 ms.
2026-04-26 10:43:02 INFO  org.testng.internal.Utils - [Utils] MethodGroupsHelper.collectMethodsByGroup() took 0 ms.
2026-04-26 10:43:02 INFO  org.testng.internal.Utils - [Utils] MethodGroupsHelper.sortMethods() took 0 ms.
2026-04-26 10:43:02 INFO  org.testng.internal.Utils - [Utils] MethodGroupsHelper.collectMethodsByGroup() took 0 ms.
2026-04-26 10:43:02 INFO  org.testng.internal.Utils - [Utils] MethodGroupsHelper.sortMethods() took 0 ms.
2026-04-26 10:43:02 INFO  org.testng.internal.Utils - [Utils] MethodGroupsHelper.collectMethodsByGroup() took 0 ms.
2026-04-26 10:43:02 INFO  org.testng.internal.Utils - [Utils] MethodGroupsHelper.sortMethods() took 0 ms.
2026-04-26 10:43:02 INFO  org.testng.internal.Utils - [Utils] MethodGroupsHelper.collectMethodsByGroup() took 0 ms.
2026-04-26 10:43:02 INFO  org.testng.internal.Utils - [Utils] MethodGroupsHelper.sortMethods() took 0 ms.
2026-04-26 10:43:02 INFO  org.testng.internal.Utils - [Utils] MethodGroupsHelper.collectMethodsByGroup() took 0 ms.
2026-04-26 10:43:02 INFO  org.testng.internal.Utils - [Utils] MethodGroupsHelper.sortMethods() took 0 ms.
2026-04-26 10:43:02 INFO  org.testng.internal.Utils - [Utils] MethodGroupsHelper.collectMethodsByGroup() took 9 ms.
2026-04-26 10:43:02 INFO  org.testng.internal.Utils - [Utils] MethodGroupsHelper.sortMethods() took 15 ms.
2026-04-26 10:43:02 INFO  org.testng.internal.Utils - [Utils] MethodGroupsHelper.collectMethodsByGroup() took 0 ms.
2026-04-26 10:43:02 INFO  org.testng.internal.Utils - [Utils] MethodGroupsHelper.sortMethods() took 0 ms.
2026-04-26 10:43:02 INFO  org.testng.internal.Utils - [Utils] MethodGroupsHelper.collectMethodsByGroup() took 0 ms.
2026-04-26 10:43:02 INFO  org.testng.internal.Utils - [Utils] MethodGroupsHelper.sortMethods() took 0 ms.
2026-04-26 10:43:02 INFO  org.testng.internal.Utils - [Utils] MethodGroupsHelper.collectMethodsByGroup() took 0 ms.
2026-04-26 10:43:02 INFO  org.testng.internal.Utils - [Utils] MethodGroupsHelper.sortMethods() took 0 ms.
2026-04-26 10:43:02 INFO  org.testng.internal.Utils - [Utils] MethodGroupsHelper.collectMethodsByGroup() took 9 ms.
2026-04-26 10:43:02 INFO  org.testng.internal.Utils - [Utils] MethodGroupsHelper.sortMethods() took 0 ms.
2026-04-26 10:43:02 INFO  org.testng.internal.Utils - [Utils] MethodGroupsHelper.collectMethodsByGroup() took 0 ms.
2026-04-26 10:43:02 INFO  org.testng.internal.Utils - [Utils] MethodGroupsHelper.sortMethods() took 0 ms.
2026-04-26 10:43:02 INFO  org.testng.internal.Utils - [Utils] MethodGroupsHelper.collectMethodsByGroup() took 0 ms.
2026-04-26 10:43:02 INFO  org.testng.internal.Utils - [Utils] MethodGroupsHelper.sortMethods() took 0 ms.
2026-04-26 10:43:02 INFO  org.testng.internal.Utils - [TestNG] Running:
  C:\Users\Rahul\AppData\Local\Temp\testng-eclipse-905219842\testng-customsuite.xml

2026-04-26 10:43:03 INFO  org.testng.internal.Utils - [Utils] DynamicGraphHelper.createDynamicGraph() took 7 ms.
2026-04-26 10:43:30 INFO  com.Tests.ProductDetailsTest - Valid Pincode Msg: Get it by Fri, May 01
2026-04-26 10:43:31 INFO  org.testng.internal.Utils - [TestNG] Time taken by org.testng.reporters.jq.Main@2eb917d0: 59 ms
2026-04-26 10:43:31 INFO  org.testng.internal.Utils - [TestNG] Time taken by org.testng.reporters.FailedReporter@ca93621: 1 ms
2026-04-26 10:43:31 INFO  org.testng.internal.Utils - [TestNG] Time taken by org.testng.reporters.XMLReporter@46d63dbb: 6 ms
2026-04-26 10:43:31 INFO  org.testng.internal.Utils - [TestNG] Time taken by org.testng.reporters.EmailableReporter2@31d6f3fe: 7 ms
2026-04-26 10:43:31 INFO  org.testng.internal.Utils - [TestNG] Time taken by org.testng.reporters.JUnitReportReporter@5c73f672: 5 ms
2026-04-26 10:43:31 INFO  org.testng.internal.Utils - [TestNG] Time taken by org.testng.internal.ExitCodeListener@8ee0c23: 0 ms
2026-04-26 10:44:33 DEBUG org.testng.TestNG - suiteXmlPath: "C:\Users\Rahul\AppData\Local\Temp\testng-eclipse--783504378\testng-customsuite.xml"
2026-04-26 10:44:33 INFO  org.testng.internal.Utils - [Utils] MethodGroupsHelper.collectMethodsByGroup() took 0 ms.
2026-04-26 10:44:33 INFO  org.testng.internal.Utils - [Utils] MethodGroupsHelper.sortMethods() took 0 ms.
2026-04-26 10:44:33 INFO  org.testng.internal.Utils - [Utils] MethodGroupsHelper.collectMethodsByGroup() took 0 ms.
2026-04-26 10:44:33 INFO  org.testng.internal.Utils - [Utils] MethodGroupsHelper.sortMethods() took 0 ms.
2026-04-26 10:44:33 INFO  org.testng.internal.Utils - [Utils] MethodGroupsHelper.collectMethodsByGroup() took 0 ms.
2026-04-26 10:44:33 INFO  org.testng.internal.Utils - [Utils] MethodGroupsHelper.sortMethods() took 0 ms.
2026-04-26 10:44:33 INFO  org.testng.internal.Utils - [Utils] MethodGroupsHelper.collectMethodsByGroup() took 0 ms.
2026-04-26 10:44:33 INFO  org.testng.internal.Utils - [Utils] MethodGroupsHelper.sortMethods() took 0 ms.
2026-04-26 10:44:33 INFO  org.testng.internal.Utils - [Utils] MethodGroupsHelper.collectMethodsByGroup() took 0 ms.
2026-04-26 10:44:33 INFO  org.testng.internal.Utils - [Utils] MethodGroupsHelper.sortMethods() took 0 ms.
2026-04-26 10:44:33 INFO  org.testng.internal.Utils - [Utils] MethodGroupsHelper.collectMethodsByGroup() took 0 ms.
2026-04-26 10:44:33 INFO  org.testng.internal.Utils - [Utils] MethodGroupsHelper.sortMethods() took 0 ms.
2026-04-26 10:44:33 INFO  org.testng.internal.Utils - [Utils] MethodGroupsHelper.collectMethodsByGroup() took 0 ms.
2026-04-26 10:44:33 INFO  org.testng.internal.Utils - [Utils] MethodGroupsHelper.sortMethods() took 0 ms.
2026-04-26 10:44:33 INFO  org.testng.internal.Utils - [Utils] MethodGroupsHelper.collectMethodsByGroup() took 0 ms.
2026-04-26 10:44:33 INFO  org.testng.internal.Utils - [Utils] MethodGroupsHelper.sortMethods() took 0 ms.
2026-04-26 10:44:33 INFO  org.testng.internal.Utils - [Utils] MethodGroupsHelper.collectMethodsByGroup() took 6 ms.
2026-04-26 10:44:33 INFO  org.testng.internal.Utils - [Utils] MethodGroupsHelper.sortMethods() took 18 ms.
2026-04-26 10:44:33 INFO  org.testng.internal.Utils - [Utils] MethodGroupsHelper.collectMethodsByGroup() took 0 ms.
2026-04-26 10:44:33 INFO  org.testng.internal.Utils - [Utils] MethodGroupsHelper.sortMethods() took 0 ms.
2026-04-26 10:44:33 INFO  org.testng.internal.Utils - [Utils] MethodGroupsHelper.collectMethodsByGroup() took 0 ms.
2026-04-26 10:44:33 INFO  org.testng.internal.Utils - [Utils] MethodGroupsHelper.sortMethods() took 0 ms.
2026-04-26 10:44:33 INFO  org.testng.internal.Utils - [Utils] MethodGroupsHelper.collectMethodsByGroup() took 0 ms.
2026-04-26 10:44:33 INFO  org.testng.internal.Utils - [Utils] MethodGroupsHelper.sortMethods() took 0 ms.
2026-04-26 10:44:33 INFO  org.testng.internal.Utils - [Utils] MethodGroupsHelper.collectMethodsByGroup() took 7 ms.
2026-04-26 10:44:33 INFO  org.testng.internal.Utils - [Utils] MethodGroupsHelper.sortMethods() took 0 ms.
2026-04-26 10:44:33 INFO  org.testng.internal.Utils - [Utils] MethodGroupsHelper.collectMethodsByGroup() took 0 ms.
2026-04-26 10:44:33 INFO  org.testng.internal.Utils - [Utils] MethodGroupsHelper.sortMethods() took 0 ms.
2026-04-26 10:44:33 INFO  org.testng.internal.Utils - [Utils] MethodGroupsHelper.collectMethodsByGroup() took 0 ms.
2026-04-26 10:44:33 INFO  org.testng.internal.Utils - [Utils] MethodGroupsHelper.sortMethods() took 0 ms.
2026-04-26 10:44:33 INFO  org.testng.internal.Utils - [TestNG] Running:
  C:\Users\Rahul\AppData\Local\Temp\testng-eclipse--783504378\testng-customsuite.xml

2026-04-26 10:44:33 INFO  org.testng.internal.Utils - [Utils] DynamicGraphHelper.createDynamicGraph() took 5 ms.
2026-04-26 10:44:57 INFO  com.Tests.ProductDetailsTest - Valid Pincode Msg: Get it by Fri, May 01
2026-04-26 10:45:05 INFO  org.testng.internal.Utils - [TestNG] Time taken by org.testng.reporters.jq.Main@c6b2dd9: 58 ms
2026-04-26 10:45:05 INFO  org.testng.internal.Utils - [TestNG] Time taken by org.testng.reporters.FailedReporter@6a48a7f3: 1 ms
2026-04-26 10:45:05 INFO  org.testng.internal.Utils - [TestNG] Time taken by org.testng.reporters.XMLReporter@4088741b: 7 ms
2026-04-26 10:45:05 INFO  org.testng.internal.Utils - [TestNG] Time taken by org.testng.reporters.EmailableReporter2@760cf594: 6 ms
2026-04-26 10:45:05 INFO  org.testng.internal.Utils - [TestNG] Time taken by org.testng.reporters.JUnitReportReporter@8ee0c23: 6 ms
2026-04-26 10:45:05 INFO  org.testng.internal.Utils - [TestNG] Time taken by org.testng.internal.ExitCodeListener@2ab5afc7: 0 ms
2026-04-26 10:46:32 DEBUG org.testng.TestNG - suiteXmlPath: "C:\Users\Rahul\AppData\Local\Temp\testng-eclipse-1410904134\testng-customsuite.xml"
2026-04-26 10:46:32 INFO  org.testng.internal.Utils - [Utils] MethodGroupsHelper.collectMethodsByGroup() took 1 ms.
2026-04-26 10:46:32 INFO  org.testng.internal.Utils - [Utils] MethodGroupsHelper.sortMethods() took 3 ms.
2026-04-26 10:46:32 INFO  org.testng.internal.Utils - [Utils] MethodGroupsHelper.collectMethodsByGroup() took 0 ms.
2026-04-26 10:46:32 INFO  org.testng.internal.Utils - [Utils] MethodGroupsHelper.sortMethods() took 0 ms.
2026-04-26 10:46:32 INFO  org.testng.internal.Utils - [Utils] MethodGroupsHelper.collectMethodsByGroup() took 0 ms.
2026-04-26 10:46:32 INFO  org.testng.internal.Utils - [Utils] MethodGroupsHelper.sortMethods() took 0 ms.
2026-04-26 10:46:32 INFO  org.testng.internal.Utils - [Utils] MethodGroupsHelper.collectMethodsByGroup() took 0 ms.
2026-04-26 10:46:32 INFO  org.testng.internal.Utils - [Utils] MethodGroupsHelper.sortMethods() took 0 ms.
2026-04-26 10:46:32 INFO  org.testng.internal.Utils - [Utils] MethodGroupsHelper.collectMethodsByGroup() took 0 ms.
2026-04-26 10:46:32 INFO  org.testng.internal.Utils - [Utils] MethodGroupsHelper.sortMethods() took 0 ms.
2026-04-26 10:46:32 INFO  org.testng.internal.Utils - [Utils] MethodGroupsHelper.collectMethodsByGroup() took 0 ms.
2026-04-26 10:46:32 INFO  org.testng.internal.Utils - [Utils] MethodGroupsHelper.sortMethods() took 0 ms.
2026-04-26 10:46:32 INFO  org.testng.internal.Utils - [Utils] MethodGroupsHelper.collectMethodsByGroup() took 0 ms.
2026-04-26 10:46:32 INFO  org.testng.internal.Utils - [Utils] MethodGroupsHelper.sortMethods() took 0 ms.
2026-04-26 10:46:32 INFO  org.testng.internal.Utils - [Utils] MethodGroupsHelper.collectMethodsByGroup() took 0 ms.
2026-04-26 10:46:32 INFO  org.testng.internal.Utils - [Utils] MethodGroupsHelper.sortMethods() took 0 ms.
2026-04-26 10:46:32 INFO  org.testng.internal.Utils - [Utils] MethodGroupsHelper.collectMethodsByGroup() took 8 ms.
2026-04-26 10:46:32 INFO  org.testng.internal.Utils - [Utils] MethodGroupsHelper.sortMethods() took 14 ms.
2026-04-26 10:46:32 INFO  org.testng.internal.Utils - [Utils] MethodGroupsHelper.collectMethodsByGroup() took 0 ms.
2026-04-26 10:46:32 INFO  org.testng.internal.Utils - [Utils] MethodGroupsHelper.sortMethods() took 0 ms.
2026-04-26 10:46:32 INFO  org.testng.internal.Utils - [Utils] MethodGroupsHelper.collectMethodsByGroup() took 0 ms.
2026-04-26 10:46:32 INFO  org.testng.internal.Utils - [Utils] MethodGroupsHelper.sortMethods() took 0 ms.
2026-04-26 10:46:32 INFO  org.testng.internal.Utils - [Utils] MethodGroupsHelper.collectMethodsByGroup() took 0 ms.
2026-04-26 10:46:32 INFO  org.testng.internal.Utils - [Utils] MethodGroupsHelper.sortMethods() took 0 ms.
2026-04-26 10:46:32 INFO  org.testng.internal.Utils - [Utils] MethodGroupsHelper.collectMethodsByGroup() took 12 ms.
2026-04-26 10:46:32 INFO  org.testng.internal.Utils - [Utils] MethodGroupsHelper.sortMethods() took 0 ms.
2026-04-26 10:46:32 INFO  org.testng.internal.Utils - [Utils] MethodGroupsHelper.collectMethodsByGroup() took 0 ms.
2026-04-26 10:46:32 INFO  org.testng.internal.Utils - [Utils] MethodGroupsHelper.sortMethods() took 0 ms.
2026-04-26 10:46:32 INFO  org.testng.internal.Utils - [Utils] MethodGroupsHelper.collectMethodsByGroup() took 0 ms.
2026-04-26 10:46:32 INFO  org.testng.internal.Utils - [Utils] MethodGroupsHelper.sortMethods() took 0 ms.
2026-04-26 10:46:32 INFO  org.testng.internal.Utils - [TestNG] Running:
  C:\Users\Rahul\AppData\Local\Temp\testng-eclipse-1410904134\testng-customsuite.xml

2026-04-26 10:46:32 INFO  org.testng.internal.Utils - [Utils] DynamicGraphHelper.createDynamicGraph() took 11 ms.
2026-04-26 10:46:57 INFO  org.testng.internal.Utils - [TestNG] Time taken by org.testng.reporters.jq.Main@1c5c616f: 86 ms
2026-04-26 10:46:57 INFO  org.testng.internal.Utils - [TestNG] Time taken by org.testng.reporters.FailedReporter@c6b2dd9: 1 ms
2026-04-26 10:46:57 INFO  org.testng.internal.Utils - [TestNG] Time taken by org.testng.reporters.XMLReporter@14d8444b: 9 ms
2026-04-26 10:46:57 INFO  org.testng.internal.Utils - [TestNG] Time taken by org.testng.reporters.EmailableReporter2@10fbbdb: 7 ms
2026-04-26 10:46:57 INFO  org.testng.internal.Utils - [TestNG] Time taken by org.testng.reporters.JUnitReportReporter@20a05b32: 6 ms
2026-04-26 10:46:57 INFO  org.testng.internal.Utils - [TestNG] Time taken by org.testng.internal.ExitCodeListener@165e389b: 0 ms
2026-04-26 10:49:41 DEBUG org.testng.TestNG - suiteXmlPath: "C:\Users\Rahul\AppData\Local\Temp\testng-eclipse--1774757106\testng-customsuite.xml"
2026-04-26 10:49:41 INFO  org.testng.internal.Utils - [Utils] MethodGroupsHelper.collectMethodsByGroup() took 2 ms.
2026-04-26 10:49:41 INFO  org.testng.internal.Utils - [Utils] MethodGroupsHelper.sortMethods() took 2 ms.
2026-04-26 10:49:41 INFO  org.testng.internal.Utils - [Utils] MethodGroupsHelper.collectMethodsByGroup() took 0 ms.
2026-04-26 10:49:41 INFO  org.testng.internal.Utils - [Utils] MethodGroupsHelper.sortMethods() took 0 ms.
2026-04-26 10:49:41 INFO  org.testng.internal.Utils - [Utils] MethodGroupsHelper.collectMethodsByGroup() took 0 ms.
2026-04-26 10:49:41 INFO  org.testng.internal.Utils - [Utils] MethodGroupsHelper.sortMethods() took 0 ms.
2026-04-26 10:49:41 INFO  org.testng.internal.Utils - [Utils] MethodGroupsHelper.collectMethodsByGroup() took 0 ms.
2026-04-26 10:49:41 INFO  org.testng.internal.Utils - [Utils] MethodGroupsHelper.sortMethods() took 0 ms.
2026-04-26 10:49:41 INFO  org.testng.internal.Utils - [Utils] MethodGroupsHelper.collectMethodsByGroup() took 0 ms.
2026-04-26 10:49:41 INFO  org.testng.internal.Utils - [Utils] MethodGroupsHelper.sortMethods() took 0 ms.
2026-04-26 10:49:41 INFO  org.testng.internal.Utils - [Utils] MethodGroupsHelper.collectMethodsByGroup() took 0 ms.
2026-04-26 10:49:41 INFO  org.testng.internal.Utils - [Utils] MethodGroupsHelper.sortMethods() took 0 ms.
2026-04-26 10:49:41 INFO  org.testng.internal.Utils - [Utils] MethodGroupsHelper.collectMethodsByGroup() took 0 ms.
2026-04-26 10:49:41 INFO  org.testng.internal.Utils - [Utils] MethodGroupsHelper.sortMethods() took 0 ms.
2026-04-26 10:49:41 INFO  org.testng.internal.Utils - [Utils] MethodGroupsHelper.collectMethodsByGroup() took 0 ms.
2026-04-26 10:49:41 INFO  org.testng.internal.Utils - [Utils] MethodGroupsHelper.sortMethods() took 0 ms.
2026-04-26 10:49:41 INFO  org.testng.internal.Utils - [Utils] MethodGroupsHelper.collectMethodsByGroup() took 7 ms.
2026-04-26 10:49:41 INFO  org.testng.internal.Utils - [Utils] MethodGroupsHelper.sortMethods() took 18 ms.
2026-04-26 10:49:41 INFO  org.testng.internal.Utils - [Utils] MethodGroupsHelper.collectMethodsByGroup() took 0 ms.
2026-04-26 10:49:41 INFO  org.testng.internal.Utils - [Utils] MethodGroupsHelper.sortMethods() took 0 ms.
2026-04-26 10:49:41 INFO  org.testng.internal.Utils - [Utils] MethodGroupsHelper.collectMethodsByGroup() took 0 ms.
2026-04-26 10:49:41 INFO  org.testng.internal.Utils - [Utils] MethodGroupsHelper.sortMethods() took 0 ms.
2026-04-26 10:49:41 INFO  org.testng.internal.Utils - [Utils] MethodGroupsHelper.collectMethodsByGroup() took 0 ms.
2026-04-26 10:49:41 INFO  org.testng.internal.Utils - [Utils] MethodGroupsHelper.sortMethods() took 0 ms.
2026-04-26 10:49:41 INFO  org.testng.internal.Utils - [Utils] MethodGroupsHelper.collectMethodsByGroup() took 11 ms.
2026-04-26 10:49:41 INFO  org.testng.internal.Utils - [Utils] MethodGroupsHelper.sortMethods() took 0 ms.
2026-04-26 10:49:41 INFO  org.testng.internal.Utils - [Utils] MethodGroupsHelper.collectMethodsByGroup() took 0 ms.
2026-04-26 10:49:41 INFO  org.testng.internal.Utils - [Utils] MethodGroupsHelper.sortMethods() took 0 ms.
2026-04-26 10:49:41 INFO  org.testng.internal.Utils - [Utils] MethodGroupsHelper.collectMethodsByGroup() took 0 ms.
2026-04-26 10:49:41 INFO  org.testng.internal.Utils - [Utils] MethodGroupsHelper.sortMethods() took 0 ms.
2026-04-26 10:49:41 INFO  org.testng.internal.Utils - [TestNG] Running:
  C:\Users\Rahul\AppData\Local\Temp\testng-eclipse--1774757106\testng-customsuite.xml

2026-04-26 10:49:41 INFO  org.testng.internal.Utils - [Utils] DynamicGraphHelper.createDynamicGraph() took 4 ms.
2026-04-26 10:51:26 INFO  org.testng.internal.Utils - [TestNG] Time taken by org.testng.reporters.jq.Main@3b4d50b: 99 ms
2026-04-26 10:51:26 INFO  org.testng.internal.Utils - [TestNG] Time taken by org.testng.reporters.FailedReporter@6c9320c2: 26 ms
2026-04-26 10:51:26 INFO  org.testng.internal.Utils - [TestNG] Time taken by org.testng.reporters.XMLReporter@1442f788: 15 ms
2026-04-26 10:51:26 INFO  org.testng.internal.Utils - [TestNG] Time taken by org.testng.reporters.EmailableReporter2@397ef2: 14 ms
2026-04-26 10:51:26 INFO  org.testng.internal.Utils - [TestNG] Time taken by org.testng.reporters.JUnitReportReporter@65c33b92: 10 ms
2026-04-26 10:51:26 INFO  org.testng.internal.Utils - [TestNG] Time taken by org.testng.internal.ExitCodeListener@7903d448: 0 ms
2026-04-26 10:51:36 DEBUG org.testng.TestNG - suiteXmlPath: "C:\Users\Rahul\AppData\Local\Temp\testng-eclipse--888928865\testng-customsuite.xml"
2026-04-26 10:51:36 INFO  org.testng.internal.Utils - [Utils] MethodGroupsHelper.collectMethodsByGroup() took 1 ms.
2026-04-26 10:51:36 INFO  org.testng.internal.Utils - [Utils] MethodGroupsHelper.sortMethods() took 1 ms.
2026-04-26 10:51:36 INFO  org.testng.internal.Utils - [Utils] MethodGroupsHelper.collectMethodsByGroup() took 0 ms.
2026-04-26 10:51:36 INFO  org.testng.internal.Utils - [Utils] MethodGroupsHelper.sortMethods() took 0 ms.
2026-04-26 10:51:36 INFO  org.testng.internal.Utils - [Utils] MethodGroupsHelper.collectMethodsByGroup() took 0 ms.
2026-04-26 10:51:36 INFO  org.testng.internal.Utils - [Utils] MethodGroupsHelper.sortMethods() took 0 ms.
2026-04-26 10:51:36 INFO  org.testng.internal.Utils - [Utils] MethodGroupsHelper.collectMethodsByGroup() took 0 ms.
2026-04-26 10:51:36 INFO  org.testng.internal.Utils - [Utils] MethodGroupsHelper.sortMethods() took 0 ms.
2026-04-26 10:51:36 INFO  org.testng.internal.Utils - [Utils] MethodGroupsHelper.collectMethodsByGroup() took 0 ms.
2026-04-26 10:51:36 INFO  org.testng.internal.Utils - [Utils] MethodGroupsHelper.sortMethods() took 0 ms.
2026-04-26 10:51:36 INFO  org.testng.internal.Utils - [Utils] MethodGroupsHelper.collectMethodsByGroup() took 0 ms.
2026-04-26 10:51:36 INFO  org.testng.internal.Utils - [Utils] MethodGroupsHelper.sortMethods() took 0 ms.
2026-04-26 10:51:36 INFO  org.testng.internal.Utils - [Utils] MethodGroupsHelper.collectMethodsByGroup() took 0 ms.
2026-04-26 10:51:36 INFO  org.testng.internal.Utils - [Utils] MethodGroupsHelper.sortMethods() took 0 ms.
2026-04-26 10:51:36 INFO  org.testng.internal.Utils - [Utils] MethodGroupsHelper.collectMethodsByGroup() took 0 ms.
2026-04-26 10:51:36 INFO  org.testng.internal.Utils - [Utils] MethodGroupsHelper.sortMethods() took 0 ms.
2026-04-26 10:51:36 INFO  org.testng.internal.Utils - [Utils] MethodGroupsHelper.collectMethodsByGroup() took 13 ms.
2026-04-26 10:51:37 INFO  org.testng.internal.Utils - [Utils] MethodGroupsHelper.sortMethods() took 27 ms.
2026-04-26 10:51:37 INFO  org.testng.internal.Utils - [Utils] MethodGroupsHelper.collectMethodsByGroup() took 0 ms.
2026-04-26 10:51:37 INFO  org.testng.internal.Utils - [Utils] MethodGroupsHelper.sortMethods() took 0 ms.
2026-04-26 10:51:37 INFO  org.testng.internal.Utils - [Utils] MethodGroupsHelper.collectMethodsByGroup() took 0 ms.
2026-04-26 10:51:37 INFO  org.testng.internal.Utils - [Utils] MethodGroupsHelper.sortMethods() took 0 ms.
2026-04-26 10:51:37 INFO  org.testng.internal.Utils - [Utils] MethodGroupsHelper.collectMethodsByGroup() took 0 ms.
2026-04-26 10:51:37 INFO  org.testng.internal.Utils - [Utils] MethodGroupsHelper.sortMethods() took 0 ms.
2026-04-26 10:51:37 INFO  org.testng.internal.Utils - [Utils] MethodGroupsHelper.collectMethodsByGroup() took 11 ms.
2026-04-26 10:51:37 INFO  org.testng.internal.Utils - [Utils] MethodGroupsHelper.sortMethods() took 0 ms.
2026-04-26 10:51:37 INFO  org.testng.internal.Utils - [Utils] MethodGroupsHelper.collectMethodsByGroup() took 0 ms.
2026-04-26 10:51:37 INFO  org.testng.internal.Utils - [Utils] MethodGroupsHelper.sortMethods() took 0 ms.
2026-04-26 10:51:37 INFO  org.testng.internal.Utils - [Utils] MethodGroupsHelper.collectMethodsByGroup() took 0 ms.
2026-04-26 10:51:37 INFO  org.testng.internal.Utils - [Utils] MethodGroupsHelper.sortMethods() took 0 ms.
2026-04-26 10:51:37 INFO  org.testng.internal.Utils - [TestNG] Running:
  C:\Users\Rahul\AppData\Local\Temp\testng-eclipse--888928865\testng-customsuite.xml

2026-04-26 10:51:37 INFO  org.testng.internal.Utils - [Utils] DynamicGraphHelper.createDynamicGraph() took 8 ms.
2026-04-26 10:52:34 INFO  org.testng.internal.Utils - [TestNG] Time taken by org.testng.reporters.jq.Main@2f00f851: 77 ms
2026-04-26 10:52:34 INFO  org.testng.internal.Utils - [TestNG] Time taken by org.testng.reporters.FailedReporter@5d7ca698: 1 ms
2026-04-26 10:52:34 INFO  org.testng.internal.Utils - [TestNG] Time taken by org.testng.reporters.XMLReporter@6a638c79: 9 ms
2026-04-26 10:52:34 INFO  org.testng.internal.Utils - [TestNG] Time taken by org.testng.reporters.EmailableReporter2@47ffe971: 6 ms
2026-04-26 10:52:34 INFO  org.testng.internal.Utils - [TestNG] Time taken by org.testng.reporters.JUnitReportReporter@720bf653: 7 ms
2026-04-26 10:52:34 INFO  org.testng.internal.Utils - [TestNG] Time taken by org.testng.internal.ExitCodeListener@360bc645: 0 ms
2026-04-26 10:53:48 DEBUG org.testng.TestNG - suiteXmlPath: "C:\Users\Rahul\AppData\Local\Temp\testng-eclipse-1896484606\testng-customsuite.xml"
2026-04-26 10:53:49 INFO  org.testng.internal.Utils - [Utils] MethodGroupsHelper.collectMethodsByGroup() took 1 ms.
2026-04-26 10:53:49 INFO  org.testng.internal.Utils - [Utils] MethodGroupsHelper.sortMethods() took 1 ms.
2026-04-26 10:53:49 INFO  org.testng.internal.Utils - [Utils] MethodGroupsHelper.collectMethodsByGroup() took 0 ms.
2026-04-26 10:53:49 INFO  org.testng.internal.Utils - [Utils] MethodGroupsHelper.sortMethods() took 0 ms.
2026-04-26 10:53:49 INFO  org.testng.internal.Utils - [Utils] MethodGroupsHelper.collectMethodsByGroup() took 0 ms.
2026-04-26 10:53:49 INFO  org.testng.internal.Utils - [Utils] MethodGroupsHelper.sortMethods() took 0 ms.
2026-04-26 10:53:49 INFO  org.testng.internal.Utils - [Utils] MethodGroupsHelper.collectMethodsByGroup() took 0 ms.
2026-04-26 10:53:49 INFO  org.testng.internal.Utils - [Utils] MethodGroupsHelper.sortMethods() took 0 ms.
2026-04-26 10:53:49 INFO  org.testng.internal.Utils - [Utils] MethodGroupsHelper.collectMethodsByGroup() took 0 ms.
2026-04-26 10:53:49 INFO  org.testng.internal.Utils - [Utils] MethodGroupsHelper.sortMethods() took 0 ms.
2026-04-26 10:53:49 INFO  org.testng.internal.Utils - [Utils] MethodGroupsHelper.collectMethodsByGroup() took 0 ms.
2026-04-26 10:53:49 INFO  org.testng.internal.Utils - [Utils] MethodGroupsHelper.sortMethods() took 0 ms.
2026-04-26 10:53:49 INFO  org.testng.internal.Utils - [Utils] MethodGroupsHelper.collectMethodsByGroup() took 0 ms.
2026-04-26 10:53:49 INFO  org.testng.internal.Utils - [Utils] MethodGroupsHelper.sortMethods() took 0 ms.
2026-04-26 10:53:49 INFO  org.testng.internal.Utils - [Utils] MethodGroupsHelper.collectMethodsByGroup() took 0 ms.
2026-04-26 10:53:49 INFO  org.testng.internal.Utils - [Utils] MethodGroupsHelper.sortMethods() took 0 ms.
2026-04-26 10:53:49 INFO  org.testng.internal.Utils - [Utils] MethodGroupsHelper.collectMethodsByGroup() took 7 ms.
2026-04-26 10:53:49 INFO  org.testng.internal.Utils - [Utils] MethodGroupsHelper.sortMethods() took 16 ms.
2026-04-26 10:53:49 INFO  org.testng.internal.Utils - [Utils] MethodGroupsHelper.collectMethodsByGroup() took 0 ms.
2026-04-26 10:53:49 INFO  org.testng.internal.Utils - [Utils] MethodGroupsHelper.sortMethods() took 0 ms.
2026-04-26 10:53:49 INFO  org.testng.internal.Utils - [Utils] MethodGroupsHelper.collectMethodsByGroup() took 0 ms.
2026-04-26 10:53:49 INFO  org.testng.internal.Utils - [Utils] MethodGroupsHelper.sortMethods() took 0 ms.
2026-04-26 10:53:49 INFO  org.testng.internal.Utils - [Utils] MethodGroupsHelper.collectMethodsByGroup() took 0 ms.
2026-04-26 10:53:49 INFO  org.testng.internal.Utils - [Utils] MethodGroupsHelper.sortMethods() took 0 ms.
2026-04-26 10:53:49 INFO  org.testng.internal.Utils - [Utils] MethodGroupsHelper.collectMethodsByGroup() took 9 ms.
2026-04-26 10:53:49 INFO  org.testng.internal.Utils - [Utils] MethodGroupsHelper.sortMethods() took 0 ms.
2026-04-26 10:53:49 INFO  org.testng.internal.Utils - [Utils] MethodGroupsHelper.collectMethodsByGroup() took 0 ms.
2026-04-26 10:53:49 INFO  org.testng.internal.Utils - [Utils] MethodGroupsHelper.sortMethods() took 0 ms.
2026-04-26 10:53:49 INFO  org.testng.internal.Utils - [Utils] MethodGroupsHelper.collectMethodsByGroup() took 0 ms.
2026-04-26 10:53:49 INFO  org.testng.internal.Utils - [Utils] MethodGroupsHelper.sortMethods() took 0 ms.
2026-04-26 10:53:49 INFO  org.testng.internal.Utils - [TestNG] Running:
  C:\Users\Rahul\AppData\Local\Temp\testng-eclipse-1896484606\testng-customsuite.xml

2026-04-26 10:53:49 INFO  org.testng.internal.Utils - [Utils] DynamicGraphHelper.createDynamicGraph() took 4 ms.
2026-04-26 10:54:10 INFO  org.testng.internal.Utils - [TestNG] Time taken by org.testng.reporters.jq.Main@42d73c61: 60 ms
2026-04-26 10:54:10 INFO  org.testng.internal.Utils - [TestNG] Time taken by org.testng.reporters.FailedReporter@61e7bf2f: 1 ms
2026-04-26 10:54:10 INFO  org.testng.internal.Utils - [TestNG] Time taken by org.testng.reporters.XMLReporter@701bc94e: 9 ms
2026-04-26 10:54:10 INFO  org.testng.internal.Utils - [TestNG] Time taken by org.testng.reporters.EmailableReporter2@61dde151: 7 ms
2026-04-26 10:54:10 INFO  org.testng.internal.Utils - [TestNG] Time taken by org.testng.reporters.JUnitReportReporter@6c575325: 7 ms
2026-04-26 10:54:10 INFO  org.testng.internal.Utils - [TestNG] Time taken by org.testng.internal.ExitCodeListener@747d1932: 0 ms
2026-04-26 10:54:25 DEBUG org.testng.TestNG - suiteXmlPath: "C:\Users\Rahul\AppData\Local\Temp\testng-eclipse-728417593\testng-customsuite.xml"
2026-04-26 10:54:26 INFO  org.testng.internal.Utils - [Utils] MethodGroupsHelper.collectMethodsByGroup() took 1 ms.
2026-04-26 10:54:26 INFO  org.testng.internal.Utils - [Utils] MethodGroupsHelper.sortMethods() took 2 ms.
2026-04-26 10:54:26 INFO  org.testng.internal.Utils - [Utils] MethodGroupsHelper.collectMethodsByGroup() took 0 ms.
2026-04-26 10:54:26 INFO  org.testng.internal.Utils - [Utils] MethodGroupsHelper.sortMethods() took 0 ms.
2026-04-26 10:54:26 INFO  org.testng.internal.Utils - [Utils] MethodGroupsHelper.collectMethodsByGroup() took 0 ms.
2026-04-26 10:54:26 INFO  org.testng.internal.Utils - [Utils] MethodGroupsHelper.sortMethods() took 0 ms.
2026-04-26 10:54:26 INFO  org.testng.internal.Utils - [Utils] MethodGroupsHelper.collectMethodsByGroup() took 0 ms.
2026-04-26 10:54:26 INFO  org.testng.internal.Utils - [Utils] MethodGroupsHelper.sortMethods() took 0 ms.
2026-04-26 10:54:26 INFO  org.testng.internal.Utils - [Utils] MethodGroupsHelper.collectMethodsByGroup() took 0 ms.
2026-04-26 10:54:26 INFO  org.testng.internal.Utils - [Utils] MethodGroupsHelper.sortMethods() took 0 ms.
2026-04-26 10:54:26 INFO  org.testng.internal.Utils - [Utils] MethodGroupsHelper.collectMethodsByGroup() took 0 ms.
2026-04-26 10:54:26 INFO  org.testng.internal.Utils - [Utils] MethodGroupsHelper.sortMethods() took 0 ms.
2026-04-26 10:54:26 INFO  org.testng.internal.Utils - [Utils] MethodGroupsHelper.collectMethodsByGroup() took 0 ms.
2026-04-26 10:54:26 INFO  org.testng.internal.Utils - [Utils] MethodGroupsHelper.sortMethods() took 0 ms.
2026-04-26 10:54:26 INFO  org.testng.internal.Utils - [Utils] MethodGroupsHelper.collectMethodsByGroup() took 0 ms.
2026-04-26 10:54:26 INFO  org.testng.internal.Utils - [Utils] MethodGroupsHelper.sortMethods() took 0 ms.
2026-04-26 10:54:26 INFO  org.testng.internal.Utils - [Utils] MethodGroupsHelper.collectMethodsByGroup() took 7 ms.
2026-04-26 10:54:26 INFO  org.testng.internal.Utils - [Utils] MethodGroupsHelper.sortMethods() took 16 ms.
2026-04-26 10:54:26 INFO  org.testng.internal.Utils - [Utils] MethodGroupsHelper.collectMethodsByGroup() took 0 ms.
2026-04-26 10:54:26 INFO  org.testng.internal.Utils - [Utils] MethodGroupsHelper.sortMethods() took 0 ms.
2026-04-26 10:54:26 INFO  org.testng.internal.Utils - [Utils] MethodGroupsHelper.collectMethodsByGroup() took 0 ms.
2026-04-26 10:54:26 INFO  org.testng.internal.Utils - [Utils] MethodGroupsHelper.sortMethods() took 0 ms.
2026-04-26 10:54:26 INFO  org.testng.internal.Utils - [Utils] MethodGroupsHelper.collectMethodsByGroup() took 0 ms.
2026-04-26 10:54:26 INFO  org.testng.internal.Utils - [Utils] MethodGroupsHelper.sortMethods() took 0 ms.
2026-04-26 10:54:26 INFO  org.testng.internal.Utils - [Utils] MethodGroupsHelper.collectMethodsByGroup() took 10 ms.
2026-04-26 10:54:26 INFO  org.testng.internal.Utils - [Utils] MethodGroupsHelper.sortMethods() took 1 ms.
2026-04-26 10:54:26 INFO  org.testng.internal.Utils - [Utils] MethodGroupsHelper.collectMethodsByGroup() took 0 ms.
2026-04-26 10:54:26 INFO  org.testng.internal.Utils - [Utils] MethodGroupsHelper.sortMethods() took 0 ms.
2026-04-26 10:54:26 INFO  org.testng.internal.Utils - [Utils] MethodGroupsHelper.collectMethodsByGroup() took 0 ms.
2026-04-26 10:54:26 INFO  org.testng.internal.Utils - [Utils] MethodGroupsHelper.sortMethods() took 0 ms.
2026-04-26 10:54:26 INFO  org.testng.internal.Utils - [TestNG] Running:
  C:\Users\Rahul\AppData\Local\Temp\testng-eclipse-728417593\testng-customsuite.xml

2026-04-26 10:54:26 INFO  org.testng.internal.Utils - [Utils] DynamicGraphHelper.createDynamicGraph() took 5 ms.
2026-04-26 10:55:18 INFO  org.testng.internal.Utils - [TestNG] Time taken by org.testng.reporters.jq.Main@6f1a80fb: 65 ms
2026-04-26 10:55:18 INFO  org.testng.internal.Utils - [TestNG] Time taken by org.testng.reporters.FailedReporter@1e86a5a7: 13 ms
2026-04-26 10:55:18 INFO  org.testng.internal.Utils - [TestNG] Time taken by org.testng.reporters.XMLReporter@4207609e: 9 ms
2026-04-26 10:55:18 INFO  org.testng.internal.Utils - [TestNG] Time taken by org.testng.reporters.EmailableReporter2@6c931d35: 7 ms
2026-04-26 10:55:18 INFO  org.testng.internal.Utils - [TestNG] Time taken by org.testng.reporters.JUnitReportReporter@59ed3e6c: 10 ms
2026-04-26 10:55:18 INFO  org.testng.internal.Utils - [TestNG] Time taken by org.testng.internal.ExitCodeListener@7cd4a4d7: 0 ms
2026-04-26 10:55:55 DEBUG org.testng.TestNG - suiteXmlPath: "C:\Users\Rahul\AppData\Local\Temp\testng-eclipse-2116884952\testng-customsuite.xml"
2026-04-26 10:55:55 DEBUG org.testng.TestNG - suiteXmlPath: "C:\Users\Rahul\AppData\Local\Temp\testng-eclipse-2128812168\testng-customsuite.xml"
2026-04-26 10:55:55 INFO  org.testng.internal.Utils - [Utils] MethodGroupsHelper.collectMethodsByGroup() took 1 ms.
2026-04-26 10:55:55 INFO  org.testng.internal.Utils - [Utils] MethodGroupsHelper.sortMethods() took 2 ms.
2026-04-26 10:55:55 INFO  org.testng.internal.Utils - [Utils] MethodGroupsHelper.collectMethodsByGroup() took 0 ms.
2026-04-26 10:55:55 INFO  org.testng.internal.Utils - [Utils] MethodGroupsHelper.sortMethods() took 0 ms.
2026-04-26 10:55:55 INFO  org.testng.internal.Utils - [Utils] MethodGroupsHelper.collectMethodsByGroup() took 0 ms.
2026-04-26 10:55:55 INFO  org.testng.internal.Utils - [Utils] MethodGroupsHelper.sortMethods() took 0 ms.
2026-04-26 10:55:55 INFO  org.testng.internal.Utils - [Utils] MethodGroupsHelper.collectMethodsByGroup() took 1 ms.
2026-04-26 10:55:55 INFO  org.testng.internal.Utils - [Utils] MethodGroupsHelper.collectMethodsByGroup() took 0 ms.
2026-04-26 10:55:55 INFO  org.testng.internal.Utils - [Utils] MethodGroupsHelper.sortMethods() took 0 ms.
2026-04-26 10:55:55 INFO  org.testng.internal.Utils - [Utils] MethodGroupsHelper.collectMethodsByGroup() took 0 ms.
2026-04-26 10:55:55 INFO  org.testng.internal.Utils - [Utils] MethodGroupsHelper.sortMethods() took 0 ms.
2026-04-26 10:55:55 INFO  org.testng.internal.Utils - [Utils] MethodGroupsHelper.collectMethodsByGroup() took 0 ms.
2026-04-26 10:55:55 INFO  org.testng.internal.Utils - [Utils] MethodGroupsHelper.sortMethods() took 0 ms.
2026-04-26 10:55:55 INFO  org.testng.internal.Utils - [Utils] MethodGroupsHelper.sortMethods() took 3 ms.
2026-04-26 10:55:55 INFO  org.testng.internal.Utils - [Utils] MethodGroupsHelper.collectMethodsByGroup() took 0 ms.
2026-04-26 10:55:55 INFO  org.testng.internal.Utils - [Utils] MethodGroupsHelper.sortMethods() took 0 ms.
2026-04-26 10:55:55 INFO  org.testng.internal.Utils - [Utils] MethodGroupsHelper.collectMethodsByGroup() took 0 ms.
2026-04-26 10:55:55 INFO  org.testng.internal.Utils - [Utils] MethodGroupsHelper.sortMethods() took 0 ms.
2026-04-26 10:55:55 INFO  org.testng.internal.Utils - [Utils] MethodGroupsHelper.collectMethodsByGroup() took 0 ms.
2026-04-26 10:55:55 INFO  org.testng.internal.Utils - [Utils] MethodGroupsHelper.sortMethods() took 0 ms.
2026-04-26 10:55:55 INFO  org.testng.internal.Utils - [Utils] MethodGroupsHelper.collectMethodsByGroup() took 0 ms.
2026-04-26 10:55:55 INFO  org.testng.internal.Utils - [Utils] MethodGroupsHelper.sortMethods() took 0 ms.
2026-04-26 10:55:55 INFO  org.testng.internal.Utils - [Utils] MethodGroupsHelper.collectMethodsByGroup() took 0 ms.
2026-04-26 10:55:55 INFO  org.testng.internal.Utils - [Utils] MethodGroupsHelper.sortMethods() took 0 ms.
2026-04-26 10:55:55 INFO  org.testng.internal.Utils - [Utils] MethodGroupsHelper.collectMethodsByGroup() took 0 ms.
2026-04-26 10:55:55 INFO  org.testng.internal.Utils - [Utils] MethodGroupsHelper.sortMethods() took 0 ms.
2026-04-26 10:55:55 INFO  org.testng.internal.Utils - [Utils] MethodGroupsHelper.collectMethodsByGroup() took 0 ms.
2026-04-26 10:55:55 INFO  org.testng.internal.Utils - [Utils] MethodGroupsHelper.sortMethods() took 0 ms.
2026-04-26 10:55:55 INFO  org.testng.internal.Utils - [Utils] MethodGroupsHelper.collectMethodsByGroup() took 0 ms.
2026-04-26 10:55:55 INFO  org.testng.internal.Utils - [Utils] MethodGroupsHelper.sortMethods() took 0 ms.
2026-04-26 10:55:55 INFO  org.testng.internal.Utils - [Utils] MethodGroupsHelper.collectMethodsByGroup() took 0 ms.
2026-04-26 10:55:55 INFO  org.testng.internal.Utils - [Utils] MethodGroupsHelper.sortMethods() took 0 ms.
2026-04-26 10:55:55 INFO  org.testng.internal.Utils - [Utils] MethodGroupsHelper.collectMethodsByGroup() took 11 ms.
2026-04-26 10:55:55 INFO  org.testng.internal.Utils - [Utils] MethodGroupsHelper.collectMethodsByGroup() took 16 ms.
2026-04-26 10:55:55 INFO  org.testng.internal.Utils - [Utils] MethodGroupsHelper.sortMethods() took 23 ms.
2026-04-26 10:55:55 INFO  org.testng.internal.Utils - [Utils] MethodGroupsHelper.collectMethodsByGroup() took 0 ms.
2026-04-26 10:55:55 INFO  org.testng.internal.Utils - [Utils] MethodGroupsHelper.sortMethods() took 0 ms.
2026-04-26 10:55:55 INFO  org.testng.internal.Utils - [Utils] MethodGroupsHelper.collectMethodsByGroup() took 0 ms.
2026-04-26 10:55:55 INFO  org.testng.internal.Utils - [Utils] MethodGroupsHelper.sortMethods() took 0 ms.
2026-04-26 10:55:55 INFO  org.testng.internal.Utils - [Utils] MethodGroupsHelper.collectMethodsByGroup() took 0 ms.
2026-04-26 10:55:55 INFO  org.testng.internal.Utils - [Utils] MethodGroupsHelper.sortMethods() took 0 ms.
2026-04-26 10:55:55 INFO  org.testng.internal.Utils - [Utils] MethodGroupsHelper.sortMethods() took 19 ms.
2026-04-26 10:55:55 INFO  org.testng.internal.Utils - [Utils] MethodGroupsHelper.collectMethodsByGroup() took 0 ms.
2026-04-26 10:55:55 INFO  org.testng.internal.Utils - [Utils] MethodGroupsHelper.sortMethods() took 0 ms.
2026-04-26 10:55:55 INFO  org.testng.internal.Utils - [Utils] MethodGroupsHelper.collectMethodsByGroup() took 15 ms.
2026-04-26 10:55:55 INFO  org.testng.internal.Utils - [Utils] MethodGroupsHelper.sortMethods() took 0 ms.
2026-04-26 10:55:55 INFO  org.testng.internal.Utils - [Utils] MethodGroupsHelper.collectMethodsByGroup() took 0 ms.
2026-04-26 10:55:55 INFO  org.testng.internal.Utils - [Utils] MethodGroupsHelper.sortMethods() took 0 ms.
2026-04-26 10:55:55 INFO  org.testng.internal.Utils - [Utils] MethodGroupsHelper.collectMethodsByGroup() took 0 ms.
2026-04-26 10:55:55 INFO  org.testng.internal.Utils - [Utils] MethodGroupsHelper.collectMethodsByGroup() took 0 ms.
2026-04-26 10:55:55 INFO  org.testng.internal.Utils - [Utils] MethodGroupsHelper.sortMethods() took 0 ms.
2026-04-26 10:55:55 INFO  org.testng.internal.Utils - [Utils] MethodGroupsHelper.sortMethods() took 1 ms.
2026-04-26 10:55:55 INFO  org.testng.internal.Utils - [Utils] MethodGroupsHelper.collectMethodsByGroup() took 0 ms.
2026-04-26 10:55:55 INFO  org.testng.internal.Utils - [Utils] MethodGroupsHelper.sortMethods() took 0 ms.
2026-04-26 10:55:55 INFO  org.testng.internal.Utils - [Utils] MethodGroupsHelper.collectMethodsByGroup() took 15 ms.
2026-04-26 10:55:55 INFO  org.testng.internal.Utils - [Utils] MethodGroupsHelper.sortMethods() took 1 ms.
2026-04-26 10:55:55 INFO  org.testng.internal.Utils - [TestNG] Running:
  C:\Users\Rahul\AppData\Local\Temp\testng-eclipse-2116884952\testng-customsuite.xml

2026-04-26 10:55:55 INFO  org.testng.internal.Utils - [Utils] MethodGroupsHelper.collectMethodsByGroup() took 0 ms.
2026-04-26 10:55:55 INFO  org.testng.internal.Utils - [Utils] MethodGroupsHelper.sortMethods() took 0 ms.
2026-04-26 10:55:55 INFO  org.testng.internal.Utils - [Utils] MethodGroupsHelper.collectMethodsByGroup() took 0 ms.
2026-04-26 10:55:55 INFO  org.testng.internal.Utils - [Utils] MethodGroupsHelper.sortMethods() took 0 ms.
2026-04-26 10:55:55 INFO  org.testng.internal.Utils - [TestNG] Running:
  C:\Users\Rahul\AppData\Local\Temp\testng-eclipse-2128812168\testng-customsuite.xml

2026-04-26 10:55:55 INFO  org.testng.internal.Utils - [Utils] DynamicGraphHelper.createDynamicGraph() took 13 ms.
2026-04-26 10:55:55 INFO  org.testng.internal.Utils - [Utils] DynamicGraphHelper.createDynamicGraph() took 7 ms.
2026-04-26 10:56:40 INFO  org.testng.internal.Utils - [TestNG] Time taken by org.testng.reporters.jq.Main@5e746d37: 67 ms
2026-04-26 10:56:40 INFO  org.testng.internal.Utils - [TestNG] Time taken by org.testng.reporters.FailedReporter@5ec46cdd: 2 ms
2026-04-26 10:56:40 INFO  org.testng.internal.Utils - [TestNG] Time taken by org.testng.reporters.XMLReporter@6ec65b5e: 7 ms
2026-04-26 10:56:40 INFO  org.testng.internal.Utils - [TestNG] Time taken by org.testng.reporters.EmailableReporter2@2e3f79a2: 7 ms
2026-04-26 10:56:40 INFO  org.testng.internal.Utils - [TestNG] Time taken by org.testng.reporters.JUnitReportReporter@45e22def: 7 ms
2026-04-26 10:56:40 INFO  org.testng.internal.Utils - [TestNG] Time taken by org.testng.internal.ExitCodeListener@6ae3fb94: 0 ms
2026-04-26 10:56:40 INFO  org.testng.internal.Utils - [TestNG] Time taken by org.testng.reporters.jq.Main@42d73c61: 67 ms
2026-04-26 10:56:40 INFO  org.testng.internal.Utils - [TestNG] Time taken by org.testng.reporters.FailedReporter@61e7bf2f: 1 ms
2026-04-26 10:56:40 INFO  org.testng.internal.Utils - [TestNG] Time taken by org.testng.reporters.XMLReporter@701bc94e: 8 ms
2026-04-26 10:56:40 INFO  org.testng.internal.Utils - [TestNG] Time taken by org.testng.reporters.EmailableReporter2@61dde151: 6 ms
2026-04-26 10:56:40 INFO  org.testng.internal.Utils - [TestNG] Time taken by org.testng.reporters.JUnitReportReporter@6c575325: 6 ms
2026-04-26 10:56:40 INFO  org.testng.internal.Utils - [TestNG] Time taken by org.testng.internal.ExitCodeListener@747d1932: 0 ms
2026-04-26 10:57:26 DEBUG org.testng.TestNG - suiteXmlPath: "C:\Users\Rahul\AppData\Local\Temp\testng-eclipse-1636657028\testng-customsuite.xml"
2026-04-26 10:57:26 INFO  org.testng.internal.Utils - [Utils] MethodGroupsHelper.collectMethodsByGroup() took 2 ms.
2026-04-26 10:57:26 INFO  org.testng.internal.Utils - [Utils] MethodGroupsHelper.sortMethods() took 2 ms.
2026-04-26 10:57:26 INFO  org.testng.internal.Utils - [Utils] MethodGroupsHelper.collectMethodsByGroup() took 0 ms.
2026-04-26 10:57:26 INFO  org.testng.internal.Utils - [Utils] MethodGroupsHelper.sortMethods() took 0 ms.
2026-04-26 10:57:26 INFO  org.testng.internal.Utils - [Utils] MethodGroupsHelper.collectMethodsByGroup() took 0 ms.
2026-04-26 10:57:26 INFO  org.testng.internal.Utils - [Utils] MethodGroupsHelper.sortMethods() took 0 ms.
2026-04-26 10:57:26 INFO  org.testng.internal.Utils - [Utils] MethodGroupsHelper.collectMethodsByGroup() took 0 ms.
2026-04-26 10:57:26 INFO  org.testng.internal.Utils - [Utils] MethodGroupsHelper.sortMethods() took 0 ms.
2026-04-26 10:57:26 INFO  org.testng.internal.Utils - [Utils] MethodGroupsHelper.collectMethodsByGroup() took 0 ms.
2026-04-26 10:57:26 INFO  org.testng.internal.Utils - [Utils] MethodGroupsHelper.sortMethods() took 0 ms.
2026-04-26 10:57:26 INFO  org.testng.internal.Utils - [Utils] MethodGroupsHelper.collectMethodsByGroup() took 0 ms.
2026-04-26 10:57:26 INFO  org.testng.internal.Utils - [Utils] MethodGroupsHelper.sortMethods() took 0 ms.
2026-04-26 10:57:26 INFO  org.testng.internal.Utils - [Utils] MethodGroupsHelper.collectMethodsByGroup() took 0 ms.
2026-04-26 10:57:26 INFO  org.testng.internal.Utils - [Utils] MethodGroupsHelper.sortMethods() took 0 ms.
2026-04-26 10:57:26 INFO  org.testng.internal.Utils - [Utils] MethodGroupsHelper.collectMethodsByGroup() took 0 ms.
2026-04-26 10:57:26 INFO  org.testng.internal.Utils - [Utils] MethodGroupsHelper.sortMethods() took 0 ms.
2026-04-26 10:57:26 INFO  org.testng.internal.Utils - [Utils] MethodGroupsHelper.collectMethodsByGroup() took 8 ms.
2026-04-26 10:57:26 INFO  org.testng.internal.Utils - [Utils] MethodGroupsHelper.sortMethods() took 17 ms.
2026-04-26 10:57:26 INFO  org.testng.internal.Utils - [Utils] MethodGroupsHelper.collectMethodsByGroup() took 0 ms.
2026-04-26 10:57:26 INFO  org.testng.internal.Utils - [Utils] MethodGroupsHelper.sortMethods() took 0 ms.
2026-04-26 10:57:26 INFO  org.testng.internal.Utils - [Utils] MethodGroupsHelper.collectMethodsByGroup() took 0 ms.
2026-04-26 10:57:26 INFO  org.testng.internal.Utils - [Utils] MethodGroupsHelper.sortMethods() took 0 ms.
2026-04-26 10:57:26 INFO  org.testng.internal.Utils - [Utils] MethodGroupsHelper.collectMethodsByGroup() took 0 ms.
2026-04-26 10:57:26 INFO  org.testng.internal.Utils - [Utils] MethodGroupsHelper.sortMethods() took 0 ms.
2026-04-26 10:57:26 INFO  org.testng.internal.Utils - [Utils] MethodGroupsHelper.collectMethodsByGroup() took 11 ms.
2026-04-26 10:57:26 INFO  org.testng.internal.Utils - [Utils] MethodGroupsHelper.sortMethods() took 0 ms.
2026-04-26 10:57:26 INFO  org.testng.internal.Utils - [Utils] MethodGroupsHelper.collectMethodsByGroup() took 0 ms.
2026-04-26 10:57:26 INFO  org.testng.internal.Utils - [Utils] MethodGroupsHelper.sortMethods() took 0 ms.
2026-04-26 10:57:26 INFO  org.testng.internal.Utils - [Utils] MethodGroupsHelper.collectMethodsByGroup() took 0 ms.
2026-04-26 10:57:26 INFO  org.testng.internal.Utils - [Utils] MethodGroupsHelper.sortMethods() took 0 ms.
2026-04-26 10:57:26 INFO  org.testng.internal.Utils - [TestNG] Running:
  C:\Users\Rahul\AppData\Local\Temp\testng-eclipse-1636657028\testng-customsuite.xml

2026-04-26 10:57:26 INFO  org.testng.internal.Utils - [Utils] DynamicGraphHelper.createDynamicGraph() took 5 ms.
2026-04-26 10:57:46 INFO  com.Tests.ProductDetailsTest - Product Title: MP40
2026-04-26 10:57:46 INFO  org.testng.internal.Utils - [TestNG] Time taken by org.testng.reporters.jq.Main@3bbf9027: 67 ms
2026-04-26 10:57:46 INFO  org.testng.internal.Utils - [TestNG] Time taken by org.testng.reporters.FailedReporter@6ff415ad: 2 ms
2026-04-26 10:57:46 INFO  org.testng.internal.Utils - [TestNG] Time taken by org.testng.reporters.XMLReporter@32f0c7f8: 10 ms
2026-04-26 10:57:46 INFO  org.testng.internal.Utils - [TestNG] Time taken by org.testng.reporters.EmailableReporter2@18ac53e8: 5 ms
2026-04-26 10:57:46 INFO  org.testng.internal.Utils - [TestNG] Time taken by org.testng.reporters.JUnitReportReporter@243f003c: 6 ms
2026-04-26 10:57:46 INFO  org.testng.internal.Utils - [TestNG] Time taken by org.testng.internal.ExitCodeListener@71cb3139: 0 ms
2026-04-26 10:57:55 DEBUG org.testng.TestNG - suiteXmlPath: "C:\Users\Rahul\AppData\Local\Temp\testng-eclipse--711603427\testng-customsuite.xml"
2026-04-26 10:57:55 INFO  org.testng.internal.Utils - [Utils] MethodGroupsHelper.collectMethodsByGroup() took 1 ms.
2026-04-26 10:57:55 INFO  org.testng.internal.Utils - [Utils] MethodGroupsHelper.sortMethods() took 2 ms.
2026-04-26 10:57:55 INFO  org.testng.internal.Utils - [Utils] MethodGroupsHelper.collectMethodsByGroup() took 0 ms.
2026-04-26 10:57:55 INFO  org.testng.internal.Utils - [Utils] MethodGroupsHelper.sortMethods() took 0 ms.
2026-04-26 10:57:55 INFO  org.testng.internal.Utils - [Utils] MethodGroupsHelper.collectMethodsByGroup() took 0 ms.
2026-04-26 10:57:55 INFO  org.testng.internal.Utils - [Utils] MethodGroupsHelper.sortMethods() took 0 ms.
2026-04-26 10:57:55 INFO  org.testng.internal.Utils - [Utils] MethodGroupsHelper.collectMethodsByGroup() took 0 ms.
2026-04-26 10:57:55 INFO  org.testng.internal.Utils - [Utils] MethodGroupsHelper.sortMethods() took 0 ms.
2026-04-26 10:57:55 INFO  org.testng.internal.Utils - [Utils] MethodGroupsHelper.collectMethodsByGroup() took 0 ms.
2026-04-26 10:57:55 INFO  org.testng.internal.Utils - [Utils] MethodGroupsHelper.sortMethods() took 0 ms.
2026-04-26 10:57:55 INFO  org.testng.internal.Utils - [Utils] MethodGroupsHelper.collectMethodsByGroup() took 1 ms.
2026-04-26 10:57:55 INFO  org.testng.internal.Utils - [Utils] MethodGroupsHelper.sortMethods() took 0 ms.
2026-04-26 10:57:55 INFO  org.testng.internal.Utils - [Utils] MethodGroupsHelper.collectMethodsByGroup() took 0 ms.
2026-04-26 10:57:55 INFO  org.testng.internal.Utils - [Utils] MethodGroupsHelper.sortMethods() took 0 ms.
2026-04-26 10:57:55 INFO  org.testng.internal.Utils - [Utils] MethodGroupsHelper.collectMethodsByGroup() took 0 ms.
2026-04-26 10:57:55 INFO  org.testng.internal.Utils - [Utils] MethodGroupsHelper.sortMethods() took 0 ms.
2026-04-26 10:57:55 INFO  org.testng.internal.Utils - [Utils] MethodGroupsHelper.collectMethodsByGroup() took 12 ms.
2026-04-26 10:57:55 INFO  org.testng.internal.Utils - [Utils] MethodGroupsHelper.sortMethods() took 25 ms.
2026-04-26 10:57:55 INFO  org.testng.internal.Utils - [Utils] MethodGroupsHelper.collectMethodsByGroup() took 0 ms.
2026-04-26 10:57:55 INFO  org.testng.internal.Utils - [Utils] MethodGroupsHelper.sortMethods() took 1 ms.
2026-04-26 10:57:55 INFO  org.testng.internal.Utils - [Utils] MethodGroupsHelper.collectMethodsByGroup() took 0 ms.
2026-04-26 10:57:55 INFO  org.testng.internal.Utils - [Utils] MethodGroupsHelper.sortMethods() took 0 ms.
2026-04-26 10:57:55 INFO  org.testng.internal.Utils - [Utils] MethodGroupsHelper.collectMethodsByGroup() took 0 ms.
2026-04-26 10:57:55 INFO  org.testng.internal.Utils - [Utils] MethodGroupsHelper.sortMethods() took 0 ms.
2026-04-26 10:57:55 INFO  org.testng.internal.Utils - [Utils] MethodGroupsHelper.collectMethodsByGroup() took 13 ms.
2026-04-26 10:57:55 INFO  org.testng.internal.Utils - [Utils] MethodGroupsHelper.sortMethods() took 0 ms.
2026-04-26 10:57:55 INFO  org.testng.internal.Utils - [Utils] MethodGroupsHelper.collectMethodsByGroup() took 0 ms.
2026-04-26 10:57:55 INFO  org.testng.internal.Utils - [Utils] MethodGroupsHelper.sortMethods() took 0 ms.
2026-04-26 10:57:55 INFO  org.testng.internal.Utils - [Utils] MethodGroupsHelper.collectMethodsByGroup() took 0 ms.
2026-04-26 10:57:55 INFO  org.testng.internal.Utils - [Utils] MethodGroupsHelper.sortMethods() took 0 ms.
2026-04-26 10:57:56 INFO  org.testng.internal.Utils - [TestNG] Running:
  C:\Users\Rahul\AppData\Local\Temp\testng-eclipse--711603427\testng-customsuite.xml

2026-04-26 10:57:56 INFO  org.testng.internal.Utils - [Utils] DynamicGraphHelper.createDynamicGraph() took 7 ms.
2026-04-26 10:58:18 INFO  com.Tests.ProductDetailsTest - Product Price: MRP₹ 425
2026-04-26 10:58:18 INFO  org.testng.internal.Utils - [TestNG] Time taken by org.testng.reporters.jq.Main@31f20c9f: 54 ms
2026-04-26 10:58:18 INFO  org.testng.internal.Utils - [TestNG] Time taken by org.testng.reporters.FailedReporter@504e1599: 2 ms
2026-04-26 10:58:18 INFO  org.testng.internal.Utils - [TestNG] Time taken by org.testng.reporters.XMLReporter@7159a5cd: 8 ms
2026-04-26 10:58:18 INFO  org.testng.internal.Utils - [TestNG] Time taken by org.testng.reporters.EmailableReporter2@53dad875: 6 ms
2026-04-26 10:58:18 INFO  org.testng.internal.Utils - [TestNG] Time taken by org.testng.reporters.JUnitReportReporter@771d1ffb: 8 ms
2026-04-26 10:58:18 INFO  org.testng.internal.Utils - [TestNG] Time taken by org.testng.internal.ExitCodeListener@4f67e3df: 0 ms
2026-04-26 10:58:25 DEBUG org.testng.TestNG - suiteXmlPath: "C:\Users\Rahul\AppData\Local\Temp\testng-eclipse--1339852408\testng-customsuite.xml"
2026-04-26 10:58:25 INFO  org.testng.internal.Utils - [Utils] MethodGroupsHelper.collectMethodsByGroup() took 0 ms.
2026-04-26 10:58:25 INFO  org.testng.internal.Utils - [Utils] MethodGroupsHelper.sortMethods() took 3 ms.
2026-04-26 10:58:25 INFO  org.testng.internal.Utils - [Utils] MethodGroupsHelper.collectMethodsByGroup() took 0 ms.
2026-04-26 10:58:25 INFO  org.testng.internal.Utils - [Utils] MethodGroupsHelper.sortMethods() took 0 ms.
2026-04-26 10:58:25 INFO  org.testng.internal.Utils - [Utils] MethodGroupsHelper.collectMethodsByGroup() took 0 ms.
2026-04-26 10:58:25 INFO  org.testng.internal.Utils - [Utils] MethodGroupsHelper.sortMethods() took 0 ms.
2026-04-26 10:58:25 INFO  org.testng.internal.Utils - [Utils] MethodGroupsHelper.collectMethodsByGroup() took 0 ms.
2026-04-26 10:58:25 INFO  org.testng.internal.Utils - [Utils] MethodGroupsHelper.sortMethods() took 0 ms.
2026-04-26 10:58:25 INFO  org.testng.internal.Utils - [Utils] MethodGroupsHelper.collectMethodsByGroup() took 0 ms.
2026-04-26 10:58:25 INFO  org.testng.internal.Utils - [Utils] MethodGroupsHelper.sortMethods() took 0 ms.
2026-04-26 10:58:25 INFO  org.testng.internal.Utils - [Utils] MethodGroupsHelper.collectMethodsByGroup() took 0 ms.
2026-04-26 10:58:25 INFO  org.testng.internal.Utils - [Utils] MethodGroupsHelper.sortMethods() took 0 ms.
2026-04-26 10:58:25 INFO  org.testng.internal.Utils - [Utils] MethodGroupsHelper.collectMethodsByGroup() took 0 ms.
2026-04-26 10:58:25 INFO  org.testng.internal.Utils - [Utils] MethodGroupsHelper.sortMethods() took 0 ms.
2026-04-26 10:58:25 INFO  org.testng.internal.Utils - [Utils] MethodGroupsHelper.collectMethodsByGroup() took 0 ms.
2026-04-26 10:58:25 INFO  org.testng.internal.Utils - [Utils] MethodGroupsHelper.sortMethods() took 0 ms.
2026-04-26 10:58:25 INFO  org.testng.internal.Utils - [Utils] MethodGroupsHelper.collectMethodsByGroup() took 8 ms.
2026-04-26 10:58:26 INFO  org.testng.internal.Utils - [Utils] MethodGroupsHelper.sortMethods() took 20 ms.
2026-04-26 10:58:26 INFO  org.testng.internal.Utils - [Utils] MethodGroupsHelper.collectMethodsByGroup() took 0 ms.
2026-04-26 10:58:26 INFO  org.testng.internal.Utils - [Utils] MethodGroupsHelper.sortMethods() took 1 ms.
2026-04-26 10:58:26 INFO  org.testng.internal.Utils - [Utils] MethodGroupsHelper.collectMethodsByGroup() took 0 ms.
2026-04-26 10:58:26 INFO  org.testng.internal.Utils - [Utils] MethodGroupsHelper.sortMethods() took 0 ms.
2026-04-26 10:58:26 INFO  org.testng.internal.Utils - [Utils] MethodGroupsHelper.collectMethodsByGroup() took 0 ms.
2026-04-26 10:58:26 INFO  org.testng.internal.Utils - [Utils] MethodGroupsHelper.sortMethods() took 0 ms.
2026-04-26 10:58:26 INFO  org.testng.internal.Utils - [Utils] MethodGroupsHelper.collectMethodsByGroup() took 13 ms.
2026-04-26 10:58:26 INFO  org.testng.internal.Utils - [Utils] MethodGroupsHelper.sortMethods() took 0 ms.
2026-04-26 10:58:26 INFO  org.testng.internal.Utils - [Utils] MethodGroupsHelper.collectMethodsByGroup() took 0 ms.
2026-04-26 10:58:26 INFO  org.testng.internal.Utils - [Utils] MethodGroupsHelper.sortMethods() took 0 ms.
2026-04-26 10:58:26 INFO  org.testng.internal.Utils - [Utils] MethodGroupsHelper.collectMethodsByGroup() took 0 ms.
2026-04-26 10:58:26 INFO  org.testng.internal.Utils - [Utils] MethodGroupsHelper.sortMethods() took 0 ms.
2026-04-26 10:58:26 INFO  org.testng.internal.Utils - [TestNG] Running:
  C:\Users\Rahul\AppData\Local\Temp\testng-eclipse--1339852408\testng-customsuite.xml

2026-04-26 10:58:26 INFO  org.testng.internal.Utils - [Utils] DynamicGraphHelper.createDynamicGraph() took 5 ms.
2026-04-26 10:58:47 INFO  org.testng.internal.Utils - [TestNG] Time taken by org.testng.reporters.jq.Main@226eba67: 63 ms
2026-04-26 10:58:47 INFO  org.testng.internal.Utils - [TestNG] Time taken by org.testng.reporters.FailedReporter@128c502c: 1 ms
2026-04-26 10:58:47 INFO  org.testng.internal.Utils - [TestNG] Time taken by org.testng.reporters.XMLReporter@629adce: 7 ms
2026-04-26 10:58:47 INFO  org.testng.internal.Utils - [TestNG] Time taken by org.testng.reporters.EmailableReporter2@69fa8e76: 6 ms
2026-04-26 10:58:47 INFO  org.testng.internal.Utils - [TestNG] Time taken by org.testng.reporters.JUnitReportReporter@69e05f61: 6 ms
2026-04-26 10:58:47 INFO  org.testng.internal.Utils - [TestNG] Time taken by org.testng.internal.ExitCodeListener@49a26d19: 0 ms
2026-04-26 10:59:10 DEBUG org.testng.TestNG - suiteXmlPath: "C:\Users\Rahul\AppData\Local\Temp\testng-eclipse-865405694\testng-customsuite.xml"
2026-04-26 10:59:11 INFO  org.testng.internal.Utils - [Utils] MethodGroupsHelper.collectMethodsByGroup() took 0 ms.
2026-04-26 10:59:11 INFO  org.testng.internal.Utils - [Utils] MethodGroupsHelper.sortMethods() took 2 ms.
2026-04-26 10:59:11 INFO  org.testng.internal.Utils - [Utils] MethodGroupsHelper.collectMethodsByGroup() took 0 ms.
2026-04-26 10:59:11 INFO  org.testng.internal.Utils - [Utils] MethodGroupsHelper.sortMethods() took 0 ms.
2026-04-26 10:59:11 INFO  org.testng.internal.Utils - [Utils] MethodGroupsHelper.collectMethodsByGroup() took 0 ms.
2026-04-26 10:59:11 INFO  org.testng.internal.Utils - [Utils] MethodGroupsHelper.sortMethods() took 0 ms.
2026-04-26 10:59:11 INFO  org.testng.internal.Utils - [Utils] MethodGroupsHelper.collectMethodsByGroup() took 0 ms.
2026-04-26 10:59:11 INFO  org.testng.internal.Utils - [Utils] MethodGroupsHelper.sortMethods() took 0 ms.
2026-04-26 10:59:11 INFO  org.testng.internal.Utils - [Utils] MethodGroupsHelper.collectMethodsByGroup() took 0 ms.
2026-04-26 10:59:11 INFO  org.testng.internal.Utils - [Utils] MethodGroupsHelper.sortMethods() took 0 ms.
2026-04-26 10:59:11 INFO  org.testng.internal.Utils - [Utils] MethodGroupsHelper.collectMethodsByGroup() took 0 ms.
2026-04-26 10:59:11 INFO  org.testng.internal.Utils - [Utils] MethodGroupsHelper.sortMethods() took 0 ms.
2026-04-26 10:59:11 INFO  org.testng.internal.Utils - [Utils] MethodGroupsHelper.collectMethodsByGroup() took 0 ms.
2026-04-26 10:59:11 INFO  org.testng.internal.Utils - [Utils] MethodGroupsHelper.sortMethods() took 0 ms.
2026-04-26 10:59:11 INFO  org.testng.internal.Utils - [Utils] MethodGroupsHelper.collectMethodsByGroup() took 0 ms.
2026-04-26 10:59:11 INFO  org.testng.internal.Utils - [Utils] MethodGroupsHelper.sortMethods() took 0 ms.
2026-04-26 10:59:11 INFO  org.testng.internal.Utils - [Utils] MethodGroupsHelper.collectMethodsByGroup() took 10 ms.
2026-04-26 10:59:11 INFO  org.testng.internal.Utils - [Utils] MethodGroupsHelper.sortMethods() took 24 ms.
2026-04-26 10:59:11 INFO  org.testng.internal.Utils - [Utils] MethodGroupsHelper.collectMethodsByGroup() took 0 ms.
2026-04-26 10:59:11 INFO  org.testng.internal.Utils - [Utils] MethodGroupsHelper.sortMethods() took 0 ms.
2026-04-26 10:59:11 INFO  org.testng.internal.Utils - [Utils] MethodGroupsHelper.collectMethodsByGroup() took 0 ms.
2026-04-26 10:59:11 INFO  org.testng.internal.Utils - [Utils] MethodGroupsHelper.sortMethods() took 0 ms.
2026-04-26 10:59:11 INFO  org.testng.internal.Utils - [Utils] MethodGroupsHelper.collectMethodsByGroup() took 0 ms.
2026-04-26 10:59:11 INFO  org.testng.internal.Utils - [Utils] MethodGroupsHelper.sortMethods() took 0 ms.
2026-04-26 10:59:11 INFO  org.testng.internal.Utils - [Utils] MethodGroupsHelper.collectMethodsByGroup() took 11 ms.
2026-04-26 10:59:11 INFO  org.testng.internal.Utils - [Utils] MethodGroupsHelper.sortMethods() took 1 ms.
2026-04-26 10:59:11 INFO  org.testng.internal.Utils - [Utils] MethodGroupsHelper.collectMethodsByGroup() took 0 ms.
2026-04-26 10:59:11 INFO  org.testng.internal.Utils - [Utils] MethodGroupsHelper.sortMethods() took 0 ms.
2026-04-26 10:59:11 INFO  org.testng.internal.Utils - [Utils] MethodGroupsHelper.collectMethodsByGroup() took 0 ms.
2026-04-26 10:59:11 INFO  org.testng.internal.Utils - [Utils] MethodGroupsHelper.sortMethods() took 0 ms.
2026-04-26 10:59:11 INFO  org.testng.internal.Utils - [TestNG] Running:
  C:\Users\Rahul\AppData\Local\Temp\testng-eclipse-865405694\testng-customsuite.xml

2026-04-26 10:59:11 INFO  org.testng.internal.Utils - [Utils] DynamicGraphHelper.createDynamicGraph() took 8 ms.
2026-04-26 11:00:12 DEBUG org.testng.TestNG - suiteXmlPath: "C:\Users\Rahul\AppData\Local\Temp\testng-eclipse--1378975847\testng-customsuite.xml"
2026-04-26 11:00:12 INFO  org.testng.internal.Utils - [Utils] MethodGroupsHelper.collectMethodsByGroup() took 0 ms.
2026-04-26 11:00:12 INFO  org.testng.internal.Utils - [Utils] MethodGroupsHelper.sortMethods() took 1 ms.
2026-04-26 11:00:12 INFO  org.testng.internal.Utils - [Utils] MethodGroupsHelper.collectMethodsByGroup() took 0 ms.
2026-04-26 11:00:12 INFO  org.testng.internal.Utils - [Utils] MethodGroupsHelper.sortMethods() took 0 ms.
2026-04-26 11:00:12 INFO  org.testng.internal.Utils - [Utils] MethodGroupsHelper.collectMethodsByGroup() took 0 ms.
2026-04-26 11:00:12 INFO  org.testng.internal.Utils - [Utils] MethodGroupsHelper.sortMethods() took 0 ms.
2026-04-26 11:00:12 INFO  org.testng.internal.Utils - [Utils] MethodGroupsHelper.collectMethodsByGroup() took 0 ms.
2026-04-26 11:00:12 INFO  org.testng.internal.Utils - [Utils] MethodGroupsHelper.sortMethods() took 0 ms.
2026-04-26 11:00:12 INFO  org.testng.internal.Utils - [Utils] MethodGroupsHelper.collectMethodsByGroup() took 0 ms.
2026-04-26 11:00:12 INFO  org.testng.internal.Utils - [Utils] MethodGroupsHelper.sortMethods() took 0 ms.
2026-04-26 11:00:12 INFO  org.testng.internal.Utils - [Utils] MethodGroupsHelper.collectMethodsByGroup() took 0 ms.
2026-04-26 11:00:12 INFO  org.testng.internal.Utils - [Utils] MethodGroupsHelper.sortMethods() took 0 ms.
2026-04-26 11:00:12 INFO  org.testng.internal.Utils - [Utils] MethodGroupsHelper.collectMethodsByGroup() took 0 ms.
2026-04-26 11:00:12 INFO  org.testng.internal.Utils - [Utils] MethodGroupsHelper.sortMethods() took 0 ms.
2026-04-26 11:00:12 INFO  org.testng.internal.Utils - [Utils] MethodGroupsHelper.collectMethodsByGroup() took 0 ms.
2026-04-26 11:00:12 INFO  org.testng.internal.Utils - [Utils] MethodGroupsHelper.sortMethods() took 0 ms.
2026-04-26 11:00:13 INFO  org.testng.internal.Utils - [Utils] MethodGroupsHelper.collectMethodsByGroup() took 9 ms.
2026-04-26 11:00:13 INFO  org.testng.internal.Utils - [Utils] MethodGroupsHelper.sortMethods() took 24 ms.
2026-04-26 11:00:13 INFO  org.testng.internal.Utils - [Utils] MethodGroupsHelper.collectMethodsByGroup() took 0 ms.
2026-04-26 11:00:13 INFO  org.testng.internal.Utils - [Utils] MethodGroupsHelper.sortMethods() took 1 ms.
2026-04-26 11:00:13 INFO  org.testng.internal.Utils - [Utils] MethodGroupsHelper.collectMethodsByGroup() took 0 ms.
2026-04-26 11:00:13 INFO  org.testng.internal.Utils - [Utils] MethodGroupsHelper.sortMethods() took 0 ms.
2026-04-26 11:00:13 INFO  org.testng.internal.Utils - [Utils] MethodGroupsHelper.collectMethodsByGroup() took 0 ms.
2026-04-26 11:00:13 INFO  org.testng.internal.Utils - [Utils] MethodGroupsHelper.sortMethods() took 0 ms.
2026-04-26 11:00:13 INFO  org.testng.internal.Utils - [Utils] MethodGroupsHelper.collectMethodsByGroup() took 15 ms.
2026-04-26 11:00:13 INFO  org.testng.internal.Utils - [Utils] MethodGroupsHelper.sortMethods() took 1 ms.
2026-04-26 11:00:13 INFO  org.testng.internal.Utils - [Utils] MethodGroupsHelper.collectMethodsByGroup() took 0 ms.
2026-04-26 11:00:13 INFO  org.testng.internal.Utils - [Utils] MethodGroupsHelper.sortMethods() took 0 ms.
2026-04-26 11:00:13 INFO  org.testng.internal.Utils - [Utils] MethodGroupsHelper.collectMethodsByGroup() took 0 ms.
2026-04-26 11:00:13 INFO  org.testng.internal.Utils - [Utils] MethodGroupsHelper.sortMethods() took 0 ms.
2026-04-26 11:00:13 INFO  org.testng.internal.Utils - [TestNG] Running:
  C:\Users\Rahul\AppData\Local\Temp\testng-eclipse--1378975847\testng-customsuite.xml

2026-04-26 11:00:13 INFO  org.testng.internal.Utils - [Utils] DynamicGraphHelper.createDynamicGraph() took 4 ms.
2026-04-26 11:00:41 INFO  org.testng.internal.Utils - [TestNG] Time taken by org.testng.reporters.jq.Main@244e619a: 55 ms
2026-04-26 11:00:41 INFO  org.testng.internal.Utils - [TestNG] Time taken by org.testng.reporters.FailedReporter@b25b095: 1 ms
2026-04-26 11:00:41 INFO  org.testng.internal.Utils - [TestNG] Time taken by org.testng.reporters.XMLReporter@7c891ba7: 8 ms
2026-04-26 11:00:41 INFO  org.testng.internal.Utils - [TestNG] Time taken by org.testng.reporters.EmailableReporter2@61d34b4: 7 ms
2026-04-26 11:00:41 INFO  org.testng.internal.Utils - [TestNG] Time taken by org.testng.reporters.JUnitReportReporter@7acfb656: 7 ms
2026-04-26 11:00:41 INFO  org.testng.internal.Utils - [TestNG] Time taken by org.testng.internal.ExitCodeListener@2e5ee2c9: 0 ms
2026-04-26 11:00:47 DEBUG org.testng.TestNG - suiteXmlPath: "C:\Users\Rahul\AppData\Local\Temp\testng-eclipse--378967483\testng-customsuite.xml"
2026-04-26 11:00:47 INFO  org.testng.internal.Utils - [Utils] MethodGroupsHelper.collectMethodsByGroup() took 1 ms.
2026-04-26 11:00:47 INFO  org.testng.internal.Utils - [Utils] MethodGroupsHelper.sortMethods() took 2 ms.
2026-04-26 11:00:47 INFO  org.testng.internal.Utils - [Utils] MethodGroupsHelper.collectMethodsByGroup() took 0 ms.
2026-04-26 11:00:47 INFO  org.testng.internal.Utils - [Utils] MethodGroupsHelper.sortMethods() took 0 ms.
2026-04-26 11:00:47 INFO  org.testng.internal.Utils - [Utils] MethodGroupsHelper.collectMethodsByGroup() took 0 ms.
2026-04-26 11:00:47 INFO  org.testng.internal.Utils - [Utils] MethodGroupsHelper.sortMethods() took 0 ms.
2026-04-26 11:00:47 INFO  org.testng.internal.Utils - [Utils] MethodGroupsHelper.collectMethodsByGroup() took 0 ms.
2026-04-26 11:00:47 INFO  org.testng.internal.Utils - [Utils] MethodGroupsHelper.sortMethods() took 0 ms.
2026-04-26 11:00:47 INFO  org.testng.internal.Utils - [Utils] MethodGroupsHelper.collectMethodsByGroup() took 0 ms.
2026-04-26 11:00:47 INFO  org.testng.internal.Utils - [Utils] MethodGroupsHelper.sortMethods() took 0 ms.
2026-04-26 11:00:47 INFO  org.testng.internal.Utils - [Utils] MethodGroupsHelper.collectMethodsByGroup() took 0 ms.
2026-04-26 11:00:47 INFO  org.testng.internal.Utils - [Utils] MethodGroupsHelper.sortMethods() took 0 ms.
2026-04-26 11:00:47 INFO  org.testng.internal.Utils - [Utils] MethodGroupsHelper.collectMethodsByGroup() took 0 ms.
2026-04-26 11:00:47 INFO  org.testng.internal.Utils - [Utils] MethodGroupsHelper.sortMethods() took 0 ms.
2026-04-26 11:00:47 INFO  org.testng.internal.Utils - [Utils] MethodGroupsHelper.collectMethodsByGroup() took 0 ms.
2026-04-26 11:00:47 INFO  org.testng.internal.Utils - [Utils] MethodGroupsHelper.sortMethods() took 0 ms.
2026-04-26 11:00:47 INFO  org.testng.internal.Utils - [Utils] MethodGroupsHelper.collectMethodsByGroup() took 7 ms.
2026-04-26 11:00:47 INFO  org.testng.internal.Utils - [Utils] MethodGroupsHelper.sortMethods() took 18 ms.
2026-04-26 11:00:47 INFO  org.testng.internal.Utils - [Utils] MethodGroupsHelper.collectMethodsByGroup() took 0 ms.
2026-04-26 11:00:47 INFO  org.testng.internal.Utils - [Utils] MethodGroupsHelper.sortMethods() took 0 ms.
2026-04-26 11:00:47 INFO  org.testng.internal.Utils - [Utils] MethodGroupsHelper.collectMethodsByGroup() took 0 ms.
2026-04-26 11:00:47 INFO  org.testng.internal.Utils - [Utils] MethodGroupsHelper.sortMethods() took 0 ms.
2026-04-26 11:00:47 INFO  org.testng.internal.Utils - [Utils] MethodGroupsHelper.collectMethodsByGroup() took 0 ms.
2026-04-26 11:00:47 INFO  org.testng.internal.Utils - [Utils] MethodGroupsHelper.sortMethods() took 0 ms.
2026-04-26 11:00:47 INFO  org.testng.internal.Utils - [Utils] MethodGroupsHelper.collectMethodsByGroup() took 14 ms.
2026-04-26 11:00:47 INFO  org.testng.internal.Utils - [Utils] MethodGroupsHelper.sortMethods() took 0 ms.
2026-04-26 11:00:47 INFO  org.testng.internal.Utils - [Utils] MethodGroupsHelper.collectMethodsByGroup() took 0 ms.
2026-04-26 11:00:47 INFO  org.testng.internal.Utils - [Utils] MethodGroupsHelper.sortMethods() took 1 ms.
2026-04-26 11:00:47 INFO  org.testng.internal.Utils - [Utils] MethodGroupsHelper.collectMethodsByGroup() took 0 ms.
2026-04-26 11:00:47 INFO  org.testng.internal.Utils - [Utils] MethodGroupsHelper.sortMethods() took 0 ms.
2026-04-26 11:00:47 INFO  org.testng.internal.Utils - [TestNG] Running:
  C:\Users\Rahul\AppData\Local\Temp\testng-eclipse--378967483\testng-customsuite.xml

2026-04-26 11:00:47 INFO  org.testng.internal.Utils - [Utils] DynamicGraphHelper.createDynamicGraph() took 6 ms.
2026-04-26 11:01:15 INFO  org.testng.internal.Utils - [TestNG] Time taken by org.testng.reporters.jq.Main@10ef5fa0: 76 ms
2026-04-26 11:01:15 INFO  org.testng.internal.Utils - [TestNG] Time taken by org.testng.reporters.FailedReporter@61dde151: 1 ms
2026-04-26 11:01:16 INFO  org.testng.internal.Utils - [TestNG] Time taken by org.testng.reporters.XMLReporter@3fc05ea2: 15 ms
2026-04-26 11:01:16 INFO  org.testng.internal.Utils - [TestNG] Time taken by org.testng.reporters.EmailableReporter2@6aba5d30: 6 ms
2026-04-26 11:01:16 INFO  org.testng.internal.Utils - [TestNG] Time taken by org.testng.reporters.JUnitReportReporter@e322ec9: 6 ms
2026-04-26 11:01:16 INFO  org.testng.internal.Utils - [TestNG] Time taken by org.testng.internal.ExitCodeListener@7acfb656: 0 ms
2026-04-26 11:04:32 DEBUG org.testng.TestNG - suiteXmlPath: "C:\Users\Rahul\AppData\Local\Temp\testng-eclipse-962204242\testng-customsuite.xml"
2026-04-26 11:04:33 INFO  org.testng.internal.Utils - [Utils] MethodGroupsHelper.collectMethodsByGroup() took 0 ms.
2026-04-26 11:04:33 INFO  org.testng.internal.Utils - [Utils] MethodGroupsHelper.sortMethods() took 1 ms.
2026-04-26 11:04:33 INFO  org.testng.internal.Utils - [Utils] MethodGroupsHelper.collectMethodsByGroup() took 0 ms.
2026-04-26 11:04:33 INFO  org.testng.internal.Utils - [Utils] MethodGroupsHelper.sortMethods() took 0 ms.
2026-04-26 11:04:33 INFO  org.testng.internal.Utils - [Utils] MethodGroupsHelper.collectMethodsByGroup() took 0 ms.
2026-04-26 11:04:33 INFO  org.testng.internal.Utils - [Utils] MethodGroupsHelper.sortMethods() took 0 ms.
2026-04-26 11:04:33 INFO  org.testng.internal.Utils - [Utils] MethodGroupsHelper.collectMethodsByGroup() took 0 ms.
2026-04-26 11:04:33 INFO  org.testng.internal.Utils - [Utils] MethodGroupsHelper.sortMethods() took 0 ms.
2026-04-26 11:04:33 INFO  org.testng.internal.Utils - [Utils] MethodGroupsHelper.collectMethodsByGroup() took 0 ms.
2026-04-26 11:04:33 INFO  org.testng.internal.Utils - [Utils] MethodGroupsHelper.sortMethods() took 0 ms.
2026-04-26 11:04:33 INFO  org.testng.internal.Utils - [Utils] MethodGroupsHelper.collectMethodsByGroup() took 0 ms.
2026-04-26 11:04:33 INFO  org.testng.internal.Utils - [Utils] MethodGroupsHelper.sortMethods() took 0 ms.
2026-04-26 11:04:33 INFO  org.testng.internal.Utils - [Utils] MethodGroupsHelper.collectMethodsByGroup() took 0 ms.
2026-04-26 11:04:33 INFO  org.testng.internal.Utils - [Utils] MethodGroupsHelper.sortMethods() took 0 ms.
2026-04-26 11:04:33 INFO  org.testng.internal.Utils - [Utils] MethodGroupsHelper.collectMethodsByGroup() took 0 ms.
2026-04-26 11:04:33 INFO  org.testng.internal.Utils - [Utils] MethodGroupsHelper.sortMethods() took 0 ms.
2026-04-26 11:04:33 INFO  org.testng.internal.Utils - [Utils] MethodGroupsHelper.collectMethodsByGroup() took 6 ms.
2026-04-26 11:04:33 INFO  org.testng.internal.Utils - [Utils] MethodGroupsHelper.sortMethods() took 12 ms.
2026-04-26 11:04:33 INFO  org.testng.internal.Utils - [Utils] MethodGroupsHelper.collectMethodsByGroup() took 0 ms.
2026-04-26 11:04:33 INFO  org.testng.internal.Utils - [Utils] MethodGroupsHelper.sortMethods() took 0 ms.
2026-04-26 11:04:33 INFO  org.testng.internal.Utils - [Utils] MethodGroupsHelper.collectMethodsByGroup() took 0 ms.
2026-04-26 11:04:33 INFO  org.testng.internal.Utils - [Utils] MethodGroupsHelper.sortMethods() took 0 ms.
2026-04-26 11:04:33 INFO  org.testng.internal.Utils - [Utils] MethodGroupsHelper.collectMethodsByGroup() took 0 ms.
2026-04-26 11:04:33 INFO  org.testng.internal.Utils - [Utils] MethodGroupsHelper.sortMethods() took 0 ms.
2026-04-26 11:04:33 INFO  org.testng.internal.Utils - [Utils] MethodGroupsHelper.collectMethodsByGroup() took 8 ms.
2026-04-26 11:04:33 INFO  org.testng.internal.Utils - [Utils] MethodGroupsHelper.sortMethods() took 0 ms.
2026-04-26 11:04:33 INFO  org.testng.internal.Utils - [Utils] MethodGroupsHelper.collectMethodsByGroup() took 0 ms.
2026-04-26 11:04:33 INFO  org.testng.internal.Utils - [Utils] MethodGroupsHelper.sortMethods() took 0 ms.
2026-04-26 11:04:33 INFO  org.testng.internal.Utils - [Utils] MethodGroupsHelper.collectMethodsByGroup() took 0 ms.
2026-04-26 11:04:33 INFO  org.testng.internal.Utils - [Utils] MethodGroupsHelper.sortMethods() took 0 ms.
2026-04-26 11:04:33 INFO  org.testng.internal.Utils - [TestNG] Running:
  C:\Users\Rahul\AppData\Local\Temp\testng-eclipse-962204242\testng-customsuite.xml

2026-04-26 11:04:33 INFO  org.testng.internal.Utils - [Utils] DynamicGraphHelper.createDynamicGraph() took 4 ms.
2026-04-26 11:04:53 INFO  com.Tests.ProductDetailsTest - Selected size: 70-80 ML
2026-04-26 11:04:54 INFO  org.testng.internal.Utils - [TestNG] Time taken by org.testng.reporters.jq.Main@162b3d47: 47 ms
2026-04-26 11:04:54 INFO  org.testng.internal.Utils - [TestNG] Time taken by org.testng.reporters.FailedReporter@95bb2a2: 2 ms
2026-04-26 11:04:54 INFO  org.testng.internal.Utils - [TestNG] Time taken by org.testng.reporters.XMLReporter@7fb33394: 6 ms
2026-04-26 11:04:54 INFO  org.testng.internal.Utils - [TestNG] Time taken by org.testng.reporters.EmailableReporter2@2a32fb6: 4 ms
2026-04-26 11:04:54 INFO  org.testng.internal.Utils - [TestNG] Time taken by org.testng.reporters.JUnitReportReporter@7bc6d27a: 4 ms
2026-04-26 11:04:54 INFO  org.testng.internal.Utils - [TestNG] Time taken by org.testng.internal.ExitCodeListener@75769ab0: 0 ms
2026-04-26 11:05:19 DEBUG org.testng.TestNG - suiteXmlPath: "C:\Users\Rahul\AppData\Local\Temp\testng-eclipse--562894426\testng-customsuite.xml"
2026-04-26 11:05:19 INFO  org.testng.internal.Utils - [Utils] MethodGroupsHelper.collectMethodsByGroup() took 1 ms.
2026-04-26 11:05:19 INFO  org.testng.internal.Utils - [Utils] MethodGroupsHelper.sortMethods() took 0 ms.
2026-04-26 11:05:19 INFO  org.testng.internal.Utils - [Utils] MethodGroupsHelper.collectMethodsByGroup() took 0 ms.
2026-04-26 11:05:19 INFO  org.testng.internal.Utils - [Utils] MethodGroupsHelper.sortMethods() took 0 ms.
2026-04-26 11:05:19 INFO  org.testng.internal.Utils - [Utils] MethodGroupsHelper.collectMethodsByGroup() took 0 ms.
2026-04-26 11:05:19 INFO  org.testng.internal.Utils - [Utils] MethodGroupsHelper.sortMethods() took 0 ms.
2026-04-26 11:05:19 INFO  org.testng.internal.Utils - [Utils] MethodGroupsHelper.collectMethodsByGroup() took 0 ms.
2026-04-26 11:05:19 INFO  org.testng.internal.Utils - [Utils] MethodGroupsHelper.sortMethods() took 0 ms.
2026-04-26 11:05:19 INFO  org.testng.internal.Utils - [Utils] MethodGroupsHelper.collectMethodsByGroup() took 0 ms.
2026-04-26 11:05:19 INFO  org.testng.internal.Utils - [Utils] MethodGroupsHelper.sortMethods() took 0 ms.
2026-04-26 11:05:19 INFO  org.testng.internal.Utils - [Utils] MethodGroupsHelper.collectMethodsByGroup() took 0 ms.
2026-04-26 11:05:19 INFO  org.testng.internal.Utils - [Utils] MethodGroupsHelper.sortMethods() took 0 ms.
2026-04-26 11:05:19 INFO  org.testng.internal.Utils - [Utils] MethodGroupsHelper.collectMethodsByGroup() took 0 ms.
2026-04-26 11:05:19 INFO  org.testng.internal.Utils - [Utils] MethodGroupsHelper.sortMethods() took 0 ms.
2026-04-26 11:05:19 INFO  org.testng.internal.Utils - [Utils] MethodGroupsHelper.collectMethodsByGroup() took 0 ms.
2026-04-26 11:05:19 INFO  org.testng.internal.Utils - [Utils] MethodGroupsHelper.sortMethods() took 0 ms.
2026-04-26 11:05:19 INFO  org.testng.internal.Utils - [Utils] MethodGroupsHelper.collectMethodsByGroup() took 7 ms.
2026-04-26 11:05:19 INFO  org.testng.internal.Utils - [Utils] MethodGroupsHelper.sortMethods() took 16 ms.
2026-04-26 11:05:19 INFO  org.testng.internal.Utils - [Utils] MethodGroupsHelper.collectMethodsByGroup() took 0 ms.
2026-04-26 11:05:19 INFO  org.testng.internal.Utils - [Utils] MethodGroupsHelper.sortMethods() took 0 ms.
2026-04-26 11:05:19 INFO  org.testng.internal.Utils - [Utils] MethodGroupsHelper.collectMethodsByGroup() took 0 ms.
2026-04-26 11:05:19 INFO  org.testng.internal.Utils - [Utils] MethodGroupsHelper.sortMethods() took 0 ms.
2026-04-26 11:05:19 INFO  org.testng.internal.Utils - [Utils] MethodGroupsHelper.collectMethodsByGroup() took 0 ms.
2026-04-26 11:05:19 INFO  org.testng.internal.Utils - [Utils] MethodGroupsHelper.sortMethods() took 0 ms.
2026-04-26 11:05:19 INFO  org.testng.internal.Utils - [Utils] MethodGroupsHelper.collectMethodsByGroup() took 8 ms.
2026-04-26 11:05:19 INFO  org.testng.internal.Utils - [Utils] MethodGroupsHelper.sortMethods() took 0 ms.
2026-04-26 11:05:19 INFO  org.testng.internal.Utils - [Utils] MethodGroupsHelper.collectMethodsByGroup() took 0 ms.
2026-04-26 11:05:19 INFO  org.testng.internal.Utils - [Utils] MethodGroupsHelper.sortMethods() took 0 ms.
2026-04-26 11:05:19 INFO  org.testng.internal.Utils - [Utils] MethodGroupsHelper.collectMethodsByGroup() took 0 ms.
2026-04-26 11:05:19 INFO  org.testng.internal.Utils - [Utils] MethodGroupsHelper.sortMethods() took 0 ms.
2026-04-26 11:05:19 INFO  org.testng.internal.Utils - [TestNG] Running:
  C:\Users\Rahul\AppData\Local\Temp\testng-eclipse--562894426\testng-customsuite.xml

2026-04-26 11:05:19 INFO  org.testng.internal.Utils - [Utils] DynamicGraphHelper.createDynamicGraph() took 5 ms.
2026-04-26 11:05:34 INFO  com.Tests.ProductDetailsTest - Selected size: 70-80 ML
2026-04-26 11:05:35 INFO  org.testng.internal.Utils - [TestNG] Time taken by org.testng.reporters.jq.Main@783115d9: 43 ms
2026-04-26 11:05:35 INFO  org.testng.internal.Utils - [TestNG] Time taken by org.testng.reporters.FailedReporter@46d567cb: 0 ms
2026-04-26 11:05:35 INFO  org.testng.internal.Utils - [TestNG] Time taken by org.testng.reporters.XMLReporter@41bf79da: 5 ms
2026-04-26 11:05:35 INFO  org.testng.internal.Utils - [TestNG] Time taken by org.testng.reporters.EmailableReporter2@6107165: 5 ms
2026-04-26 11:05:35 INFO  org.testng.internal.Utils - [TestNG] Time taken by org.testng.reporters.JUnitReportReporter@75769ab0: 4 ms
2026-04-26 11:05:35 INFO  org.testng.internal.Utils - [TestNG] Time taken by org.testng.internal.ExitCodeListener@6869a3b3: 0 ms
2026-04-26 11:05:52 DEBUG org.testng.TestNG - suiteXmlPath: "C:\Users\Rahul\AppData\Local\Temp\testng-eclipse--1410634170\testng-customsuite.xml"
2026-04-26 11:05:52 INFO  org.testng.internal.Utils - [Utils] MethodGroupsHelper.collectMethodsByGroup() took 1 ms.
2026-04-26 11:05:52 INFO  org.testng.internal.Utils - [Utils] MethodGroupsHelper.sortMethods() took 0 ms.
2026-04-26 11:05:52 INFO  org.testng.internal.Utils - [Utils] MethodGroupsHelper.collectMethodsByGroup() took 0 ms.
2026-04-26 11:05:52 INFO  org.testng.internal.Utils - [Utils] MethodGroupsHelper.sortMethods() took 0 ms.
2026-04-26 11:05:52 INFO  org.testng.internal.Utils - [Utils] MethodGroupsHelper.collectMethodsByGroup() took 0 ms.
2026-04-26 11:05:52 INFO  org.testng.internal.Utils - [Utils] MethodGroupsHelper.sortMethods() took 0 ms.
2026-04-26 11:05:52 INFO  org.testng.internal.Utils - [Utils] MethodGroupsHelper.collectMethodsByGroup() took 0 ms.
2026-04-26 11:05:52 INFO  org.testng.internal.Utils - [Utils] MethodGroupsHelper.sortMethods() took 0 ms.
2026-04-26 11:05:52 INFO  org.testng.internal.Utils - [Utils] MethodGroupsHelper.collectMethodsByGroup() took 0 ms.
2026-04-26 11:05:52 INFO  org.testng.internal.Utils - [Utils] MethodGroupsHelper.sortMethods() took 0 ms.
2026-04-26 11:05:52 INFO  org.testng.internal.Utils - [Utils] MethodGroupsHelper.collectMethodsByGroup() took 0 ms.
2026-04-26 11:05:52 INFO  org.testng.internal.Utils - [Utils] MethodGroupsHelper.sortMethods() took 0 ms.
2026-04-26 11:05:52 INFO  org.testng.internal.Utils - [Utils] MethodGroupsHelper.collectMethodsByGroup() took 0 ms.
2026-04-26 11:05:52 INFO  org.testng.internal.Utils - [Utils] MethodGroupsHelper.sortMethods() took 0 ms.
2026-04-26 11:05:52 INFO  org.testng.internal.Utils - [Utils] MethodGroupsHelper.collectMethodsByGroup() took 0 ms.
2026-04-26 11:05:52 INFO  org.testng.internal.Utils - [Utils] MethodGroupsHelper.sortMethods() took 0 ms.
2026-04-26 11:05:52 INFO  org.testng.internal.Utils - [Utils] MethodGroupsHelper.collectMethodsByGroup() took 7 ms.
2026-04-26 11:05:52 INFO  org.testng.internal.Utils - [Utils] MethodGroupsHelper.sortMethods() took 12 ms.
2026-04-26 11:05:52 INFO  org.testng.internal.Utils - [Utils] MethodGroupsHelper.collectMethodsByGroup() took 1 ms.
2026-04-26 11:05:52 INFO  org.testng.internal.Utils - [Utils] MethodGroupsHelper.sortMethods() took 0 ms.
2026-04-26 11:05:52 INFO  org.testng.internal.Utils - [Utils] MethodGroupsHelper.collectMethodsByGroup() took 0 ms.
2026-04-26 11:05:52 INFO  org.testng.internal.Utils - [Utils] MethodGroupsHelper.sortMethods() took 0 ms.
2026-04-26 11:05:52 INFO  org.testng.internal.Utils - [Utils] MethodGroupsHelper.collectMethodsByGroup() took 0 ms.
2026-04-26 11:05:52 INFO  org.testng.internal.Utils - [Utils] MethodGroupsHelper.sortMethods() took 0 ms.
2026-04-26 11:05:52 INFO  org.testng.internal.Utils - [Utils] MethodGroupsHelper.collectMethodsByGroup() took 0 ms.
2026-04-26 11:05:52 INFO  org.testng.internal.Utils - [Utils] MethodGroupsHelper.sortMethods() took 8 ms.
2026-04-26 11:05:52 INFO  org.testng.internal.Utils - [Utils] MethodGroupsHelper.collectMethodsByGroup() took 0 ms.
2026-04-26 11:05:52 INFO  org.testng.internal.Utils - [Utils] MethodGroupsHelper.sortMethods() took 0 ms.
2026-04-26 11:05:52 INFO  org.testng.internal.Utils - [Utils] MethodGroupsHelper.collectMethodsByGroup() took 0 ms.
2026-04-26 11:05:52 INFO  org.testng.internal.Utils - [Utils] MethodGroupsHelper.sortMethods() took 0 ms.
2026-04-26 11:05:52 INFO  org.testng.internal.Utils - [TestNG] Running:
  C:\Users\Rahul\AppData\Local\Temp\testng-eclipse--1410634170\testng-customsuite.xml

2026-04-26 11:05:52 INFO  org.testng.internal.Utils - [Utils] DynamicGraphHelper.createDynamicGraph() took 6 ms.
2026-04-26 11:06:05 INFO  com.Tests.ProductDetailsTest - Product Price: ₹214
2026-04-26 11:06:17 INFO  com.Tests.ProductDetailsTest - Product Title: Cetaphil
2026-04-26 11:09:47 INFO  com.Tests.ProductDetailsTest - Selected size: 70-80 ML
2026-04-26 11:10:01 INFO  com.Tests.ProductDetailsTest - Valid Pincode Msg: Get it by Tue, Apr 28
2026-04-26 11:11:13 DEBUG org.apache.poi.openxml4j.opc.PackageRelationshipCollection - Parsing relationship: /xl/_rels/workbook.xml.rels
2026-04-26 11:11:13 DEBUG org.apache.poi.openxml4j.opc.PackageRelationshipCollection - Parsing relationship: /_rels/.rels
2026-04-26 11:12:56 INFO  org.testng.internal.Utils - [TestNG] Time taken by org.testng.reporters.jq.Main@50508ed3: 46 ms
2026-04-26 11:12:56 INFO  org.testng.internal.Utils - [TestNG] Time taken by org.testng.reporters.FailedReporter@48d84d75: 18 ms
2026-04-26 11:12:56 INFO  org.testng.internal.Utils - [TestNG] Time taken by org.testng.reporters.XMLReporter@1cc5d8a9: 18 ms
2026-04-26 11:12:56 INFO  org.testng.internal.Utils - [TestNG] Time taken by org.testng.reporters.EmailableReporter2@c53dfb2: 9 ms
2026-04-26 11:12:56 INFO  org.testng.internal.Utils - [TestNG] Time taken by org.testng.reporters.JUnitReportReporter@9677f54: 9 ms
2026-04-26 11:12:56 INFO  org.testng.internal.Utils - [TestNG] Time taken by org.testng.internal.ExitCodeListener@44046b0d: 0 ms
2026-04-26 11:20:27 DEBUG org.testng.TestNG - suiteXmlPath: "C:\Users\Rahul\AppData\Local\Temp\testng-eclipse--769957732\testng-customsuite.xml"
2026-04-26 11:20:27 INFO  org.testng.internal.Utils - [Utils] MethodGroupsHelper.collectMethodsByGroup() took 1 ms.
2026-04-26 11:20:27 INFO  org.testng.internal.Utils - [Utils] MethodGroupsHelper.sortMethods() took 1 ms.
2026-04-26 11:20:27 INFO  org.testng.internal.Utils - [Utils] MethodGroupsHelper.collectMethodsByGroup() took 0 ms.
2026-04-26 11:20:27 INFO  org.testng.internal.Utils - [Utils] MethodGroupsHelper.sortMethods() took 0 ms.
2026-04-26 11:20:27 INFO  org.testng.internal.Utils - [Utils] MethodGroupsHelper.collectMethodsByGroup() took 0 ms.
2026-04-26 11:20:27 INFO  org.testng.internal.Utils - [Utils] MethodGroupsHelper.sortMethods() took 0 ms.
2026-04-26 11:20:27 INFO  org.testng.internal.Utils - [Utils] MethodGroupsHelper.collectMethodsByGroup() took 0 ms.
2026-04-26 11:20:27 INFO  org.testng.internal.Utils - [Utils] MethodGroupsHelper.sortMethods() took 0 ms.
2026-04-26 11:20:27 INFO  org.testng.internal.Utils - [Utils] MethodGroupsHelper.collectMethodsByGroup() took 0 ms.
2026-04-26 11:20:27 INFO  org.testng.internal.Utils - [Utils] MethodGroupsHelper.sortMethods() took 0 ms.
2026-04-26 11:20:27 INFO  org.testng.internal.Utils - [Utils] MethodGroupsHelper.collectMethodsByGroup() took 0 ms.
2026-04-26 11:20:27 INFO  org.testng.internal.Utils - [Utils] MethodGroupsHelper.sortMethods() took 0 ms.
2026-04-26 11:20:27 INFO  org.testng.internal.Utils - [Utils] MethodGroupsHelper.collectMethodsByGroup() took 0 ms.
2026-04-26 11:20:27 INFO  org.testng.internal.Utils - [Utils] MethodGroupsHelper.sortMethods() took 0 ms.
2026-04-26 11:20:27 INFO  org.testng.internal.Utils - [Utils] MethodGroupsHelper.collectMethodsByGroup() took 0 ms.
2026-04-26 11:20:27 INFO  org.testng.internal.Utils - [Utils] MethodGroupsHelper.sortMethods() took 0 ms.
2026-04-26 11:20:27 INFO  org.testng.internal.Utils - [Utils] MethodGroupsHelper.collectMethodsByGroup() took 6 ms.
2026-04-26 11:20:27 INFO  org.testng.internal.Utils - [Utils] MethodGroupsHelper.sortMethods() took 15 ms.
2026-04-26 11:20:27 INFO  org.testng.internal.Utils - [Utils] MethodGroupsHelper.collectMethodsByGroup() took 0 ms.
2026-04-26 11:20:27 INFO  org.testng.internal.Utils - [Utils] MethodGroupsHelper.sortMethods() took 0 ms.
2026-04-26 11:20:27 INFO  org.testng.internal.Utils - [Utils] MethodGroupsHelper.collectMethodsByGroup() took 0 ms.
2026-04-26 11:20:27 INFO  org.testng.internal.Utils - [Utils] MethodGroupsHelper.sortMethods() took 0 ms.
2026-04-26 11:20:27 INFO  org.testng.internal.Utils - [Utils] MethodGroupsHelper.collectMethodsByGroup() took 0 ms.
2026-04-26 11:20:27 INFO  org.testng.internal.Utils - [Utils] MethodGroupsHelper.sortMethods() took 0 ms.
2026-04-26 11:20:27 INFO  org.testng.internal.Utils - [Utils] MethodGroupsHelper.collectMethodsByGroup() took 7 ms.
2026-04-26 11:20:27 INFO  org.testng.internal.Utils - [Utils] MethodGroupsHelper.sortMethods() took 1 ms.
2026-04-26 11:20:27 INFO  org.testng.internal.Utils - [Utils] MethodGroupsHelper.collectMethodsByGroup() took 0 ms.
2026-04-26 11:20:27 INFO  org.testng.internal.Utils - [Utils] MethodGroupsHelper.sortMethods() took 0 ms.
2026-04-26 11:20:27 INFO  org.testng.internal.Utils - [Utils] MethodGroupsHelper.collectMethodsByGroup() took 0 ms.
2026-04-26 11:20:27 INFO  org.testng.internal.Utils - [Utils] MethodGroupsHelper.sortMethods() took 0 ms.
2026-04-26 11:20:27 INFO  org.testng.internal.Utils - [TestNG] Running:
  C:\Users\Rahul\AppData\Local\Temp\testng-eclipse--769957732\testng-customsuite.xml

2026-04-26 11:20:27 INFO  org.testng.internal.Utils - [Utils] DynamicGraphHelper.createDynamicGraph() took 5 ms.
2026-04-26 11:20:42 INFO  org.testng.internal.Utils - [TestNG] Time taken by org.testng.reporters.jq.Main@64fc097e: 49 ms
2026-04-26 11:20:42 INFO  org.testng.internal.Utils - [TestNG] Time taken by org.testng.reporters.FailedReporter@3e5d4f6b: 12 ms
2026-04-26 11:20:42 INFO  org.testng.internal.Utils - [TestNG] Time taken by org.testng.reporters.XMLReporter@3cff0139: 9 ms
2026-04-26 11:20:42 INFO  org.testng.internal.Utils - [TestNG] Time taken by org.testng.reporters.EmailableReporter2@7fc7c4a: 9 ms
2026-04-26 11:20:42 INFO  org.testng.internal.Utils - [TestNG] Time taken by org.testng.reporters.JUnitReportReporter@7afbf561: 8 ms
2026-04-26 11:20:42 INFO  org.testng.internal.Utils - [TestNG] Time taken by org.testng.internal.ExitCodeListener@2f98635e: 0 ms
2026-04-26 11:20:58 DEBUG org.testng.TestNG - suiteXmlPath: "C:\Users\Rahul\AppData\Local\Temp\testng-eclipse-1910850010\testng-customsuite.xml"
2026-04-26 11:20:58 INFO  org.testng.internal.Utils - [Utils] MethodGroupsHelper.collectMethodsByGroup() took 1 ms.
2026-04-26 11:20:58 INFO  org.testng.internal.Utils - [Utils] MethodGroupsHelper.sortMethods() took 3 ms.
2026-04-26 11:20:58 INFO  org.testng.internal.Utils - [Utils] MethodGroupsHelper.collectMethodsByGroup() took 0 ms.
2026-04-26 11:20:58 INFO  org.testng.internal.Utils - [Utils] MethodGroupsHelper.sortMethods() took 0 ms.
2026-04-26 11:20:58 INFO  org.testng.internal.Utils - [Utils] MethodGroupsHelper.collectMethodsByGroup() took 0 ms.
2026-04-26 11:20:58 INFO  org.testng.internal.Utils - [Utils] MethodGroupsHelper.sortMethods() took 0 ms.
2026-04-26 11:20:58 INFO  org.testng.internal.Utils - [Utils] MethodGroupsHelper.collectMethodsByGroup() took 0 ms.
2026-04-26 11:20:58 INFO  org.testng.internal.Utils - [Utils] MethodGroupsHelper.sortMethods() took 0 ms.
2026-04-26 11:20:58 INFO  org.testng.internal.Utils - [Utils] MethodGroupsHelper.collectMethodsByGroup() took 0 ms.
2026-04-26 11:20:58 INFO  org.testng.internal.Utils - [Utils] MethodGroupsHelper.sortMethods() took 0 ms.
2026-04-26 11:20:58 INFO  org.testng.internal.Utils - [Utils] MethodGroupsHelper.collectMethodsByGroup() took 0 ms.
2026-04-26 11:20:58 INFO  org.testng.internal.Utils - [Utils] MethodGroupsHelper.sortMethods() took 0 ms.
2026-04-26 11:20:58 INFO  org.testng.internal.Utils - [Utils] MethodGroupsHelper.collectMethodsByGroup() took 0 ms.
2026-04-26 11:20:58 INFO  org.testng.internal.Utils - [Utils] MethodGroupsHelper.sortMethods() took 0 ms.
2026-04-26 11:20:58 INFO  org.testng.internal.Utils - [Utils] MethodGroupsHelper.collectMethodsByGroup() took 0 ms.
2026-04-26 11:20:58 INFO  org.testng.internal.Utils - [Utils] MethodGroupsHelper.sortMethods() took 0 ms.
2026-04-26 11:20:58 INFO  org.testng.internal.Utils - [Utils] MethodGroupsHelper.collectMethodsByGroup() took 4 ms.
2026-04-26 11:20:58 INFO  org.testng.internal.Utils - [Utils] MethodGroupsHelper.sortMethods() took 11 ms.
2026-04-26 11:20:58 INFO  org.testng.internal.Utils - [Utils] MethodGroupsHelper.collectMethodsByGroup() took 0 ms.
2026-04-26 11:20:58 INFO  org.testng.internal.Utils - [Utils] MethodGroupsHelper.sortMethods() took 0 ms.
2026-04-26 11:20:58 INFO  org.testng.internal.Utils - [Utils] MethodGroupsHelper.collectMethodsByGroup() took 0 ms.
2026-04-26 11:20:58 INFO  org.testng.internal.Utils - [Utils] MethodGroupsHelper.sortMethods() took 0 ms.
2026-04-26 11:20:58 INFO  org.testng.internal.Utils - [Utils] MethodGroupsHelper.collectMethodsByGroup() took 0 ms.
2026-04-26 11:20:58 INFO  org.testng.internal.Utils - [Utils] MethodGroupsHelper.sortMethods() took 0 ms.
2026-04-26 11:20:58 INFO  org.testng.internal.Utils - [Utils] MethodGroupsHelper.collectMethodsByGroup() took 7 ms.
2026-04-26 11:20:58 INFO  org.testng.internal.Utils - [Utils] MethodGroupsHelper.sortMethods() took 0 ms.
2026-04-26 11:20:58 INFO  org.testng.internal.Utils - [Utils] MethodGroupsHelper.collectMethodsByGroup() took 0 ms.
2026-04-26 11:20:58 INFO  org.testng.internal.Utils - [Utils] MethodGroupsHelper.sortMethods() took 0 ms.
2026-04-26 11:20:58 INFO  org.testng.internal.Utils - [Utils] MethodGroupsHelper.collectMethodsByGroup() took 0 ms.
2026-04-26 11:20:58 INFO  org.testng.internal.Utils - [Utils] MethodGroupsHelper.sortMethods() took 0 ms.
2026-04-26 11:20:58 INFO  org.testng.internal.Utils - [TestNG] Running:
  C:\Users\Rahul\AppData\Local\Temp\testng-eclipse-1910850010\testng-customsuite.xml

2026-04-26 11:20:58 INFO  org.testng.internal.Utils - [Utils] DynamicGraphHelper.createDynamicGraph() took 4 ms.
2026-04-26 11:21:13 INFO  org.testng.internal.Utils - [TestNG] Time taken by org.testng.reporters.jq.Main@1640c151: 50 ms
2026-04-26 11:21:13 INFO  org.testng.internal.Utils - [TestNG] Time taken by org.testng.reporters.FailedReporter@39c1fe0b: 10 ms
2026-04-26 11:21:13 INFO  org.testng.internal.Utils - [TestNG] Time taken by org.testng.reporters.XMLReporter@7c29adc8: 8 ms
2026-04-26 11:21:13 INFO  org.testng.internal.Utils - [TestNG] Time taken by org.testng.reporters.EmailableReporter2@7aa9e414: 8 ms
2026-04-26 11:21:13 INFO  org.testng.internal.Utils - [TestNG] Time taken by org.testng.reporters.JUnitReportReporter@2f98635e: 8 ms
2026-04-26 11:21:13 INFO  org.testng.internal.Utils - [TestNG] Time taken by org.testng.internal.ExitCodeListener@49c8f6e8: 0 ms
2026-04-26 11:21:42 DEBUG org.testng.TestNG - suiteXmlPath: "C:\Users\Rahul\AppData\Local\Temp\testng-eclipse--287174484\testng-customsuite.xml"
2026-04-26 11:21:42 INFO  org.testng.internal.Utils - [Utils] MethodGroupsHelper.collectMethodsByGroup() took 1 ms.
2026-04-26 11:21:42 INFO  org.testng.internal.Utils - [Utils] MethodGroupsHelper.sortMethods() took 1 ms.
2026-04-26 11:21:42 INFO  org.testng.internal.Utils - [Utils] MethodGroupsHelper.collectMethodsByGroup() took 0 ms.
2026-04-26 11:21:42 INFO  org.testng.internal.Utils - [Utils] MethodGroupsHelper.sortMethods() took 0 ms.
2026-04-26 11:21:42 INFO  org.testng.internal.Utils - [Utils] MethodGroupsHelper.collectMethodsByGroup() took 0 ms.
2026-04-26 11:21:42 INFO  org.testng.internal.Utils - [Utils] MethodGroupsHelper.sortMethods() took 0 ms.
2026-04-26 11:21:42 INFO  org.testng.internal.Utils - [Utils] MethodGroupsHelper.collectMethodsByGroup() took 0 ms.
2026-04-26 11:21:42 INFO  org.testng.internal.Utils - [Utils] MethodGroupsHelper.sortMethods() took 0 ms.
2026-04-26 11:21:42 INFO  org.testng.internal.Utils - [Utils] MethodGroupsHelper.collectMethodsByGroup() took 0 ms.
2026-04-26 11:21:42 INFO  org.testng.internal.Utils - [Utils] MethodGroupsHelper.sortMethods() took 0 ms.
2026-04-26 11:21:42 INFO  org.testng.internal.Utils - [Utils] MethodGroupsHelper.collectMethodsByGroup() took 0 ms.
2026-04-26 11:21:42 INFO  org.testng.internal.Utils - [Utils] MethodGroupsHelper.sortMethods() took 0 ms.
2026-04-26 11:21:42 INFO  org.testng.internal.Utils - [Utils] MethodGroupsHelper.collectMethodsByGroup() took 0 ms.
2026-04-26 11:21:42 INFO  org.testng.internal.Utils - [Utils] MethodGroupsHelper.sortMethods() took 0 ms.
2026-04-26 11:21:42 INFO  org.testng.internal.Utils - [Utils] MethodGroupsHelper.collectMethodsByGroup() took 0 ms.
2026-04-26 11:21:42 INFO  org.testng.internal.Utils - [Utils] MethodGroupsHelper.sortMethods() took 0 ms.
2026-04-26 11:21:42 INFO  org.testng.internal.Utils - [Utils] MethodGroupsHelper.collectMethodsByGroup() took 6 ms.
2026-04-26 11:21:42 INFO  org.testng.internal.Utils - [Utils] MethodGroupsHelper.sortMethods() took 9 ms.
2026-04-26 11:21:42 INFO  org.testng.internal.Utils - [Utils] MethodGroupsHelper.collectMethodsByGroup() took 0 ms.
2026-04-26 11:21:42 INFO  org.testng.internal.Utils - [Utils] MethodGroupsHelper.sortMethods() took 0 ms.
2026-04-26 11:21:42 INFO  org.testng.internal.Utils - [Utils] MethodGroupsHelper.collectMethodsByGroup() took 0 ms.
2026-04-26 11:21:42 INFO  org.testng.internal.Utils - [Utils] MethodGroupsHelper.sortMethods() took 0 ms.
2026-04-26 11:21:42 INFO  org.testng.internal.Utils - [Utils] MethodGroupsHelper.collectMethodsByGroup() took 0 ms.
2026-04-26 11:21:42 INFO  org.testng.internal.Utils - [Utils] MethodGroupsHelper.sortMethods() took 0 ms.
2026-04-26 11:21:42 INFO  org.testng.internal.Utils - [Utils] MethodGroupsHelper.collectMethodsByGroup() took 6 ms.
2026-04-26 11:21:42 INFO  org.testng.internal.Utils - [Utils] MethodGroupsHelper.sortMethods() took 0 ms.
2026-04-26 11:21:42 INFO  org.testng.internal.Utils - [Utils] MethodGroupsHelper.collectMethodsByGroup() took 0 ms.
2026-04-26 11:21:42 INFO  org.testng.internal.Utils - [Utils] MethodGroupsHelper.sortMethods() took 0 ms.
2026-04-26 11:21:42 INFO  org.testng.internal.Utils - [Utils] MethodGroupsHelper.collectMethodsByGroup() took 0 ms.
2026-04-26 11:21:42 INFO  org.testng.internal.Utils - [Utils] MethodGroupsHelper.sortMethods() took 0 ms.
2026-04-26 11:21:42 INFO  org.testng.internal.Utils - [TestNG] Running:
  C:\Users\Rahul\AppData\Local\Temp\testng-eclipse--287174484\testng-customsuite.xml

2026-04-26 11:21:42 INFO  org.testng.internal.Utils - [Utils] DynamicGraphHelper.createDynamicGraph() took 3 ms.
2026-04-26 11:21:57 INFO  org.testng.internal.Utils - [TestNG] Time taken by org.testng.reporters.jq.Main@cb03411: 51 ms
2026-04-26 11:21:57 INFO  org.testng.internal.Utils - [TestNG] Time taken by org.testng.reporters.FailedReporter@3cff0139: 10 ms
2026-04-26 11:21:57 INFO  org.testng.internal.Utils - [TestNG] Time taken by org.testng.reporters.XMLReporter@7fc7c4a: 7 ms
2026-04-26 11:21:57 INFO  org.testng.internal.Utils - [TestNG] Time taken by org.testng.reporters.EmailableReporter2@240f6c41: 10 ms
2026-04-26 11:21:57 INFO  org.testng.internal.Utils - [TestNG] Time taken by org.testng.reporters.JUnitReportReporter@5e746d37: 7 ms
2026-04-26 11:21:57 INFO  org.testng.internal.Utils - [TestNG] Time taken by org.testng.internal.ExitCodeListener@6e1b9411: 0 ms
2026-04-26 11:22:51 DEBUG org.testng.TestNG - suiteXmlPath: "C:\Users\Rahul\AppData\Local\Temp\testng-eclipse-1974469852\testng-customsuite.xml"
2026-04-26 11:22:51 INFO  org.testng.internal.Utils - [Utils] MethodGroupsHelper.collectMethodsByGroup() took 0 ms.
2026-04-26 11:22:51 INFO  org.testng.internal.Utils - [Utils] MethodGroupsHelper.sortMethods() took 1 ms.
2026-04-26 11:22:51 INFO  org.testng.internal.Utils - [Utils] MethodGroupsHelper.collectMethodsByGroup() took 0 ms.
2026-04-26 11:22:51 INFO  org.testng.internal.Utils - [Utils] MethodGroupsHelper.sortMethods() took 0 ms.
2026-04-26 11:22:51 INFO  org.testng.internal.Utils - [Utils] MethodGroupsHelper.collectMethodsByGroup() took 0 ms.
2026-04-26 11:22:51 INFO  org.testng.internal.Utils - [Utils] MethodGroupsHelper.sortMethods() took 0 ms.
2026-04-26 11:22:51 INFO  org.testng.internal.Utils - [Utils] MethodGroupsHelper.collectMethodsByGroup() took 0 ms.
2026-04-26 11:22:51 INFO  org.testng.internal.Utils - [Utils] MethodGroupsHelper.sortMethods() took 0 ms.
2026-04-26 11:22:51 INFO  org.testng.internal.Utils - [Utils] MethodGroupsHelper.collectMethodsByGroup() took 0 ms.
2026-04-26 11:22:51 INFO  org.testng.internal.Utils - [Utils] MethodGroupsHelper.sortMethods() took 0 ms.
2026-04-26 11:22:51 INFO  org.testng.internal.Utils - [Utils] MethodGroupsHelper.collectMethodsByGroup() took 0 ms.
2026-04-26 11:22:51 INFO  org.testng.internal.Utils - [Utils] MethodGroupsHelper.sortMethods() took 0 ms.
2026-04-26 11:22:51 INFO  org.testng.internal.Utils - [Utils] MethodGroupsHelper.collectMethodsByGroup() took 0 ms.
2026-04-26 11:22:51 INFO  org.testng.internal.Utils - [Utils] MethodGroupsHelper.sortMethods() took 0 ms.
2026-04-26 11:22:51 INFO  org.testng.internal.Utils - [Utils] MethodGroupsHelper.collectMethodsByGroup() took 0 ms.
2026-04-26 11:22:51 INFO  org.testng.internal.Utils - [Utils] MethodGroupsHelper.sortMethods() took 0 ms.
2026-04-26 11:22:51 INFO  org.testng.internal.Utils - [Utils] MethodGroupsHelper.collectMethodsByGroup() took 10 ms.
2026-04-26 11:22:51 INFO  org.testng.internal.Utils - [Utils] MethodGroupsHelper.sortMethods() took 18 ms.
2026-04-26 11:22:51 INFO  org.testng.internal.Utils - [Utils] MethodGroupsHelper.collectMethodsByGroup() took 0 ms.
2026-04-26 11:22:51 INFO  org.testng.internal.Utils - [Utils] MethodGroupsHelper.sortMethods() took 0 ms.
2026-04-26 11:22:51 INFO  org.testng.internal.Utils - [Utils] MethodGroupsHelper.collectMethodsByGroup() took 0 ms.
2026-04-26 11:22:51 INFO  org.testng.internal.Utils - [Utils] MethodGroupsHelper.sortMethods() took 0 ms.
2026-04-26 11:22:51 INFO  org.testng.internal.Utils - [Utils] MethodGroupsHelper.collectMethodsByGroup() took 0 ms.
2026-04-26 11:22:51 INFO  org.testng.internal.Utils - [Utils] MethodGroupsHelper.sortMethods() took 0 ms.
2026-04-26 11:22:51 INFO  org.testng.internal.Utils - [Utils] MethodGroupsHelper.collectMethodsByGroup() took 14 ms.
2026-04-26 11:22:51 INFO  org.testng.internal.Utils - [Utils] MethodGroupsHelper.sortMethods() took 0 ms.
2026-04-26 11:22:51 INFO  org.testng.internal.Utils - [Utils] MethodGroupsHelper.collectMethodsByGroup() took 0 ms.
2026-04-26 11:22:51 INFO  org.testng.internal.Utils - [Utils] MethodGroupsHelper.sortMethods() took 0 ms.
2026-04-26 11:22:51 INFO  org.testng.internal.Utils - [Utils] MethodGroupsHelper.collectMethodsByGroup() took 0 ms.
2026-04-26 11:22:51 INFO  org.testng.internal.Utils - [Utils] MethodGroupsHelper.sortMethods() took 0 ms.
2026-04-26 11:22:51 INFO  org.testng.internal.Utils - [TestNG] Running:
  C:\Users\Rahul\AppData\Local\Temp\testng-eclipse-1974469852\testng-customsuite.xml

2026-04-26 11:22:51 INFO  org.testng.internal.Utils - [Utils] DynamicGraphHelper.createDynamicGraph() took 8 ms.
2026-04-26 11:23:09 INFO  org.testng.internal.Utils - [TestNG] Time taken by org.testng.reporters.jq.Main@cb03411: 42 ms
2026-04-26 11:23:09 INFO  org.testng.internal.Utils - [TestNG] Time taken by org.testng.reporters.FailedReporter@3cff0139: 10 ms
2026-04-26 11:23:09 INFO  org.testng.internal.Utils - [TestNG] Time taken by org.testng.reporters.XMLReporter@7fc7c4a: 8 ms
2026-04-26 11:23:09 INFO  org.testng.internal.Utils - [TestNG] Time taken by org.testng.reporters.EmailableReporter2@240f6c41: 8 ms
2026-04-26 11:23:09 INFO  org.testng.internal.Utils - [TestNG] Time taken by org.testng.reporters.JUnitReportReporter@5e746d37: 7 ms
2026-04-26 11:23:09 INFO  org.testng.internal.Utils - [TestNG] Time taken by org.testng.internal.ExitCodeListener@6e1b9411: 0 ms
2026-04-26 11:23:52 DEBUG org.testng.TestNG - suiteXmlPath: "C:\Users\Rahul\AppData\Local\Temp\testng-eclipse--1204649013\testng-customsuite.xml"
2026-04-26 11:23:52 INFO  org.testng.internal.Utils - [Utils] MethodGroupsHelper.collectMethodsByGroup() took 1 ms.
2026-04-26 11:23:52 INFO  org.testng.internal.Utils - [Utils] MethodGroupsHelper.sortMethods() took 1 ms.
2026-04-26 11:23:52 INFO  org.testng.internal.Utils - [Utils] MethodGroupsHelper.collectMethodsByGroup() took 0 ms.
2026-04-26 11:23:52 INFO  org.testng.internal.Utils - [Utils] MethodGroupsHelper.sortMethods() took 0 ms.
2026-04-26 11:23:52 INFO  org.testng.internal.Utils - [Utils] MethodGroupsHelper.collectMethodsByGroup() took 0 ms.
2026-04-26 11:23:52 INFO  org.testng.internal.Utils - [Utils] MethodGroupsHelper.sortMethods() took 0 ms.
2026-04-26 11:23:52 INFO  org.testng.internal.Utils - [Utils] MethodGroupsHelper.collectMethodsByGroup() took 0 ms.
2026-04-26 11:23:52 INFO  org.testng.internal.Utils - [Utils] MethodGroupsHelper.sortMethods() took 0 ms.
2026-04-26 11:23:52 INFO  org.testng.internal.Utils - [Utils] MethodGroupsHelper.collectMethodsByGroup() took 0 ms.
2026-04-26 11:23:52 INFO  org.testng.internal.Utils - [Utils] MethodGroupsHelper.sortMethods() took 0 ms.
2026-04-26 11:23:52 INFO  org.testng.internal.Utils - [Utils] MethodGroupsHelper.collectMethodsByGroup() took 0 ms.
2026-04-26 11:23:52 INFO  org.testng.internal.Utils - [Utils] MethodGroupsHelper.sortMethods() took 0 ms.
2026-04-26 11:23:52 INFO  org.testng.internal.Utils - [Utils] MethodGroupsHelper.collectMethodsByGroup() took 0 ms.
2026-04-26 11:23:52 INFO  org.testng.internal.Utils - [Utils] MethodGroupsHelper.sortMethods() took 0 ms.
2026-04-26 11:23:52 INFO  org.testng.internal.Utils - [Utils] MethodGroupsHelper.collectMethodsByGroup() took 0 ms.
2026-04-26 11:23:52 INFO  org.testng.internal.Utils - [Utils] MethodGroupsHelper.sortMethods() took 0 ms.
2026-04-26 11:23:52 INFO  org.testng.internal.Utils - [Utils] MethodGroupsHelper.collectMethodsByGroup() took 6 ms.
2026-04-26 11:23:52 INFO  org.testng.internal.Utils - [Utils] MethodGroupsHelper.sortMethods() took 14 ms.
2026-04-26 11:23:52 INFO  org.testng.internal.Utils - [Utils] MethodGroupsHelper.collectMethodsByGroup() took 0 ms.
2026-04-26 11:23:52 INFO  org.testng.internal.Utils - [Utils] MethodGroupsHelper.sortMethods() took 0 ms.
2026-04-26 11:23:52 INFO  org.testng.internal.Utils - [Utils] MethodGroupsHelper.collectMethodsByGroup() took 0 ms.
2026-04-26 11:23:52 INFO  org.testng.internal.Utils - [Utils] MethodGroupsHelper.sortMethods() took 0 ms.
2026-04-26 11:23:52 INFO  org.testng.internal.Utils - [Utils] MethodGroupsHelper.collectMethodsByGroup() took 0 ms.
2026-04-26 11:23:52 INFO  org.testng.internal.Utils - [Utils] MethodGroupsHelper.sortMethods() took 0 ms.
2026-04-26 11:23:52 INFO  org.testng.internal.Utils - [Utils] MethodGroupsHelper.collectMethodsByGroup() took 7 ms.
2026-04-26 11:23:52 INFO  org.testng.internal.Utils - [Utils] MethodGroupsHelper.sortMethods() took 0 ms.
2026-04-26 11:23:52 INFO  org.testng.internal.Utils - [Utils] MethodGroupsHelper.collectMethodsByGroup() took 0 ms.
2026-04-26 11:23:52 INFO  org.testng.internal.Utils - [Utils] MethodGroupsHelper.sortMethods() took 0 ms.
2026-04-26 11:23:52 INFO  org.testng.internal.Utils - [Utils] MethodGroupsHelper.collectMethodsByGroup() took 0 ms.
2026-04-26 11:23:52 INFO  org.testng.internal.Utils - [Utils] MethodGroupsHelper.sortMethods() took 0 ms.
2026-04-26 11:23:52 INFO  org.testng.internal.Utils - [TestNG] Running:
  C:\Users\Rahul\AppData\Local\Temp\testng-eclipse--1204649013\testng-customsuite.xml

2026-04-26 11:23:52 INFO  org.testng.internal.Utils - [Utils] DynamicGraphHelper.createDynamicGraph() took 4 ms.
2026-04-26 11:24:08 INFO  org.testng.internal.Utils - [TestNG] Time taken by org.testng.reporters.jq.Main@3a5c2626: 105 ms
2026-04-26 11:24:08 INFO  org.testng.internal.Utils - [TestNG] Time taken by org.testng.reporters.FailedReporter@63bde6c2: 19 ms
2026-04-26 11:24:08 INFO  org.testng.internal.Utils - [TestNG] Time taken by org.testng.reporters.XMLReporter@39c1fe0b: 11 ms
2026-04-26 11:24:08 INFO  org.testng.internal.Utils - [TestNG] Time taken by org.testng.reporters.EmailableReporter2@7c29adc8: 9 ms
2026-04-26 11:24:08 INFO  org.testng.internal.Utils - [TestNG] Time taken by org.testng.reporters.JUnitReportReporter@11d4dbd6: 10 ms
2026-04-26 11:24:08 INFO  org.testng.internal.Utils - [TestNG] Time taken by org.testng.internal.ExitCodeListener@6f4ade6e: 0 ms
2026-04-26 11:26:28 DEBUG org.testng.TestNG - suiteXmlPath: "C:\Users\Rahul\AppData\Local\Temp\testng-eclipse-316277069\testng-customsuite.xml"
2026-04-26 11:26:28 INFO  org.testng.internal.Utils - [Utils] MethodGroupsHelper.collectMethodsByGroup() took 1 ms.
2026-04-26 11:26:28 INFO  org.testng.internal.Utils - [Utils] MethodGroupsHelper.sortMethods() took 1 ms.
2026-04-26 11:26:28 INFO  org.testng.internal.Utils - [Utils] MethodGroupsHelper.collectMethodsByGroup() took 0 ms.
2026-04-26 11:26:28 INFO  org.testng.internal.Utils - [Utils] MethodGroupsHelper.sortMethods() took 0 ms.
2026-04-26 11:26:28 INFO  org.testng.internal.Utils - [Utils] MethodGroupsHelper.collectMethodsByGroup() took 0 ms.
2026-04-26 11:26:28 INFO  org.testng.internal.Utils - [Utils] MethodGroupsHelper.sortMethods() took 0 ms.
2026-04-26 11:26:28 INFO  org.testng.internal.Utils - [Utils] MethodGroupsHelper.collectMethodsByGroup() took 0 ms.
2026-04-26 11:26:28 INFO  org.testng.internal.Utils - [Utils] MethodGroupsHelper.sortMethods() took 0 ms.
2026-04-26 11:26:28 INFO  org.testng.internal.Utils - [Utils] MethodGroupsHelper.collectMethodsByGroup() took 0 ms.
2026-04-26 11:26:28 INFO  org.testng.internal.Utils - [Utils] MethodGroupsHelper.sortMethods() took 0 ms.
2026-04-26 11:26:28 INFO  org.testng.internal.Utils - [Utils] MethodGroupsHelper.collectMethodsByGroup() took 0 ms.
2026-04-26 11:26:28 INFO  org.testng.internal.Utils - [Utils] MethodGroupsHelper.sortMethods() took 0 ms.
2026-04-26 11:26:28 INFO  org.testng.internal.Utils - [Utils] MethodGroupsHelper.collectMethodsByGroup() took 0 ms.
2026-04-26 11:26:28 INFO  org.testng.internal.Utils - [Utils] MethodGroupsHelper.sortMethods() took 0 ms.
2026-04-26 11:26:28 INFO  org.testng.internal.Utils - [Utils] MethodGroupsHelper.collectMethodsByGroup() took 0 ms.
2026-04-26 11:26:28 INFO  org.testng.internal.Utils - [Utils] MethodGroupsHelper.sortMethods() took 0 ms.
2026-04-26 11:26:28 INFO  org.testng.internal.Utils - [Utils] MethodGroupsHelper.collectMethodsByGroup() took 6 ms.
2026-04-26 11:26:28 INFO  org.testng.internal.Utils - [Utils] MethodGroupsHelper.sortMethods() took 13 ms.
2026-04-26 11:26:28 INFO  org.testng.internal.Utils - [Utils] MethodGroupsHelper.collectMethodsByGroup() took 0 ms.
2026-04-26 11:26:28 INFO  org.testng.internal.Utils - [Utils] MethodGroupsHelper.sortMethods() took 0 ms.
2026-04-26 11:26:28 INFO  org.testng.internal.Utils - [Utils] MethodGroupsHelper.collectMethodsByGroup() took 0 ms.
2026-04-26 11:26:28 INFO  org.testng.internal.Utils - [Utils] MethodGroupsHelper.sortMethods() took 0 ms.
2026-04-26 11:26:28 INFO  org.testng.internal.Utils - [Utils] MethodGroupsHelper.collectMethodsByGroup() took 0 ms.
2026-04-26 11:26:28 INFO  org.testng.internal.Utils - [Utils] MethodGroupsHelper.sortMethods() took 0 ms.
2026-04-26 11:26:28 INFO  org.testng.internal.Utils - [Utils] MethodGroupsHelper.collectMethodsByGroup() took 8 ms.
2026-04-26 11:26:28 INFO  org.testng.internal.Utils - [Utils] MethodGroupsHelper.sortMethods() took 0 ms.
2026-04-26 11:26:28 INFO  org.testng.internal.Utils - [Utils] MethodGroupsHelper.collectMethodsByGroup() took 0 ms.
2026-04-26 11:26:28 INFO  org.testng.internal.Utils - [Utils] MethodGroupsHelper.sortMethods() took 0 ms.
2026-04-26 11:26:28 INFO  org.testng.internal.Utils - [Utils] MethodGroupsHelper.collectMethodsByGroup() took 0 ms.
2026-04-26 11:26:28 INFO  org.testng.internal.Utils - [Utils] MethodGroupsHelper.sortMethods() took 0 ms.
2026-04-26 11:26:28 INFO  org.testng.internal.Utils - [TestNG] Running:
  C:\Users\Rahul\AppData\Local\Temp\testng-eclipse-316277069\testng-customsuite.xml

2026-04-26 11:26:28 INFO  org.testng.internal.Utils - [Utils] DynamicGraphHelper.createDynamicGraph() took 5 ms.
2026-04-26 11:27:38 INFO  org.testng.internal.Utils - [TestNG] Time taken by org.testng.reporters.jq.Main@6ae7deac: 49 ms
2026-04-26 11:27:38 INFO  org.testng.internal.Utils - [TestNG] Time taken by org.testng.reporters.FailedReporter@4f63e3c7: 12 ms
2026-04-26 11:27:38 INFO  org.testng.internal.Utils - [TestNG] Time taken by org.testng.reporters.XMLReporter@58d63b16: 10 ms
2026-04-26 11:27:38 INFO  org.testng.internal.Utils - [TestNG] Time taken by org.testng.reporters.EmailableReporter2@2c708440: 7 ms
2026-04-26 11:27:38 INFO  org.testng.internal.Utils - [TestNG] Time taken by org.testng.reporters.JUnitReportReporter@655523dd: 7 ms
2026-04-26 11:27:38 INFO  org.testng.internal.Utils - [TestNG] Time taken by org.testng.internal.ExitCodeListener@6f7e336b: 0 ms
2026-04-26 11:27:43 DEBUG org.testng.TestNG - suiteXmlPath: "C:\Users\Rahul\AppData\Local\Temp\testng-eclipse-261566104\testng-customsuite.xml"
2026-04-26 11:27:43 INFO  org.testng.internal.Utils - [Utils] MethodGroupsHelper.collectMethodsByGroup() took 0 ms.
2026-04-26 11:27:43 INFO  org.testng.internal.Utils - [Utils] MethodGroupsHelper.sortMethods() took 0 ms.
2026-04-26 11:27:43 INFO  org.testng.internal.Utils - [Utils] MethodGroupsHelper.collectMethodsByGroup() took 0 ms.
2026-04-26 11:27:43 INFO  org.testng.internal.Utils - [Utils] MethodGroupsHelper.sortMethods() took 0 ms.
2026-04-26 11:27:43 INFO  org.testng.internal.Utils - [Utils] MethodGroupsHelper.collectMethodsByGroup() took 0 ms.
2026-04-26 11:27:43 INFO  org.testng.internal.Utils - [Utils] MethodGroupsHelper.sortMethods() took 0 ms.
2026-04-26 11:27:43 INFO  org.testng.internal.Utils - [Utils] MethodGroupsHelper.collectMethodsByGroup() took 0 ms.
2026-04-26 11:27:43 INFO  org.testng.internal.Utils - [Utils] MethodGroupsHelper.sortMethods() took 0 ms.
2026-04-26 11:27:43 INFO  org.testng.internal.Utils - [Utils] MethodGroupsHelper.collectMethodsByGroup() took 0 ms.
2026-04-26 11:27:43 INFO  org.testng.internal.Utils - [Utils] MethodGroupsHelper.sortMethods() took 0 ms.
2026-04-26 11:27:43 INFO  org.testng.internal.Utils - [Utils] MethodGroupsHelper.collectMethodsByGroup() took 0 ms.
2026-04-26 11:27:43 INFO  org.testng.internal.Utils - [Utils] MethodGroupsHelper.sortMethods() took 0 ms.
2026-04-26 11:27:43 INFO  org.testng.internal.Utils - [Utils] MethodGroupsHelper.collectMethodsByGroup() took 0 ms.
2026-04-26 11:27:43 INFO  org.testng.internal.Utils - [Utils] MethodGroupsHelper.sortMethods() took 0 ms.
2026-04-26 11:27:43 INFO  org.testng.internal.Utils - [Utils] MethodGroupsHelper.collectMethodsByGroup() took 0 ms.
2026-04-26 11:27:43 INFO  org.testng.internal.Utils - [Utils] MethodGroupsHelper.sortMethods() took 0 ms.
2026-04-26 11:27:43 INFO  org.testng.internal.Utils - [Utils] MethodGroupsHelper.collectMethodsByGroup() took 4 ms.
2026-04-26 11:27:43 INFO  org.testng.internal.Utils - [Utils] MethodGroupsHelper.sortMethods() took 8 ms.
2026-04-26 11:27:43 INFO  org.testng.internal.Utils - [Utils] MethodGroupsHelper.collectMethodsByGroup() took 0 ms.
2026-04-26 11:27:43 INFO  org.testng.internal.Utils - [Utils] MethodGroupsHelper.sortMethods() took 0 ms.
2026-04-26 11:27:43 INFO  org.testng.internal.Utils - [Utils] MethodGroupsHelper.collectMethodsByGroup() took 0 ms.
2026-04-26 11:27:43 INFO  org.testng.internal.Utils - [Utils] MethodGroupsHelper.sortMethods() took 0 ms.
2026-04-26 11:27:43 INFO  org.testng.internal.Utils - [Utils] MethodGroupsHelper.collectMethodsByGroup() took 0 ms.
2026-04-26 11:27:43 INFO  org.testng.internal.Utils - [Utils] MethodGroupsHelper.sortMethods() took 0 ms.
2026-04-26 11:27:43 INFO  org.testng.internal.Utils - [Utils] MethodGroupsHelper.collectMethodsByGroup() took 4 ms.
2026-04-26 11:27:43 INFO  org.testng.internal.Utils - [Utils] MethodGroupsHelper.sortMethods() took 1 ms.
2026-04-26 11:27:43 INFO  org.testng.internal.Utils - [Utils] MethodGroupsHelper.collectMethodsByGroup() took 0 ms.
2026-04-26 11:27:43 INFO  org.testng.internal.Utils - [Utils] MethodGroupsHelper.sortMethods() took 0 ms.
2026-04-26 11:27:43 INFO  org.testng.internal.Utils - [Utils] MethodGroupsHelper.collectMethodsByGroup() took 0 ms.
2026-04-26 11:27:43 INFO  org.testng.internal.Utils - [Utils] MethodGroupsHelper.sortMethods() took 0 ms.
2026-04-26 11:27:43 INFO  org.testng.internal.Utils - [TestNG] Running:
  C:\Users\Rahul\AppData\Local\Temp\testng-eclipse-261566104\testng-customsuite.xml

2026-04-26 11:27:43 INFO  org.testng.internal.Utils - [Utils] DynamicGraphHelper.createDynamicGraph() took 2 ms.
2026-04-26 11:28:43 INFO  org.testng.internal.Utils - [TestNG] Time taken by org.testng.reporters.jq.Main@73017a80: 41 ms
2026-04-26 11:28:43 INFO  org.testng.internal.Utils - [TestNG] Time taken by org.testng.reporters.FailedReporter@3eee3e2b: 8 ms
2026-04-26 11:28:43 INFO  org.testng.internal.Utils - [TestNG] Time taken by org.testng.reporters.XMLReporter@6a0659ac: 7 ms
2026-04-26 11:28:43 INFO  org.testng.internal.Utils - [TestNG] Time taken by org.testng.reporters.EmailableReporter2@3162743f: 6 ms
2026-04-26 11:28:43 INFO  org.testng.internal.Utils - [TestNG] Time taken by org.testng.reporters.JUnitReportReporter@47547132: 5 ms
2026-04-26 11:28:43 INFO  org.testng.internal.Utils - [TestNG] Time taken by org.testng.internal.ExitCodeListener@655523dd: 0 ms
2026-04-26 11:28:58 DEBUG org.testng.TestNG - suiteXmlPath: "C:\Users\Rahul\AppData\Local\Temp\testng-eclipse-1793944352\testng-customsuite.xml"
2026-04-26 11:28:58 INFO  org.testng.internal.Utils - [Utils] MethodGroupsHelper.collectMethodsByGroup() took 1 ms.
2026-04-26 11:28:58 INFO  org.testng.internal.Utils - [Utils] MethodGroupsHelper.sortMethods() took 1 ms.
2026-04-26 11:28:58 INFO  org.testng.internal.Utils - [Utils] MethodGroupsHelper.collectMethodsByGroup() took 0 ms.
2026-04-26 11:28:58 INFO  org.testng.internal.Utils - [Utils] MethodGroupsHelper.sortMethods() took 0 ms.
2026-04-26 11:28:58 INFO  org.testng.internal.Utils - [Utils] MethodGroupsHelper.collectMethodsByGroup() took 0 ms.
2026-04-26 11:28:58 INFO  org.testng.internal.Utils - [Utils] MethodGroupsHelper.sortMethods() took 0 ms.
2026-04-26 11:28:58 INFO  org.testng.internal.Utils - [Utils] MethodGroupsHelper.collectMethodsByGroup() took 0 ms.
2026-04-26 11:28:58 INFO  org.testng.internal.Utils - [Utils] MethodGroupsHelper.sortMethods() took 0 ms.
2026-04-26 11:28:58 INFO  org.testng.internal.Utils - [Utils] MethodGroupsHelper.collectMethodsByGroup() took 0 ms.
2026-04-26 11:28:58 INFO  org.testng.internal.Utils - [Utils] MethodGroupsHelper.sortMethods() took 0 ms.
2026-04-26 11:28:58 INFO  org.testng.internal.Utils - [Utils] MethodGroupsHelper.collectMethodsByGroup() took 0 ms.
2026-04-26 11:28:58 INFO  org.testng.internal.Utils - [Utils] MethodGroupsHelper.sortMethods() took 0 ms.
2026-04-26 11:28:58 INFO  org.testng.internal.Utils - [Utils] MethodGroupsHelper.collectMethodsByGroup() took 0 ms.
2026-04-26 11:28:58 INFO  org.testng.internal.Utils - [Utils] MethodGroupsHelper.sortMethods() took 0 ms.
2026-04-26 11:28:58 INFO  org.testng.internal.Utils - [Utils] MethodGroupsHelper.collectMethodsByGroup() took 0 ms.
2026-04-26 11:28:58 INFO  org.testng.internal.Utils - [Utils] MethodGroupsHelper.sortMethods() took 0 ms.
2026-04-26 11:28:58 INFO  org.testng.internal.Utils - [Utils] MethodGroupsHelper.collectMethodsByGroup() took 6 ms.
2026-04-26 11:28:58 INFO  org.testng.internal.Utils - [Utils] MethodGroupsHelper.sortMethods() took 7 ms.
2026-04-26 11:28:58 INFO  org.testng.internal.Utils - [Utils] MethodGroupsHelper.collectMethodsByGroup() took 0 ms.
2026-04-26 11:28:58 INFO  org.testng.internal.Utils - [Utils] MethodGroupsHelper.sortMethods() took 0 ms.
2026-04-26 11:28:58 INFO  org.testng.internal.Utils - [Utils] MethodGroupsHelper.collectMethodsByGroup() took 0 ms.
2026-04-26 11:28:58 INFO  org.testng.internal.Utils - [Utils] MethodGroupsHelper.sortMethods() took 0 ms.
2026-04-26 11:28:58 INFO  org.testng.internal.Utils - [Utils] MethodGroupsHelper.collectMethodsByGroup() took 0 ms.
2026-04-26 11:28:58 INFO  org.testng.internal.Utils - [Utils] MethodGroupsHelper.sortMethods() took 0 ms.
2026-04-26 11:28:58 INFO  org.testng.internal.Utils - [Utils] MethodGroupsHelper.collectMethodsByGroup() took 6 ms.
2026-04-26 11:28:58 INFO  org.testng.internal.Utils - [Utils] MethodGroupsHelper.sortMethods() took 0 ms.
2026-04-26 11:28:58 INFO  org.testng.internal.Utils - [Utils] MethodGroupsHelper.collectMethodsByGroup() took 0 ms.
2026-04-26 11:28:58 INFO  org.testng.internal.Utils - [Utils] MethodGroupsHelper.sortMethods() took 0 ms.
2026-04-26 11:28:58 INFO  org.testng.internal.Utils - [Utils] MethodGroupsHelper.collectMethodsByGroup() took 0 ms.
2026-04-26 11:28:58 INFO  org.testng.internal.Utils - [Utils] MethodGroupsHelper.sortMethods() took 0 ms.
2026-04-26 11:28:58 INFO  org.testng.internal.Utils - [TestNG] Running:
  C:\Users\Rahul\AppData\Local\Temp\testng-eclipse-1793944352\testng-customsuite.xml

2026-04-26 11:28:58 INFO  org.testng.internal.Utils - [Utils] DynamicGraphHelper.createDynamicGraph() took 3 ms.
2026-04-26 11:29:13 INFO  org.testng.internal.Utils - [TestNG] Time taken by org.testng.reporters.jq.Main@6ae7deac: 39 ms
2026-04-26 11:29:13 INFO  org.testng.internal.Utils - [TestNG] Time taken by org.testng.reporters.FailedReporter@4f63e3c7: 9 ms
2026-04-26 11:29:13 INFO  org.testng.internal.Utils - [TestNG] Time taken by org.testng.reporters.XMLReporter@58d63b16: 8 ms
2026-04-26 11:29:13 INFO  org.testng.internal.Utils - [TestNG] Time taken by org.testng.reporters.EmailableReporter2@2c708440: 12 ms
2026-04-26 11:29:13 INFO  org.testng.internal.Utils - [TestNG] Time taken by org.testng.reporters.JUnitReportReporter@655523dd: 8 ms
2026-04-26 11:29:13 INFO  org.testng.internal.Utils - [TestNG] Time taken by org.testng.internal.ExitCodeListener@6f7e336b: 0 ms
2026-04-26 11:29:50 DEBUG org.testng.TestNG - suiteXmlPath: "C:\Users\Rahul\AppData\Local\Temp\testng-eclipse--999439932\testng-customsuite.xml"
2026-04-26 11:29:51 INFO  org.testng.internal.Utils - [Utils] MethodGroupsHelper.collectMethodsByGroup() took 1 ms.
2026-04-26 11:29:51 INFO  org.testng.internal.Utils - [Utils] MethodGroupsHelper.sortMethods() took 1 ms.
2026-04-26 11:29:51 INFO  org.testng.internal.Utils - [Utils] MethodGroupsHelper.collectMethodsByGroup() took 0 ms.
2026-04-26 11:29:51 INFO  org.testng.internal.Utils - [Utils] MethodGroupsHelper.sortMethods() took 0 ms.
2026-04-26 11:29:51 INFO  org.testng.internal.Utils - [Utils] MethodGroupsHelper.collectMethodsByGroup() took 0 ms.
2026-04-26 11:29:51 INFO  org.testng.internal.Utils - [Utils] MethodGroupsHelper.sortMethods() took 0 ms.
2026-04-26 11:29:51 INFO  org.testng.internal.Utils - [Utils] MethodGroupsHelper.collectMethodsByGroup() took 0 ms.
2026-04-26 11:29:51 INFO  org.testng.internal.Utils - [Utils] MethodGroupsHelper.sortMethods() took 0 ms.
2026-04-26 11:29:51 INFO  org.testng.internal.Utils - [Utils] MethodGroupsHelper.collectMethodsByGroup() took 0 ms.
2026-04-26 11:29:51 INFO  org.testng.internal.Utils - [Utils] MethodGroupsHelper.sortMethods() took 0 ms.
2026-04-26 11:29:51 INFO  org.testng.internal.Utils - [Utils] MethodGroupsHelper.collectMethodsByGroup() took 0 ms.
2026-04-26 11:29:51 INFO  org.testng.internal.Utils - [Utils] MethodGroupsHelper.sortMethods() took 0 ms.
2026-04-26 11:29:51 INFO  org.testng.internal.Utils - [Utils] MethodGroupsHelper.collectMethodsByGroup() took 0 ms.
2026-04-26 11:29:51 INFO  org.testng.internal.Utils - [Utils] MethodGroupsHelper.sortMethods() took 0 ms.
2026-04-26 11:29:51 INFO  org.testng.internal.Utils - [Utils] MethodGroupsHelper.collectMethodsByGroup() took 0 ms.
2026-04-26 11:29:51 INFO  org.testng.internal.Utils - [Utils] MethodGroupsHelper.sortMethods() took 0 ms.
2026-04-26 11:29:51 INFO  org.testng.internal.Utils - [Utils] MethodGroupsHelper.collectMethodsByGroup() took 7 ms.
2026-04-26 11:29:51 INFO  org.testng.internal.Utils - [Utils] MethodGroupsHelper.sortMethods() took 14 ms.
2026-04-26 11:29:51 INFO  org.testng.internal.Utils - [Utils] MethodGroupsHelper.collectMethodsByGroup() took 0 ms.
2026-04-26 11:29:51 INFO  org.testng.internal.Utils - [Utils] MethodGroupsHelper.sortMethods() took 0 ms.
2026-04-26 11:29:51 INFO  org.testng.internal.Utils - [Utils] MethodGroupsHelper.collectMethodsByGroup() took 0 ms.
2026-04-26 11:29:51 INFO  org.testng.internal.Utils - [Utils] MethodGroupsHelper.sortMethods() took 0 ms.
2026-04-26 11:29:51 INFO  org.testng.internal.Utils - [Utils] MethodGroupsHelper.collectMethodsByGroup() took 0 ms.
2026-04-26 11:29:51 INFO  org.testng.internal.Utils - [Utils] MethodGroupsHelper.sortMethods() took 0 ms.
2026-04-26 11:29:51 INFO  org.testng.internal.Utils - [Utils] MethodGroupsHelper.collectMethodsByGroup() took 6 ms.
2026-04-26 11:29:51 INFO  org.testng.internal.Utils - [Utils] MethodGroupsHelper.sortMethods() took 0 ms.
2026-04-26 11:29:51 INFO  org.testng.internal.Utils - [Utils] MethodGroupsHelper.collectMethodsByGroup() took 0 ms.
2026-04-26 11:29:51 INFO  org.testng.internal.Utils - [Utils] MethodGroupsHelper.sortMethods() took 0 ms.
2026-04-26 11:29:51 INFO  org.testng.internal.Utils - [Utils] MethodGroupsHelper.collectMethodsByGroup() took 0 ms.
2026-04-26 11:29:51 INFO  org.testng.internal.Utils - [Utils] MethodGroupsHelper.sortMethods() took 0 ms.
2026-04-26 11:29:51 INFO  org.testng.internal.Utils - [TestNG] Running:
  C:\Users\Rahul\AppData\Local\Temp\testng-eclipse--999439932\testng-customsuite.xml

2026-04-26 11:29:51 INFO  org.testng.internal.Utils - [Utils] DynamicGraphHelper.createDynamicGraph() took 2 ms.
2026-04-26 11:30:02 INFO  org.testng.internal.Utils - [TestNG] Time taken by org.testng.reporters.jq.Main@47b179d7: 98 ms
2026-04-26 11:30:02 INFO  org.testng.internal.Utils - [TestNG] Time taken by org.testng.reporters.FailedReporter@2a32fb6: 21 ms
2026-04-26 11:30:02 INFO  org.testng.internal.Utils - [TestNG] Time taken by org.testng.reporters.XMLReporter@63bde6c2: 21 ms
2026-04-26 11:30:02 INFO  org.testng.internal.Utils - [TestNG] Time taken by org.testng.reporters.EmailableReporter2@39c1fe0b: 32 ms
2026-04-26 11:30:02 INFO  org.testng.internal.Utils - [TestNG] Time taken by org.testng.reporters.JUnitReportReporter@30e6a763: 9 ms
2026-04-26 11:30:02 INFO  org.testng.internal.Utils - [TestNG] Time taken by org.testng.internal.ExitCodeListener@4c48fe92: 0 ms
2026-04-26 11:32:18 DEBUG org.testng.TestNG - suiteXmlPath: "C:\Users\Rahul\AppData\Local\Temp\testng-eclipse-646885811\testng-customsuite.xml"
2026-04-26 11:32:18 INFO  org.testng.internal.Utils - [Utils] MethodGroupsHelper.collectMethodsByGroup() took 0 ms.
2026-04-26 11:32:18 INFO  org.testng.internal.Utils - [Utils] MethodGroupsHelper.sortMethods() took 1 ms.
2026-04-26 11:32:18 INFO  org.testng.internal.Utils - [Utils] MethodGroupsHelper.collectMethodsByGroup() took 0 ms.
2026-04-26 11:32:18 INFO  org.testng.internal.Utils - [Utils] MethodGroupsHelper.sortMethods() took 0 ms.
2026-04-26 11:32:18 INFO  org.testng.internal.Utils - [Utils] MethodGroupsHelper.collectMethodsByGroup() took 0 ms.
2026-04-26 11:32:18 INFO  org.testng.internal.Utils - [Utils] MethodGroupsHelper.sortMethods() took 0 ms.
2026-04-26 11:32:18 INFO  org.testng.internal.Utils - [Utils] MethodGroupsHelper.collectMethodsByGroup() took 0 ms.
2026-04-26 11:32:18 INFO  org.testng.internal.Utils - [Utils] MethodGroupsHelper.sortMethods() took 0 ms.
2026-04-26 11:32:18 INFO  org.testng.internal.Utils - [Utils] MethodGroupsHelper.collectMethodsByGroup() took 0 ms.
2026-04-26 11:32:18 INFO  org.testng.internal.Utils - [Utils] MethodGroupsHelper.sortMethods() took 0 ms.
2026-04-26 11:32:18 INFO  org.testng.internal.Utils - [Utils] MethodGroupsHelper.collectMethodsByGroup() took 0 ms.
2026-04-26 11:32:18 INFO  org.testng.internal.Utils - [Utils] MethodGroupsHelper.sortMethods() took 0 ms.
2026-04-26 11:32:18 INFO  org.testng.internal.Utils - [Utils] MethodGroupsHelper.collectMethodsByGroup() took 0 ms.
2026-04-26 11:32:18 INFO  org.testng.internal.Utils - [Utils] MethodGroupsHelper.sortMethods() took 0 ms.
2026-04-26 11:32:18 INFO  org.testng.internal.Utils - [Utils] MethodGroupsHelper.collectMethodsByGroup() took 0 ms.
2026-04-26 11:32:18 INFO  org.testng.internal.Utils - [Utils] MethodGroupsHelper.sortMethods() took 0 ms.
2026-04-26 11:32:18 INFO  org.testng.internal.Utils - [Utils] MethodGroupsHelper.collectMethodsByGroup() took 5 ms.
2026-04-26 11:32:19 INFO  org.testng.internal.Utils - [Utils] MethodGroupsHelper.sortMethods() took 17 ms.
2026-04-26 11:32:19 INFO  org.testng.internal.Utils - [Utils] MethodGroupsHelper.collectMethodsByGroup() took 0 ms.
2026-04-26 11:32:19 INFO  org.testng.internal.Utils - [Utils] MethodGroupsHelper.sortMethods() took 0 ms.
2026-04-26 11:32:19 INFO  org.testng.internal.Utils - [Utils] MethodGroupsHelper.collectMethodsByGroup() took 0 ms.
2026-04-26 11:32:19 INFO  org.testng.internal.Utils - [Utils] MethodGroupsHelper.sortMethods() took 0 ms.
2026-04-26 11:32:19 INFO  org.testng.internal.Utils - [Utils] MethodGroupsHelper.collectMethodsByGroup() took 0 ms.
2026-04-26 11:32:19 INFO  org.testng.internal.Utils - [Utils] MethodGroupsHelper.sortMethods() took 0 ms.
2026-04-26 11:32:19 INFO  org.testng.internal.Utils - [Utils] MethodGroupsHelper.collectMethodsByGroup() took 7 ms.
2026-04-26 11:32:19 INFO  org.testng.internal.Utils - [Utils] MethodGroupsHelper.sortMethods() took 2 ms.
2026-04-26 11:32:19 INFO  org.testng.internal.Utils - [Utils] MethodGroupsHelper.collectMethodsByGroup() took 0 ms.
2026-04-26 11:32:19 INFO  org.testng.internal.Utils - [Utils] MethodGroupsHelper.sortMethods() took 0 ms.
2026-04-26 11:32:19 INFO  org.testng.internal.Utils - [Utils] MethodGroupsHelper.collectMethodsByGroup() took 0 ms.
2026-04-26 11:32:19 INFO  org.testng.internal.Utils - [Utils] MethodGroupsHelper.sortMethods() took 0 ms.
2026-04-26 11:32:19 INFO  org.testng.internal.Utils - [TestNG] Running:
  C:\Users\Rahul\AppData\Local\Temp\testng-eclipse-646885811\testng-customsuite.xml

2026-04-26 11:32:19 INFO  org.testng.internal.Utils - [Utils] DynamicGraphHelper.createDynamicGraph() took 2 ms.
2026-04-26 11:32:31 INFO  org.testng.internal.Utils - [TestNG] Time taken by org.testng.reporters.jq.Main@47b179d7: 180 ms
2026-04-26 11:32:31 INFO  org.testng.internal.Utils - [TestNG] Time taken by org.testng.reporters.FailedReporter@2a32fb6: 32 ms
2026-04-26 11:32:31 INFO  org.testng.internal.Utils - [TestNG] Time taken by org.testng.reporters.XMLReporter@63bde6c2: 17 ms
2026-04-26 11:32:31 INFO  org.testng.internal.Utils - [TestNG] Time taken by org.testng.reporters.EmailableReporter2@39c1fe0b: 14 ms
2026-04-26 11:32:31 INFO  org.testng.internal.Utils - [TestNG] Time taken by org.testng.reporters.JUnitReportReporter@30e6a763: 9 ms
2026-04-26 11:32:31 INFO  org.testng.internal.Utils - [TestNG] Time taken by org.testng.internal.ExitCodeListener@4c48fe92: 0 ms
2026-04-26 11:33:50 DEBUG org.testng.TestNG - suiteXmlPath: "C:\Users\Rahul\AppData\Local\Temp\testng-eclipse--995082932\testng-customsuite.xml"
2026-04-26 11:33:50 INFO  org.testng.internal.Utils - [Utils] MethodGroupsHelper.collectMethodsByGroup() took 1 ms.
2026-04-26 11:33:50 INFO  org.testng.internal.Utils - [Utils] MethodGroupsHelper.sortMethods() took 1 ms.
2026-04-26 11:33:50 INFO  org.testng.internal.Utils - [Utils] MethodGroupsHelper.collectMethodsByGroup() took 0 ms.
2026-04-26 11:33:50 INFO  org.testng.internal.Utils - [Utils] MethodGroupsHelper.sortMethods() took 0 ms.
2026-04-26 11:33:50 INFO  org.testng.internal.Utils - [Utils] MethodGroupsHelper.collectMethodsByGroup() took 0 ms.
2026-04-26 11:33:50 INFO  org.testng.internal.Utils - [Utils] MethodGroupsHelper.sortMethods() took 0 ms.
2026-04-26 11:33:50 INFO  org.testng.internal.Utils - [Utils] MethodGroupsHelper.collectMethodsByGroup() took 0 ms.
2026-04-26 11:33:50 INFO  org.testng.internal.Utils - [Utils] MethodGroupsHelper.sortMethods() took 0 ms.
2026-04-26 11:33:50 INFO  org.testng.internal.Utils - [Utils] MethodGroupsHelper.collectMethodsByGroup() took 0 ms.
2026-04-26 11:33:50 INFO  org.testng.internal.Utils - [Utils] MethodGroupsHelper.sortMethods() took 0 ms.
2026-04-26 11:33:50 INFO  org.testng.internal.Utils - [Utils] MethodGroupsHelper.collectMethodsByGroup() took 0 ms.
2026-04-26 11:33:50 INFO  org.testng.internal.Utils - [Utils] MethodGroupsHelper.sortMethods() took 0 ms.
2026-04-26 11:33:50 INFO  org.testng.internal.Utils - [Utils] MethodGroupsHelper.collectMethodsByGroup() took 0 ms.
2026-04-26 11:33:50 INFO  org.testng.internal.Utils - [Utils] MethodGroupsHelper.sortMethods() took 0 ms.
2026-04-26 11:33:50 INFO  org.testng.internal.Utils - [Utils] MethodGroupsHelper.collectMethodsByGroup() took 0 ms.
2026-04-26 11:33:50 INFO  org.testng.internal.Utils - [Utils] MethodGroupsHelper.sortMethods() took 0 ms.
2026-04-26 11:33:50 INFO  org.testng.internal.Utils - [Utils] MethodGroupsHelper.collectMethodsByGroup() took 6 ms.
2026-04-26 11:33:50 INFO  org.testng.internal.Utils - [Utils] MethodGroupsHelper.sortMethods() took 14 ms.
2026-04-26 11:33:50 INFO  org.testng.internal.Utils - [Utils] MethodGroupsHelper.collectMethodsByGroup() took 0 ms.
2026-04-26 11:33:50 INFO  org.testng.internal.Utils - [Utils] MethodGroupsHelper.sortMethods() took 0 ms.
2026-04-26 11:33:50 INFO  org.testng.internal.Utils - [Utils] MethodGroupsHelper.collectMethodsByGroup() took 0 ms.
2026-04-26 11:33:50 INFO  org.testng.internal.Utils - [Utils] MethodGroupsHelper.sortMethods() took 0 ms.
2026-04-26 11:33:50 INFO  org.testng.internal.Utils - [Utils] MethodGroupsHelper.collectMethodsByGroup() took 0 ms.
2026-04-26 11:33:50 INFO  org.testng.internal.Utils - [Utils] MethodGroupsHelper.sortMethods() took 0 ms.
2026-04-26 11:33:50 INFO  org.testng.internal.Utils - [Utils] MethodGroupsHelper.collectMethodsByGroup() took 9 ms.
2026-04-26 11:33:50 INFO  org.testng.internal.Utils - [Utils] MethodGroupsHelper.sortMethods() took 1 ms.
2026-04-26 11:33:50 INFO  org.testng.internal.Utils - [Utils] MethodGroupsHelper.collectMethodsByGroup() took 0 ms.
2026-04-26 11:33:50 INFO  org.testng.internal.Utils - [Utils] MethodGroupsHelper.sortMethods() took 0 ms.
2026-04-26 11:33:50 INFO  org.testng.internal.Utils - [Utils] MethodGroupsHelper.collectMethodsByGroup() took 0 ms.
2026-04-26 11:33:50 INFO  org.testng.internal.Utils - [Utils] MethodGroupsHelper.sortMethods() took 0 ms.
2026-04-26 11:33:50 INFO  org.testng.internal.Utils - [TestNG] Running:
  C:\Users\Rahul\AppData\Local\Temp\testng-eclipse--995082932\testng-customsuite.xml

2026-04-26 11:33:50 INFO  org.testng.internal.Utils - [Utils] DynamicGraphHelper.createDynamicGraph() took 7 ms.
2026-04-26 11:34:04 INFO  org.testng.internal.Utils - [TestNG] Time taken by org.testng.reporters.jq.Main@6ea04618: 133 ms
2026-04-26 11:34:04 INFO  org.testng.internal.Utils - [TestNG] Time taken by org.testng.reporters.FailedReporter@5a00eb1e: 3 ms
2026-04-26 11:34:04 INFO  org.testng.internal.Utils - [TestNG] Time taken by org.testng.reporters.XMLReporter@5ae95707: 8 ms
2026-04-26 11:34:04 INFO  org.testng.internal.Utils - [TestNG] Time taken by org.testng.reporters.EmailableReporter2@4b2e3e8f: 16 ms
2026-04-26 11:34:04 INFO  org.testng.internal.Utils - [TestNG] Time taken by org.testng.reporters.JUnitReportReporter@6f4ade6e: 16 ms
2026-04-26 11:34:04 INFO  org.testng.internal.Utils - [TestNG] Time taken by org.testng.internal.ExitCodeListener@39e43310: 0 ms
2026-04-26 11:35:41 DEBUG org.testng.TestNG - suiteXmlPath: "C:\Users\Rahul\AppData\Local\Temp\testng-eclipse--646565015\testng-customsuite.xml"
2026-04-26 11:35:42 INFO  org.testng.internal.Utils - [Utils] MethodGroupsHelper.collectMethodsByGroup() took 1 ms.
2026-04-26 11:35:42 INFO  org.testng.internal.Utils - [Utils] MethodGroupsHelper.sortMethods() took 2 ms.
2026-04-26 11:35:42 INFO  org.testng.internal.Utils - [Utils] MethodGroupsHelper.collectMethodsByGroup() took 0 ms.
2026-04-26 11:35:42 INFO  org.testng.internal.Utils - [Utils] MethodGroupsHelper.sortMethods() took 0 ms.
2026-04-26 11:35:42 INFO  org.testng.internal.Utils - [Utils] MethodGroupsHelper.collectMethodsByGroup() took 0 ms.
2026-04-26 11:35:42 INFO  org.testng.internal.Utils - [Utils] MethodGroupsHelper.sortMethods() took 0 ms.
2026-04-26 11:35:42 INFO  org.testng.internal.Utils - [Utils] MethodGroupsHelper.collectMethodsByGroup() took 0 ms.
2026-04-26 11:35:42 INFO  org.testng.internal.Utils - [Utils] MethodGroupsHelper.sortMethods() took 0 ms.
2026-04-26 11:35:42 INFO  org.testng.internal.Utils - [Utils] MethodGroupsHelper.collectMethodsByGroup() took 0 ms.
2026-04-26 11:35:42 INFO  org.testng.internal.Utils - [Utils] MethodGroupsHelper.sortMethods() took 0 ms.
2026-04-26 11:35:42 INFO  org.testng.internal.Utils - [Utils] MethodGroupsHelper.collectMethodsByGroup() took 0 ms.
2026-04-26 11:35:42 INFO  org.testng.internal.Utils - [Utils] MethodGroupsHelper.sortMethods() took 0 ms.
2026-04-26 11:35:42 INFO  org.testng.internal.Utils - [Utils] MethodGroupsHelper.collectMethodsByGroup() took 0 ms.
2026-04-26 11:35:42 INFO  org.testng.internal.Utils - [Utils] MethodGroupsHelper.sortMethods() took 0 ms.
2026-04-26 11:35:42 INFO  org.testng.internal.Utils - [Utils] MethodGroupsHelper.collectMethodsByGroup() took 0 ms.
2026-04-26 11:35:42 INFO  org.testng.internal.Utils - [Utils] MethodGroupsHelper.sortMethods() took 0 ms.
2026-04-26 11:35:42 INFO  org.testng.internal.Utils - [Utils] MethodGroupsHelper.collectMethodsByGroup() took 3 ms.
2026-04-26 11:35:42 INFO  org.testng.internal.Utils - [Utils] MethodGroupsHelper.sortMethods() took 12 ms.
2026-04-26 11:35:42 INFO  org.testng.internal.Utils - [Utils] MethodGroupsHelper.collectMethodsByGroup() took 0 ms.
2026-04-26 11:35:42 INFO  org.testng.internal.Utils - [Utils] MethodGroupsHelper.sortMethods() took 0 ms.
2026-04-26 11:35:42 INFO  org.testng.internal.Utils - [Utils] MethodGroupsHelper.collectMethodsByGroup() took 0 ms.
2026-04-26 11:35:42 INFO  org.testng.internal.Utils - [Utils] MethodGroupsHelper.sortMethods() took 0 ms.
2026-04-26 11:35:42 INFO  org.testng.internal.Utils - [Utils] MethodGroupsHelper.collectMethodsByGroup() took 0 ms.
2026-04-26 11:35:42 INFO  org.testng.internal.Utils - [Utils] MethodGroupsHelper.sortMethods() took 0 ms.
2026-04-26 11:35:42 INFO  org.testng.internal.Utils - [Utils] MethodGroupsHelper.collectMethodsByGroup() took 7 ms.
2026-04-26 11:35:42 INFO  org.testng.internal.Utils - [Utils] MethodGroupsHelper.sortMethods() took 0 ms.
2026-04-26 11:35:42 INFO  org.testng.internal.Utils - [Utils] MethodGroupsHelper.collectMethodsByGroup() took 0 ms.
2026-04-26 11:35:42 INFO  org.testng.internal.Utils - [Utils] MethodGroupsHelper.sortMethods() took 0 ms.
2026-04-26 11:35:42 INFO  org.testng.internal.Utils - [Utils] MethodGroupsHelper.collectMethodsByGroup() took 0 ms.
2026-04-26 11:35:42 INFO  org.testng.internal.Utils - [Utils] MethodGroupsHelper.sortMethods() took 0 ms.
2026-04-26 11:35:42 INFO  org.testng.internal.Utils - [TestNG] Running:
  C:\Users\Rahul\AppData\Local\Temp\testng-eclipse--646565015\testng-customsuite.xml

2026-04-26 11:35:42 INFO  org.testng.internal.Utils - [Utils] DynamicGraphHelper.createDynamicGraph() took 3 ms.
2026-04-26 11:36:24 INFO  org.testng.internal.Utils - [TestNG] Time taken by org.testng.reporters.jq.Main@212dfd39: 36 ms
2026-04-26 11:36:24 INFO  org.testng.internal.Utils - [TestNG] Time taken by org.testng.reporters.FailedReporter@3b4d50b: 9 ms
2026-04-26 11:36:24 INFO  org.testng.internal.Utils - [TestNG] Time taken by org.testng.reporters.XMLReporter@2c7a8af2: 7 ms
2026-04-26 11:36:24 INFO  org.testng.internal.Utils - [TestNG] Time taken by org.testng.reporters.EmailableReporter2@1d23ff23: 8 ms
2026-04-26 11:36:24 INFO  org.testng.internal.Utils - [TestNG] Time taken by org.testng.reporters.JUnitReportReporter@3ad4a7d6: 6 ms
2026-04-26 11:36:24 INFO  org.testng.internal.Utils - [TestNG] Time taken by org.testng.internal.ExitCodeListener@1e43e323: 0 ms
2026-04-26 11:39:14 DEBUG org.testng.TestNG - suiteXmlPath: "C:\Users\Rahul\AppData\Local\Temp\testng-eclipse--919830323\testng-customsuite.xml"
2026-04-26 11:39:14 INFO  org.testng.internal.Utils - [Utils] MethodGroupsHelper.collectMethodsByGroup() took 0 ms.
2026-04-26 11:39:14 INFO  org.testng.internal.Utils - [Utils] MethodGroupsHelper.sortMethods() took 1 ms.
2026-04-26 11:39:14 INFO  org.testng.internal.Utils - [Utils] MethodGroupsHelper.collectMethodsByGroup() took 0 ms.
2026-04-26 11:39:14 INFO  org.testng.internal.Utils - [Utils] MethodGroupsHelper.sortMethods() took 0 ms.
2026-04-26 11:39:14 INFO  org.testng.internal.Utils - [Utils] MethodGroupsHelper.collectMethodsByGroup() took 0 ms.
2026-04-26 11:39:14 INFO  org.testng.internal.Utils - [Utils] MethodGroupsHelper.sortMethods() took 0 ms.
2026-04-26 11:39:14 INFO  org.testng.internal.Utils - [Utils] MethodGroupsHelper.collectMethodsByGroup() took 0 ms.
2026-04-26 11:39:14 INFO  org.testng.internal.Utils - [Utils] MethodGroupsHelper.sortMethods() took 0 ms.
2026-04-26 11:39:14 INFO  org.testng.internal.Utils - [Utils] MethodGroupsHelper.collectMethodsByGroup() took 0 ms.
2026-04-26 11:39:14 INFO  org.testng.internal.Utils - [Utils] MethodGroupsHelper.sortMethods() took 0 ms.
2026-04-26 11:39:14 INFO  org.testng.internal.Utils - [Utils] MethodGroupsHelper.collectMethodsByGroup() took 0 ms.
2026-04-26 11:39:14 INFO  org.testng.internal.Utils - [Utils] MethodGroupsHelper.sortMethods() took 0 ms.
2026-04-26 11:39:14 INFO  org.testng.internal.Utils - [Utils] MethodGroupsHelper.collectMethodsByGroup() took 0 ms.
2026-04-26 11:39:14 INFO  org.testng.internal.Utils - [Utils] MethodGroupsHelper.sortMethods() took 0 ms.
2026-04-26 11:39:14 INFO  org.testng.internal.Utils - [Utils] MethodGroupsHelper.collectMethodsByGroup() took 0 ms.
2026-04-26 11:39:14 INFO  org.testng.internal.Utils - [Utils] MethodGroupsHelper.sortMethods() took 0 ms.
2026-04-26 11:39:14 INFO  org.testng.internal.Utils - [Utils] MethodGroupsHelper.collectMethodsByGroup() took 5 ms.
2026-04-26 11:39:14 INFO  org.testng.internal.Utils - [Utils] MethodGroupsHelper.sortMethods() took 13 ms.
2026-04-26 11:39:14 INFO  org.testng.internal.Utils - [Utils] MethodGroupsHelper.collectMethodsByGroup() took 0 ms.
2026-04-26 11:39:14 INFO  org.testng.internal.Utils - [Utils] MethodGroupsHelper.sortMethods() took 0 ms.
2026-04-26 11:39:14 INFO  org.testng.internal.Utils - [Utils] MethodGroupsHelper.collectMethodsByGroup() took 0 ms.
2026-04-26 11:39:14 INFO  org.testng.internal.Utils - [Utils] MethodGroupsHelper.sortMethods() took 0 ms.
2026-04-26 11:39:14 INFO  org.testng.internal.Utils - [Utils] MethodGroupsHelper.collectMethodsByGroup() took 0 ms.
2026-04-26 11:39:14 INFO  org.testng.internal.Utils - [Utils] MethodGroupsHelper.sortMethods() took 0 ms.
2026-04-26 11:39:14 INFO  org.testng.internal.Utils - [Utils] MethodGroupsHelper.collectMethodsByGroup() took 1 ms.
2026-04-26 11:39:14 INFO  org.testng.internal.Utils - [Utils] MethodGroupsHelper.sortMethods() took 6 ms.
2026-04-26 11:39:14 INFO  org.testng.internal.Utils - [Utils] MethodGroupsHelper.collectMethodsByGroup() took 0 ms.
2026-04-26 11:39:14 INFO  org.testng.internal.Utils - [Utils] MethodGroupsHelper.sortMethods() took 0 ms.
2026-04-26 11:39:14 INFO  org.testng.internal.Utils - [Utils] MethodGroupsHelper.collectMethodsByGroup() took 0 ms.
2026-04-26 11:39:14 INFO  org.testng.internal.Utils - [Utils] MethodGroupsHelper.sortMethods() took 0 ms.
2026-04-26 11:39:14 INFO  org.testng.internal.Utils - [TestNG] Running:
  C:\Users\Rahul\AppData\Local\Temp\testng-eclipse--919830323\testng-customsuite.xml

2026-04-26 11:39:14 INFO  org.testng.internal.Utils - [Utils] DynamicGraphHelper.createDynamicGraph() took 4 ms.
2026-04-26 11:39:24 INFO  com.Tests.ProductDetailsTest - Product Price: ₹214
2026-04-26 11:39:32 INFO  com.Tests.ProductDetailsTest - Product Title: Cetaphil
2026-04-26 11:42:19 INFO  com.Tests.ProductDetailsTest - Selected size: 70-80 ML
2026-04-26 11:42:30 INFO  com.Tests.ProductDetailsTest - Valid Pincode Msg: Get it by Tue, Apr 28
2026-04-26 11:43:22 DEBUG org.apache.poi.openxml4j.opc.PackageRelationshipCollection - Parsing relationship: /xl/_rels/workbook.xml.rels
2026-04-26 11:43:22 DEBUG org.apache.poi.openxml4j.opc.PackageRelationshipCollection - Parsing relationship: /_rels/.rels
2026-04-26 11:44:34 INFO  org.testng.internal.Utils - [TestNG] Time taken by org.testng.reporters.jq.Main@5ce045e3: 43 ms
2026-04-26 11:44:34 INFO  org.testng.internal.Utils - [TestNG] Time taken by org.testng.reporters.FailedReporter@5bafe1f1: 1 ms
2026-04-26 11:44:34 INFO  org.testng.internal.Utils - [TestNG] Time taken by org.testng.reporters.XMLReporter@38a6ca39: 20 ms
2026-04-26 11:44:34 INFO  org.testng.internal.Utils - [TestNG] Time taken by org.testng.reporters.EmailableReporter2@17baaf07: 8 ms
2026-04-26 11:44:34 INFO  org.testng.internal.Utils - [TestNG] Time taken by org.testng.reporters.JUnitReportReporter@78b888df: 7 ms
2026-04-26 11:44:34 INFO  org.testng.internal.Utils - [TestNG] Time taken by org.testng.internal.ExitCodeListener@6f2e0945: 0 ms
2026-04-26 11:45:40 DEBUG org.testng.TestNG - suiteXmlPath: "C:\Users\Rahul\AppData\Local\Temp\testng-eclipse-1193947841\testng-customsuite.xml"
2026-04-26 11:45:41 INFO  org.testng.internal.Utils - [Utils] MethodGroupsHelper.collectMethodsByGroup() took 0 ms.
2026-04-26 11:45:41 INFO  org.testng.internal.Utils - [Utils] MethodGroupsHelper.sortMethods() took 1 ms.
2026-04-26 11:45:41 INFO  org.testng.internal.Utils - [Utils] MethodGroupsHelper.collectMethodsByGroup() took 0 ms.
2026-04-26 11:45:41 INFO  org.testng.internal.Utils - [Utils] MethodGroupsHelper.sortMethods() took 0 ms.
2026-04-26 11:45:41 INFO  org.testng.internal.Utils - [Utils] MethodGroupsHelper.collectMethodsByGroup() took 0 ms.
2026-04-26 11:45:41 INFO  org.testng.internal.Utils - [Utils] MethodGroupsHelper.sortMethods() took 0 ms.
2026-04-26 11:45:41 INFO  org.testng.internal.Utils - [Utils] MethodGroupsHelper.collectMethodsByGroup() took 0 ms.
2026-04-26 11:45:41 INFO  org.testng.internal.Utils - [Utils] MethodGroupsHelper.sortMethods() took 0 ms.
2026-04-26 11:45:41 INFO  org.testng.internal.Utils - [Utils] MethodGroupsHelper.collectMethodsByGroup() took 0 ms.
2026-04-26 11:45:41 INFO  org.testng.internal.Utils - [Utils] MethodGroupsHelper.sortMethods() took 0 ms.
2026-04-26 11:45:41 INFO  org.testng.internal.Utils - [Utils] MethodGroupsHelper.collectMethodsByGroup() took 0 ms.
2026-04-26 11:45:41 INFO  org.testng.internal.Utils - [Utils] MethodGroupsHelper.sortMethods() took 0 ms.
2026-04-26 11:45:41 INFO  org.testng.internal.Utils - [Utils] MethodGroupsHelper.collectMethodsByGroup() took 0 ms.
2026-04-26 11:45:41 INFO  org.testng.internal.Utils - [Utils] MethodGroupsHelper.sortMethods() took 0 ms.
2026-04-26 11:45:41 INFO  org.testng.internal.Utils - [Utils] MethodGroupsHelper.collectMethodsByGroup() took 0 ms.
2026-04-26 11:45:41 INFO  org.testng.internal.Utils - [Utils] MethodGroupsHelper.sortMethods() took 0 ms.
2026-04-26 11:45:41 INFO  org.testng.internal.Utils - [Utils] MethodGroupsHelper.collectMethodsByGroup() took 5 ms.
2026-04-26 11:45:41 INFO  org.testng.internal.Utils - [Utils] MethodGroupsHelper.sortMethods() took 9 ms.
2026-04-26 11:45:41 INFO  org.testng.internal.Utils - [Utils] MethodGroupsHelper.collectMethodsByGroup() took 0 ms.
2026-04-26 11:45:41 INFO  org.testng.internal.Utils - [Utils] MethodGroupsHelper.sortMethods() took 0 ms.
2026-04-26 11:45:41 INFO  org.testng.internal.Utils - [Utils] MethodGroupsHelper.collectMethodsByGroup() took 0 ms.
2026-04-26 11:45:41 INFO  org.testng.internal.Utils - [Utils] MethodGroupsHelper.sortMethods() took 0 ms.
2026-04-26 11:45:41 INFO  org.testng.internal.Utils - [Utils] MethodGroupsHelper.collectMethodsByGroup() took 0 ms.
2026-04-26 11:45:41 INFO  org.testng.internal.Utils - [Utils] MethodGroupsHelper.sortMethods() took 0 ms.
2026-04-26 11:45:41 INFO  org.testng.internal.Utils - [Utils] MethodGroupsHelper.collectMethodsByGroup() took 0 ms.
2026-04-26 11:45:41 INFO  org.testng.internal.Utils - [Utils] MethodGroupsHelper.sortMethods() took 0 ms.
2026-04-26 11:45:41 INFO  org.testng.internal.Utils - [Utils] MethodGroupsHelper.collectMethodsByGroup() took 0 ms.
2026-04-26 11:45:41 INFO  org.testng.internal.Utils - [Utils] MethodGroupsHelper.sortMethods() took 0 ms.
2026-04-26 11:45:41 INFO  org.testng.internal.Utils - [Utils] MethodGroupsHelper.collectMethodsByGroup() took 0 ms.
2026-04-26 11:45:41 INFO  org.testng.internal.Utils - [Utils] MethodGroupsHelper.sortMethods() took 0 ms.
2026-04-26 11:45:41 INFO  org.testng.internal.Utils - [TestNG] Running:
  C:\Users\Rahul\AppData\Local\Temp\testng-eclipse-1193947841\testng-customsuite.xml

2026-04-26 11:45:41 INFO  org.testng.internal.Utils - [Utils] DynamicGraphHelper.createDynamicGraph() took 5 ms.
2026-04-26 11:45:51 INFO  org.testng.internal.Utils - [TestNG] Time taken by org.testng.reporters.jq.Main@68577ba8: 40 ms
2026-04-26 11:45:51 INFO  org.testng.internal.Utils - [TestNG] Time taken by org.testng.reporters.FailedReporter@23706db8: 8 ms
2026-04-26 11:45:51 INFO  org.testng.internal.Utils - [TestNG] Time taken by org.testng.reporters.XMLReporter@31ff6309: 6 ms
2026-04-26 11:45:51 INFO  org.testng.internal.Utils - [TestNG] Time taken by org.testng.reporters.EmailableReporter2@2459319c: 5 ms
2026-04-26 11:45:51 INFO  org.testng.internal.Utils - [TestNG] Time taken by org.testng.reporters.JUnitReportReporter@62d73ead: 8 ms
2026-04-26 11:45:51 INFO  org.testng.internal.Utils - [TestNG] Time taken by org.testng.internal.ExitCodeListener@1e141e42: 0 ms
2026-04-26 11:46:17 DEBUG org.testng.TestNG - suiteXmlPath: "C:\Users\Rahul\AppData\Local\Temp\testng-eclipse-529733322\testng-customsuite.xml"
2026-04-26 11:46:17 INFO  org.testng.internal.Utils - [Utils] MethodGroupsHelper.collectMethodsByGroup() took 0 ms.
2026-04-26 11:46:17 INFO  org.testng.internal.Utils - [Utils] MethodGroupsHelper.sortMethods() took 0 ms.
2026-04-26 11:46:17 INFO  org.testng.internal.Utils - [Utils] MethodGroupsHelper.collectMethodsByGroup() took 0 ms.
2026-04-26 11:46:17 INFO  org.testng.internal.Utils - [Utils] MethodGroupsHelper.sortMethods() took 0 ms.
2026-04-26 11:46:17 INFO  org.testng.internal.Utils - [Utils] MethodGroupsHelper.collectMethodsByGroup() took 0 ms.
2026-04-26 11:46:17 INFO  org.testng.internal.Utils - [Utils] MethodGroupsHelper.sortMethods() took 0 ms.
2026-04-26 11:46:17 INFO  org.testng.internal.Utils - [Utils] MethodGroupsHelper.collectMethodsByGroup() took 0 ms.
2026-04-26 11:46:17 INFO  org.testng.internal.Utils - [Utils] MethodGroupsHelper.sortMethods() took 0 ms.
2026-04-26 11:46:17 INFO  org.testng.internal.Utils - [Utils] MethodGroupsHelper.collectMethodsByGroup() took 0 ms.
2026-04-26 11:46:17 INFO  org.testng.internal.Utils - [Utils] MethodGroupsHelper.sortMethods() took 0 ms.
2026-04-26 11:46:17 INFO  org.testng.internal.Utils - [Utils] MethodGroupsHelper.collectMethodsByGroup() took 0 ms.
2026-04-26 11:46:17 INFO  org.testng.internal.Utils - [Utils] MethodGroupsHelper.sortMethods() took 0 ms.
2026-04-26 11:46:17 INFO  org.testng.internal.Utils - [Utils] MethodGroupsHelper.collectMethodsByGroup() took 0 ms.
2026-04-26 11:46:17 INFO  org.testng.internal.Utils - [Utils] MethodGroupsHelper.sortMethods() took 0 ms.
2026-04-26 11:46:17 INFO  org.testng.internal.Utils - [Utils] MethodGroupsHelper.collectMethodsByGroup() took 0 ms.
2026-04-26 11:46:17 INFO  org.testng.internal.Utils - [Utils] MethodGroupsHelper.sortMethods() took 0 ms.
2026-04-26 11:46:17 INFO  org.testng.internal.Utils - [Utils] MethodGroupsHelper.collectMethodsByGroup() took 3 ms.
2026-04-26 11:46:17 INFO  org.testng.internal.Utils - [Utils] MethodGroupsHelper.sortMethods() took 7 ms.
2026-04-26 11:46:17 INFO  org.testng.internal.Utils - [Utils] MethodGroupsHelper.collectMethodsByGroup() took 1 ms.
2026-04-26 11:46:17 INFO  org.testng.internal.Utils - [Utils] MethodGroupsHelper.sortMethods() took 0 ms.
2026-04-26 11:46:17 INFO  org.testng.internal.Utils - [Utils] MethodGroupsHelper.collectMethodsByGroup() took 0 ms.
2026-04-26 11:46:17 INFO  org.testng.internal.Utils - [Utils] MethodGroupsHelper.sortMethods() took 0 ms.
2026-04-26 11:46:17 INFO  org.testng.internal.Utils - [Utils] MethodGroupsHelper.collectMethodsByGroup() took 0 ms.
2026-04-26 11:46:17 INFO  org.testng.internal.Utils - [Utils] MethodGroupsHelper.sortMethods() took 0 ms.
2026-04-26 11:46:17 INFO  org.testng.internal.Utils - [Utils] MethodGroupsHelper.collectMethodsByGroup() took 0 ms.
2026-04-26 11:46:17 INFO  org.testng.internal.Utils - [Utils] MethodGroupsHelper.sortMethods() took 0 ms.
2026-04-26 11:46:17 INFO  org.testng.internal.Utils - [Utils] MethodGroupsHelper.collectMethodsByGroup() took 0 ms.
2026-04-26 11:46:17 INFO  org.testng.internal.Utils - [Utils] MethodGroupsHelper.sortMethods() took 1 ms.
2026-04-26 11:46:17 INFO  org.testng.internal.Utils - [Utils] MethodGroupsHelper.collectMethodsByGroup() took 0 ms.
2026-04-26 11:46:17 INFO  org.testng.internal.Utils - [Utils] MethodGroupsHelper.sortMethods() took 0 ms.
2026-04-26 11:46:17 INFO  org.testng.internal.Utils - [TestNG] Running:
  C:\Users\Rahul\AppData\Local\Temp\testng-eclipse-529733322\testng-customsuite.xml

2026-04-26 11:46:17 INFO  org.testng.internal.Utils - [Utils] DynamicGraphHelper.createDynamicGraph() took 3 ms.
2026-04-26 11:47:42 INFO  org.testng.internal.Utils - [TestNG] Time taken by org.testng.reporters.jq.Main@365cdacf: 43 ms
2026-04-26 11:47:42 INFO  org.testng.internal.Utils - [TestNG] Time taken by org.testng.reporters.FailedReporter@b46e103: 8 ms
2026-04-26 11:47:42 INFO  org.testng.internal.Utils - [TestNG] Time taken by org.testng.reporters.XMLReporter@73c3cd09: 7 ms
2026-04-26 11:47:42 INFO  org.testng.internal.Utils - [TestNG] Time taken by org.testng.reporters.EmailableReporter2@48a663e9: 8 ms
2026-04-26 11:47:42 INFO  org.testng.internal.Utils - [TestNG] Time taken by org.testng.reporters.JUnitReportReporter@56e9a474: 6 ms
2026-04-26 11:47:42 INFO  org.testng.internal.Utils - [TestNG] Time taken by org.testng.internal.ExitCodeListener@45b15381: 0 ms
2026-04-26 11:50:05 DEBUG org.testng.TestNG - suiteXmlPath: "C:\Users\Rahul\AppData\Local\Temp\testng-eclipse--1027812304\testng-customsuite.xml"
2026-04-26 11:50:06 INFO  org.testng.internal.Utils - [Utils] MethodGroupsHelper.collectMethodsByGroup() took 0 ms.
2026-04-26 11:50:06 INFO  org.testng.internal.Utils - [Utils] MethodGroupsHelper.sortMethods() took 0 ms.
2026-04-26 11:50:06 INFO  org.testng.internal.Utils - [Utils] MethodGroupsHelper.collectMethodsByGroup() took 0 ms.
2026-04-26 11:50:06 INFO  org.testng.internal.Utils - [Utils] MethodGroupsHelper.sortMethods() took 0 ms.
2026-04-26 11:50:06 INFO  org.testng.internal.Utils - [Utils] MethodGroupsHelper.collectMethodsByGroup() took 0 ms.
2026-04-26 11:50:06 INFO  org.testng.internal.Utils - [Utils] MethodGroupsHelper.sortMethods() took 0 ms.
2026-04-26 11:50:06 INFO  org.testng.internal.Utils - [Utils] MethodGroupsHelper.collectMethodsByGroup() took 0 ms.
2026-04-26 11:50:06 INFO  org.testng.internal.Utils - [Utils] MethodGroupsHelper.sortMethods() took 0 ms.
2026-04-26 11:50:06 INFO  org.testng.internal.Utils - [Utils] MethodGroupsHelper.collectMethodsByGroup() took 0 ms.
2026-04-26 11:50:06 INFO  org.testng.internal.Utils - [Utils] MethodGroupsHelper.sortMethods() took 0 ms.
2026-04-26 11:50:06 INFO  org.testng.internal.Utils - [Utils] MethodGroupsHelper.collectMethodsByGroup() took 0 ms.
2026-04-26 11:50:06 INFO  org.testng.internal.Utils - [Utils] MethodGroupsHelper.sortMethods() took 0 ms.
2026-04-26 11:50:06 INFO  org.testng.internal.Utils - [Utils] MethodGroupsHelper.collectMethodsByGroup() took 0 ms.
2026-04-26 11:50:06 INFO  org.testng.internal.Utils - [Utils] MethodGroupsHelper.sortMethods() took 0 ms.
2026-04-26 11:50:06 INFO  org.testng.internal.Utils - [Utils] MethodGroupsHelper.collectMethodsByGroup() took 0 ms.
2026-04-26 11:50:06 INFO  org.testng.internal.Utils - [Utils] MethodGroupsHelper.sortMethods() took 0 ms.
2026-04-26 11:50:06 INFO  org.testng.internal.Utils - [Utils] MethodGroupsHelper.collectMethodsByGroup() took 3 ms.
2026-04-26 11:50:06 INFO  org.testng.internal.Utils - [Utils] MethodGroupsHelper.sortMethods() took 7 ms.
2026-04-26 11:50:06 INFO  org.testng.internal.Utils - [Utils] MethodGroupsHelper.collectMethodsByGroup() took 0 ms.
2026-04-26 11:50:06 INFO  org.testng.internal.Utils - [Utils] MethodGroupsHelper.sortMethods() took 1 ms.
2026-04-26 11:50:06 INFO  org.testng.internal.Utils - [Utils] MethodGroupsHelper.collectMethodsByGroup() took 0 ms.
2026-04-26 11:50:06 INFO  org.testng.internal.Utils - [Utils] MethodGroupsHelper.sortMethods() took 0 ms.
2026-04-26 11:50:06 INFO  org.testng.internal.Utils - [Utils] MethodGroupsHelper.collectMethodsByGroup() took 0 ms.
2026-04-26 11:50:06 INFO  org.testng.internal.Utils - [Utils] MethodGroupsHelper.sortMethods() took 0 ms.
2026-04-26 11:50:06 INFO  org.testng.internal.Utils - [Utils] MethodGroupsHelper.collectMethodsByGroup() took 0 ms.
2026-04-26 11:50:06 INFO  org.testng.internal.Utils - [Utils] MethodGroupsHelper.sortMethods() took 0 ms.
2026-04-26 11:50:06 INFO  org.testng.internal.Utils - [Utils] MethodGroupsHelper.collectMethodsByGroup() took 0 ms.
2026-04-26 11:50:06 INFO  org.testng.internal.Utils - [Utils] MethodGroupsHelper.sortMethods() took 0 ms.
2026-04-26 11:50:06 INFO  org.testng.internal.Utils - [Utils] MethodGroupsHelper.collectMethodsByGroup() took 0 ms.
2026-04-26 11:50:06 INFO  org.testng.internal.Utils - [Utils] MethodGroupsHelper.sortMethods() took 0 ms.
2026-04-26 11:50:06 INFO  org.testng.internal.Utils - [TestNG] Running:
  C:\Users\Rahul\AppData\Local\Temp\testng-eclipse--1027812304\testng-customsuite.xml

2026-04-26 11:50:06 INFO  org.testng.internal.Utils - [Utils] DynamicGraphHelper.createDynamicGraph() took 3 ms.
2026-04-26 11:51:00 INFO  org.testng.internal.Utils - [TestNG] Time taken by org.testng.reporters.jq.Main@2cde651b: 35 ms
2026-04-26 11:51:00 INFO  org.testng.internal.Utils - [TestNG] Time taken by org.testng.reporters.FailedReporter@7d7cac8: 9 ms
2026-04-26 11:51:00 INFO  org.testng.internal.Utils - [TestNG] Time taken by org.testng.reporters.XMLReporter@7e7f3cfd: 7 ms
2026-04-26 11:51:00 INFO  org.testng.internal.Utils - [TestNG] Time taken by org.testng.reporters.EmailableReporter2@7ee8130e: 6 ms
2026-04-26 11:51:00 INFO  org.testng.internal.Utils - [TestNG] Time taken by org.testng.reporters.JUnitReportReporter@326d27ac: 5 ms
2026-04-26 11:51:00 INFO  org.testng.internal.Utils - [TestNG] Time taken by org.testng.internal.ExitCodeListener@4d499d65: 0 ms
2026-04-26 11:52:20 DEBUG org.testng.TestNG - suiteXmlPath: "C:\Users\Rahul\AppData\Local\Temp\testng-eclipse-1151788571\testng-customsuite.xml"
2026-04-26 11:52:20 INFO  org.testng.internal.Utils - [Utils] MethodGroupsHelper.collectMethodsByGroup() took 0 ms.
2026-04-26 11:52:20 INFO  org.testng.internal.Utils - [Utils] MethodGroupsHelper.sortMethods() took 0 ms.
2026-04-26 11:52:20 INFO  org.testng.internal.Utils - [Utils] MethodGroupsHelper.collectMethodsByGroup() took 0 ms.
2026-04-26 11:52:20 INFO  org.testng.internal.Utils - [Utils] MethodGroupsHelper.sortMethods() took 0 ms.
2026-04-26 11:52:20 INFO  org.testng.internal.Utils - [Utils] MethodGroupsHelper.collectMethodsByGroup() took 0 ms.
2026-04-26 11:52:20 INFO  org.testng.internal.Utils - [Utils] MethodGroupsHelper.sortMethods() took 0 ms.
2026-04-26 11:52:20 INFO  org.testng.internal.Utils - [Utils] MethodGroupsHelper.collectMethodsByGroup() took 0 ms.
2026-04-26 11:52:20 INFO  org.testng.internal.Utils - [Utils] MethodGroupsHelper.sortMethods() took 0 ms.
2026-04-26 11:52:20 INFO  org.testng.internal.Utils - [Utils] MethodGroupsHelper.collectMethodsByGroup() took 0 ms.
2026-04-26 11:52:20 INFO  org.testng.internal.Utils - [Utils] MethodGroupsHelper.sortMethods() took 0 ms.
2026-04-26 11:52:20 INFO  org.testng.internal.Utils - [Utils] MethodGroupsHelper.collectMethodsByGroup() took 0 ms.
2026-04-26 11:52:20 INFO  org.testng.internal.Utils - [Utils] MethodGroupsHelper.sortMethods() took 0 ms.
2026-04-26 11:52:20 INFO  org.testng.internal.Utils - [Utils] MethodGroupsHelper.collectMethodsByGroup() took 0 ms.
2026-04-26 11:52:20 INFO  org.testng.internal.Utils - [Utils] MethodGroupsHelper.sortMethods() took 0 ms.
2026-04-26 11:52:20 INFO  org.testng.internal.Utils - [Utils] MethodGroupsHelper.collectMethodsByGroup() took 0 ms.
2026-04-26 11:52:20 INFO  org.testng.internal.Utils - [Utils] MethodGroupsHelper.sortMethods() took 0 ms.
2026-04-26 11:52:20 INFO  org.testng.internal.Utils - [Utils] MethodGroupsHelper.collectMethodsByGroup() took 3 ms.
2026-04-26 11:52:20 INFO  org.testng.internal.Utils - [Utils] MethodGroupsHelper.sortMethods() took 5 ms.
2026-04-26 11:52:20 INFO  org.testng.internal.Utils - [Utils] MethodGroupsHelper.collectMethodsByGroup() took 0 ms.
2026-04-26 11:52:20 INFO  org.testng.internal.Utils - [Utils] MethodGroupsHelper.sortMethods() took 0 ms.
2026-04-26 11:52:20 INFO  org.testng.internal.Utils - [Utils] MethodGroupsHelper.collectMethodsByGroup() took 0 ms.
2026-04-26 11:52:20 INFO  org.testng.internal.Utils - [Utils] MethodGroupsHelper.sortMethods() took 0 ms.
2026-04-26 11:52:20 INFO  org.testng.internal.Utils - [Utils] MethodGroupsHelper.collectMethodsByGroup() took 0 ms.
2026-04-26 11:52:20 INFO  org.testng.internal.Utils - [Utils] MethodGroupsHelper.sortMethods() took 0 ms.
2026-04-26 11:52:20 INFO  org.testng.internal.Utils - [Utils] MethodGroupsHelper.collectMethodsByGroup() took 0 ms.
2026-04-26 11:52:20 INFO  org.testng.internal.Utils - [Utils] MethodGroupsHelper.sortMethods() took 0 ms.
2026-04-26 11:52:20 INFO  org.testng.internal.Utils - [Utils] MethodGroupsHelper.collectMethodsByGroup() took 0 ms.
2026-04-26 11:52:20 INFO  org.testng.internal.Utils - [Utils] MethodGroupsHelper.sortMethods() took 0 ms.
2026-04-26 11:52:20 INFO  org.testng.internal.Utils - [Utils] MethodGroupsHelper.collectMethodsByGroup() took 0 ms.
2026-04-26 11:52:20 INFO  org.testng.internal.Utils - [Utils] MethodGroupsHelper.sortMethods() took 0 ms.
2026-04-26 11:52:20 INFO  org.testng.internal.Utils - [TestNG] Running:
  C:\Users\Rahul\AppData\Local\Temp\testng-eclipse-1151788571\testng-customsuite.xml

2026-04-26 11:52:20 INFO  org.testng.internal.Utils - [Utils] DynamicGraphHelper.createDynamicGraph() took 4 ms.
2026-04-26 11:52:45 INFO  org.testng.internal.Utils - [TestNG] Time taken by org.testng.reporters.jq.Main@42ea287: 43 ms
2026-04-26 11:52:45 INFO  org.testng.internal.Utils - [TestNG] Time taken by org.testng.reporters.FailedReporter@fd9ebde: 7 ms
2026-04-26 11:52:45 INFO  org.testng.internal.Utils - [TestNG] Time taken by org.testng.reporters.XMLReporter@62e93c3a: 6 ms
2026-04-26 11:52:45 INFO  org.testng.internal.Utils - [TestNG] Time taken by org.testng.reporters.EmailableReporter2@53ec2968: 7 ms
2026-04-26 11:52:45 INFO  org.testng.internal.Utils - [TestNG] Time taken by org.testng.reporters.JUnitReportReporter@62db3891: 8 ms
2026-04-26 11:52:45 INFO  org.testng.internal.Utils - [TestNG] Time taken by org.testng.internal.ExitCodeListener@61cd1c71: 0 ms
2026-04-26 11:53:17 DEBUG org.testng.TestNG - suiteXmlPath: "C:\Users\Rahul\AppData\Local\Temp\testng-eclipse-314266836\testng-customsuite.xml"
2026-04-26 11:53:18 INFO  org.testng.internal.Utils - [Utils] MethodGroupsHelper.collectMethodsByGroup() took 0 ms.
2026-04-26 11:53:18 INFO  org.testng.internal.Utils - [Utils] MethodGroupsHelper.sortMethods() took 0 ms.
2026-04-26 11:53:18 INFO  org.testng.internal.Utils - [Utils] MethodGroupsHelper.collectMethodsByGroup() took 0 ms.
2026-04-26 11:53:18 INFO  org.testng.internal.Utils - [Utils] MethodGroupsHelper.sortMethods() took 0 ms.
2026-04-26 11:53:18 INFO  org.testng.internal.Utils - [Utils] MethodGroupsHelper.collectMethodsByGroup() took 0 ms.
2026-04-26 11:53:18 INFO  org.testng.internal.Utils - [Utils] MethodGroupsHelper.sortMethods() took 0 ms.
2026-04-26 11:53:18 INFO  org.testng.internal.Utils - [Utils] MethodGroupsHelper.collectMethodsByGroup() took 0 ms.
2026-04-26 11:53:18 INFO  org.testng.internal.Utils - [Utils] MethodGroupsHelper.sortMethods() took 0 ms.
2026-04-26 11:53:18 INFO  org.testng.internal.Utils - [Utils] MethodGroupsHelper.collectMethodsByGroup() took 0 ms.
2026-04-26 11:53:18 INFO  org.testng.internal.Utils - [Utils] MethodGroupsHelper.sortMethods() took 0 ms.
2026-04-26 11:53:18 INFO  org.testng.internal.Utils - [Utils] MethodGroupsHelper.collectMethodsByGroup() took 0 ms.
2026-04-26 11:53:18 INFO  org.testng.internal.Utils - [Utils] MethodGroupsHelper.sortMethods() took 0 ms.
2026-04-26 11:53:18 INFO  org.testng.internal.Utils - [Utils] MethodGroupsHelper.collectMethodsByGroup() took 0 ms.
2026-04-26 11:53:18 INFO  org.testng.internal.Utils - [Utils] MethodGroupsHelper.sortMethods() took 0 ms.
2026-04-26 11:53:18 INFO  org.testng.internal.Utils - [Utils] MethodGroupsHelper.collectMethodsByGroup() took 0 ms.
2026-04-26 11:53:18 INFO  org.testng.internal.Utils - [Utils] MethodGroupsHelper.sortMethods() took 0 ms.
2026-04-26 11:53:18 INFO  org.testng.internal.Utils - [Utils] MethodGroupsHelper.collectMethodsByGroup() took 3 ms.
2026-04-26 11:53:18 INFO  org.testng.internal.Utils - [Utils] MethodGroupsHelper.sortMethods() took 7 ms.
2026-04-26 11:53:18 INFO  org.testng.internal.Utils - [Utils] MethodGroupsHelper.collectMethodsByGroup() took 0 ms.
2026-04-26 11:53:18 INFO  org.testng.internal.Utils - [Utils] MethodGroupsHelper.sortMethods() took 1 ms.
2026-04-26 11:53:18 INFO  org.testng.internal.Utils - [Utils] MethodGroupsHelper.collectMethodsByGroup() took 0 ms.
2026-04-26 11:53:18 INFO  org.testng.internal.Utils - [Utils] MethodGroupsHelper.sortMethods() took 0 ms.
2026-04-26 11:53:18 INFO  org.testng.internal.Utils - [Utils] MethodGroupsHelper.collectMethodsByGroup() took 0 ms.
2026-04-26 11:53:18 INFO  org.testng.internal.Utils - [Utils] MethodGroupsHelper.sortMethods() took 0 ms.
2026-04-26 11:53:18 INFO  org.testng.internal.Utils - [Utils] MethodGroupsHelper.collectMethodsByGroup() took 0 ms.
2026-04-26 11:53:18 INFO  org.testng.internal.Utils - [Utils] MethodGroupsHelper.sortMethods() took 0 ms.
2026-04-26 11:53:18 INFO  org.testng.internal.Utils - [Utils] MethodGroupsHelper.collectMethodsByGroup() took 0 ms.
2026-04-26 11:53:18 INFO  org.testng.internal.Utils - [Utils] MethodGroupsHelper.sortMethods() took 0 ms.
2026-04-26 11:53:18 INFO  org.testng.internal.Utils - [Utils] MethodGroupsHelper.collectMethodsByGroup() took 0 ms.
2026-04-26 11:53:18 INFO  org.testng.internal.Utils - [Utils] MethodGroupsHelper.sortMethods() took 0 ms.
2026-04-26 11:53:18 INFO  org.testng.internal.Utils - [TestNG] Running:
  C:\Users\Rahul\AppData\Local\Temp\testng-eclipse-314266836\testng-customsuite.xml

2026-04-26 11:53:18 INFO  org.testng.internal.Utils - [Utils] DynamicGraphHelper.createDynamicGraph() took 3 ms.
2026-04-26 11:53:45 INFO  org.testng.internal.Utils - [TestNG] Time taken by org.testng.reporters.jq.Main@78e22d35: 40 ms
2026-04-26 11:53:45 INFO  org.testng.internal.Utils - [TestNG] Time taken by org.testng.reporters.FailedReporter@1aabf50d: 1 ms
2026-04-26 11:53:45 INFO  org.testng.internal.Utils - [TestNG] Time taken by org.testng.reporters.XMLReporter@62db3891: 5 ms
2026-04-26 11:53:45 INFO  org.testng.internal.Utils - [TestNG] Time taken by org.testng.reporters.EmailableReporter2@78d6447a: 4 ms
2026-04-26 11:53:45 INFO  org.testng.internal.Utils - [TestNG] Time taken by org.testng.reporters.JUnitReportReporter@6a472566: 5 ms
2026-04-26 11:53:45 INFO  org.testng.internal.Utils - [TestNG] Time taken by org.testng.internal.ExitCodeListener@1907874b: 0 ms
2026-04-26 11:54:34 DEBUG org.testng.TestNG - suiteXmlPath: "C:\Users\Rahul\AppData\Local\Temp\testng-eclipse-136637082\testng-customsuite.xml"
2026-04-26 11:54:34 INFO  org.testng.internal.Utils - [Utils] MethodGroupsHelper.collectMethodsByGroup() took 1 ms.
2026-04-26 11:54:34 INFO  org.testng.internal.Utils - [Utils] MethodGroupsHelper.sortMethods() took 1 ms.
2026-04-26 11:54:34 INFO  org.testng.internal.Utils - [Utils] MethodGroupsHelper.collectMethodsByGroup() took 0 ms.
2026-04-26 11:54:34 INFO  org.testng.internal.Utils - [Utils] MethodGroupsHelper.sortMethods() took 0 ms.
2026-04-26 11:54:34 INFO  org.testng.internal.Utils - [Utils] MethodGroupsHelper.collectMethodsByGroup() took 0 ms.
2026-04-26 11:54:34 INFO  org.testng.internal.Utils - [Utils] MethodGroupsHelper.sortMethods() took 0 ms.
2026-04-26 11:54:34 INFO  org.testng.internal.Utils - [Utils] MethodGroupsHelper.collectMethodsByGroup() took 0 ms.
2026-04-26 11:54:34 INFO  org.testng.internal.Utils - [Utils] MethodGroupsHelper.sortMethods() took 0 ms.
2026-04-26 11:54:34 INFO  org.testng.internal.Utils - [Utils] MethodGroupsHelper.collectMethodsByGroup() took 0 ms.
2026-04-26 11:54:34 INFO  org.testng.internal.Utils - [Utils] MethodGroupsHelper.sortMethods() took 0 ms.
2026-04-26 11:54:34 INFO  org.testng.internal.Utils - [Utils] MethodGroupsHelper.collectMethodsByGroup() took 0 ms.
2026-04-26 11:54:34 INFO  org.testng.internal.Utils - [Utils] MethodGroupsHelper.sortMethods() took 0 ms.
2026-04-26 11:54:34 INFO  org.testng.internal.Utils - [Utils] MethodGroupsHelper.collectMethodsByGroup() took 0 ms.
2026-04-26 11:54:34 INFO  org.testng.internal.Utils - [Utils] MethodGroupsHelper.sortMethods() took 0 ms.
2026-04-26 11:54:34 INFO  org.testng.internal.Utils - [Utils] MethodGroupsHelper.collectMethodsByGroup() took 0 ms.
2026-04-26 11:54:34 INFO  org.testng.internal.Utils - [Utils] MethodGroupsHelper.sortMethods() took 0 ms.
2026-04-26 11:54:34 INFO  org.testng.internal.Utils - [Utils] MethodGroupsHelper.collectMethodsByGroup() took 7 ms.
2026-04-26 11:54:34 INFO  org.testng.internal.Utils - [Utils] MethodGroupsHelper.sortMethods() took 13 ms.
2026-04-26 11:54:34 INFO  org.testng.internal.Utils - [Utils] MethodGroupsHelper.collectMethodsByGroup() took 0 ms.
2026-04-26 11:54:34 INFO  org.testng.internal.Utils - [Utils] MethodGroupsHelper.sortMethods() took 0 ms.
2026-04-26 11:54:34 INFO  org.testng.internal.Utils - [Utils] MethodGroupsHelper.collectMethodsByGroup() took 0 ms.
2026-04-26 11:54:34 INFO  org.testng.internal.Utils - [Utils] MethodGroupsHelper.sortMethods() took 0 ms.
2026-04-26 11:54:34 INFO  org.testng.internal.Utils - [Utils] MethodGroupsHelper.collectMethodsByGroup() took 0 ms.
2026-04-26 11:54:34 INFO  org.testng.internal.Utils - [Utils] MethodGroupsHelper.sortMethods() took 0 ms.
2026-04-26 11:54:34 INFO  org.testng.internal.Utils - [Utils] MethodGroupsHelper.collectMethodsByGroup() took 10 ms.
2026-04-26 11:54:34 INFO  org.testng.internal.Utils - [Utils] MethodGroupsHelper.sortMethods() took 0 ms.
2026-04-26 11:54:34 INFO  org.testng.internal.Utils - [Utils] MethodGroupsHelper.collectMethodsByGroup() took 0 ms.
2026-04-26 11:54:34 INFO  org.testng.internal.Utils - [Utils] MethodGroupsHelper.sortMethods() took 0 ms.
2026-04-26 11:54:34 INFO  org.testng.internal.Utils - [Utils] MethodGroupsHelper.collectMethodsByGroup() took 0 ms.
2026-04-26 11:54:34 INFO  org.testng.internal.Utils - [Utils] MethodGroupsHelper.sortMethods() took 0 ms.
2026-04-26 11:54:34 INFO  org.testng.internal.Utils - [TestNG] Running:
  C:\Users\Rahul\AppData\Local\Temp\testng-eclipse-136637082\testng-customsuite.xml

2026-04-26 11:54:34 INFO  org.testng.internal.Utils - [Utils] DynamicGraphHelper.createDynamicGraph() took 4 ms.
2026-04-26 11:54:48 INFO  org.testng.internal.Utils - [TestNG] Time taken by org.testng.reporters.jq.Main@7be71476: 36 ms
2026-04-26 11:54:48 INFO  org.testng.internal.Utils - [TestNG] Time taken by org.testng.reporters.FailedReporter@5580d62f: 1 ms
2026-04-26 11:54:48 INFO  org.testng.internal.Utils - [TestNG] Time taken by org.testng.reporters.XMLReporter@2e53b094: 4 ms
2026-04-26 11:54:48 INFO  org.testng.internal.Utils - [TestNG] Time taken by org.testng.reporters.EmailableReporter2@639aba11: 5 ms
2026-04-26 11:54:48 INFO  org.testng.internal.Utils - [TestNG] Time taken by org.testng.reporters.JUnitReportReporter@4554de02: 5 ms
2026-04-26 11:54:48 INFO  org.testng.internal.Utils - [TestNG] Time taken by org.testng.internal.ExitCodeListener@3f9f71ff: 0 ms
2026-04-26 11:55:19 DEBUG org.testng.TestNG - suiteXmlPath: "C:\Users\Rahul\AppData\Local\Temp\testng-eclipse--847504632\testng-customsuite.xml"
2026-04-26 11:55:19 INFO  org.testng.internal.Utils - [Utils] MethodGroupsHelper.collectMethodsByGroup() took 0 ms.
2026-04-26 11:55:19 INFO  org.testng.internal.Utils - [Utils] MethodGroupsHelper.sortMethods() took 0 ms.
2026-04-26 11:55:19 INFO  org.testng.internal.Utils - [Utils] MethodGroupsHelper.collectMethodsByGroup() took 0 ms.
2026-04-26 11:55:19 INFO  org.testng.internal.Utils - [Utils] MethodGroupsHelper.sortMethods() took 0 ms.
2026-04-26 11:55:19 INFO  org.testng.internal.Utils - [Utils] MethodGroupsHelper.collectMethodsByGroup() took 0 ms.
2026-04-26 11:55:19 INFO  org.testng.internal.Utils - [Utils] MethodGroupsHelper.sortMethods() took 0 ms.
2026-04-26 11:55:19 INFO  org.testng.internal.Utils - [Utils] MethodGroupsHelper.collectMethodsByGroup() took 0 ms.
2026-04-26 11:55:19 INFO  org.testng.internal.Utils - [Utils] MethodGroupsHelper.sortMethods() took 0 ms.
2026-04-26 11:55:19 INFO  org.testng.internal.Utils - [Utils] MethodGroupsHelper.collectMethodsByGroup() took 0 ms.
2026-04-26 11:55:19 INFO  org.testng.internal.Utils - [Utils] MethodGroupsHelper.sortMethods() took 0 ms.
2026-04-26 11:55:19 INFO  org.testng.internal.Utils - [Utils] MethodGroupsHelper.collectMethodsByGroup() took 0 ms.
2026-04-26 11:55:19 INFO  org.testng.internal.Utils - [Utils] MethodGroupsHelper.sortMethods() took 0 ms.
2026-04-26 11:55:19 INFO  org.testng.internal.Utils - [Utils] MethodGroupsHelper.collectMethodsByGroup() took 0 ms.
2026-04-26 11:55:19 INFO  org.testng.internal.Utils - [Utils] MethodGroupsHelper.sortMethods() took 0 ms.
2026-04-26 11:55:19 INFO  org.testng.internal.Utils - [Utils] MethodGroupsHelper.collectMethodsByGroup() took 0 ms.
2026-04-26 11:55:19 INFO  org.testng.internal.Utils - [Utils] MethodGroupsHelper.sortMethods() took 0 ms.
2026-04-26 11:55:19 INFO  org.testng.internal.Utils - [Utils] MethodGroupsHelper.collectMethodsByGroup() took 5 ms.
2026-04-26 11:55:19 INFO  org.testng.internal.Utils - [Utils] MethodGroupsHelper.sortMethods() took 13 ms.
2026-04-26 11:55:19 INFO  org.testng.internal.Utils - [Utils] MethodGroupsHelper.collectMethodsByGroup() took 0 ms.
2026-04-26 11:55:19 INFO  org.testng.internal.Utils - [Utils] MethodGroupsHelper.sortMethods() took 0 ms.
2026-04-26 11:55:19 INFO  org.testng.internal.Utils - [Utils] MethodGroupsHelper.collectMethodsByGroup() took 0 ms.
2026-04-26 11:55:19 INFO  org.testng.internal.Utils - [Utils] MethodGroupsHelper.sortMethods() took 0 ms.
2026-04-26 11:55:19 INFO  org.testng.internal.Utils - [Utils] MethodGroupsHelper.collectMethodsByGroup() took 0 ms.
2026-04-26 11:55:19 INFO  org.testng.internal.Utils - [Utils] MethodGroupsHelper.sortMethods() took 0 ms.
2026-04-26 11:55:19 INFO  org.testng.internal.Utils - [Utils] MethodGroupsHelper.collectMethodsByGroup() took 10 ms.
2026-04-26 11:55:19 INFO  org.testng.internal.Utils - [Utils] MethodGroupsHelper.sortMethods() took 1 ms.
2026-04-26 11:55:19 INFO  org.testng.internal.Utils - [Utils] MethodGroupsHelper.collectMethodsByGroup() took 0 ms.
2026-04-26 11:55:19 INFO  org.testng.internal.Utils - [Utils] MethodGroupsHelper.sortMethods() took 0 ms.
2026-04-26 11:55:19 INFO  org.testng.internal.Utils - [Utils] MethodGroupsHelper.collectMethodsByGroup() took 0 ms.
2026-04-26 11:55:19 INFO  org.testng.internal.Utils - [Utils] MethodGroupsHelper.sortMethods() took 0 ms.
2026-04-26 11:55:19 INFO  org.testng.internal.Utils - [TestNG] Running:
  C:\Users\Rahul\AppData\Local\Temp\testng-eclipse--847504632\testng-customsuite.xml

2026-04-26 11:55:19 INFO  org.testng.internal.Utils - [Utils] DynamicGraphHelper.createDynamicGraph() took 4 ms.
2026-04-26 11:55:34 INFO  org.testng.internal.Utils - [TestNG] Time taken by org.testng.reporters.jq.Main@499ef98e: 35 ms
2026-04-26 11:55:34 INFO  org.testng.internal.Utils - [TestNG] Time taken by org.testng.reporters.FailedReporter@9e2ad91: 9 ms
2026-04-26 11:55:34 INFO  org.testng.internal.Utils - [TestNG] Time taken by org.testng.reporters.XMLReporter@4867ab9f: 6 ms
2026-04-26 11:55:34 INFO  org.testng.internal.Utils - [TestNG] Time taken by org.testng.reporters.EmailableReporter2@54f4a7f0: 5 ms
2026-04-26 11:55:34 INFO  org.testng.internal.Utils - [TestNG] Time taken by org.testng.reporters.JUnitReportReporter@670d4d38: 6 ms
2026-04-26 11:55:34 INFO  org.testng.internal.Utils - [TestNG] Time taken by org.testng.internal.ExitCodeListener@131ff6fa: 0 ms
2026-04-26 12:00:47 DEBUG org.testng.TestNG - suiteXmlPath: "C:\Users\Rahul\AppData\Local\Temp\testng-eclipse-639440953\testng-customsuite.xml"
2026-04-26 12:00:48 INFO  org.testng.internal.Utils - [Utils] MethodGroupsHelper.collectMethodsByGroup() took 0 ms.
2026-04-26 12:00:48 INFO  org.testng.internal.Utils - [Utils] MethodGroupsHelper.sortMethods() took 2 ms.
2026-04-26 12:00:48 INFO  org.testng.internal.Utils - [Utils] MethodGroupsHelper.collectMethodsByGroup() took 0 ms.
2026-04-26 12:00:48 INFO  org.testng.internal.Utils - [Utils] MethodGroupsHelper.sortMethods() took 0 ms.
2026-04-26 12:00:48 INFO  org.testng.internal.Utils - [Utils] MethodGroupsHelper.collectMethodsByGroup() took 0 ms.
2026-04-26 12:00:48 INFO  org.testng.internal.Utils - [Utils] MethodGroupsHelper.sortMethods() took 0 ms.
2026-04-26 12:00:48 INFO  org.testng.internal.Utils - [Utils] MethodGroupsHelper.collectMethodsByGroup() took 0 ms.
2026-04-26 12:00:48 INFO  org.testng.internal.Utils - [Utils] MethodGroupsHelper.sortMethods() took 0 ms.
2026-04-26 12:00:48 INFO  org.testng.internal.Utils - [Utils] MethodGroupsHelper.collectMethodsByGroup() took 0 ms.
2026-04-26 12:00:48 INFO  org.testng.internal.Utils - [Utils] MethodGroupsHelper.sortMethods() took 0 ms.
2026-04-26 12:00:48 INFO  org.testng.internal.Utils - [Utils] MethodGroupsHelper.collectMethodsByGroup() took 0 ms.
2026-04-26 12:00:48 INFO  org.testng.internal.Utils - [Utils] MethodGroupsHelper.sortMethods() took 0 ms.
2026-04-26 12:00:48 INFO  org.testng.internal.Utils - [Utils] MethodGroupsHelper.collectMethodsByGroup() took 0 ms.
2026-04-26 12:00:48 INFO  org.testng.internal.Utils - [Utils] MethodGroupsHelper.sortMethods() took 0 ms.
2026-04-26 12:00:48 INFO  org.testng.internal.Utils - [Utils] MethodGroupsHelper.collectMethodsByGroup() took 0 ms.
2026-04-26 12:00:48 INFO  org.testng.internal.Utils - [Utils] MethodGroupsHelper.sortMethods() took 0 ms.
2026-04-26 12:00:48 INFO  org.testng.internal.Utils - [Utils] MethodGroupsHelper.collectMethodsByGroup() took 8 ms.
2026-04-26 12:00:48 INFO  org.testng.internal.Utils - [Utils] MethodGroupsHelper.sortMethods() took 14 ms.
2026-04-26 12:00:48 INFO  org.testng.internal.Utils - [Utils] MethodGroupsHelper.collectMethodsByGroup() took 0 ms.
2026-04-26 12:00:48 INFO  org.testng.internal.Utils - [Utils] MethodGroupsHelper.sortMethods() took 0 ms.
2026-04-26 12:00:48 INFO  org.testng.internal.Utils - [Utils] MethodGroupsHelper.collectMethodsByGroup() took 0 ms.
2026-04-26 12:00:48 INFO  org.testng.internal.Utils - [Utils] MethodGroupsHelper.sortMethods() took 0 ms.
2026-04-26 12:00:48 INFO  org.testng.internal.Utils - [Utils] MethodGroupsHelper.collectMethodsByGroup() took 0 ms.
2026-04-26 12:00:48 INFO  org.testng.internal.Utils - [Utils] MethodGroupsHelper.sortMethods() took 0 ms.
2026-04-26 12:00:48 INFO  org.testng.internal.Utils - [Utils] MethodGroupsHelper.collectMethodsByGroup() took 11 ms.
2026-04-26 12:00:48 INFO  org.testng.internal.Utils - [Utils] MethodGroupsHelper.sortMethods() took 0 ms.
2026-04-26 12:00:48 INFO  org.testng.internal.Utils - [Utils] MethodGroupsHelper.collectMethodsByGroup() took 0 ms.
2026-04-26 12:00:48 INFO  org.testng.internal.Utils - [Utils] MethodGroupsHelper.sortMethods() took 0 ms.
2026-04-26 12:00:48 INFO  org.testng.internal.Utils - [Utils] MethodGroupsHelper.collectMethodsByGroup() took 0 ms.
2026-04-26 12:00:48 INFO  org.testng.internal.Utils - [Utils] MethodGroupsHelper.sortMethods() took 0 ms.
2026-04-26 12:00:48 INFO  org.testng.internal.Utils - [TestNG] Running:
  C:\Users\Rahul\AppData\Local\Temp\testng-eclipse-639440953\testng-customsuite.xml

2026-04-26 12:00:48 INFO  org.testng.internal.Utils - [Utils] DynamicGraphHelper.createDynamicGraph() took 4 ms.
2026-04-26 12:01:02 INFO  org.testng.internal.Utils - [TestNG] Time taken by org.testng.reporters.jq.Main@499ef98e: 47 ms
2026-04-26 12:01:02 INFO  org.testng.internal.Utils - [TestNG] Time taken by org.testng.reporters.FailedReporter@9e2ad91: 9 ms
2026-04-26 12:01:02 INFO  org.testng.internal.Utils - [TestNG] Time taken by org.testng.reporters.XMLReporter@4867ab9f: 8 ms
2026-04-26 12:01:02 INFO  org.testng.internal.Utils - [TestNG] Time taken by org.testng.reporters.EmailableReporter2@54f4a7f0: 6 ms
2026-04-26 12:01:02 INFO  org.testng.internal.Utils - [TestNG] Time taken by org.testng.reporters.JUnitReportReporter@670d4d38: 7 ms
2026-04-26 12:01:02 INFO  org.testng.internal.Utils - [TestNG] Time taken by org.testng.internal.ExitCodeListener@131ff6fa: 0 ms
2026-04-26 12:01:24 DEBUG org.testng.TestNG - suiteXmlPath: "C:\Users\Rahul\AppData\Local\Temp\testng-eclipse--485736685\testng-customsuite.xml"
2026-04-26 12:01:25 INFO  org.testng.internal.Utils - [Utils] MethodGroupsHelper.collectMethodsByGroup() took 1 ms.
2026-04-26 12:01:25 INFO  org.testng.internal.Utils - [Utils] MethodGroupsHelper.sortMethods() took 1 ms.
2026-04-26 12:01:25 INFO  org.testng.internal.Utils - [Utils] MethodGroupsHelper.collectMethodsByGroup() took 0 ms.
2026-04-26 12:01:25 INFO  org.testng.internal.Utils - [Utils] MethodGroupsHelper.sortMethods() took 0 ms.
2026-04-26 12:01:25 INFO  org.testng.internal.Utils - [Utils] MethodGroupsHelper.collectMethodsByGroup() took 0 ms.
2026-04-26 12:01:25 INFO  org.testng.internal.Utils - [Utils] MethodGroupsHelper.sortMethods() took 0 ms.
2026-04-26 12:01:25 INFO  org.testng.internal.Utils - [Utils] MethodGroupsHelper.collectMethodsByGroup() took 0 ms.
2026-04-26 12:01:25 INFO  org.testng.internal.Utils - [Utils] MethodGroupsHelper.sortMethods() took 0 ms.
2026-04-26 12:01:25 INFO  org.testng.internal.Utils - [Utils] MethodGroupsHelper.collectMethodsByGroup() took 0 ms.
2026-04-26 12:01:25 INFO  org.testng.internal.Utils - [Utils] MethodGroupsHelper.sortMethods() took 0 ms.
2026-04-26 12:01:25 INFO  org.testng.internal.Utils - [Utils] MethodGroupsHelper.collectMethodsByGroup() took 0 ms.
2026-04-26 12:01:25 INFO  org.testng.internal.Utils - [Utils] MethodGroupsHelper.sortMethods() took 0 ms.
2026-04-26 12:01:25 INFO  org.testng.internal.Utils - [Utils] MethodGroupsHelper.collectMethodsByGroup() took 0 ms.
2026-04-26 12:01:25 INFO  org.testng.internal.Utils - [Utils] MethodGroupsHelper.sortMethods() took 0 ms.
2026-04-26 12:01:25 INFO  org.testng.internal.Utils - [Utils] MethodGroupsHelper.collectMethodsByGroup() took 0 ms.
2026-04-26 12:01:25 INFO  org.testng.internal.Utils - [Utils] MethodGroupsHelper.sortMethods() took 0 ms.
2026-04-26 12:01:25 INFO  org.testng.internal.Utils - [Utils] MethodGroupsHelper.collectMethodsByGroup() took 6 ms.
2026-04-26 12:01:25 INFO  org.testng.internal.Utils - [Utils] MethodGroupsHelper.sortMethods() took 11 ms.
2026-04-26 12:01:25 INFO  org.testng.internal.Utils - [Utils] MethodGroupsHelper.collectMethodsByGroup() took 0 ms.
2026-04-26 12:01:25 INFO  org.testng.internal.Utils - [Utils] MethodGroupsHelper.sortMethods() took 0 ms.
2026-04-26 12:01:25 INFO  org.testng.internal.Utils - [Utils] MethodGroupsHelper.collectMethodsByGroup() took 0 ms.
2026-04-26 12:01:25 INFO  org.testng.internal.Utils - [Utils] MethodGroupsHelper.sortMethods() took 0 ms.
2026-04-26 12:01:25 INFO  org.testng.internal.Utils - [Utils] MethodGroupsHelper.collectMethodsByGroup() took 0 ms.
2026-04-26 12:01:25 INFO  org.testng.internal.Utils - [Utils] MethodGroupsHelper.sortMethods() took 0 ms.
2026-04-26 12:01:25 INFO  org.testng.internal.Utils - [Utils] MethodGroupsHelper.collectMethodsByGroup() took 9 ms.
2026-04-26 12:01:25 INFO  org.testng.internal.Utils - [Utils] MethodGroupsHelper.sortMethods() took 0 ms.
2026-04-26 12:01:25 INFO  org.testng.internal.Utils - [Utils] MethodGroupsHelper.collectMethodsByGroup() took 0 ms.
2026-04-26 12:01:25 INFO  org.testng.internal.Utils - [Utils] MethodGroupsHelper.sortMethods() took 0 ms.
2026-04-26 12:01:25 INFO  org.testng.internal.Utils - [Utils] MethodGroupsHelper.collectMethodsByGroup() took 0 ms.
2026-04-26 12:01:25 INFO  org.testng.internal.Utils - [Utils] MethodGroupsHelper.sortMethods() took 0 ms.
2026-04-26 12:01:25 INFO  org.testng.internal.Utils - [TestNG] Running:
  C:\Users\Rahul\AppData\Local\Temp\testng-eclipse--485736685\testng-customsuite.xml

2026-04-26 12:01:25 INFO  org.testng.internal.Utils - [Utils] DynamicGraphHelper.createDynamicGraph() took 3 ms.
2026-04-26 12:01:32 INFO  org.testng.internal.Utils - [TestNG] Time taken by org.testng.reporters.jq.Main@21d1b321: 90 ms
2026-04-26 12:01:32 INFO  org.testng.internal.Utils - [TestNG] Time taken by org.testng.reporters.FailedReporter@67594471: 24 ms
2026-04-26 12:01:32 INFO  org.testng.internal.Utils - [TestNG] Time taken by org.testng.reporters.XMLReporter@7f7af971: 13 ms
2026-04-26 12:01:32 INFO  org.testng.internal.Utils - [TestNG] Time taken by org.testng.reporters.EmailableReporter2@51ce6f85: 21 ms
2026-04-26 12:01:32 INFO  org.testng.internal.Utils - [TestNG] Time taken by org.testng.reporters.JUnitReportReporter@5b275174: 9 ms
2026-04-26 12:01:32 INFO  org.testng.internal.Utils - [TestNG] Time taken by org.testng.internal.ExitCodeListener@10ef5fa0: 0 ms
2026-04-26 12:02:32 DEBUG org.testng.TestNG - suiteXmlPath: "C:\Users\Rahul\AppData\Local\Temp\testng-eclipse-1018539569\testng-customsuite.xml"
2026-04-26 12:02:32 INFO  org.testng.internal.Utils - [Utils] MethodGroupsHelper.collectMethodsByGroup() took 1 ms.
2026-04-26 12:02:32 INFO  org.testng.internal.Utils - [Utils] MethodGroupsHelper.sortMethods() took 2 ms.
2026-04-26 12:02:32 INFO  org.testng.internal.Utils - [Utils] MethodGroupsHelper.collectMethodsByGroup() took 0 ms.
2026-04-26 12:02:32 INFO  org.testng.internal.Utils - [Utils] MethodGroupsHelper.sortMethods() took 0 ms.
2026-04-26 12:02:32 INFO  org.testng.internal.Utils - [Utils] MethodGroupsHelper.collectMethodsByGroup() took 0 ms.
2026-04-26 12:02:32 INFO  org.testng.internal.Utils - [Utils] MethodGroupsHelper.sortMethods() took 0 ms.
2026-04-26 12:02:32 INFO  org.testng.internal.Utils - [Utils] MethodGroupsHelper.collectMethodsByGroup() took 0 ms.
2026-04-26 12:02:32 INFO  org.testng.internal.Utils - [Utils] MethodGroupsHelper.sortMethods() took 0 ms.
2026-04-26 12:02:32 INFO  org.testng.internal.Utils - [Utils] MethodGroupsHelper.collectMethodsByGroup() took 0 ms.
2026-04-26 12:02:32 INFO  org.testng.internal.Utils - [Utils] MethodGroupsHelper.sortMethods() took 0 ms.
2026-04-26 12:02:32 INFO  org.testng.internal.Utils - [Utils] MethodGroupsHelper.collectMethodsByGroup() took 0 ms.
2026-04-26 12:02:32 INFO  org.testng.internal.Utils - [Utils] MethodGroupsHelper.sortMethods() took 0 ms.
2026-04-26 12:02:32 INFO  org.testng.internal.Utils - [Utils] MethodGroupsHelper.collectMethodsByGroup() took 0 ms.
2026-04-26 12:02:32 INFO  org.testng.internal.Utils - [Utils] MethodGroupsHelper.sortMethods() took 0 ms.
2026-04-26 12:02:32 INFO  org.testng.internal.Utils - [Utils] MethodGroupsHelper.collectMethodsByGroup() took 0 ms.
2026-04-26 12:02:32 INFO  org.testng.internal.Utils - [Utils] MethodGroupsHelper.sortMethods() took 0 ms.
2026-04-26 12:02:32 INFO  org.testng.internal.Utils - [Utils] MethodGroupsHelper.collectMethodsByGroup() took 5 ms.
2026-04-26 12:02:32 INFO  org.testng.internal.Utils - [Utils] MethodGroupsHelper.sortMethods() took 9 ms.
2026-04-26 12:02:32 INFO  org.testng.internal.Utils - [Utils] MethodGroupsHelper.collectMethodsByGroup() took 0 ms.
2026-04-26 12:02:32 INFO  org.testng.internal.Utils - [Utils] MethodGroupsHelper.sortMethods() took 0 ms.
2026-04-26 12:02:32 INFO  org.testng.internal.Utils - [Utils] MethodGroupsHelper.collectMethodsByGroup() took 0 ms.
2026-04-26 12:02:32 INFO  org.testng.internal.Utils - [Utils] MethodGroupsHelper.sortMethods() took 0 ms.
2026-04-26 12:02:32 INFO  org.testng.internal.Utils - [Utils] MethodGroupsHelper.collectMethodsByGroup() took 0 ms.
2026-04-26 12:02:32 INFO  org.testng.internal.Utils - [Utils] MethodGroupsHelper.sortMethods() took 0 ms.
2026-04-26 12:02:32 INFO  org.testng.internal.Utils - [Utils] MethodGroupsHelper.collectMethodsByGroup() took 9 ms.
2026-04-26 12:02:32 INFO  org.testng.internal.Utils - [Utils] MethodGroupsHelper.sortMethods() took 1 ms.
2026-04-26 12:02:32 INFO  org.testng.internal.Utils - [Utils] MethodGroupsHelper.collectMethodsByGroup() took 0 ms.
2026-04-26 12:02:32 INFO  org.testng.internal.Utils - [Utils] MethodGroupsHelper.sortMethods() took 0 ms.
2026-04-26 12:02:32 INFO  org.testng.internal.Utils - [Utils] MethodGroupsHelper.collectMethodsByGroup() took 0 ms.
2026-04-26 12:02:32 INFO  org.testng.internal.Utils - [Utils] MethodGroupsHelper.sortMethods() took 0 ms.
2026-04-26 12:02:32 INFO  org.testng.internal.Utils - [TestNG] Running:
  C:\Users\Rahul\AppData\Local\Temp\testng-eclipse-1018539569\testng-customsuite.xml

2026-04-26 12:02:32 INFO  org.testng.internal.Utils - [Utils] DynamicGraphHelper.createDynamicGraph() took 5 ms.
2026-04-26 12:02:46 INFO  org.testng.internal.Utils - [TestNG] Time taken by org.testng.reporters.jq.Main@cbc8d0f: 92 ms
2026-04-26 12:02:46 INFO  org.testng.internal.Utils - [TestNG] Time taken by org.testng.reporters.FailedReporter@16eedaa6: 29 ms
2026-04-26 12:02:46 INFO  org.testng.internal.Utils - [TestNG] Time taken by org.testng.reporters.XMLReporter@58496c97: 15 ms
2026-04-26 12:02:46 INFO  org.testng.internal.Utils - [TestNG] Time taken by org.testng.reporters.EmailableReporter2@79d06bbd: 18 ms
2026-04-26 12:02:46 INFO  org.testng.internal.Utils - [TestNG] Time taken by org.testng.reporters.JUnitReportReporter@45bf6f39: 13 ms
2026-04-26 12:02:46 INFO  org.testng.internal.Utils - [TestNG] Time taken by org.testng.internal.ExitCodeListener@6c42f2a1: 0 ms
2026-04-26 12:08:29 DEBUG org.testng.TestNG - suiteXmlPath: "C:\Users\Rahul\AppData\Local\Temp\testng-eclipse-1654269513\testng-customsuite.xml"
2026-04-26 12:08:29 INFO  org.testng.internal.Utils - [Utils] MethodGroupsHelper.collectMethodsByGroup() took 1 ms.
2026-04-26 12:08:29 INFO  org.testng.internal.Utils - [Utils] MethodGroupsHelper.sortMethods() took 0 ms.
2026-04-26 12:08:29 INFO  org.testng.internal.Utils - [Utils] MethodGroupsHelper.collectMethodsByGroup() took 0 ms.
2026-04-26 12:08:29 INFO  org.testng.internal.Utils - [Utils] MethodGroupsHelper.sortMethods() took 0 ms.
2026-04-26 12:08:29 INFO  org.testng.internal.Utils - [Utils] MethodGroupsHelper.collectMethodsByGroup() took 0 ms.
2026-04-26 12:08:29 INFO  org.testng.internal.Utils - [Utils] MethodGroupsHelper.sortMethods() took 0 ms.
2026-04-26 12:08:29 INFO  org.testng.internal.Utils - [Utils] MethodGroupsHelper.collectMethodsByGroup() took 0 ms.
2026-04-26 12:08:29 INFO  org.testng.internal.Utils - [Utils] MethodGroupsHelper.sortMethods() took 0 ms.
2026-04-26 12:08:29 INFO  org.testng.internal.Utils - [Utils] MethodGroupsHelper.collectMethodsByGroup() took 0 ms.
2026-04-26 12:08:29 INFO  org.testng.internal.Utils - [Utils] MethodGroupsHelper.sortMethods() took 0 ms.
2026-04-26 12:08:29 INFO  org.testng.internal.Utils - [Utils] MethodGroupsHelper.collectMethodsByGroup() took 0 ms.
2026-04-26 12:08:29 INFO  org.testng.internal.Utils - [Utils] MethodGroupsHelper.sortMethods() took 0 ms.
2026-04-26 12:08:29 INFO  org.testng.internal.Utils - [Utils] MethodGroupsHelper.collectMethodsByGroup() took 0 ms.
2026-04-26 12:08:29 INFO  org.testng.internal.Utils - [Utils] MethodGroupsHelper.sortMethods() took 0 ms.
2026-04-26 12:08:29 INFO  org.testng.internal.Utils - [Utils] MethodGroupsHelper.collectMethodsByGroup() took 0 ms.
2026-04-26 12:08:29 INFO  org.testng.internal.Utils - [Utils] MethodGroupsHelper.sortMethods() took 0 ms.
2026-04-26 12:08:29 INFO  org.testng.internal.Utils - [Utils] MethodGroupsHelper.collectMethodsByGroup() took 5 ms.
2026-04-26 12:08:30 INFO  org.testng.internal.Utils - [Utils] MethodGroupsHelper.sortMethods() took 10 ms.
2026-04-26 12:08:30 INFO  org.testng.internal.Utils - [Utils] MethodGroupsHelper.collectMethodsByGroup() took 0 ms.
2026-04-26 12:08:30 INFO  org.testng.internal.Utils - [Utils] MethodGroupsHelper.sortMethods() took 0 ms.
2026-04-26 12:08:30 INFO  org.testng.internal.Utils - [Utils] MethodGroupsHelper.collectMethodsByGroup() took 0 ms.
2026-04-26 12:08:30 INFO  org.testng.internal.Utils - [Utils] MethodGroupsHelper.sortMethods() took 0 ms.
2026-04-26 12:08:30 INFO  org.testng.internal.Utils - [Utils] MethodGroupsHelper.collectMethodsByGroup() took 0 ms.
2026-04-26 12:08:30 INFO  org.testng.internal.Utils - [Utils] MethodGroupsHelper.sortMethods() took 0 ms.
2026-04-26 12:08:30 INFO  org.testng.internal.Utils - [Utils] MethodGroupsHelper.collectMethodsByGroup() took 7 ms.
2026-04-26 12:08:30 INFO  org.testng.internal.Utils - [Utils] MethodGroupsHelper.sortMethods() took 0 ms.
2026-04-26 12:08:30 INFO  org.testng.internal.Utils - [Utils] MethodGroupsHelper.collectMethodsByGroup() took 0 ms.
2026-04-26 12:08:30 INFO  org.testng.internal.Utils - [Utils] MethodGroupsHelper.sortMethods() took 0 ms.
2026-04-26 12:08:30 INFO  org.testng.internal.Utils - [Utils] MethodGroupsHelper.collectMethodsByGroup() took 0 ms.
2026-04-26 12:08:30 INFO  org.testng.internal.Utils - [Utils] MethodGroupsHelper.sortMethods() took 0 ms.
2026-04-26 12:08:30 INFO  org.testng.internal.Utils - [TestNG] Running:
  C:\Users\Rahul\AppData\Local\Temp\testng-eclipse-1654269513\testng-customsuite.xml

2026-04-26 12:08:30 INFO  org.testng.internal.Utils - [Utils] DynamicGraphHelper.createDynamicGraph() took 2 ms.
2026-04-26 12:08:44 INFO  com.Tests.ProductListingPageTest - Product removed from cart
2026-04-26 12:08:45 INFO  org.testng.internal.Utils - [TestNG] Time taken by org.testng.reporters.jq.Main@35cd68d4: 87 ms
2026-04-26 12:08:45 INFO  org.testng.internal.Utils - [TestNG] Time taken by org.testng.reporters.FailedReporter@6ba30587: 2 ms
2026-04-26 12:08:45 INFO  org.testng.internal.Utils - [TestNG] Time taken by org.testng.reporters.XMLReporter@10cd6753: 11 ms
2026-04-26 12:08:45 INFO  org.testng.internal.Utils - [TestNG] Time taken by org.testng.reporters.EmailableReporter2@199bc830: 9 ms
2026-04-26 12:08:45 INFO  org.testng.internal.Utils - [TestNG] Time taken by org.testng.reporters.JUnitReportReporter@3e15bb06: 11 ms
2026-04-26 12:08:45 INFO  org.testng.internal.Utils - [TestNG] Time taken by org.testng.internal.ExitCodeListener@6778aea6: 0 ms
2026-04-26 12:12:10 DEBUG org.testng.TestNG - suiteXmlPath: "C:\Users\Rahul\AppData\Local\Temp\testng-eclipse--1414581303\testng-customsuite.xml"
2026-04-26 12:12:10 INFO  org.testng.internal.Utils - [Utils] MethodGroupsHelper.collectMethodsByGroup() took 1 ms.
2026-04-26 12:12:10 INFO  org.testng.internal.Utils - [Utils] MethodGroupsHelper.sortMethods() took 1 ms.
2026-04-26 12:12:10 INFO  org.testng.internal.Utils - [Utils] MethodGroupsHelper.collectMethodsByGroup() took 0 ms.
2026-04-26 12:12:10 INFO  org.testng.internal.Utils - [Utils] MethodGroupsHelper.sortMethods() took 0 ms.
2026-04-26 12:12:10 INFO  org.testng.internal.Utils - [Utils] MethodGroupsHelper.collectMethodsByGroup() took 0 ms.
2026-04-26 12:12:10 INFO  org.testng.internal.Utils - [Utils] MethodGroupsHelper.sortMethods() took 0 ms.
2026-04-26 12:12:10 INFO  org.testng.internal.Utils - [Utils] MethodGroupsHelper.collectMethodsByGroup() took 0 ms.
2026-04-26 12:12:10 INFO  org.testng.internal.Utils - [Utils] MethodGroupsHelper.sortMethods() took 0 ms.
2026-04-26 12:12:10 INFO  org.testng.internal.Utils - [Utils] MethodGroupsHelper.collectMethodsByGroup() took 0 ms.
2026-04-26 12:12:10 INFO  org.testng.internal.Utils - [Utils] MethodGroupsHelper.sortMethods() took 1 ms.
2026-04-26 12:12:10 INFO  org.testng.internal.Utils - [Utils] MethodGroupsHelper.collectMethodsByGroup() took 0 ms.
2026-04-26 12:12:10 INFO  org.testng.internal.Utils - [Utils] MethodGroupsHelper.sortMethods() took 0 ms.
2026-04-26 12:12:10 INFO  org.testng.internal.Utils - [Utils] MethodGroupsHelper.collectMethodsByGroup() took 0 ms.
2026-04-26 12:12:10 INFO  org.testng.internal.Utils - [Utils] MethodGroupsHelper.sortMethods() took 0 ms.
2026-04-26 12:12:10 INFO  org.testng.internal.Utils - [Utils] MethodGroupsHelper.collectMethodsByGroup() took 0 ms.
2026-04-26 12:12:10 INFO  org.testng.internal.Utils - [Utils] MethodGroupsHelper.sortMethods() took 0 ms.
2026-04-26 12:12:10 INFO  org.testng.internal.Utils - [Utils] MethodGroupsHelper.collectMethodsByGroup() took 5 ms.
2026-04-26 12:12:10 INFO  org.testng.internal.Utils - [Utils] MethodGroupsHelper.sortMethods() took 9 ms.
2026-04-26 12:12:10 INFO  org.testng.internal.Utils - [Utils] MethodGroupsHelper.collectMethodsByGroup() took 0 ms.
2026-04-26 12:12:10 INFO  org.testng.internal.Utils - [Utils] MethodGroupsHelper.sortMethods() took 0 ms.
2026-04-26 12:12:10 INFO  org.testng.internal.Utils - [Utils] MethodGroupsHelper.collectMethodsByGroup() took 0 ms.
2026-04-26 12:12:10 INFO  org.testng.internal.Utils - [Utils] MethodGroupsHelper.sortMethods() took 0 ms.
2026-04-26 12:12:10 INFO  org.testng.internal.Utils - [Utils] MethodGroupsHelper.collectMethodsByGroup() took 0 ms.
2026-04-26 12:12:10 INFO  org.testng.internal.Utils - [Utils] MethodGroupsHelper.sortMethods() took 0 ms.
2026-04-26 12:12:10 INFO  org.testng.internal.Utils - [Utils] MethodGroupsHelper.collectMethodsByGroup() took 7 ms.
2026-04-26 12:12:10 INFO  org.testng.internal.Utils - [Utils] MethodGroupsHelper.sortMethods() took 1 ms.
2026-04-26 12:12:10 INFO  org.testng.internal.Utils - [Utils] MethodGroupsHelper.collectMethodsByGroup() took 0 ms.
2026-04-26 12:12:10 INFO  org.testng.internal.Utils - [Utils] MethodGroupsHelper.sortMethods() took 0 ms.
2026-04-26 12:12:10 INFO  org.testng.internal.Utils - [Utils] MethodGroupsHelper.collectMethodsByGroup() took 0 ms.
2026-04-26 12:12:10 INFO  org.testng.internal.Utils - [Utils] MethodGroupsHelper.sortMethods() took 0 ms.
2026-04-26 12:12:10 INFO  org.testng.internal.Utils - [TestNG] Running:
  C:\Users\Rahul\AppData\Local\Temp\testng-eclipse--1414581303\testng-customsuite.xml

2026-04-26 12:12:10 INFO  org.testng.internal.Utils - [Utils] DynamicGraphHelper.createDynamicGraph() took 4 ms.
2026-04-26 12:12:27 INFO  com.Tests.ProductListingPageTest - Product moved to wishlist
2026-04-26 12:12:27 INFO  org.testng.internal.Utils - [TestNG] Time taken by org.testng.reporters.jq.Main@35cd68d4: 133 ms
2026-04-26 12:12:27 INFO  org.testng.internal.Utils - [TestNG] Time taken by org.testng.reporters.FailedReporter@6ba30587: 3 ms
2026-04-26 12:12:27 INFO  org.testng.internal.Utils - [TestNG] Time taken by org.testng.reporters.XMLReporter@10cd6753: 10 ms
2026-04-26 12:12:27 INFO  org.testng.internal.Utils - [TestNG] Time taken by org.testng.reporters.EmailableReporter2@199bc830: 10 ms
2026-04-26 12:12:27 INFO  org.testng.internal.Utils - [TestNG] Time taken by org.testng.reporters.JUnitReportReporter@3e15bb06: 10 ms
2026-04-26 12:12:27 INFO  org.testng.internal.Utils - [TestNG] Time taken by org.testng.internal.ExitCodeListener@6778aea6: 0 ms
2026-04-26 12:12:50 DEBUG org.testng.TestNG - suiteXmlPath: "C:\Users\Rahul\AppData\Local\Temp\testng-eclipse--1496086773\testng-customsuite.xml"
2026-04-26 12:12:50 INFO  org.testng.internal.Utils - [Utils] MethodGroupsHelper.collectMethodsByGroup() took 0 ms.
2026-04-26 12:12:50 INFO  org.testng.internal.Utils - [Utils] MethodGroupsHelper.sortMethods() took 2 ms.
2026-04-26 12:12:50 INFO  org.testng.internal.Utils - [Utils] MethodGroupsHelper.collectMethodsByGroup() took 0 ms.
2026-04-26 12:12:50 INFO  org.testng.internal.Utils - [Utils] MethodGroupsHelper.sortMethods() took 0 ms.
2026-04-26 12:12:50 INFO  org.testng.internal.Utils - [Utils] MethodGroupsHelper.collectMethodsByGroup() took 0 ms.
2026-04-26 12:12:50 INFO  org.testng.internal.Utils - [Utils] MethodGroupsHelper.sortMethods() took 0 ms.
2026-04-26 12:12:50 INFO  org.testng.internal.Utils - [Utils] MethodGroupsHelper.collectMethodsByGroup() took 0 ms.
2026-04-26 12:12:50 INFO  org.testng.internal.Utils - [Utils] MethodGroupsHelper.sortMethods() took 0 ms.
2026-04-26 12:12:50 INFO  org.testng.internal.Utils - [Utils] MethodGroupsHelper.collectMethodsByGroup() took 0 ms.
2026-04-26 12:12:50 INFO  org.testng.internal.Utils - [Utils] MethodGroupsHelper.sortMethods() took 0 ms.
2026-04-26 12:12:50 INFO  org.testng.internal.Utils - [Utils] MethodGroupsHelper.collectMethodsByGroup() took 0 ms.
2026-04-26 12:12:50 INFO  org.testng.internal.Utils - [Utils] MethodGroupsHelper.sortMethods() took 0 ms.
2026-04-26 12:12:50 INFO  org.testng.internal.Utils - [Utils] MethodGroupsHelper.collectMethodsByGroup() took 0 ms.
2026-04-26 12:12:50 INFO  org.testng.internal.Utils - [Utils] MethodGroupsHelper.sortMethods() took 0 ms.
2026-04-26 12:12:50 INFO  org.testng.internal.Utils - [Utils] MethodGroupsHelper.collectMethodsByGroup() took 0 ms.
2026-04-26 12:12:50 INFO  org.testng.internal.Utils - [Utils] MethodGroupsHelper.sortMethods() took 0 ms.
2026-04-26 12:12:50 INFO  org.testng.internal.Utils - [Utils] MethodGroupsHelper.collectMethodsByGroup() took 5 ms.
2026-04-26 12:12:50 INFO  org.testng.internal.Utils - [Utils] MethodGroupsHelper.sortMethods() took 15 ms.
2026-04-26 12:12:50 INFO  org.testng.internal.Utils - [Utils] MethodGroupsHelper.collectMethodsByGroup() took 0 ms.
2026-04-26 12:12:50 INFO  org.testng.internal.Utils - [Utils] MethodGroupsHelper.sortMethods() took 0 ms.
2026-04-26 12:12:50 INFO  org.testng.internal.Utils - [Utils] MethodGroupsHelper.collectMethodsByGroup() took 0 ms.
2026-04-26 12:12:50 INFO  org.testng.internal.Utils - [Utils] MethodGroupsHelper.sortMethods() took 0 ms.
2026-04-26 12:12:50 INFO  org.testng.internal.Utils - [Utils] MethodGroupsHelper.collectMethodsByGroup() took 0 ms.
2026-04-26 12:12:50 INFO  org.testng.internal.Utils - [Utils] MethodGroupsHelper.sortMethods() took 0 ms.
2026-04-26 12:12:50 INFO  org.testng.internal.Utils - [Utils] MethodGroupsHelper.collectMethodsByGroup() took 15 ms.
2026-04-26 12:12:50 INFO  org.testng.internal.Utils - [Utils] MethodGroupsHelper.sortMethods() took 0 ms.
2026-04-26 12:12:50 INFO  org.testng.internal.Utils - [Utils] MethodGroupsHelper.collectMethodsByGroup() took 0 ms.
2026-04-26 12:12:50 INFO  org.testng.internal.Utils - [Utils] MethodGroupsHelper.sortMethods() took 0 ms.
2026-04-26 12:12:50 INFO  org.testng.internal.Utils - [Utils] MethodGroupsHelper.collectMethodsByGroup() took 0 ms.
2026-04-26 12:12:50 INFO  org.testng.internal.Utils - [Utils] MethodGroupsHelper.sortMethods() took 0 ms.
2026-04-26 12:12:51 INFO  org.testng.internal.Utils - [TestNG] Running:
  C:\Users\Rahul\AppData\Local\Temp\testng-eclipse--1496086773\testng-customsuite.xml

2026-04-26 12:12:51 INFO  org.testng.internal.Utils - [Utils] DynamicGraphHelper.createDynamicGraph() took 9 ms.
2026-04-26 12:13:07 INFO  com.Tests.ProductListingPageTest - Move to wishlist cancelled
2026-04-26 12:13:08 INFO  org.testng.internal.Utils - [TestNG] Time taken by org.testng.reporters.jq.Main@68e7c8c3: 79 ms
2026-04-26 12:13:08 INFO  org.testng.internal.Utils - [TestNG] Time taken by org.testng.reporters.FailedReporter@a518813: 21 ms
2026-04-26 12:13:08 INFO  org.testng.internal.Utils - [TestNG] Time taken by org.testng.reporters.XMLReporter@56913163: 13 ms
2026-04-26 12:13:08 INFO  org.testng.internal.Utils - [TestNG] Time taken by org.testng.reporters.EmailableReporter2@42714a7: 13 ms
2026-04-26 12:13:08 INFO  org.testng.internal.Utils - [TestNG] Time taken by org.testng.reporters.JUnitReportReporter@53ed09e8: 9 ms
2026-04-26 12:13:08 INFO  org.testng.internal.Utils - [TestNG] Time taken by org.testng.internal.ExitCodeListener@60859f5a: 0 ms
2026-04-26 12:15:57 DEBUG org.testng.TestNG - suiteXmlPath: "C:\Users\Rahul\AppData\Local\Temp\testng-eclipse-701658596\testng-customsuite.xml"
2026-04-26 12:15:57 INFO  org.testng.internal.Utils - [Utils] MethodGroupsHelper.collectMethodsByGroup() took 0 ms.
2026-04-26 12:15:57 INFO  org.testng.internal.Utils - [Utils] MethodGroupsHelper.sortMethods() took 1 ms.
2026-04-26 12:15:57 INFO  org.testng.internal.Utils - [Utils] MethodGroupsHelper.collectMethodsByGroup() took 0 ms.
2026-04-26 12:15:57 INFO  org.testng.internal.Utils - [Utils] MethodGroupsHelper.sortMethods() took 0 ms.
2026-04-26 12:15:57 INFO  org.testng.internal.Utils - [Utils] MethodGroupsHelper.collectMethodsByGroup() took 0 ms.
2026-04-26 12:15:57 INFO  org.testng.internal.Utils - [Utils] MethodGroupsHelper.sortMethods() took 0 ms.
2026-04-26 12:15:57 INFO  org.testng.internal.Utils - [Utils] MethodGroupsHelper.collectMethodsByGroup() took 0 ms.
2026-04-26 12:15:57 INFO  org.testng.internal.Utils - [Utils] MethodGroupsHelper.sortMethods() took 0 ms.
2026-04-26 12:15:57 INFO  org.testng.internal.Utils - [Utils] MethodGroupsHelper.collectMethodsByGroup() took 0 ms.
2026-04-26 12:15:57 INFO  org.testng.internal.Utils - [Utils] MethodGroupsHelper.sortMethods() took 0 ms.
2026-04-26 12:15:57 INFO  org.testng.internal.Utils - [Utils] MethodGroupsHelper.collectMethodsByGroup() took 0 ms.
2026-04-26 12:15:57 INFO  org.testng.internal.Utils - [Utils] MethodGroupsHelper.sortMethods() took 0 ms.
2026-04-26 12:15:57 INFO  org.testng.internal.Utils - [Utils] MethodGroupsHelper.collectMethodsByGroup() took 0 ms.
2026-04-26 12:15:57 INFO  org.testng.internal.Utils - [Utils] MethodGroupsHelper.sortMethods() took 0 ms.
2026-04-26 12:15:57 INFO  org.testng.internal.Utils - [Utils] MethodGroupsHelper.collectMethodsByGroup() took 0 ms.
2026-04-26 12:15:57 INFO  org.testng.internal.Utils - [Utils] MethodGroupsHelper.sortMethods() took 0 ms.
2026-04-26 12:15:57 INFO  org.testng.internal.Utils - [Utils] MethodGroupsHelper.collectMethodsByGroup() took 6 ms.
2026-04-26 12:15:57 INFO  org.testng.internal.Utils - [Utils] MethodGroupsHelper.sortMethods() took 12 ms.
2026-04-26 12:15:57 INFO  org.testng.internal.Utils - [Utils] MethodGroupsHelper.collectMethodsByGroup() took 0 ms.
2026-04-26 12:15:57 INFO  org.testng.internal.Utils - [Utils] MethodGroupsHelper.sortMethods() took 0 ms.
2026-04-26 12:15:57 INFO  org.testng.internal.Utils - [Utils] MethodGroupsHelper.collectMethodsByGroup() took 0 ms.
2026-04-26 12:15:57 INFO  org.testng.internal.Utils - [Utils] MethodGroupsHelper.sortMethods() took 0 ms.
2026-04-26 12:15:57 INFO  org.testng.internal.Utils - [Utils] MethodGroupsHelper.collectMethodsByGroup() took 0 ms.
2026-04-26 12:15:57 INFO  org.testng.internal.Utils - [Utils] MethodGroupsHelper.sortMethods() took 0 ms.
2026-04-26 12:15:57 INFO  org.testng.internal.Utils - [Utils] MethodGroupsHelper.collectMethodsByGroup() took 8 ms.
2026-04-26 12:15:57 INFO  org.testng.internal.Utils - [Utils] MethodGroupsHelper.sortMethods() took 0 ms.
2026-04-26 12:15:57 INFO  org.testng.internal.Utils - [Utils] MethodGroupsHelper.collectMethodsByGroup() took 0 ms.
2026-04-26 12:15:57 INFO  org.testng.internal.Utils - [Utils] MethodGroupsHelper.sortMethods() took 0 ms.
2026-04-26 12:15:57 INFO  org.testng.internal.Utils - [Utils] MethodGroupsHelper.collectMethodsByGroup() took 0 ms.
2026-04-26 12:15:57 INFO  org.testng.internal.Utils - [Utils] MethodGroupsHelper.sortMethods() took 0 ms.
2026-04-26 12:15:57 INFO  org.testng.internal.Utils - [TestNG] Running:
  C:\Users\Rahul\AppData\Local\Temp\testng-eclipse-701658596\testng-customsuite.xml

2026-04-26 12:15:57 INFO  org.testng.internal.Utils - [Utils] DynamicGraphHelper.createDynamicGraph() took 3 ms.
2026-04-26 12:16:23 INFO  org.testng.internal.Utils - [TestNG] Time taken by org.testng.reporters.jq.Main@29f85fe1: 42 ms
2026-04-26 12:16:23 INFO  org.testng.internal.Utils - [TestNG] Time taken by org.testng.reporters.FailedReporter@fb713e7: 9 ms
2026-04-26 12:16:23 INFO  org.testng.internal.Utils - [TestNG] Time taken by org.testng.reporters.XMLReporter@684b31de: 6 ms
2026-04-26 12:16:23 INFO  org.testng.internal.Utils - [TestNG] Time taken by org.testng.reporters.EmailableReporter2@1894593a: 5 ms
2026-04-26 12:16:23 INFO  org.testng.internal.Utils - [TestNG] Time taken by org.testng.reporters.JUnitReportReporter@50756c76: 4 ms
2026-04-26 12:16:23 INFO  org.testng.internal.Utils - [TestNG] Time taken by org.testng.internal.ExitCodeListener@38aafb53: 0 ms
2026-04-26 12:17:21 DEBUG org.testng.TestNG - suiteXmlPath: "C:\Users\Rahul\AppData\Local\Temp\testng-eclipse-1943566749\testng-customsuite.xml"
2026-04-26 12:17:21 INFO  org.testng.internal.Utils - [Utils] MethodGroupsHelper.collectMethodsByGroup() took 1 ms.
2026-04-26 12:17:21 INFO  org.testng.internal.Utils - [Utils] MethodGroupsHelper.sortMethods() took 2 ms.
2026-04-26 12:17:21 INFO  org.testng.internal.Utils - [Utils] MethodGroupsHelper.collectMethodsByGroup() took 0 ms.
2026-04-26 12:17:21 INFO  org.testng.internal.Utils - [Utils] MethodGroupsHelper.sortMethods() took 0 ms.
2026-04-26 12:17:21 INFO  org.testng.internal.Utils - [Utils] MethodGroupsHelper.collectMethodsByGroup() took 0 ms.
2026-04-26 12:17:21 INFO  org.testng.internal.Utils - [Utils] MethodGroupsHelper.sortMethods() took 0 ms.
2026-04-26 12:17:21 INFO  org.testng.internal.Utils - [Utils] MethodGroupsHelper.collectMethodsByGroup() took 0 ms.
2026-04-26 12:17:21 INFO  org.testng.internal.Utils - [Utils] MethodGroupsHelper.sortMethods() took 0 ms.
2026-04-26 12:17:21 INFO  org.testng.internal.Utils - [Utils] MethodGroupsHelper.collectMethodsByGroup() took 0 ms.
2026-04-26 12:17:21 INFO  org.testng.internal.Utils - [Utils] MethodGroupsHelper.sortMethods() took 0 ms.
2026-04-26 12:17:21 INFO  org.testng.internal.Utils - [Utils] MethodGroupsHelper.collectMethodsByGroup() took 0 ms.
2026-04-26 12:17:21 INFO  org.testng.internal.Utils - [Utils] MethodGroupsHelper.sortMethods() took 0 ms.
2026-04-26 12:17:21 INFO  org.testng.internal.Utils - [Utils] MethodGroupsHelper.collectMethodsByGroup() took 0 ms.
2026-04-26 12:17:21 INFO  org.testng.internal.Utils - [Utils] MethodGroupsHelper.sortMethods() took 0 ms.
2026-04-26 12:17:21 INFO  org.testng.internal.Utils - [Utils] MethodGroupsHelper.collectMethodsByGroup() took 0 ms.
2026-04-26 12:17:21 INFO  org.testng.internal.Utils - [Utils] MethodGroupsHelper.sortMethods() took 0 ms.
2026-04-26 12:17:21 INFO  org.testng.internal.Utils - [Utils] MethodGroupsHelper.collectMethodsByGroup() took 4 ms.
2026-04-26 12:17:21 INFO  org.testng.internal.Utils - [Utils] MethodGroupsHelper.sortMethods() took 10 ms.
2026-04-26 12:17:21 INFO  org.testng.internal.Utils - [Utils] MethodGroupsHelper.collectMethodsByGroup() took 0 ms.
2026-04-26 12:17:21 INFO  org.testng.internal.Utils - [Utils] MethodGroupsHelper.sortMethods() took 0 ms.
2026-04-26 12:17:21 INFO  org.testng.internal.Utils - [Utils] MethodGroupsHelper.collectMethodsByGroup() took 0 ms.
2026-04-26 12:17:21 INFO  org.testng.internal.Utils - [Utils] MethodGroupsHelper.sortMethods() took 0 ms.
2026-04-26 12:17:21 INFO  org.testng.internal.Utils - [Utils] MethodGroupsHelper.collectMethodsByGroup() took 0 ms.
2026-04-26 12:17:21 INFO  org.testng.internal.Utils - [Utils] MethodGroupsHelper.sortMethods() took 0 ms.
2026-04-26 12:17:21 INFO  org.testng.internal.Utils - [Utils] MethodGroupsHelper.collectMethodsByGroup() took 10 ms.
2026-04-26 12:17:21 INFO  org.testng.internal.Utils - [Utils] MethodGroupsHelper.sortMethods() took 0 ms.
2026-04-26 12:17:21 INFO  org.testng.internal.Utils - [Utils] MethodGroupsHelper.collectMethodsByGroup() took 0 ms.
2026-04-26 12:17:21 INFO  org.testng.internal.Utils - [Utils] MethodGroupsHelper.sortMethods() took 0 ms.
2026-04-26 12:17:21 INFO  org.testng.internal.Utils - [Utils] MethodGroupsHelper.collectMethodsByGroup() took 0 ms.
2026-04-26 12:17:21 INFO  org.testng.internal.Utils - [Utils] MethodGroupsHelper.sortMethods() took 0 ms.
2026-04-26 12:17:21 INFO  org.testng.internal.Utils - [TestNG] Running:
  C:\Users\Rahul\AppData\Local\Temp\testng-eclipse-1943566749\testng-customsuite.xml

2026-04-26 12:17:21 INFO  org.testng.internal.Utils - [Utils] DynamicGraphHelper.createDynamicGraph() took 4 ms.
2026-04-26 12:17:31 INFO  org.testng.internal.Utils - [TestNG] Time taken by org.testng.reporters.jq.Main@21d1b321: 138 ms
2026-04-26 12:17:31 INFO  org.testng.internal.Utils - [TestNG] Time taken by org.testng.reporters.FailedReporter@67594471: 31 ms
2026-04-26 12:17:31 INFO  org.testng.internal.Utils - [TestNG] Time taken by org.testng.reporters.XMLReporter@7f7af971: 31 ms
2026-04-26 12:17:31 INFO  org.testng.internal.Utils - [TestNG] Time taken by org.testng.reporters.EmailableReporter2@51ce6f85: 19 ms
2026-04-26 12:17:31 INFO  org.testng.internal.Utils - [TestNG] Time taken by org.testng.reporters.JUnitReportReporter@5b275174: 10 ms
2026-04-26 12:17:31 INFO  org.testng.internal.Utils - [TestNG] Time taken by org.testng.internal.ExitCodeListener@10ef5fa0: 0 ms
2026-04-26 12:19:43 DEBUG org.testng.TestNG - suiteXmlPath: "C:\Users\Rahul\AppData\Local\Temp\testng-eclipse--1274890093\testng-customsuite.xml"
2026-04-26 12:19:43 INFO  org.testng.internal.Utils - [Utils] MethodGroupsHelper.collectMethodsByGroup() took 0 ms.
2026-04-26 12:19:43 INFO  org.testng.internal.Utils - [Utils] MethodGroupsHelper.sortMethods() took 2 ms.
2026-04-26 12:19:43 INFO  org.testng.internal.Utils - [Utils] MethodGroupsHelper.collectMethodsByGroup() took 0 ms.
2026-04-26 12:19:43 INFO  org.testng.internal.Utils - [Utils] MethodGroupsHelper.sortMethods() took 0 ms.
2026-04-26 12:19:43 INFO  org.testng.internal.Utils - [Utils] MethodGroupsHelper.collectMethodsByGroup() took 0 ms.
2026-04-26 12:19:43 INFO  org.testng.internal.Utils - [Utils] MethodGroupsHelper.sortMethods() took 0 ms.
2026-04-26 12:19:43 INFO  org.testng.internal.Utils - [Utils] MethodGroupsHelper.collectMethodsByGroup() took 0 ms.
2026-04-26 12:19:43 INFO  org.testng.internal.Utils - [Utils] MethodGroupsHelper.sortMethods() took 0 ms.
2026-04-26 12:19:43 INFO  org.testng.internal.Utils - [Utils] MethodGroupsHelper.collectMethodsByGroup() took 0 ms.
2026-04-26 12:19:43 INFO  org.testng.internal.Utils - [Utils] MethodGroupsHelper.sortMethods() took 0 ms.
2026-04-26 12:19:43 INFO  org.testng.internal.Utils - [Utils] MethodGroupsHelper.collectMethodsByGroup() took 0 ms.
2026-04-26 12:19:43 INFO  org.testng.internal.Utils - [Utils] MethodGroupsHelper.sortMethods() took 0 ms.
2026-04-26 12:19:43 INFO  org.testng.internal.Utils - [Utils] MethodGroupsHelper.collectMethodsByGroup() took 0 ms.
2026-04-26 12:19:43 INFO  org.testng.internal.Utils - [Utils] MethodGroupsHelper.sortMethods() took 0 ms.
2026-04-26 12:19:43 INFO  org.testng.internal.Utils - [Utils] MethodGroupsHelper.collectMethodsByGroup() took 0 ms.
2026-04-26 12:19:43 INFO  org.testng.internal.Utils - [Utils] MethodGroupsHelper.sortMethods() took 0 ms.
2026-04-26 12:19:43 INFO  org.testng.internal.Utils - [Utils] MethodGroupsHelper.collectMethodsByGroup() took 4 ms.
2026-04-26 12:19:43 INFO  org.testng.internal.Utils - [Utils] MethodGroupsHelper.sortMethods() took 9 ms.
2026-04-26 12:19:43 INFO  org.testng.internal.Utils - [Utils] MethodGroupsHelper.collectMethodsByGroup() took 0 ms.
2026-04-26 12:19:43 INFO  org.testng.internal.Utils - [Utils] MethodGroupsHelper.sortMethods() took 0 ms.
2026-04-26 12:19:43 INFO  org.testng.internal.Utils - [Utils] MethodGroupsHelper.collectMethodsByGroup() took 0 ms.
2026-04-26 12:19:43 INFO  org.testng.internal.Utils - [Utils] MethodGroupsHelper.sortMethods() took 0 ms.
2026-04-26 12:19:43 INFO  org.testng.internal.Utils - [Utils] MethodGroupsHelper.collectMethodsByGroup() took 0 ms.
2026-04-26 12:19:43 INFO  org.testng.internal.Utils - [Utils] MethodGroupsHelper.sortMethods() took 0 ms.
2026-04-26 12:19:43 INFO  org.testng.internal.Utils - [Utils] MethodGroupsHelper.collectMethodsByGroup() took 7 ms.
2026-04-26 12:19:43 INFO  org.testng.internal.Utils - [Utils] MethodGroupsHelper.sortMethods() took 0 ms.
2026-04-26 12:19:43 INFO  org.testng.internal.Utils - [Utils] MethodGroupsHelper.collectMethodsByGroup() took 0 ms.
2026-04-26 12:19:43 INFO  org.testng.internal.Utils - [Utils] MethodGroupsHelper.sortMethods() took 0 ms.
2026-04-26 12:19:43 INFO  org.testng.internal.Utils - [Utils] MethodGroupsHelper.collectMethodsByGroup() took 0 ms.
2026-04-26 12:19:43 INFO  org.testng.internal.Utils - [Utils] MethodGroupsHelper.sortMethods() took 0 ms.
2026-04-26 12:19:43 INFO  org.testng.internal.Utils - [TestNG] Running:
  C:\Users\Rahul\AppData\Local\Temp\testng-eclipse--1274890093\testng-customsuite.xml

2026-04-26 12:19:43 INFO  org.testng.internal.Utils - [Utils] DynamicGraphHelper.createDynamicGraph() took 5 ms.
2026-04-26 12:20:02 INFO  com.Tests.ProductListingPageTest - Product moved to wishlist
2026-04-26 12:20:02 INFO  org.testng.internal.Utils - [TestNG] Time taken by org.testng.reporters.jq.Main@35cd68d4: 89 ms
2026-04-26 12:20:02 INFO  org.testng.internal.Utils - [TestNG] Time taken by org.testng.reporters.FailedReporter@6ba30587: 1 ms
2026-04-26 12:20:02 INFO  org.testng.internal.Utils - [TestNG] Time taken by org.testng.reporters.XMLReporter@10cd6753: 9 ms
2026-04-26 12:20:02 INFO  org.testng.internal.Utils - [TestNG] Time taken by org.testng.reporters.EmailableReporter2@199bc830: 8 ms
2026-04-26 12:20:02 INFO  org.testng.internal.Utils - [TestNG] Time taken by org.testng.reporters.JUnitReportReporter@3e15bb06: 11 ms
2026-04-26 12:20:02 INFO  org.testng.internal.Utils - [TestNG] Time taken by org.testng.internal.ExitCodeListener@6778aea6: 0 ms
2026-04-26 12:20:13 DEBUG org.testng.TestNG - suiteXmlPath: "C:\Users\Rahul\AppData\Local\Temp\testng-eclipse--1573024518\testng-customsuite.xml"
2026-04-26 12:20:14 INFO  org.testng.internal.Utils - [Utils] MethodGroupsHelper.collectMethodsByGroup() took 1 ms.
2026-04-26 12:20:14 INFO  org.testng.internal.Utils - [Utils] MethodGroupsHelper.sortMethods() took 1 ms.
2026-04-26 12:20:14 INFO  org.testng.internal.Utils - [Utils] MethodGroupsHelper.collectMethodsByGroup() took 0 ms.
2026-04-26 12:20:14 INFO  org.testng.internal.Utils - [Utils] MethodGroupsHelper.sortMethods() took 0 ms.
2026-04-26 12:20:14 INFO  org.testng.internal.Utils - [Utils] MethodGroupsHelper.collectMethodsByGroup() took 0 ms.
2026-04-26 12:20:14 INFO  org.testng.internal.Utils - [Utils] MethodGroupsHelper.sortMethods() took 1 ms.
2026-04-26 12:20:14 INFO  org.testng.internal.Utils - [Utils] MethodGroupsHelper.collectMethodsByGroup() took 0 ms.
2026-04-26 12:20:14 INFO  org.testng.internal.Utils - [Utils] MethodGroupsHelper.sortMethods() took 0 ms.
2026-04-26 12:20:14 INFO  org.testng.internal.Utils - [Utils] MethodGroupsHelper.collectMethodsByGroup() took 0 ms.
2026-04-26 12:20:14 INFO  org.testng.internal.Utils - [Utils] MethodGroupsHelper.sortMethods() took 0 ms.
2026-04-26 12:20:14 INFO  org.testng.internal.Utils - [Utils] MethodGroupsHelper.collectMethodsByGroup() took 0 ms.
2026-04-26 12:20:14 INFO  org.testng.internal.Utils - [Utils] MethodGroupsHelper.sortMethods() took 0 ms.
2026-04-26 12:20:14 INFO  org.testng.internal.Utils - [Utils] MethodGroupsHelper.collectMethodsByGroup() took 0 ms.
2026-04-26 12:20:14 INFO  org.testng.internal.Utils - [Utils] MethodGroupsHelper.sortMethods() took 0 ms.
2026-04-26 12:20:14 INFO  org.testng.internal.Utils - [Utils] MethodGroupsHelper.collectMethodsByGroup() took 0 ms.
2026-04-26 12:20:14 INFO  org.testng.internal.Utils - [Utils] MethodGroupsHelper.sortMethods() took 0 ms.
2026-04-26 12:20:14 INFO  org.testng.internal.Utils - [Utils] MethodGroupsHelper.collectMethodsByGroup() took 5 ms.
2026-04-26 12:20:14 INFO  org.testng.internal.Utils - [Utils] MethodGroupsHelper.sortMethods() took 11 ms.
2026-04-26 12:20:14 INFO  org.testng.internal.Utils - [Utils] MethodGroupsHelper.collectMethodsByGroup() took 0 ms.
2026-04-26 12:20:14 INFO  org.testng.internal.Utils - [Utils] MethodGroupsHelper.sortMethods() took 0 ms.
2026-04-26 12:20:14 INFO  org.testng.internal.Utils - [Utils] MethodGroupsHelper.collectMethodsByGroup() took 0 ms.
2026-04-26 12:20:14 INFO  org.testng.internal.Utils - [Utils] MethodGroupsHelper.sortMethods() took 0 ms.
2026-04-26 12:20:14 INFO  org.testng.internal.Utils - [Utils] MethodGroupsHelper.collectMethodsByGroup() took 0 ms.
2026-04-26 12:20:14 INFO  org.testng.internal.Utils - [Utils] MethodGroupsHelper.sortMethods() took 0 ms.
2026-04-26 12:20:14 INFO  org.testng.internal.Utils - [Utils] MethodGroupsHelper.collectMethodsByGroup() took 10 ms.
2026-04-26 12:20:14 INFO  org.testng.internal.Utils - [Utils] MethodGroupsHelper.sortMethods() took 0 ms.
2026-04-26 12:20:14 INFO  org.testng.internal.Utils - [Utils] MethodGroupsHelper.collectMethodsByGroup() took 0 ms.
2026-04-26 12:20:14 INFO  org.testng.internal.Utils - [Utils] MethodGroupsHelper.sortMethods() took 0 ms.
2026-04-26 12:20:14 INFO  org.testng.internal.Utils - [Utils] MethodGroupsHelper.collectMethodsByGroup() took 0 ms.
2026-04-26 12:20:14 INFO  org.testng.internal.Utils - [Utils] MethodGroupsHelper.sortMethods() took 0 ms.
2026-04-26 12:20:14 INFO  org.testng.internal.Utils - [TestNG] Running:
  C:\Users\Rahul\AppData\Local\Temp\testng-eclipse--1573024518\testng-customsuite.xml

2026-04-26 12:20:14 INFO  org.testng.internal.Utils - [Utils] DynamicGraphHelper.createDynamicGraph() took 4 ms.
2026-04-26 12:20:57 INFO  org.testng.internal.Utils - [TestNG] Time taken by org.testng.reporters.jq.Main@70228253: 54 ms
2026-04-26 12:20:57 INFO  org.testng.internal.Utils - [TestNG] Time taken by org.testng.reporters.FailedReporter@46963479: 11 ms
2026-04-26 12:20:57 INFO  org.testng.internal.Utils - [TestNG] Time taken by org.testng.reporters.XMLReporter@77774571: 9 ms
2026-04-26 12:20:57 INFO  org.testng.internal.Utils - [TestNG] Time taken by org.testng.reporters.EmailableReporter2@3ee0b4f7: 13 ms
2026-04-26 12:20:57 INFO  org.testng.internal.Utils - [TestNG] Time taken by org.testng.reporters.JUnitReportReporter@25ad4f71: 8 ms
2026-04-26 12:20:57 INFO  org.testng.internal.Utils - [TestNG] Time taken by org.testng.internal.ExitCodeListener@49faf066: 0 ms
2026-04-26 12:21:36 DEBUG org.testng.TestNG - suiteXmlPath: "C:\Users\Rahul\AppData\Local\Temp\testng-eclipse--325345132\testng-customsuite.xml"
2026-04-26 12:21:36 INFO  org.testng.internal.Utils - [Utils] MethodGroupsHelper.collectMethodsByGroup() took 0 ms.
2026-04-26 12:21:36 INFO  org.testng.internal.Utils - [Utils] MethodGroupsHelper.sortMethods() took 0 ms.
2026-04-26 12:21:36 INFO  org.testng.internal.Utils - [Utils] MethodGroupsHelper.collectMethodsByGroup() took 0 ms.
2026-04-26 12:21:36 INFO  org.testng.internal.Utils - [Utils] MethodGroupsHelper.sortMethods() took 0 ms.
2026-04-26 12:21:36 INFO  org.testng.internal.Utils - [Utils] MethodGroupsHelper.collectMethodsByGroup() took 0 ms.
2026-04-26 12:21:36 INFO  org.testng.internal.Utils - [Utils] MethodGroupsHelper.sortMethods() took 0 ms.
2026-04-26 12:21:36 INFO  org.testng.internal.Utils - [Utils] MethodGroupsHelper.collectMethodsByGroup() took 0 ms.
2026-04-26 12:21:36 INFO  org.testng.internal.Utils - [Utils] MethodGroupsHelper.sortMethods() took 0 ms.
2026-04-26 12:21:36 INFO  org.testng.internal.Utils - [Utils] MethodGroupsHelper.collectMethodsByGroup() took 0 ms.
2026-04-26 12:21:36 INFO  org.testng.internal.Utils - [Utils] MethodGroupsHelper.sortMethods() took 0 ms.
2026-04-26 12:21:36 INFO  org.testng.internal.Utils - [Utils] MethodGroupsHelper.collectMethodsByGroup() took 0 ms.
2026-04-26 12:21:36 INFO  org.testng.internal.Utils - [Utils] MethodGroupsHelper.sortMethods() took 0 ms.
2026-04-26 12:21:36 INFO  org.testng.internal.Utils - [Utils] MethodGroupsHelper.collectMethodsByGroup() took 0 ms.
2026-04-26 12:21:36 INFO  org.testng.internal.Utils - [Utils] MethodGroupsHelper.sortMethods() took 0 ms.
2026-04-26 12:21:36 INFO  org.testng.internal.Utils - [Utils] MethodGroupsHelper.collectMethodsByGroup() took 0 ms.
2026-04-26 12:21:36 INFO  org.testng.internal.Utils - [Utils] MethodGroupsHelper.sortMethods() took 0 ms.
2026-04-26 12:21:36 INFO  org.testng.internal.Utils - [Utils] MethodGroupsHelper.collectMethodsByGroup() took 6 ms.
2026-04-26 12:21:36 INFO  org.testng.internal.Utils - [Utils] MethodGroupsHelper.sortMethods() took 11 ms.
2026-04-26 12:21:36 INFO  org.testng.internal.Utils - [Utils] MethodGroupsHelper.collectMethodsByGroup() took 0 ms.
2026-04-26 12:21:36 INFO  org.testng.internal.Utils - [Utils] MethodGroupsHelper.sortMethods() took 0 ms.
2026-04-26 12:21:36 INFO  org.testng.internal.Utils - [Utils] MethodGroupsHelper.collectMethodsByGroup() took 0 ms.
2026-04-26 12:21:36 INFO  org.testng.internal.Utils - [Utils] MethodGroupsHelper.sortMethods() took 0 ms.
2026-04-26 12:21:36 INFO  org.testng.internal.Utils - [Utils] MethodGroupsHelper.collectMethodsByGroup() took 0 ms.
2026-04-26 12:21:36 INFO  org.testng.internal.Utils - [Utils] MethodGroupsHelper.sortMethods() took 0 ms.
2026-04-26 12:21:36 INFO  org.testng.internal.Utils - [Utils] MethodGroupsHelper.collectMethodsByGroup() took 7 ms.
2026-04-26 12:21:36 INFO  org.testng.internal.Utils - [Utils] MethodGroupsHelper.sortMethods() took 2 ms.
2026-04-26 12:21:36 INFO  org.testng.internal.Utils - [Utils] MethodGroupsHelper.collectMethodsByGroup() took 0 ms.
2026-04-26 12:21:36 INFO  org.testng.internal.Utils - [Utils] MethodGroupsHelper.sortMethods() took 0 ms.
2026-04-26 12:21:36 INFO  org.testng.internal.Utils - [Utils] MethodGroupsHelper.collectMethodsByGroup() took 0 ms.
2026-04-26 12:21:36 INFO  org.testng.internal.Utils - [Utils] MethodGroupsHelper.sortMethods() took 0 ms.
2026-04-26 12:21:36 INFO  org.testng.internal.Utils - [TestNG] Running:
  C:\Users\Rahul\AppData\Local\Temp\testng-eclipse--325345132\testng-customsuite.xml

2026-04-26 12:21:36 INFO  org.testng.internal.Utils - [Utils] DynamicGraphHelper.createDynamicGraph() took 3 ms.
2026-04-26 12:21:55 INFO  com.Tests.ProductListingPageTest - Move to wishlist cancelled
2026-04-26 12:21:55 INFO  org.testng.internal.Utils - [TestNG] Time taken by org.testng.reporters.jq.Main@2dfe5525: 150 ms
2026-04-26 12:21:55 INFO  org.testng.internal.Utils - [TestNG] Time taken by org.testng.reporters.FailedReporter@75fa1be3: 42 ms
2026-04-26 12:21:55 INFO  org.testng.internal.Utils - [TestNG] Time taken by org.testng.reporters.XMLReporter@18acfe88: 26 ms
2026-04-26 12:21:55 INFO  org.testng.internal.Utils - [TestNG] Time taken by org.testng.reporters.EmailableReporter2@2b9f74d0: 19 ms
2026-04-26 12:21:55 INFO  org.testng.internal.Utils - [TestNG] Time taken by org.testng.reporters.JUnitReportReporter@6f139fc9: 17 ms
2026-04-26 12:21:55 INFO  org.testng.internal.Utils - [TestNG] Time taken by org.testng.internal.ExitCodeListener@55259aa7: 1 ms
2026-04-26 12:23:21 DEBUG org.testng.TestNG - suiteXmlPath: "C:\Users\Rahul\AppData\Local\Temp\testng-eclipse--2013690059\testng-customsuite.xml"
2026-04-26 12:23:21 INFO  org.testng.internal.Utils - [Utils] MethodGroupsHelper.collectMethodsByGroup() took 0 ms.
2026-04-26 12:23:21 INFO  org.testng.internal.Utils - [Utils] MethodGroupsHelper.sortMethods() took 1 ms.
2026-04-26 12:23:21 INFO  org.testng.internal.Utils - [Utils] MethodGroupsHelper.collectMethodsByGroup() took 0 ms.
2026-04-26 12:23:21 INFO  org.testng.internal.Utils - [Utils] MethodGroupsHelper.sortMethods() took 0 ms.
2026-04-26 12:23:21 INFO  org.testng.internal.Utils - [Utils] MethodGroupsHelper.collectMethodsByGroup() took 0 ms.
2026-04-26 12:23:21 INFO  org.testng.internal.Utils - [Utils] MethodGroupsHelper.sortMethods() took 0 ms.
2026-04-26 12:23:21 INFO  org.testng.internal.Utils - [Utils] MethodGroupsHelper.collectMethodsByGroup() took 0 ms.
2026-04-26 12:23:21 INFO  org.testng.internal.Utils - [Utils] MethodGroupsHelper.sortMethods() took 0 ms.
2026-04-26 12:23:21 INFO  org.testng.internal.Utils - [Utils] MethodGroupsHelper.collectMethodsByGroup() took 0 ms.
2026-04-26 12:23:21 INFO  org.testng.internal.Utils - [Utils] MethodGroupsHelper.sortMethods() took 0 ms.
2026-04-26 12:23:21 INFO  org.testng.internal.Utils - [Utils] MethodGroupsHelper.collectMethodsByGroup() took 0 ms.
2026-04-26 12:23:21 INFO  org.testng.internal.Utils - [Utils] MethodGroupsHelper.sortMethods() took 0 ms.
2026-04-26 12:23:21 INFO  org.testng.internal.Utils - [Utils] MethodGroupsHelper.collectMethodsByGroup() took 0 ms.
2026-04-26 12:23:21 INFO  org.testng.internal.Utils - [Utils] MethodGroupsHelper.sortMethods() took 0 ms.
2026-04-26 12:23:21 INFO  org.testng.internal.Utils - [Utils] MethodGroupsHelper.collectMethodsByGroup() took 0 ms.
2026-04-26 12:23:21 INFO  org.testng.internal.Utils - [Utils] MethodGroupsHelper.sortMethods() took 0 ms.
2026-04-26 12:23:21 INFO  org.testng.internal.Utils - [Utils] MethodGroupsHelper.collectMethodsByGroup() took 10 ms.
2026-04-26 12:23:21 INFO  org.testng.internal.Utils - [Utils] MethodGroupsHelper.sortMethods() took 14 ms.
2026-04-26 12:23:21 INFO  org.testng.internal.Utils - [Utils] MethodGroupsHelper.collectMethodsByGroup() took 0 ms.
2026-04-26 12:23:21 INFO  org.testng.internal.Utils - [Utils] MethodGroupsHelper.sortMethods() took 0 ms.
2026-04-26 12:23:21 INFO  org.testng.internal.Utils - [Utils] MethodGroupsHelper.collectMethodsByGroup() took 0 ms.
2026-04-26 12:23:21 INFO  org.testng.internal.Utils - [Utils] MethodGroupsHelper.sortMethods() took 0 ms.
2026-04-26 12:23:21 INFO  org.testng.internal.Utils - [Utils] MethodGroupsHelper.collectMethodsByGroup() took 0 ms.
2026-04-26 12:23:21 INFO  org.testng.internal.Utils - [Utils] MethodGroupsHelper.sortMethods() took 0 ms.
2026-04-26 12:23:21 INFO  org.testng.internal.Utils - [Utils] MethodGroupsHelper.collectMethodsByGroup() took 10 ms.
2026-04-26 12:23:21 INFO  org.testng.internal.Utils - [Utils] MethodGroupsHelper.sortMethods() took 0 ms.
2026-04-26 12:23:21 INFO  org.testng.internal.Utils - [Utils] MethodGroupsHelper.collectMethodsByGroup() took 0 ms.
2026-04-26 12:23:21 INFO  org.testng.internal.Utils - [Utils] MethodGroupsHelper.sortMethods() took 0 ms.
2026-04-26 12:23:21 INFO  org.testng.internal.Utils - [Utils] MethodGroupsHelper.collectMethodsByGroup() took 0 ms.
2026-04-26 12:23:21 INFO  org.testng.internal.Utils - [Utils] MethodGroupsHelper.sortMethods() took 0 ms.
2026-04-26 12:23:22 INFO  org.testng.internal.Utils - [TestNG] Running:
  C:\Users\Rahul\AppData\Local\Temp\testng-eclipse--2013690059\testng-customsuite.xml

2026-04-26 12:23:22 INFO  org.testng.internal.Utils - [Utils] DynamicGraphHelper.createDynamicGraph() took 7 ms.
2026-04-26 12:23:38 INFO  com.Tests.ProductListingPageTest - Move to wishlist cancelled
2026-04-26 12:23:38 INFO  org.testng.internal.Utils - [TestNG] Time taken by org.testng.reporters.jq.Main@2dfe5525: 142 ms
2026-04-26 12:23:38 INFO  org.testng.internal.Utils - [TestNG] Time taken by org.testng.reporters.FailedReporter@75fa1be3: 24 ms
2026-04-26 12:23:38 INFO  org.testng.internal.Utils - [TestNG] Time taken by org.testng.reporters.XMLReporter@18acfe88: 23 ms
2026-04-26 12:23:38 INFO  org.testng.internal.Utils - [TestNG] Time taken by org.testng.reporters.EmailableReporter2@2b9f74d0: 24 ms
2026-04-26 12:23:38 INFO  org.testng.internal.Utils - [TestNG] Time taken by org.testng.reporters.JUnitReportReporter@6f139fc9: 14 ms
2026-04-26 12:23:38 INFO  org.testng.internal.Utils - [TestNG] Time taken by org.testng.internal.ExitCodeListener@55259aa7: 0 ms
2026-04-26 12:25:47 DEBUG org.testng.TestNG - suiteXmlPath: "C:\Users\Rahul\AppData\Local\Temp\testng-eclipse-418523921\testng-customsuite.xml"
2026-04-26 12:25:47 INFO  org.testng.internal.Utils - [Utils] MethodGroupsHelper.collectMethodsByGroup() took 0 ms.
2026-04-26 12:25:47 INFO  org.testng.internal.Utils - [Utils] MethodGroupsHelper.sortMethods() took 0 ms.
2026-04-26 12:25:47 INFO  org.testng.internal.Utils - [Utils] MethodGroupsHelper.collectMethodsByGroup() took 0 ms.
2026-04-26 12:25:47 INFO  org.testng.internal.Utils - [Utils] MethodGroupsHelper.sortMethods() took 0 ms.
2026-04-26 12:25:47 INFO  org.testng.internal.Utils - [Utils] MethodGroupsHelper.collectMethodsByGroup() took 0 ms.
2026-04-26 12:25:47 INFO  org.testng.internal.Utils - [Utils] MethodGroupsHelper.sortMethods() took 0 ms.
2026-04-26 12:25:47 INFO  org.testng.internal.Utils - [Utils] MethodGroupsHelper.collectMethodsByGroup() took 0 ms.
2026-04-26 12:25:47 INFO  org.testng.internal.Utils - [Utils] MethodGroupsHelper.sortMethods() took 0 ms.
2026-04-26 12:25:47 INFO  org.testng.internal.Utils - [Utils] MethodGroupsHelper.collectMethodsByGroup() took 0 ms.
2026-04-26 12:25:47 INFO  org.testng.internal.Utils - [Utils] MethodGroupsHelper.sortMethods() took 0 ms.
2026-04-26 12:25:47 INFO  org.testng.internal.Utils - [Utils] MethodGroupsHelper.collectMethodsByGroup() took 0 ms.
2026-04-26 12:25:47 INFO  org.testng.internal.Utils - [Utils] MethodGroupsHelper.sortMethods() took 0 ms.
2026-04-26 12:25:47 INFO  org.testng.internal.Utils - [Utils] MethodGroupsHelper.collectMethodsByGroup() took 0 ms.
2026-04-26 12:25:47 INFO  org.testng.internal.Utils - [Utils] MethodGroupsHelper.sortMethods() took 0 ms.
2026-04-26 12:25:47 INFO  org.testng.internal.Utils - [Utils] MethodGroupsHelper.collectMethodsByGroup() took 0 ms.
2026-04-26 12:25:47 INFO  org.testng.internal.Utils - [Utils] MethodGroupsHelper.sortMethods() took 0 ms.
2026-04-26 12:25:47 INFO  org.testng.internal.Utils - [Utils] MethodGroupsHelper.collectMethodsByGroup() took 6 ms.
2026-04-26 12:25:47 INFO  org.testng.internal.Utils - [Utils] MethodGroupsHelper.sortMethods() took 8 ms.
2026-04-26 12:25:47 INFO  org.testng.internal.Utils - [Utils] MethodGroupsHelper.collectMethodsByGroup() took 0 ms.
2026-04-26 12:25:47 INFO  org.testng.internal.Utils - [Utils] MethodGroupsHelper.sortMethods() took 0 ms.
2026-04-26 12:25:47 INFO  org.testng.internal.Utils - [Utils] MethodGroupsHelper.collectMethodsByGroup() took 0 ms.
2026-04-26 12:25:47 INFO  org.testng.internal.Utils - [Utils] MethodGroupsHelper.sortMethods() took 0 ms.
2026-04-26 12:25:47 INFO  org.testng.internal.Utils - [Utils] MethodGroupsHelper.collectMethodsByGroup() took 0 ms.
2026-04-26 12:25:47 INFO  org.testng.internal.Utils - [Utils] MethodGroupsHelper.sortMethods() took 0 ms.
2026-04-26 12:25:47 INFO  org.testng.internal.Utils - [Utils] MethodGroupsHelper.collectMethodsByGroup() took 12 ms.
2026-04-26 12:25:47 INFO  org.testng.internal.Utils - [Utils] MethodGroupsHelper.sortMethods() took 0 ms.
2026-04-26 12:25:47 INFO  org.testng.internal.Utils - [Utils] MethodGroupsHelper.collectMethodsByGroup() took 0 ms.
2026-04-26 12:25:47 INFO  org.testng.internal.Utils - [Utils] MethodGroupsHelper.sortMethods() took 0 ms.
2026-04-26 12:25:47 INFO  org.testng.internal.Utils - [Utils] MethodGroupsHelper.collectMethodsByGroup() took 0 ms.
2026-04-26 12:25:47 INFO  org.testng.internal.Utils - [Utils] MethodGroupsHelper.sortMethods() took 0 ms.
2026-04-26 12:25:47 INFO  org.testng.internal.Utils - [TestNG] Running:
  C:\Users\Rahul\AppData\Local\Temp\testng-eclipse-418523921\testng-customsuite.xml

2026-04-26 12:25:47 INFO  org.testng.internal.Utils - [Utils] DynamicGraphHelper.createDynamicGraph() took 5 ms.
2026-04-26 12:26:04 INFO  com.Tests.ProductListingPageTest - Move to wishlist cancelled
2026-04-26 12:26:05 INFO  org.testng.internal.Utils - [TestNG] Time taken by org.testng.reporters.jq.Main@2dfe5525: 93 ms
2026-04-26 12:26:05 INFO  org.testng.internal.Utils - [TestNG] Time taken by org.testng.reporters.FailedReporter@75fa1be3: 30 ms
2026-04-26 12:26:05 INFO  org.testng.internal.Utils - [TestNG] Time taken by org.testng.reporters.XMLReporter@18acfe88: 17 ms
2026-04-26 12:26:05 INFO  org.testng.internal.Utils - [TestNG] Time taken by org.testng.reporters.EmailableReporter2@2b9f74d0: 21 ms
2026-04-26 12:26:05 INFO  org.testng.internal.Utils - [TestNG] Time taken by org.testng.reporters.JUnitReportReporter@6f139fc9: 17 ms
2026-04-26 12:26:05 INFO  org.testng.internal.Utils - [TestNG] Time taken by org.testng.internal.ExitCodeListener@55259aa7: 0 ms
2026-04-26 12:28:20 DEBUG org.testng.TestNG - suiteXmlPath: "C:\Users\Rahul\AppData\Local\Temp\testng-eclipse--1923645137\testng-customsuite.xml"
2026-04-26 12:28:20 INFO  org.testng.internal.Utils - [Utils] MethodGroupsHelper.collectMethodsByGroup() took 1 ms.
2026-04-26 12:28:20 INFO  org.testng.internal.Utils - [Utils] MethodGroupsHelper.sortMethods() took 2 ms.
2026-04-26 12:28:20 INFO  org.testng.internal.Utils - [Utils] MethodGroupsHelper.collectMethodsByGroup() took 0 ms.
2026-04-26 12:28:20 INFO  org.testng.internal.Utils - [Utils] MethodGroupsHelper.sortMethods() took 0 ms.
2026-04-26 12:28:20 INFO  org.testng.internal.Utils - [Utils] MethodGroupsHelper.collectMethodsByGroup() took 0 ms.
2026-04-26 12:28:20 INFO  org.testng.internal.Utils - [Utils] MethodGroupsHelper.sortMethods() took 0 ms.
2026-04-26 12:28:20 INFO  org.testng.internal.Utils - [Utils] MethodGroupsHelper.collectMethodsByGroup() took 0 ms.
2026-04-26 12:28:20 INFO  org.testng.internal.Utils - [Utils] MethodGroupsHelper.sortMethods() took 0 ms.
2026-04-26 12:28:20 INFO  org.testng.internal.Utils - [Utils] MethodGroupsHelper.collectMethodsByGroup() took 0 ms.
2026-04-26 12:28:20 INFO  org.testng.internal.Utils - [Utils] MethodGroupsHelper.sortMethods() took 0 ms.
2026-04-26 12:28:20 INFO  org.testng.internal.Utils - [Utils] MethodGroupsHelper.collectMethodsByGroup() took 0 ms.
2026-04-26 12:28:20 INFO  org.testng.internal.Utils - [Utils] MethodGroupsHelper.sortMethods() took 0 ms.
2026-04-26 12:28:20 INFO  org.testng.internal.Utils - [Utils] MethodGroupsHelper.collectMethodsByGroup() took 0 ms.
2026-04-26 12:28:20 INFO  org.testng.internal.Utils - [Utils] MethodGroupsHelper.sortMethods() took 0 ms.
2026-04-26 12:28:20 INFO  org.testng.internal.Utils - [Utils] MethodGroupsHelper.collectMethodsByGroup() took 0 ms.
2026-04-26 12:28:20 INFO  org.testng.internal.Utils - [Utils] MethodGroupsHelper.sortMethods() took 0 ms.
2026-04-26 12:28:20 INFO  org.testng.internal.Utils - [Utils] MethodGroupsHelper.collectMethodsByGroup() took 5 ms.
2026-04-26 12:28:20 INFO  org.testng.internal.Utils - [Utils] MethodGroupsHelper.sortMethods() took 9 ms.
2026-04-26 12:28:20 INFO  org.testng.internal.Utils - [Utils] MethodGroupsHelper.collectMethodsByGroup() took 0 ms.
2026-04-26 12:28:20 INFO  org.testng.internal.Utils - [Utils] MethodGroupsHelper.sortMethods() took 0 ms.
2026-04-26 12:28:20 INFO  org.testng.internal.Utils - [Utils] MethodGroupsHelper.collectMethodsByGroup() took 0 ms.
2026-04-26 12:28:20 INFO  org.testng.internal.Utils - [Utils] MethodGroupsHelper.sortMethods() took 0 ms.
2026-04-26 12:28:20 INFO  org.testng.internal.Utils - [Utils] MethodGroupsHelper.collectMethodsByGroup() took 0 ms.
2026-04-26 12:28:20 INFO  org.testng.internal.Utils - [Utils] MethodGroupsHelper.sortMethods() took 0 ms.
2026-04-26 12:28:20 INFO  org.testng.internal.Utils - [Utils] MethodGroupsHelper.collectMethodsByGroup() took 7 ms.
2026-04-26 12:28:20 INFO  org.testng.internal.Utils - [Utils] MethodGroupsHelper.sortMethods() took 0 ms.
2026-04-26 12:28:20 INFO  org.testng.internal.Utils - [Utils] MethodGroupsHelper.collectMethodsByGroup() took 0 ms.
2026-04-26 12:28:20 INFO  org.testng.internal.Utils - [Utils] MethodGroupsHelper.sortMethods() took 0 ms.
2026-04-26 12:28:20 INFO  org.testng.internal.Utils - [Utils] MethodGroupsHelper.collectMethodsByGroup() took 0 ms.
2026-04-26 12:28:20 INFO  org.testng.internal.Utils - [Utils] MethodGroupsHelper.sortMethods() took 0 ms.
2026-04-26 12:28:20 INFO  org.testng.internal.Utils - [TestNG] Running:
  C:\Users\Rahul\AppData\Local\Temp\testng-eclipse--1923645137\testng-customsuite.xml

2026-04-26 12:28:20 INFO  org.testng.internal.Utils - [Utils] DynamicGraphHelper.createDynamicGraph() took 3 ms.
2026-04-26 12:28:37 INFO  com.Tests.ProductListingPageTest - Move to wishlist cancelled
2026-04-26 12:28:38 INFO  org.testng.internal.Utils - [TestNG] Time taken by org.testng.reporters.jq.Main@7487b142: 98 ms
2026-04-26 12:28:38 INFO  org.testng.internal.Utils - [TestNG] Time taken by org.testng.reporters.FailedReporter@4b3fe06e: 1 ms
2026-04-26 12:28:38 INFO  org.testng.internal.Utils - [TestNG] Time taken by org.testng.reporters.XMLReporter@332820f4: 8 ms
2026-04-26 12:28:38 INFO  org.testng.internal.Utils - [TestNG] Time taken by org.testng.reporters.EmailableReporter2@6ba7383d: 9 ms
2026-04-26 12:28:38 INFO  org.testng.internal.Utils - [TestNG] Time taken by org.testng.reporters.JUnitReportReporter@5e048149: 7 ms
2026-04-26 12:28:38 INFO  org.testng.internal.Utils - [TestNG] Time taken by org.testng.internal.ExitCodeListener@79d9214d: 0 ms
2026-04-26 12:28:49 DEBUG org.testng.TestNG - suiteXmlPath: "C:\Users\Rahul\AppData\Local\Temp\testng-eclipse-993783179\testng-customsuite.xml"
2026-04-26 12:28:49 INFO  org.testng.internal.Utils - [Utils] MethodGroupsHelper.collectMethodsByGroup() took 1 ms.
2026-04-26 12:28:49 INFO  org.testng.internal.Utils - [Utils] MethodGroupsHelper.sortMethods() took 1 ms.
2026-04-26 12:28:49 INFO  org.testng.internal.Utils - [Utils] MethodGroupsHelper.collectMethodsByGroup() took 0 ms.
2026-04-26 12:28:49 INFO  org.testng.internal.Utils - [Utils] MethodGroupsHelper.sortMethods() took 0 ms.
2026-04-26 12:28:49 INFO  org.testng.internal.Utils - [Utils] MethodGroupsHelper.collectMethodsByGroup() took 0 ms.
2026-04-26 12:28:49 INFO  org.testng.internal.Utils - [Utils] MethodGroupsHelper.sortMethods() took 0 ms.
2026-04-26 12:28:49 INFO  org.testng.internal.Utils - [Utils] MethodGroupsHelper.collectMethodsByGroup() took 0 ms.
2026-04-26 12:28:49 INFO  org.testng.internal.Utils - [Utils] MethodGroupsHelper.sortMethods() took 0 ms.
2026-04-26 12:28:49 INFO  org.testng.internal.Utils - [Utils] MethodGroupsHelper.collectMethodsByGroup() took 0 ms.
2026-04-26 12:28:49 INFO  org.testng.internal.Utils - [Utils] MethodGroupsHelper.sortMethods() took 0 ms.
2026-04-26 12:28:49 INFO  org.testng.internal.Utils - [Utils] MethodGroupsHelper.collectMethodsByGroup() took 0 ms.
2026-04-26 12:28:49 INFO  org.testng.internal.Utils - [Utils] MethodGroupsHelper.sortMethods() took 0 ms.
2026-04-26 12:28:49 INFO  org.testng.internal.Utils - [Utils] MethodGroupsHelper.collectMethodsByGroup() took 0 ms.
2026-04-26 12:28:49 INFO  org.testng.internal.Utils - [Utils] MethodGroupsHelper.sortMethods() took 0 ms.
2026-04-26 12:28:49 INFO  org.testng.internal.Utils - [Utils] MethodGroupsHelper.collectMethodsByGroup() took 0 ms.
2026-04-26 12:28:49 INFO  org.testng.internal.Utils - [Utils] MethodGroupsHelper.sortMethods() took 0 ms.
2026-04-26 12:28:49 INFO  org.testng.internal.Utils - [Utils] MethodGroupsHelper.collectMethodsByGroup() took 5 ms.
2026-04-26 12:28:49 INFO  org.testng.internal.Utils - [Utils] MethodGroupsHelper.sortMethods() took 11 ms.
2026-04-26 12:28:49 INFO  org.testng.internal.Utils - [Utils] MethodGroupsHelper.collectMethodsByGroup() took 0 ms.
2026-04-26 12:28:49 INFO  org.testng.internal.Utils - [Utils] MethodGroupsHelper.sortMethods() took 0 ms.
2026-04-26 12:28:49 INFO  org.testng.internal.Utils - [Utils] MethodGroupsHelper.collectMethodsByGroup() took 0 ms.
2026-04-26 12:28:49 INFO  org.testng.internal.Utils - [Utils] MethodGroupsHelper.sortMethods() took 0 ms.
2026-04-26 12:28:49 INFO  org.testng.internal.Utils - [Utils] MethodGroupsHelper.collectMethodsByGroup() took 0 ms.
2026-04-26 12:28:49 INFO  org.testng.internal.Utils - [Utils] MethodGroupsHelper.sortMethods() took 0 ms.
2026-04-26 12:28:49 INFO  org.testng.internal.Utils - [Utils] MethodGroupsHelper.collectMethodsByGroup() took 11 ms.
2026-04-26 12:28:49 INFO  org.testng.internal.Utils - [Utils] MethodGroupsHelper.sortMethods() took 1 ms.
2026-04-26 12:28:49 INFO  org.testng.internal.Utils - [Utils] MethodGroupsHelper.collectMethodsByGroup() took 0 ms.
2026-04-26 12:28:49 INFO  org.testng.internal.Utils - [Utils] MethodGroupsHelper.sortMethods() took 0 ms.
2026-04-26 12:28:49 INFO  org.testng.internal.Utils - [Utils] MethodGroupsHelper.collectMethodsByGroup() took 0 ms.
2026-04-26 12:28:49 INFO  org.testng.internal.Utils - [Utils] MethodGroupsHelper.sortMethods() took 0 ms.
2026-04-26 12:28:49 INFO  org.testng.internal.Utils - [TestNG] Running:
  C:\Users\Rahul\AppData\Local\Temp\testng-eclipse-993783179\testng-customsuite.xml

2026-04-26 12:28:49 INFO  org.testng.internal.Utils - [Utils] DynamicGraphHelper.createDynamicGraph() took 6 ms.
2026-04-26 12:29:05 INFO  com.Tests.ProductListingPageTest - Coupon applied successfully
2026-04-26 12:29:05 INFO  org.testng.internal.Utils - [TestNG] Time taken by org.testng.reporters.jq.Main@70c0a3d5: 88 ms
2026-04-26 12:29:05 INFO  org.testng.internal.Utils - [TestNG] Time taken by org.testng.reporters.FailedReporter@49206065: 3 ms
2026-04-26 12:29:05 INFO  org.testng.internal.Utils - [TestNG] Time taken by org.testng.reporters.XMLReporter@13fed1ec: 9 ms
2026-04-26 12:29:05 INFO  org.testng.internal.Utils - [TestNG] Time taken by org.testng.reporters.EmailableReporter2@20de05e5: 10 ms
2026-04-26 12:29:05 INFO  org.testng.internal.Utils - [TestNG] Time taken by org.testng.reporters.JUnitReportReporter@760245e1: 8 ms
2026-04-26 12:29:05 INFO  org.testng.internal.Utils - [TestNG] Time taken by org.testng.internal.ExitCodeListener@31ceba99: 0 ms
2026-04-26 12:29:42 DEBUG org.testng.TestNG - suiteXmlPath: "C:\Users\Rahul\AppData\Local\Temp\testng-eclipse--1590313028\testng-customsuite.xml"
2026-04-26 12:29:42 INFO  org.testng.internal.Utils - [Utils] MethodGroupsHelper.collectMethodsByGroup() took 1 ms.
2026-04-26 12:29:42 INFO  org.testng.internal.Utils - [Utils] MethodGroupsHelper.sortMethods() took 1 ms.
2026-04-26 12:29:42 INFO  org.testng.internal.Utils - [Utils] MethodGroupsHelper.collectMethodsByGroup() took 0 ms.
2026-04-26 12:29:42 INFO  org.testng.internal.Utils - [Utils] MethodGroupsHelper.sortMethods() took 0 ms.
2026-04-26 12:29:42 INFO  org.testng.internal.Utils - [Utils] MethodGroupsHelper.collectMethodsByGroup() took 0 ms.
2026-04-26 12:29:42 INFO  org.testng.internal.Utils - [Utils] MethodGroupsHelper.sortMethods() took 0 ms.
2026-04-26 12:29:42 INFO  org.testng.internal.Utils - [Utils] MethodGroupsHelper.collectMethodsByGroup() took 0 ms.
2026-04-26 12:29:42 INFO  org.testng.internal.Utils - [Utils] MethodGroupsHelper.sortMethods() took 0 ms.
2026-04-26 12:29:42 INFO  org.testng.internal.Utils - [Utils] MethodGroupsHelper.collectMethodsByGroup() took 0 ms.
2026-04-26 12:29:42 INFO  org.testng.internal.Utils - [Utils] MethodGroupsHelper.sortMethods() took 0 ms.
2026-04-26 12:29:42 INFO  org.testng.internal.Utils - [Utils] MethodGroupsHelper.collectMethodsByGroup() took 0 ms.
2026-04-26 12:29:42 INFO  org.testng.internal.Utils - [Utils] MethodGroupsHelper.sortMethods() took 0 ms.
2026-04-26 12:29:42 INFO  org.testng.internal.Utils - [Utils] MethodGroupsHelper.collectMethodsByGroup() took 0 ms.
2026-04-26 12:29:42 INFO  org.testng.internal.Utils - [Utils] MethodGroupsHelper.sortMethods() took 0 ms.
2026-04-26 12:29:42 INFO  org.testng.internal.Utils - [Utils] MethodGroupsHelper.collectMethodsByGroup() took 0 ms.
2026-04-26 12:29:42 INFO  org.testng.internal.Utils - [Utils] MethodGroupsHelper.sortMethods() took 0 ms.
2026-04-26 12:29:42 INFO  org.testng.internal.Utils - [Utils] MethodGroupsHelper.collectMethodsByGroup() took 8 ms.
2026-04-26 12:29:42 INFO  org.testng.internal.Utils - [Utils] MethodGroupsHelper.sortMethods() took 9 ms.
2026-04-26 12:29:42 INFO  org.testng.internal.Utils - [Utils] MethodGroupsHelper.collectMethodsByGroup() took 0 ms.
2026-04-26 12:29:42 INFO  org.testng.internal.Utils - [Utils] MethodGroupsHelper.sortMethods() took 0 ms.
2026-04-26 12:29:42 INFO  org.testng.internal.Utils - [Utils] MethodGroupsHelper.collectMethodsByGroup() took 0 ms.
2026-04-26 12:29:42 INFO  org.testng.internal.Utils - [Utils] MethodGroupsHelper.sortMethods() took 0 ms.
2026-04-26 12:29:42 INFO  org.testng.internal.Utils - [Utils] MethodGroupsHelper.collectMethodsByGroup() took 0 ms.
2026-04-26 12:29:42 INFO  org.testng.internal.Utils - [Utils] MethodGroupsHelper.sortMethods() took 0 ms.
2026-04-26 12:29:42 INFO  org.testng.internal.Utils - [Utils] MethodGroupsHelper.collectMethodsByGroup() took 9 ms.
2026-04-26 12:29:42 INFO  org.testng.internal.Utils - [Utils] MethodGroupsHelper.sortMethods() took 0 ms.
2026-04-26 12:29:42 INFO  org.testng.internal.Utils - [Utils] MethodGroupsHelper.collectMethodsByGroup() took 0 ms.
2026-04-26 12:29:42 INFO  org.testng.internal.Utils - [Utils] MethodGroupsHelper.sortMethods() took 0 ms.
2026-04-26 12:29:42 INFO  org.testng.internal.Utils - [Utils] MethodGroupsHelper.collectMethodsByGroup() took 0 ms.
2026-04-26 12:29:42 INFO  org.testng.internal.Utils - [Utils] MethodGroupsHelper.sortMethods() took 0 ms.
2026-04-26 12:29:42 INFO  org.testng.internal.Utils - [TestNG] Running:
  C:\Users\Rahul\AppData\Local\Temp\testng-eclipse--1590313028\testng-customsuite.xml

2026-04-26 12:29:42 INFO  org.testng.internal.Utils - [Utils] DynamicGraphHelper.createDynamicGraph() took 2 ms.
2026-04-26 12:29:59 INFO  com.Tests.ProductListingPageTest - Pincode button clicked
2026-04-26 12:29:59 INFO  org.testng.internal.Utils - [TestNG] Time taken by org.testng.reporters.jq.Main@2b9f74d0: 123 ms
2026-04-26 12:29:59 INFO  org.testng.internal.Utils - [TestNG] Time taken by org.testng.reporters.FailedReporter@ac20bb4: 2 ms
2026-04-26 12:29:59 INFO  org.testng.internal.Utils - [TestNG] Time taken by org.testng.reporters.XMLReporter@20134094: 9 ms
2026-04-26 12:29:59 INFO  org.testng.internal.Utils - [TestNG] Time taken by org.testng.reporters.EmailableReporter2@39c385d6: 8 ms
2026-04-26 12:29:59 INFO  org.testng.internal.Utils - [TestNG] Time taken by org.testng.reporters.JUnitReportReporter@44550792: 12 ms
2026-04-26 12:29:59 INFO  org.testng.internal.Utils - [TestNG] Time taken by org.testng.internal.ExitCodeListener@1835d3ed: 1 ms
2026-04-26 12:30:21 DEBUG org.testng.TestNG - suiteXmlPath: "C:\Users\Rahul\AppData\Local\Temp\testng-eclipse--995045182\testng-customsuite.xml"
2026-04-26 12:30:21 INFO  org.testng.internal.Utils - [Utils] MethodGroupsHelper.collectMethodsByGroup() took 1 ms.
2026-04-26 12:30:21 INFO  org.testng.internal.Utils - [Utils] MethodGroupsHelper.sortMethods() took 2 ms.
2026-04-26 12:30:21 INFO  org.testng.internal.Utils - [Utils] MethodGroupsHelper.collectMethodsByGroup() took 0 ms.
2026-04-26 12:30:21 INFO  org.testng.internal.Utils - [Utils] MethodGroupsHelper.sortMethods() took 0 ms.
2026-04-26 12:30:21 INFO  org.testng.internal.Utils - [Utils] MethodGroupsHelper.collectMethodsByGroup() took 0 ms.
2026-04-26 12:30:21 INFO  org.testng.internal.Utils - [Utils] MethodGroupsHelper.sortMethods() took 0 ms.
2026-04-26 12:30:21 INFO  org.testng.internal.Utils - [Utils] MethodGroupsHelper.collectMethodsByGroup() took 0 ms.
2026-04-26 12:30:21 INFO  org.testng.internal.Utils - [Utils] MethodGroupsHelper.sortMethods() took 0 ms.
2026-04-26 12:30:21 INFO  org.testng.internal.Utils - [Utils] MethodGroupsHelper.collectMethodsByGroup() took 0 ms.
2026-04-26 12:30:21 INFO  org.testng.internal.Utils - [Utils] MethodGroupsHelper.sortMethods() took 0 ms.
2026-04-26 12:30:21 INFO  org.testng.internal.Utils - [Utils] MethodGroupsHelper.collectMethodsByGroup() took 0 ms.
2026-04-26 12:30:21 INFO  org.testng.internal.Utils - [Utils] MethodGroupsHelper.sortMethods() took 0 ms.
2026-04-26 12:30:21 INFO  org.testng.internal.Utils - [Utils] MethodGroupsHelper.collectMethodsByGroup() took 0 ms.
2026-04-26 12:30:21 INFO  org.testng.internal.Utils - [Utils] MethodGroupsHelper.sortMethods() took 0 ms.
2026-04-26 12:30:21 INFO  org.testng.internal.Utils - [Utils] MethodGroupsHelper.collectMethodsByGroup() took 0 ms.
2026-04-26 12:30:21 INFO  org.testng.internal.Utils - [Utils] MethodGroupsHelper.sortMethods() took 0 ms.
2026-04-26 12:30:21 INFO  org.testng.internal.Utils - [Utils] MethodGroupsHelper.collectMethodsByGroup() took 6 ms.
2026-04-26 12:30:21 INFO  org.testng.internal.Utils - [Utils] MethodGroupsHelper.sortMethods() took 13 ms.
2026-04-26 12:30:21 INFO  org.testng.internal.Utils - [Utils] MethodGroupsHelper.collectMethodsByGroup() took 0 ms.
2026-04-26 12:30:21 INFO  org.testng.internal.Utils - [Utils] MethodGroupsHelper.sortMethods() took 0 ms.
2026-04-26 12:30:21 INFO  org.testng.internal.Utils - [Utils] MethodGroupsHelper.collectMethodsByGroup() took 0 ms.
2026-04-26 12:30:21 INFO  org.testng.internal.Utils - [Utils] MethodGroupsHelper.sortMethods() took 0 ms.
2026-04-26 12:30:21 INFO  org.testng.internal.Utils - [Utils] MethodGroupsHelper.collectMethodsByGroup() took 0 ms.
2026-04-26 12:30:21 INFO  org.testng.internal.Utils - [Utils] MethodGroupsHelper.sortMethods() took 0 ms.
2026-04-26 12:30:21 INFO  org.testng.internal.Utils - [Utils] MethodGroupsHelper.collectMethodsByGroup() took 12 ms.
2026-04-26 12:30:21 INFO  org.testng.internal.Utils - [Utils] MethodGroupsHelper.sortMethods() took 0 ms.
2026-04-26 12:30:21 INFO  org.testng.internal.Utils - [Utils] MethodGroupsHelper.collectMethodsByGroup() took 0 ms.
2026-04-26 12:30:21 INFO  org.testng.internal.Utils - [Utils] MethodGroupsHelper.sortMethods() took 0 ms.
2026-04-26 12:30:21 INFO  org.testng.internal.Utils - [Utils] MethodGroupsHelper.collectMethodsByGroup() took 0 ms.
2026-04-26 12:30:21 INFO  org.testng.internal.Utils - [Utils] MethodGroupsHelper.sortMethods() took 0 ms.
2026-04-26 12:30:21 INFO  org.testng.internal.Utils - [TestNG] Running:
  C:\Users\Rahul\AppData\Local\Temp\testng-eclipse--995045182\testng-customsuite.xml

2026-04-26 12:30:21 INFO  org.testng.internal.Utils - [Utils] DynamicGraphHelper.createDynamicGraph() took 5 ms.
2026-04-26 12:30:30 INFO  org.testng.internal.Utils - [TestNG] Time taken by org.testng.reporters.jq.Main@21d1b321: 145 ms
2026-04-26 12:30:30 INFO  org.testng.internal.Utils - [TestNG] Time taken by org.testng.reporters.FailedReporter@67594471: 32 ms
2026-04-26 12:30:30 INFO  org.testng.internal.Utils - [TestNG] Time taken by org.testng.reporters.XMLReporter@7f7af971: 15 ms
2026-04-26 12:30:30 INFO  org.testng.internal.Utils - [TestNG] Time taken by org.testng.reporters.EmailableReporter2@51ce6f85: 10 ms
2026-04-26 12:30:30 INFO  org.testng.internal.Utils - [TestNG] Time taken by org.testng.reporters.JUnitReportReporter@5b275174: 11 ms
2026-04-26 12:30:30 INFO  org.testng.internal.Utils - [TestNG] Time taken by org.testng.internal.ExitCodeListener@10ef5fa0: 1 ms
2026-04-26 12:30:44 DEBUG org.testng.TestNG - suiteXmlPath: "C:\Users\Rahul\AppData\Local\Temp\testng-eclipse-1741920575\testng-customsuite.xml"
2026-04-26 12:30:45 INFO  org.testng.internal.Utils - [Utils] MethodGroupsHelper.collectMethodsByGroup() took 0 ms.
2026-04-26 12:30:45 INFO  org.testng.internal.Utils - [Utils] MethodGroupsHelper.sortMethods() took 1 ms.
2026-04-26 12:30:45 INFO  org.testng.internal.Utils - [Utils] MethodGroupsHelper.collectMethodsByGroup() took 0 ms.
2026-04-26 12:30:45 INFO  org.testng.internal.Utils - [Utils] MethodGroupsHelper.sortMethods() took 0 ms.
2026-04-26 12:30:45 INFO  org.testng.internal.Utils - [Utils] MethodGroupsHelper.collectMethodsByGroup() took 0 ms.
2026-04-26 12:30:45 INFO  org.testng.internal.Utils - [Utils] MethodGroupsHelper.sortMethods() took 0 ms.
2026-04-26 12:30:45 INFO  org.testng.internal.Utils - [Utils] MethodGroupsHelper.collectMethodsByGroup() took 0 ms.
2026-04-26 12:30:45 INFO  org.testng.internal.Utils - [Utils] MethodGroupsHelper.sortMethods() took 0 ms.
2026-04-26 12:30:45 INFO  org.testng.internal.Utils - [Utils] MethodGroupsHelper.collectMethodsByGroup() took 0 ms.
2026-04-26 12:30:45 INFO  org.testng.internal.Utils - [Utils] MethodGroupsHelper.sortMethods() took 0 ms.
2026-04-26 12:30:45 INFO  org.testng.internal.Utils - [Utils] MethodGroupsHelper.collectMethodsByGroup() took 0 ms.
2026-04-26 12:30:45 INFO  org.testng.internal.Utils - [Utils] MethodGroupsHelper.sortMethods() took 0 ms.
2026-04-26 12:30:45 INFO  org.testng.internal.Utils - [Utils] MethodGroupsHelper.collectMethodsByGroup() took 0 ms.
2026-04-26 12:30:45 INFO  org.testng.internal.Utils - [Utils] MethodGroupsHelper.sortMethods() took 0 ms.
2026-04-26 12:30:45 INFO  org.testng.internal.Utils - [Utils] MethodGroupsHelper.collectMethodsByGroup() took 0 ms.
2026-04-26 12:30:45 INFO  org.testng.internal.Utils - [Utils] MethodGroupsHelper.sortMethods() took 0 ms.
2026-04-26 12:30:45 INFO  org.testng.internal.Utils - [Utils] MethodGroupsHelper.collectMethodsByGroup() took 8 ms.
2026-04-26 12:30:45 INFO  org.testng.internal.Utils - [Utils] MethodGroupsHelper.sortMethods() took 15 ms.
2026-04-26 12:30:45 INFO  org.testng.internal.Utils - [Utils] MethodGroupsHelper.collectMethodsByGroup() took 0 ms.
2026-04-26 12:30:45 INFO  org.testng.internal.Utils - [Utils] MethodGroupsHelper.sortMethods() took 0 ms.
2026-04-26 12:30:45 INFO  org.testng.internal.Utils - [Utils] MethodGroupsHelper.collectMethodsByGroup() took 0 ms.
2026-04-26 12:30:45 INFO  org.testng.internal.Utils - [Utils] MethodGroupsHelper.sortMethods() took 0 ms.
2026-04-26 12:30:45 INFO  org.testng.internal.Utils - [Utils] MethodGroupsHelper.collectMethodsByGroup() took 0 ms.
2026-04-26 12:30:45 INFO  org.testng.internal.Utils - [Utils] MethodGroupsHelper.sortMethods() took 0 ms.
2026-04-26 12:30:45 INFO  org.testng.internal.Utils - [Utils] MethodGroupsHelper.collectMethodsByGroup() took 10 ms.
2026-04-26 12:30:45 INFO  org.testng.internal.Utils - [Utils] MethodGroupsHelper.sortMethods() took 0 ms.
2026-04-26 12:30:45 INFO  org.testng.internal.Utils - [Utils] MethodGroupsHelper.collectMethodsByGroup() took 0 ms.
2026-04-26 12:30:45 INFO  org.testng.internal.Utils - [Utils] MethodGroupsHelper.sortMethods() took 0 ms.
2026-04-26 12:30:45 INFO  org.testng.internal.Utils - [Utils] MethodGroupsHelper.collectMethodsByGroup() took 0 ms.
2026-04-26 12:30:45 INFO  org.testng.internal.Utils - [Utils] MethodGroupsHelper.sortMethods() took 0 ms.
2026-04-26 12:30:45 INFO  org.testng.internal.Utils - [TestNG] Running:
  C:\Users\Rahul\AppData\Local\Temp\testng-eclipse-1741920575\testng-customsuite.xml

2026-04-26 12:30:45 INFO  org.testng.internal.Utils - [Utils] DynamicGraphHelper.createDynamicGraph() took 5 ms.
2026-04-26 12:31:00 INFO  org.testng.internal.Utils - [TestNG] Time taken by org.testng.reporters.jq.Main@472698d: 88 ms
2026-04-26 12:31:00 INFO  org.testng.internal.Utils - [TestNG] Time taken by org.testng.reporters.FailedReporter@2e53b094: 2 ms
2026-04-26 12:31:01 INFO  org.testng.internal.Utils - [TestNG] Time taken by org.testng.reporters.XMLReporter@16eedaa6: 12 ms
2026-04-26 12:31:01 INFO  org.testng.internal.Utils - [TestNG] Time taken by org.testng.reporters.EmailableReporter2@58496c97: 8 ms
2026-04-26 12:31:01 INFO  org.testng.internal.Utils - [TestNG] Time taken by org.testng.reporters.JUnitReportReporter@48eb9836: 7 ms
2026-04-26 12:31:01 INFO  org.testng.internal.Utils - [TestNG] Time taken by org.testng.internal.ExitCodeListener@6c518474: 0 ms
2026-04-26 12:31:10 DEBUG org.testng.TestNG - suiteXmlPath: "C:\Users\Rahul\AppData\Local\Temp\testng-eclipse-1780426114\testng-customsuite.xml"
2026-04-26 12:31:11 INFO  org.testng.internal.Utils - [Utils] MethodGroupsHelper.collectMethodsByGroup() took 1 ms.
2026-04-26 12:31:11 INFO  org.testng.internal.Utils - [Utils] MethodGroupsHelper.sortMethods() took 0 ms.
2026-04-26 12:31:11 INFO  org.testng.internal.Utils - [Utils] MethodGroupsHelper.collectMethodsByGroup() took 0 ms.
2026-04-26 12:31:11 INFO  org.testng.internal.Utils - [Utils] MethodGroupsHelper.sortMethods() took 0 ms.
2026-04-26 12:31:11 INFO  org.testng.internal.Utils - [Utils] MethodGroupsHelper.collectMethodsByGroup() took 0 ms.
2026-04-26 12:31:11 INFO  org.testng.internal.Utils - [Utils] MethodGroupsHelper.sortMethods() took 0 ms.
2026-04-26 12:31:11 INFO  org.testng.internal.Utils - [Utils] MethodGroupsHelper.collectMethodsByGroup() took 0 ms.
2026-04-26 12:31:11 INFO  org.testng.internal.Utils - [Utils] MethodGroupsHelper.sortMethods() took 0 ms.
2026-04-26 12:31:11 INFO  org.testng.internal.Utils - [Utils] MethodGroupsHelper.collectMethodsByGroup() took 0 ms.
2026-04-26 12:31:11 INFO  org.testng.internal.Utils - [Utils] MethodGroupsHelper.sortMethods() took 0 ms.
2026-04-26 12:31:11 INFO  org.testng.internal.Utils - [Utils] MethodGroupsHelper.collectMethodsByGroup() took 0 ms.
2026-04-26 12:31:11 INFO  org.testng.internal.Utils - [Utils] MethodGroupsHelper.sortMethods() took 0 ms.
2026-04-26 12:31:11 INFO  org.testng.internal.Utils - [Utils] MethodGroupsHelper.collectMethodsByGroup() took 0 ms.
2026-04-26 12:31:11 INFO  org.testng.internal.Utils - [Utils] MethodGroupsHelper.sortMethods() took 0 ms.
2026-04-26 12:31:11 INFO  org.testng.internal.Utils - [Utils] MethodGroupsHelper.collectMethodsByGroup() took 0 ms.
2026-04-26 12:31:11 INFO  org.testng.internal.Utils - [Utils] MethodGroupsHelper.sortMethods() took 0 ms.
2026-04-26 12:31:11 INFO  org.testng.internal.Utils - [Utils] MethodGroupsHelper.collectMethodsByGroup() took 8 ms.
2026-04-26 12:31:11 INFO  org.testng.internal.Utils - [Utils] MethodGroupsHelper.sortMethods() took 17 ms.
2026-04-26 12:31:11 INFO  org.testng.internal.Utils - [Utils] MethodGroupsHelper.collectMethodsByGroup() took 0 ms.
2026-04-26 12:31:11 INFO  org.testng.internal.Utils - [Utils] MethodGroupsHelper.sortMethods() took 0 ms.
2026-04-26 12:31:11 INFO  org.testng.internal.Utils - [Utils] MethodGroupsHelper.collectMethodsByGroup() took 0 ms.
2026-04-26 12:31:11 INFO  org.testng.internal.Utils - [Utils] MethodGroupsHelper.sortMethods() took 0 ms.
2026-04-26 12:31:11 INFO  org.testng.internal.Utils - [Utils] MethodGroupsHelper.collectMethodsByGroup() took 0 ms.
2026-04-26 12:31:11 INFO  org.testng.internal.Utils - [Utils] MethodGroupsHelper.sortMethods() took 0 ms.
2026-04-26 12:31:11 INFO  org.testng.internal.Utils - [Utils] MethodGroupsHelper.collectMethodsByGroup() took 12 ms.
2026-04-26 12:31:11 INFO  org.testng.internal.Utils - [Utils] MethodGroupsHelper.sortMethods() took 0 ms.
2026-04-26 12:31:11 INFO  org.testng.internal.Utils - [Utils] MethodGroupsHelper.collectMethodsByGroup() took 0 ms.
2026-04-26 12:31:11 INFO  org.testng.internal.Utils - [Utils] MethodGroupsHelper.sortMethods() took 0 ms.
2026-04-26 12:31:11 INFO  org.testng.internal.Utils - [Utils] MethodGroupsHelper.collectMethodsByGroup() took 0 ms.
2026-04-26 12:31:11 INFO  org.testng.internal.Utils - [Utils] MethodGroupsHelper.sortMethods() took 0 ms.
2026-04-26 12:31:11 INFO  org.testng.internal.Utils - [TestNG] Running:
  C:\Users\Rahul\AppData\Local\Temp\testng-eclipse-1780426114\testng-customsuite.xml

2026-04-26 12:31:11 INFO  org.testng.internal.Utils - [Utils] DynamicGraphHelper.createDynamicGraph() took 5 ms.
2026-04-26 12:31:26 INFO  com.Tests.ProductListingPageTest - Cart item count: 1
2026-04-26 12:31:26 INFO  org.testng.internal.Utils - [TestNG] Time taken by org.testng.reporters.jq.Main@5cb5bb88: 131 ms
2026-04-26 12:31:26 INFO  org.testng.internal.Utils - [TestNG] Time taken by org.testng.reporters.FailedReporter@16872c4d: 2 ms
2026-04-26 12:31:26 INFO  org.testng.internal.Utils - [TestNG] Time taken by org.testng.reporters.XMLReporter@39fa8ad2: 12 ms
2026-04-26 12:31:26 INFO  org.testng.internal.Utils - [TestNG] Time taken by org.testng.reporters.EmailableReporter2@341672e: 9 ms
2026-04-26 12:31:26 INFO  org.testng.internal.Utils - [TestNG] Time taken by org.testng.reporters.JUnitReportReporter@3f9f71ff: 14 ms
2026-04-26 12:31:26 INFO  org.testng.internal.Utils - [TestNG] Time taken by org.testng.internal.ExitCodeListener@fabb651: 1 ms
2026-04-26 12:31:42 DEBUG org.testng.TestNG - suiteXmlPath: "C:\Users\Rahul\AppData\Local\Temp\testng-eclipse-258941784\testng-customsuite.xml"
2026-04-26 12:31:42 INFO  org.testng.internal.Utils - [Utils] MethodGroupsHelper.collectMethodsByGroup() took 0 ms.
2026-04-26 12:31:42 INFO  org.testng.internal.Utils - [Utils] MethodGroupsHelper.sortMethods() took 2 ms.
2026-04-26 12:31:42 INFO  org.testng.internal.Utils - [Utils] MethodGroupsHelper.collectMethodsByGroup() took 0 ms.
2026-04-26 12:31:42 INFO  org.testng.internal.Utils - [Utils] MethodGroupsHelper.sortMethods() took 0 ms.
2026-04-26 12:31:42 INFO  org.testng.internal.Utils - [Utils] MethodGroupsHelper.collectMethodsByGroup() took 0 ms.
2026-04-26 12:31:42 INFO  org.testng.internal.Utils - [Utils] MethodGroupsHelper.sortMethods() took 0 ms.
2026-04-26 12:31:42 INFO  org.testng.internal.Utils - [Utils] MethodGroupsHelper.collectMethodsByGroup() took 0 ms.
2026-04-26 12:31:42 INFO  org.testng.internal.Utils - [Utils] MethodGroupsHelper.sortMethods() took 0 ms.
2026-04-26 12:31:42 INFO  org.testng.internal.Utils - [Utils] MethodGroupsHelper.collectMethodsByGroup() took 0 ms.
2026-04-26 12:31:42 INFO  org.testng.internal.Utils - [Utils] MethodGroupsHelper.sortMethods() took 0 ms.
2026-04-26 12:31:42 INFO  org.testng.internal.Utils - [Utils] MethodGroupsHelper.collectMethodsByGroup() took 0 ms.
2026-04-26 12:31:42 INFO  org.testng.internal.Utils - [Utils] MethodGroupsHelper.sortMethods() took 0 ms.
2026-04-26 12:31:42 INFO  org.testng.internal.Utils - [Utils] MethodGroupsHelper.collectMethodsByGroup() took 0 ms.
2026-04-26 12:31:42 INFO  org.testng.internal.Utils - [Utils] MethodGroupsHelper.sortMethods() took 0 ms.
2026-04-26 12:31:42 INFO  org.testng.internal.Utils - [Utils] MethodGroupsHelper.collectMethodsByGroup() took 0 ms.
2026-04-26 12:31:42 INFO  org.testng.internal.Utils - [Utils] MethodGroupsHelper.sortMethods() took 0 ms.
2026-04-26 12:31:42 INFO  org.testng.internal.Utils - [Utils] MethodGroupsHelper.collectMethodsByGroup() took 7 ms.
2026-04-26 12:31:43 INFO  org.testng.internal.Utils - [Utils] MethodGroupsHelper.sortMethods() took 14 ms.
2026-04-26 12:31:43 INFO  org.testng.internal.Utils - [Utils] MethodGroupsHelper.collectMethodsByGroup() took 0 ms.
2026-04-26 12:31:43 INFO  org.testng.internal.Utils - [Utils] MethodGroupsHelper.sortMethods() took 0 ms.
2026-04-26 12:31:43 INFO  org.testng.internal.Utils - [Utils] MethodGroupsHelper.collectMethodsByGroup() took 0 ms.
2026-04-26 12:31:43 INFO  org.testng.internal.Utils - [Utils] MethodGroupsHelper.sortMethods() took 0 ms.
2026-04-26 12:31:43 INFO  org.testng.internal.Utils - [Utils] MethodGroupsHelper.collectMethodsByGroup() took 0 ms.
2026-04-26 12:31:43 INFO  org.testng.internal.Utils - [Utils] MethodGroupsHelper.sortMethods() took 0 ms.
2026-04-26 12:31:43 INFO  org.testng.internal.Utils - [Utils] MethodGroupsHelper.collectMethodsByGroup() took 13 ms.
2026-04-26 12:31:43 INFO  org.testng.internal.Utils - [Utils] MethodGroupsHelper.sortMethods() took 1 ms.
2026-04-26 12:31:43 INFO  org.testng.internal.Utils - [Utils] MethodGroupsHelper.collectMethodsByGroup() took 0 ms.
2026-04-26 12:31:43 INFO  org.testng.internal.Utils - [Utils] MethodGroupsHelper.sortMethods() took 0 ms.
2026-04-26 12:31:43 INFO  org.testng.internal.Utils - [Utils] MethodGroupsHelper.collectMethodsByGroup() took 0 ms.
2026-04-26 12:31:43 INFO  org.testng.internal.Utils - [Utils] MethodGroupsHelper.sortMethods() took 0 ms.
2026-04-26 12:31:43 INFO  org.testng.internal.Utils - [TestNG] Running:
  C:\Users\Rahul\AppData\Local\Temp\testng-eclipse-258941784\testng-customsuite.xml

2026-04-26 12:31:43 INFO  org.testng.internal.Utils - [Utils] DynamicGraphHelper.createDynamicGraph() took 6 ms.
2026-04-26 12:31:58 INFO  com.Tests.ProductListingPageTest - Product name: Boys Olive Straight Fit Soft Durable Fabric Daily Easy Movement Lower
2026-04-26 12:31:59 INFO  org.testng.internal.Utils - [TestNG] Time taken by org.testng.reporters.jq.Main@40712ee9: 77 ms
2026-04-26 12:31:59 INFO  org.testng.internal.Utils - [TestNG] Time taken by org.testng.reporters.FailedReporter@76ddd61a: 1 ms
2026-04-26 12:31:59 INFO  org.testng.internal.Utils - [TestNG] Time taken by org.testng.reporters.XMLReporter@5b051a5c: 9 ms
2026-04-26 12:31:59 INFO  org.testng.internal.Utils - [TestNG] Time taken by org.testng.reporters.EmailableReporter2@3872bc37: 8 ms
2026-04-26 12:31:59 INFO  org.testng.internal.Utils - [TestNG] Time taken by org.testng.reporters.JUnitReportReporter@11b455e5: 14 ms
2026-04-26 12:31:59 INFO  org.testng.internal.Utils - [TestNG] Time taken by org.testng.internal.ExitCodeListener@2a066689: 0 ms
2026-04-26 12:32:07 DEBUG org.testng.TestNG - suiteXmlPath: "C:\Users\Rahul\AppData\Local\Temp\testng-eclipse--1088033467\testng-customsuite.xml"
2026-04-26 12:32:08 INFO  org.testng.internal.Utils - [Utils] MethodGroupsHelper.collectMethodsByGroup() took 1 ms.
2026-04-26 12:32:08 INFO  org.testng.internal.Utils - [Utils] MethodGroupsHelper.sortMethods() took 1 ms.
2026-04-26 12:32:08 INFO  org.testng.internal.Utils - [Utils] MethodGroupsHelper.collectMethodsByGroup() took 0 ms.
2026-04-26 12:32:08 INFO  org.testng.internal.Utils - [Utils] MethodGroupsHelper.sortMethods() took 0 ms.
2026-04-26 12:32:08 INFO  org.testng.internal.Utils - [Utils] MethodGroupsHelper.collectMethodsByGroup() took 0 ms.
2026-04-26 12:32:08 INFO  org.testng.internal.Utils - [Utils] MethodGroupsHelper.sortMethods() took 0 ms.
2026-04-26 12:32:08 INFO  org.testng.internal.Utils - [Utils] MethodGroupsHelper.collectMethodsByGroup() took 0 ms.
2026-04-26 12:32:08 INFO  org.testng.internal.Utils - [Utils] MethodGroupsHelper.sortMethods() took 0 ms.
2026-04-26 12:32:08 INFO  org.testng.internal.Utils - [Utils] MethodGroupsHelper.collectMethodsByGroup() took 0 ms.
2026-04-26 12:32:08 INFO  org.testng.internal.Utils - [Utils] MethodGroupsHelper.sortMethods() took 0 ms.
2026-04-26 12:32:08 INFO  org.testng.internal.Utils - [Utils] MethodGroupsHelper.collectMethodsByGroup() took 0 ms.
2026-04-26 12:32:08 INFO  org.testng.internal.Utils - [Utils] MethodGroupsHelper.sortMethods() took 0 ms.
2026-04-26 12:32:08 INFO  org.testng.internal.Utils - [Utils] MethodGroupsHelper.collectMethodsByGroup() took 0 ms.
2026-04-26 12:32:08 INFO  org.testng.internal.Utils - [Utils] MethodGroupsHelper.sortMethods() took 0 ms.
2026-04-26 12:32:08 INFO  org.testng.internal.Utils - [Utils] MethodGroupsHelper.collectMethodsByGroup() took 0 ms.
2026-04-26 12:32:08 INFO  org.testng.internal.Utils - [Utils] MethodGroupsHelper.sortMethods() took 0 ms.
2026-04-26 12:32:08 INFO  org.testng.internal.Utils - [Utils] MethodGroupsHelper.collectMethodsByGroup() took 9 ms.
2026-04-26 12:32:08 INFO  org.testng.internal.Utils - [Utils] MethodGroupsHelper.sortMethods() took 20 ms.
2026-04-26 12:32:08 INFO  org.testng.internal.Utils - [Utils] MethodGroupsHelper.collectMethodsByGroup() took 0 ms.
2026-04-26 12:32:08 INFO  org.testng.internal.Utils - [Utils] MethodGroupsHelper.sortMethods() took 0 ms.
2026-04-26 12:32:08 INFO  org.testng.internal.Utils - [Utils] MethodGroupsHelper.collectMethodsByGroup() took 0 ms.
2026-04-26 12:32:08 INFO  org.testng.internal.Utils - [Utils] MethodGroupsHelper.sortMethods() took 0 ms.
2026-04-26 12:32:08 INFO  org.testng.internal.Utils - [Utils] MethodGroupsHelper.collectMethodsByGroup() took 0 ms.
2026-04-26 12:32:08 INFO  org.testng.internal.Utils - [Utils] MethodGroupsHelper.sortMethods() took 0 ms.
2026-04-26 12:32:08 INFO  org.testng.internal.Utils - [Utils] MethodGroupsHelper.collectMethodsByGroup() took 13 ms.
2026-04-26 12:32:08 INFO  org.testng.internal.Utils - [Utils] MethodGroupsHelper.sortMethods() took 1 ms.
2026-04-26 12:32:08 INFO  org.testng.internal.Utils - [Utils] MethodGroupsHelper.collectMethodsByGroup() took 0 ms.
2026-04-26 12:32:08 INFO  org.testng.internal.Utils - [Utils] MethodGroupsHelper.sortMethods() took 0 ms.
2026-04-26 12:32:08 INFO  org.testng.internal.Utils - [Utils] MethodGroupsHelper.collectMethodsByGroup() took 0 ms.
2026-04-26 12:32:08 INFO  org.testng.internal.Utils - [Utils] MethodGroupsHelper.sortMethods() took 0 ms.
2026-04-26 12:32:08 INFO  org.testng.internal.Utils - [TestNG] Running:
  C:\Users\Rahul\AppData\Local\Temp\testng-eclipse--1088033467\testng-customsuite.xml

2026-04-26 12:32:08 INFO  org.testng.internal.Utils - [Utils] DynamicGraphHelper.createDynamicGraph() took 4 ms.
2026-04-26 12:32:24 INFO  com.Tests.ProductListingPageTest - Brand name: Purple United Kids
2026-04-26 12:32:24 INFO  org.testng.internal.Utils - [TestNG] Time taken by org.testng.reporters.jq.Main@2e53b094: 185 ms
2026-04-26 12:32:24 INFO  org.testng.internal.Utils - [TestNG] Time taken by org.testng.reporters.FailedReporter@3f92a84e: 3 ms
2026-04-26 12:32:24 INFO  org.testng.internal.Utils - [TestNG] Time taken by org.testng.reporters.XMLReporter@639aba11: 17 ms
2026-04-26 12:32:24 INFO  org.testng.internal.Utils - [TestNG] Time taken by org.testng.reporters.EmailableReporter2@1a87b51: 13 ms
2026-04-26 12:32:24 INFO  org.testng.internal.Utils - [TestNG] Time taken by org.testng.reporters.JUnitReportReporter@2a066689: 7 ms
2026-04-26 12:32:24 INFO  org.testng.internal.Utils - [TestNG] Time taken by org.testng.internal.ExitCodeListener@3e3861d7: 0 ms
2026-04-26 12:32:39 DEBUG org.testng.TestNG - suiteXmlPath: "C:\Users\Rahul\AppData\Local\Temp\testng-eclipse--405442946\testng-customsuite.xml"
2026-04-26 12:32:40 INFO  org.testng.internal.Utils - [Utils] MethodGroupsHelper.collectMethodsByGroup() took 0 ms.
2026-04-26 12:32:40 INFO  org.testng.internal.Utils - [Utils] MethodGroupsHelper.sortMethods() took 3 ms.
2026-04-26 12:32:40 INFO  org.testng.internal.Utils - [Utils] MethodGroupsHelper.collectMethodsByGroup() took 0 ms.
2026-04-26 12:32:40 INFO  org.testng.internal.Utils - [Utils] MethodGroupsHelper.sortMethods() took 0 ms.
2026-04-26 12:32:40 INFO  org.testng.internal.Utils - [Utils] MethodGroupsHelper.collectMethodsByGroup() took 0 ms.
2026-04-26 12:32:40 INFO  org.testng.internal.Utils - [Utils] MethodGroupsHelper.sortMethods() took 0 ms.
2026-04-26 12:32:40 INFO  org.testng.internal.Utils - [Utils] MethodGroupsHelper.collectMethodsByGroup() took 0 ms.
2026-04-26 12:32:40 INFO  org.testng.internal.Utils - [Utils] MethodGroupsHelper.sortMethods() took 0 ms.
2026-04-26 12:32:40 INFO  org.testng.internal.Utils - [Utils] MethodGroupsHelper.collectMethodsByGroup() took 0 ms.
2026-04-26 12:32:40 INFO  org.testng.internal.Utils - [Utils] MethodGroupsHelper.sortMethods() took 0 ms.
2026-04-26 12:32:40 INFO  org.testng.internal.Utils - [Utils] MethodGroupsHelper.collectMethodsByGroup() took 0 ms.
2026-04-26 12:32:40 INFO  org.testng.internal.Utils - [Utils] MethodGroupsHelper.sortMethods() took 0 ms.
2026-04-26 12:32:40 INFO  org.testng.internal.Utils - [Utils] MethodGroupsHelper.collectMethodsByGroup() took 0 ms.
2026-04-26 12:32:40 INFO  org.testng.internal.Utils - [Utils] MethodGroupsHelper.sortMethods() took 0 ms.
2026-04-26 12:32:40 INFO  org.testng.internal.Utils - [Utils] MethodGroupsHelper.collectMethodsByGroup() took 0 ms.
2026-04-26 12:32:40 INFO  org.testng.internal.Utils - [Utils] MethodGroupsHelper.sortMethods() took 0 ms.
2026-04-26 12:32:40 INFO  org.testng.internal.Utils - [Utils] MethodGroupsHelper.collectMethodsByGroup() took 5 ms.
2026-04-26 12:32:40 INFO  org.testng.internal.Utils - [Utils] MethodGroupsHelper.sortMethods() took 15 ms.
2026-04-26 12:32:40 INFO  org.testng.internal.Utils - [Utils] MethodGroupsHelper.collectMethodsByGroup() took 0 ms.
2026-04-26 12:32:40 INFO  org.testng.internal.Utils - [Utils] MethodGroupsHelper.sortMethods() took 0 ms.
2026-04-26 12:32:40 INFO  org.testng.internal.Utils - [Utils] MethodGroupsHelper.collectMethodsByGroup() took 0 ms.
2026-04-26 12:32:40 INFO  org.testng.internal.Utils - [Utils] MethodGroupsHelper.sortMethods() took 0 ms.
2026-04-26 12:32:40 INFO  org.testng.internal.Utils - [Utils] MethodGroupsHelper.collectMethodsByGroup() took 0 ms.
2026-04-26 12:32:40 INFO  org.testng.internal.Utils - [Utils] MethodGroupsHelper.sortMethods() took 0 ms.
2026-04-26 12:32:40 INFO  org.testng.internal.Utils - [Utils] MethodGroupsHelper.collectMethodsByGroup() took 12 ms.
2026-04-26 12:32:40 INFO  org.testng.internal.Utils - [Utils] MethodGroupsHelper.sortMethods() took 0 ms.
2026-04-26 12:32:40 INFO  org.testng.internal.Utils - [Utils] MethodGroupsHelper.collectMethodsByGroup() took 0 ms.
2026-04-26 12:32:40 INFO  org.testng.internal.Utils - [Utils] MethodGroupsHelper.sortMethods() took 0 ms.
2026-04-26 12:32:40 INFO  org.testng.internal.Utils - [Utils] MethodGroupsHelper.collectMethodsByGroup() took 0 ms.
2026-04-26 12:32:40 INFO  org.testng.internal.Utils - [Utils] MethodGroupsHelper.sortMethods() took 0 ms.
2026-04-26 12:32:40 INFO  org.testng.internal.Utils - [TestNG] Running:
  C:\Users\Rahul\AppData\Local\Temp\testng-eclipse--405442946\testng-customsuite.xml

2026-04-26 12:32:40 INFO  org.testng.internal.Utils - [Utils] DynamicGraphHelper.createDynamicGraph() took 5 ms.
2026-04-26 12:33:27 INFO  org.testng.internal.Utils - [TestNG] Time taken by org.testng.reporters.jq.Main@68ab0936: 46 ms
2026-04-26 12:33:27 INFO  org.testng.internal.Utils - [TestNG] Time taken by org.testng.reporters.FailedReporter@1716e8c5: 9 ms
2026-04-26 12:33:27 INFO  org.testng.internal.Utils - [TestNG] Time taken by org.testng.reporters.XMLReporter@46349b95: 7 ms
2026-04-26 12:33:27 INFO  org.testng.internal.Utils - [TestNG] Time taken by org.testng.reporters.EmailableReporter2@333c8791: 10 ms
2026-04-26 12:33:27 INFO  org.testng.internal.Utils - [TestNG] Time taken by org.testng.reporters.JUnitReportReporter@50fb33a: 8 ms
2026-04-26 12:33:27 INFO  org.testng.internal.Utils - [TestNG] Time taken by org.testng.internal.ExitCodeListener@2cae9b8: 0 ms
2026-04-26 12:37:16 DEBUG org.testng.TestNG - suiteXmlPath: "C:\Users\Rahul\AppData\Local\Temp\testng-eclipse--2063126742\testng-customsuite.xml"
2026-04-26 12:37:16 INFO  org.testng.internal.Utils - [Utils] MethodGroupsHelper.collectMethodsByGroup() took 0 ms.
2026-04-26 12:37:16 INFO  org.testng.internal.Utils - [Utils] MethodGroupsHelper.sortMethods() took 0 ms.
2026-04-26 12:37:16 INFO  org.testng.internal.Utils - [Utils] MethodGroupsHelper.collectMethodsByGroup() took 0 ms.
2026-04-26 12:37:16 INFO  org.testng.internal.Utils - [Utils] MethodGroupsHelper.sortMethods() took 0 ms.
2026-04-26 12:37:16 INFO  org.testng.internal.Utils - [Utils] MethodGroupsHelper.collectMethodsByGroup() took 0 ms.
2026-04-26 12:37:16 INFO  org.testng.internal.Utils - [Utils] MethodGroupsHelper.sortMethods() took 0 ms.
2026-04-26 12:37:16 INFO  org.testng.internal.Utils - [Utils] MethodGroupsHelper.collectMethodsByGroup() took 0 ms.
2026-04-26 12:37:16 INFO  org.testng.internal.Utils - [Utils] MethodGroupsHelper.sortMethods() took 0 ms.
2026-04-26 12:37:16 INFO  org.testng.internal.Utils - [Utils] MethodGroupsHelper.collectMethodsByGroup() took 0 ms.
2026-04-26 12:37:16 INFO  org.testng.internal.Utils - [Utils] MethodGroupsHelper.sortMethods() took 0 ms.
2026-04-26 12:37:16 INFO  org.testng.internal.Utils - [Utils] MethodGroupsHelper.collectMethodsByGroup() took 0 ms.
2026-04-26 12:37:16 INFO  org.testng.internal.Utils - [Utils] MethodGroupsHelper.sortMethods() took 0 ms.
2026-04-26 12:37:16 INFO  org.testng.internal.Utils - [Utils] MethodGroupsHelper.collectMethodsByGroup() took 0 ms.
2026-04-26 12:37:16 INFO  org.testng.internal.Utils - [Utils] MethodGroupsHelper.sortMethods() took 0 ms.
2026-04-26 12:37:16 INFO  org.testng.internal.Utils - [Utils] MethodGroupsHelper.collectMethodsByGroup() took 0 ms.
2026-04-26 12:37:16 INFO  org.testng.internal.Utils - [Utils] MethodGroupsHelper.sortMethods() took 0 ms.
2026-04-26 12:37:16 INFO  org.testng.internal.Utils - [Utils] MethodGroupsHelper.collectMethodsByGroup() took 7 ms.
2026-04-26 12:37:16 INFO  org.testng.internal.Utils - [Utils] MethodGroupsHelper.sortMethods() took 15 ms.
2026-04-26 12:37:16 INFO  org.testng.internal.Utils - [Utils] MethodGroupsHelper.collectMethodsByGroup() took 0 ms.
2026-04-26 12:37:16 INFO  org.testng.internal.Utils - [Utils] MethodGroupsHelper.sortMethods() took 0 ms.
2026-04-26 12:37:16 INFO  org.testng.internal.Utils - [Utils] MethodGroupsHelper.collectMethodsByGroup() took 0 ms.
2026-04-26 12:37:16 INFO  org.testng.internal.Utils - [Utils] MethodGroupsHelper.sortMethods() took 0 ms.
2026-04-26 12:37:16 INFO  org.testng.internal.Utils - [Utils] MethodGroupsHelper.collectMethodsByGroup() took 0 ms.
2026-04-26 12:37:16 INFO  org.testng.internal.Utils - [Utils] MethodGroupsHelper.sortMethods() took 0 ms.
2026-04-26 12:37:16 INFO  org.testng.internal.Utils - [Utils] MethodGroupsHelper.collectMethodsByGroup() took 11 ms.
2026-04-26 12:37:16 INFO  org.testng.internal.Utils - [Utils] MethodGroupsHelper.sortMethods() took 0 ms.
2026-04-26 12:37:16 INFO  org.testng.internal.Utils - [Utils] MethodGroupsHelper.collectMethodsByGroup() took 0 ms.
2026-04-26 12:37:16 INFO  org.testng.internal.Utils - [Utils] MethodGroupsHelper.sortMethods() took 0 ms.
2026-04-26 12:37:16 INFO  org.testng.internal.Utils - [Utils] MethodGroupsHelper.collectMethodsByGroup() took 0 ms.
2026-04-26 12:37:16 INFO  org.testng.internal.Utils - [Utils] MethodGroupsHelper.sortMethods() took 0 ms.
2026-04-26 12:37:16 INFO  org.testng.internal.Utils - [TestNG] Running:
  C:\Users\Rahul\AppData\Local\Temp\testng-eclipse--2063126742\testng-customsuite.xml

2026-04-26 12:37:16 INFO  org.testng.internal.Utils - [Utils] DynamicGraphHelper.createDynamicGraph() took 2 ms.
2026-04-26 12:37:32 INFO  com.Tests.ProductListingPageTest - Product price: Total Amount
₹915
2026-04-26 12:37:32 INFO  org.testng.internal.Utils - [TestNG] Time taken by org.testng.reporters.jq.Main@ad3324b: 105 ms
2026-04-26 12:37:32 INFO  org.testng.internal.Utils - [TestNG] Time taken by org.testng.reporters.FailedReporter@12968227: 2 ms
2026-04-26 12:37:32 INFO  org.testng.internal.Utils - [TestNG] Time taken by org.testng.reporters.XMLReporter@47a7a101: 12 ms
2026-04-26 12:37:32 INFO  org.testng.internal.Utils - [TestNG] Time taken by org.testng.reporters.EmailableReporter2@59e43e8c: 9 ms
2026-04-26 12:37:32 INFO  org.testng.internal.Utils - [TestNG] Time taken by org.testng.reporters.JUnitReportReporter@64968732: 8 ms
2026-04-26 12:37:32 INFO  org.testng.internal.Utils - [TestNG] Time taken by org.testng.internal.ExitCodeListener@3e1a3801: 0 ms
2026-04-26 12:37:58 DEBUG org.testng.TestNG - suiteXmlPath: "C:\Users\Rahul\AppData\Local\Temp\testng-eclipse-362391621\testng-customsuite.xml"
2026-04-26 12:37:58 INFO  org.testng.internal.Utils - [Utils] MethodGroupsHelper.collectMethodsByGroup() took 1 ms.
2026-04-26 12:37:58 INFO  org.testng.internal.Utils - [Utils] MethodGroupsHelper.sortMethods() took 1 ms.
2026-04-26 12:37:58 INFO  org.testng.internal.Utils - [Utils] MethodGroupsHelper.collectMethodsByGroup() took 0 ms.
2026-04-26 12:37:58 INFO  org.testng.internal.Utils - [Utils] MethodGroupsHelper.sortMethods() took 0 ms.
2026-04-26 12:37:58 INFO  org.testng.internal.Utils - [Utils] MethodGroupsHelper.collectMethodsByGroup() took 0 ms.
2026-04-26 12:37:58 INFO  org.testng.internal.Utils - [Utils] MethodGroupsHelper.sortMethods() took 0 ms.
2026-04-26 12:37:58 INFO  org.testng.internal.Utils - [Utils] MethodGroupsHelper.collectMethodsByGroup() took 0 ms.
2026-04-26 12:37:58 INFO  org.testng.internal.Utils - [Utils] MethodGroupsHelper.sortMethods() took 0 ms.
2026-04-26 12:37:58 INFO  org.testng.internal.Utils - [Utils] MethodGroupsHelper.collectMethodsByGroup() took 0 ms.
2026-04-26 12:37:58 INFO  org.testng.internal.Utils - [Utils] MethodGroupsHelper.sortMethods() took 0 ms.
2026-04-26 12:37:58 INFO  org.testng.internal.Utils - [Utils] MethodGroupsHelper.collectMethodsByGroup() took 0 ms.
2026-04-26 12:37:58 INFO  org.testng.internal.Utils - [Utils] MethodGroupsHelper.sortMethods() took 0 ms.
2026-04-26 12:37:58 INFO  org.testng.internal.Utils - [Utils] MethodGroupsHelper.collectMethodsByGroup() took 0 ms.
2026-04-26 12:37:58 INFO  org.testng.internal.Utils - [Utils] MethodGroupsHelper.sortMethods() took 0 ms.
2026-04-26 12:37:58 INFO  org.testng.internal.Utils - [Utils] MethodGroupsHelper.collectMethodsByGroup() took 0 ms.
2026-04-26 12:37:58 INFO  org.testng.internal.Utils - [Utils] MethodGroupsHelper.sortMethods() took 0 ms.
2026-04-26 12:37:58 INFO  org.testng.internal.Utils - [Utils] MethodGroupsHelper.collectMethodsByGroup() took 4 ms.
2026-04-26 12:37:58 INFO  org.testng.internal.Utils - [Utils] MethodGroupsHelper.sortMethods() took 13 ms.
2026-04-26 12:37:58 INFO  org.testng.internal.Utils - [Utils] MethodGroupsHelper.collectMethodsByGroup() took 0 ms.
2026-04-26 12:37:58 INFO  org.testng.internal.Utils - [Utils] MethodGroupsHelper.sortMethods() took 0 ms.
2026-04-26 12:37:58 INFO  org.testng.internal.Utils - [Utils] MethodGroupsHelper.collectMethodsByGroup() took 0 ms.
2026-04-26 12:37:58 INFO  org.testng.internal.Utils - [Utils] MethodGroupsHelper.sortMethods() took 0 ms.
2026-04-26 12:37:58 INFO  org.testng.internal.Utils - [Utils] MethodGroupsHelper.collectMethodsByGroup() took 0 ms.
2026-04-26 12:37:58 INFO  org.testng.internal.Utils - [Utils] MethodGroupsHelper.sortMethods() took 0 ms.
2026-04-26 12:37:58 INFO  org.testng.internal.Utils - [Utils] MethodGroupsHelper.collectMethodsByGroup() took 9 ms.
2026-04-26 12:37:58 INFO  org.testng.internal.Utils - [Utils] MethodGroupsHelper.sortMethods() took 0 ms.
2026-04-26 12:37:58 INFO  org.testng.internal.Utils - [Utils] MethodGroupsHelper.collectMethodsByGroup() took 0 ms.
2026-04-26 12:37:58 INFO  org.testng.internal.Utils - [Utils] MethodGroupsHelper.sortMethods() took 0 ms.
2026-04-26 12:37:58 INFO  org.testng.internal.Utils - [Utils] MethodGroupsHelper.collectMethodsByGroup() took 0 ms.
2026-04-26 12:37:58 INFO  org.testng.internal.Utils - [Utils] MethodGroupsHelper.sortMethods() took 0 ms.
2026-04-26 12:37:58 INFO  org.testng.internal.Utils - [TestNG] Running:
  C:\Users\Rahul\AppData\Local\Temp\testng-eclipse-362391621\testng-customsuite.xml

2026-04-26 12:37:58 INFO  org.testng.internal.Utils - [Utils] DynamicGraphHelper.createDynamicGraph() took 6 ms.
2026-04-26 12:38:14 INFO  com.Tests.ProductListingPageTest - Product size: Size: 3-4Y
2026-04-26 12:38:14 INFO  org.testng.internal.Utils - [TestNG] Time taken by org.testng.reporters.jq.Main@2e53b094: 126 ms
2026-04-26 12:38:14 INFO  org.testng.internal.Utils - [TestNG] Time taken by org.testng.reporters.FailedReporter@3f92a84e: 2 ms
2026-04-26 12:38:14 INFO  org.testng.internal.Utils - [TestNG] Time taken by org.testng.reporters.XMLReporter@639aba11: 12 ms
2026-04-26 12:38:14 INFO  org.testng.internal.Utils - [TestNG] Time taken by org.testng.reporters.EmailableReporter2@1a87b51: 9 ms
2026-04-26 12:38:14 INFO  org.testng.internal.Utils - [TestNG] Time taken by org.testng.reporters.JUnitReportReporter@2a066689: 11 ms
2026-04-26 12:38:14 INFO  org.testng.internal.Utils - [TestNG] Time taken by org.testng.internal.ExitCodeListener@3e3861d7: 0 ms
2026-04-26 12:38:45 DEBUG org.testng.TestNG - suiteXmlPath: "C:\Users\Rahul\AppData\Local\Temp\testng-eclipse-997889534\testng-customsuite.xml"
2026-04-26 12:38:45 INFO  org.testng.internal.Utils - [Utils] MethodGroupsHelper.collectMethodsByGroup() took 1 ms.
2026-04-26 12:38:45 INFO  org.testng.internal.Utils - [Utils] MethodGroupsHelper.sortMethods() took 0 ms.
2026-04-26 12:38:45 INFO  org.testng.internal.Utils - [Utils] MethodGroupsHelper.collectMethodsByGroup() took 0 ms.
2026-04-26 12:38:45 INFO  org.testng.internal.Utils - [Utils] MethodGroupsHelper.sortMethods() took 0 ms.
2026-04-26 12:38:45 INFO  org.testng.internal.Utils - [Utils] MethodGroupsHelper.collectMethodsByGroup() took 0 ms.
2026-04-26 12:38:45 INFO  org.testng.internal.Utils - [Utils] MethodGroupsHelper.sortMethods() took 0 ms.
2026-04-26 12:38:45 INFO  org.testng.internal.Utils - [Utils] MethodGroupsHelper.collectMethodsByGroup() took 0 ms.
2026-04-26 12:38:45 INFO  org.testng.internal.Utils - [Utils] MethodGroupsHelper.sortMethods() took 0 ms.
2026-04-26 12:38:45 INFO  org.testng.internal.Utils - [Utils] MethodGroupsHelper.collectMethodsByGroup() took 0 ms.
2026-04-26 12:38:45 INFO  org.testng.internal.Utils - [Utils] MethodGroupsHelper.sortMethods() took 0 ms.
2026-04-26 12:38:45 INFO  org.testng.internal.Utils - [Utils] MethodGroupsHelper.collectMethodsByGroup() took 0 ms.
2026-04-26 12:38:45 INFO  org.testng.internal.Utils - [Utils] MethodGroupsHelper.sortMethods() took 0 ms.
2026-04-26 12:38:45 INFO  org.testng.internal.Utils - [Utils] MethodGroupsHelper.collectMethodsByGroup() took 0 ms.
2026-04-26 12:38:45 INFO  org.testng.internal.Utils - [Utils] MethodGroupsHelper.sortMethods() took 0 ms.
2026-04-26 12:38:45 INFO  org.testng.internal.Utils - [Utils] MethodGroupsHelper.collectMethodsByGroup() took 0 ms.
2026-04-26 12:38:45 INFO  org.testng.internal.Utils - [Utils] MethodGroupsHelper.sortMethods() took 0 ms.
2026-04-26 12:38:45 INFO  org.testng.internal.Utils - [Utils] MethodGroupsHelper.collectMethodsByGroup() took 5 ms.
2026-04-26 12:38:45 INFO  org.testng.internal.Utils - [Utils] MethodGroupsHelper.sortMethods() took 12 ms.
2026-04-26 12:38:45 INFO  org.testng.internal.Utils - [Utils] MethodGroupsHelper.collectMethodsByGroup() took 0 ms.
2026-04-26 12:38:45 INFO  org.testng.internal.Utils - [Utils] MethodGroupsHelper.sortMethods() took 0 ms.
2026-04-26 12:38:45 INFO  org.testng.internal.Utils - [Utils] MethodGroupsHelper.collectMethodsByGroup() took 0 ms.
2026-04-26 12:38:45 INFO  org.testng.internal.Utils - [Utils] MethodGroupsHelper.sortMethods() took 0 ms.
2026-04-26 12:38:45 INFO  org.testng.internal.Utils - [Utils] MethodGroupsHelper.collectMethodsByGroup() took 0 ms.
2026-04-26 12:38:45 INFO  org.testng.internal.Utils - [Utils] MethodGroupsHelper.sortMethods() took 0 ms.
2026-04-26 12:38:45 INFO  org.testng.internal.Utils - [Utils] MethodGroupsHelper.collectMethodsByGroup() took 8 ms.
2026-04-26 12:38:45 INFO  org.testng.internal.Utils - [Utils] MethodGroupsHelper.sortMethods() took 1 ms.
2026-04-26 12:38:45 INFO  org.testng.internal.Utils - [Utils] MethodGroupsHelper.collectMethodsByGroup() took 0 ms.
2026-04-26 12:38:45 INFO  org.testng.internal.Utils - [Utils] MethodGroupsHelper.sortMethods() took 0 ms.
2026-04-26 12:38:45 INFO  org.testng.internal.Utils - [Utils] MethodGroupsHelper.collectMethodsByGroup() took 0 ms.
2026-04-26 12:38:45 INFO  org.testng.internal.Utils - [Utils] MethodGroupsHelper.sortMethods() took 0 ms.
2026-04-26 12:38:45 INFO  org.testng.internal.Utils - [TestNG] Running:
  C:\Users\Rahul\AppData\Local\Temp\testng-eclipse-997889534\testng-customsuite.xml

2026-04-26 12:38:45 INFO  org.testng.internal.Utils - [Utils] DynamicGraphHelper.createDynamicGraph() took 3 ms.
2026-04-26 12:39:00 INFO  com.Tests.ProductListingPageTest - Product quantity: Qty: 1
2026-04-26 12:39:00 INFO  org.testng.internal.Utils - [TestNG] Time taken by org.testng.reporters.jq.Main@5b051a5c: 116 ms
2026-04-26 12:39:00 INFO  org.testng.internal.Utils - [TestNG] Time taken by org.testng.reporters.FailedReporter@2bebb74f: 4 ms
2026-04-26 12:39:00 INFO  org.testng.internal.Utils - [TestNG] Time taken by org.testng.reporters.XMLReporter@3872bc37: 12 ms
2026-04-26 12:39:00 INFO  org.testng.internal.Utils - [TestNG] Time taken by org.testng.reporters.EmailableReporter2@5bb51241: 8 ms
2026-04-26 12:39:00 INFO  org.testng.internal.Utils - [TestNG] Time taken by org.testng.reporters.JUnitReportReporter@17a703f5: 8 ms
2026-04-26 12:39:00 INFO  org.testng.internal.Utils - [TestNG] Time taken by org.testng.internal.ExitCodeListener@5ff2b8ca: 0 ms
2026-04-26 12:39:11 DEBUG org.testng.TestNG - suiteXmlPath: "C:\Users\Rahul\AppData\Local\Temp\testng-eclipse--512988748\testng-customsuite.xml"
2026-04-26 12:39:11 INFO  org.testng.internal.Utils - [Utils] MethodGroupsHelper.collectMethodsByGroup() took 1 ms.
2026-04-26 12:39:11 INFO  org.testng.internal.Utils - [Utils] MethodGroupsHelper.sortMethods() took 1 ms.
2026-04-26 12:39:11 INFO  org.testng.internal.Utils - [Utils] MethodGroupsHelper.collectMethodsByGroup() took 0 ms.
2026-04-26 12:39:11 INFO  org.testng.internal.Utils - [Utils] MethodGroupsHelper.sortMethods() took 0 ms.
2026-04-26 12:39:11 INFO  org.testng.internal.Utils - [Utils] MethodGroupsHelper.collectMethodsByGroup() took 0 ms.
2026-04-26 12:39:11 INFO  org.testng.internal.Utils - [Utils] MethodGroupsHelper.sortMethods() took 0 ms.
2026-04-26 12:39:11 INFO  org.testng.internal.Utils - [Utils] MethodGroupsHelper.collectMethodsByGroup() took 0 ms.
2026-04-26 12:39:11 INFO  org.testng.internal.Utils - [Utils] MethodGroupsHelper.sortMethods() took 0 ms.
2026-04-26 12:39:11 INFO  org.testng.internal.Utils - [Utils] MethodGroupsHelper.collectMethodsByGroup() took 0 ms.
2026-04-26 12:39:11 INFO  org.testng.internal.Utils - [Utils] MethodGroupsHelper.sortMethods() took 0 ms.
2026-04-26 12:39:11 INFO  org.testng.internal.Utils - [Utils] MethodGroupsHelper.collectMethodsByGroup() took 0 ms.
2026-04-26 12:39:11 INFO  org.testng.internal.Utils - [Utils] MethodGroupsHelper.sortMethods() took 0 ms.
2026-04-26 12:39:11 INFO  org.testng.internal.Utils - [Utils] MethodGroupsHelper.collectMethodsByGroup() took 0 ms.
2026-04-26 12:39:11 INFO  org.testng.internal.Utils - [Utils] MethodGroupsHelper.sortMethods() took 0 ms.
2026-04-26 12:39:11 INFO  org.testng.internal.Utils - [Utils] MethodGroupsHelper.collectMethodsByGroup() took 0 ms.
2026-04-26 12:39:11 INFO  org.testng.internal.Utils - [Utils] MethodGroupsHelper.sortMethods() took 0 ms.
2026-04-26 12:39:11 INFO  org.testng.internal.Utils - [Utils] MethodGroupsHelper.collectMethodsByGroup() took 12 ms.
2026-04-26 12:39:11 INFO  org.testng.internal.Utils - [Utils] MethodGroupsHelper.sortMethods() took 14 ms.
2026-04-26 12:39:11 INFO  org.testng.internal.Utils - [Utils] MethodGroupsHelper.collectMethodsByGroup() took 0 ms.
2026-04-26 12:39:11 INFO  org.testng.internal.Utils - [Utils] MethodGroupsHelper.sortMethods() took 0 ms.
2026-04-26 12:39:11 INFO  org.testng.internal.Utils - [Utils] MethodGroupsHelper.collectMethodsByGroup() took 0 ms.
2026-04-26 12:39:11 INFO  org.testng.internal.Utils - [Utils] MethodGroupsHelper.sortMethods() took 0 ms.
2026-04-26 12:39:11 INFO  org.testng.internal.Utils - [Utils] MethodGroupsHelper.collectMethodsByGroup() took 0 ms.
2026-04-26 12:39:11 INFO  org.testng.internal.Utils - [Utils] MethodGroupsHelper.sortMethods() took 0 ms.
2026-04-26 12:39:12 INFO  org.testng.internal.Utils - [Utils] MethodGroupsHelper.collectMethodsByGroup() took 14 ms.
2026-04-26 12:39:12 INFO  org.testng.internal.Utils - [Utils] MethodGroupsHelper.sortMethods() took 1 ms.
2026-04-26 12:39:12 INFO  org.testng.internal.Utils - [Utils] MethodGroupsHelper.collectMethodsByGroup() took 0 ms.
2026-04-26 12:39:12 INFO  org.testng.internal.Utils - [Utils] MethodGroupsHelper.sortMethods() took 0 ms.
2026-04-26 12:39:12 INFO  org.testng.internal.Utils - [Utils] MethodGroupsHelper.collectMethodsByGroup() took 0 ms.
2026-04-26 12:39:12 INFO  org.testng.internal.Utils - [Utils] MethodGroupsHelper.sortMethods() took 1 ms.
2026-04-26 12:39:12 INFO  org.testng.internal.Utils - [TestNG] Running:
  C:\Users\Rahul\AppData\Local\Temp\testng-eclipse--512988748\testng-customsuite.xml

2026-04-26 12:39:12 INFO  org.testng.internal.Utils - [Utils] DynamicGraphHelper.createDynamicGraph() took 4 ms.
2026-04-26 12:39:24 INFO  org.testng.internal.Utils - [TestNG] Time taken by org.testng.reporters.jq.Main@173f73e7: 144 ms
2026-04-26 12:39:24 INFO  org.testng.internal.Utils - [TestNG] Time taken by org.testng.reporters.FailedReporter@7bc6d27a: 30 ms
2026-04-26 12:39:24 INFO  org.testng.internal.Utils - [TestNG] Time taken by org.testng.reporters.XMLReporter@2d23faef: 23 ms
2026-04-26 12:39:24 INFO  org.testng.internal.Utils - [TestNG] Time taken by org.testng.reporters.EmailableReporter2@30e6a763: 32 ms
2026-04-26 12:39:24 INFO  org.testng.internal.Utils - [TestNG] Time taken by org.testng.reporters.JUnitReportReporter@670ce331: 23 ms
2026-04-26 12:39:24 INFO  org.testng.internal.Utils - [TestNG] Time taken by org.testng.internal.ExitCodeListener@3cff0139: 1 ms
2026-04-26 12:40:37 DEBUG org.testng.TestNG - suiteXmlPath: "C:\Users\Rahul\AppData\Local\Temp\testng-eclipse--1836262285\testng-customsuite.xml"
2026-04-26 12:40:37 INFO  org.testng.internal.Utils - [Utils] MethodGroupsHelper.collectMethodsByGroup() took 1 ms.
2026-04-26 12:40:37 INFO  org.testng.internal.Utils - [Utils] MethodGroupsHelper.sortMethods() took 1 ms.
2026-04-26 12:40:37 INFO  org.testng.internal.Utils - [Utils] MethodGroupsHelper.collectMethodsByGroup() took 0 ms.
2026-04-26 12:40:37 INFO  org.testng.internal.Utils - [Utils] MethodGroupsHelper.sortMethods() took 0 ms.
2026-04-26 12:40:37 INFO  org.testng.internal.Utils - [Utils] MethodGroupsHelper.collectMethodsByGroup() took 0 ms.
2026-04-26 12:40:37 INFO  org.testng.internal.Utils - [Utils] MethodGroupsHelper.sortMethods() took 0 ms.
2026-04-26 12:40:37 INFO  org.testng.internal.Utils - [Utils] MethodGroupsHelper.collectMethodsByGroup() took 0 ms.
2026-04-26 12:40:37 INFO  org.testng.internal.Utils - [Utils] MethodGroupsHelper.sortMethods() took 0 ms.
2026-04-26 12:40:37 INFO  org.testng.internal.Utils - [Utils] MethodGroupsHelper.collectMethodsByGroup() took 0 ms.
2026-04-26 12:40:37 INFO  org.testng.internal.Utils - [Utils] MethodGroupsHelper.sortMethods() took 0 ms.
2026-04-26 12:40:37 INFO  org.testng.internal.Utils - [Utils] MethodGroupsHelper.collectMethodsByGroup() took 0 ms.
2026-04-26 12:40:37 INFO  org.testng.internal.Utils - [Utils] MethodGroupsHelper.sortMethods() took 0 ms.
2026-04-26 12:40:37 INFO  org.testng.internal.Utils - [Utils] MethodGroupsHelper.collectMethodsByGroup() took 0 ms.
2026-04-26 12:40:37 INFO  org.testng.internal.Utils - [Utils] MethodGroupsHelper.sortMethods() took 0 ms.
2026-04-26 12:40:37 INFO  org.testng.internal.Utils - [Utils] MethodGroupsHelper.collectMethodsByGroup() took 0 ms.
2026-04-26 12:40:37 INFO  org.testng.internal.Utils - [Utils] MethodGroupsHelper.sortMethods() took 0 ms.
2026-04-26 12:40:37 INFO  org.testng.internal.Utils - [Utils] MethodGroupsHelper.collectMethodsByGroup() took 7 ms.
2026-04-26 12:40:37 INFO  org.testng.internal.Utils - [Utils] MethodGroupsHelper.sortMethods() took 14 ms.
2026-04-26 12:40:37 INFO  org.testng.internal.Utils - [Utils] MethodGroupsHelper.collectMethodsByGroup() took 0 ms.
2026-04-26 12:40:37 INFO  org.testng.internal.Utils - [Utils] MethodGroupsHelper.sortMethods() took 0 ms.
2026-04-26 12:40:37 INFO  org.testng.internal.Utils - [Utils] MethodGroupsHelper.collectMethodsByGroup() took 0 ms.
2026-04-26 12:40:37 INFO  org.testng.internal.Utils - [Utils] MethodGroupsHelper.sortMethods() took 0 ms.
2026-04-26 12:40:37 INFO  org.testng.internal.Utils - [Utils] MethodGroupsHelper.collectMethodsByGroup() took 0 ms.
2026-04-26 12:40:37 INFO  org.testng.internal.Utils - [Utils] MethodGroupsHelper.sortMethods() took 0 ms.
2026-04-26 12:40:37 INFO  org.testng.internal.Utils - [Utils] MethodGroupsHelper.collectMethodsByGroup() took 12 ms.
2026-04-26 12:40:37 INFO  org.testng.internal.Utils - [Utils] MethodGroupsHelper.sortMethods() took 0 ms.
2026-04-26 12:40:37 INFO  org.testng.internal.Utils - [Utils] MethodGroupsHelper.collectMethodsByGroup() took 0 ms.
2026-04-26 12:40:37 INFO  org.testng.internal.Utils - [Utils] MethodGroupsHelper.sortMethods() took 0 ms.
2026-04-26 12:40:37 INFO  org.testng.internal.Utils - [Utils] MethodGroupsHelper.collectMethodsByGroup() took 0 ms.
2026-04-26 12:40:37 INFO  org.testng.internal.Utils - [Utils] MethodGroupsHelper.sortMethods() took 0 ms.
2026-04-26 12:40:37 INFO  org.testng.internal.Utils - [TestNG] Running:
  C:\Users\Rahul\AppData\Local\Temp\testng-eclipse--1836262285\testng-customsuite.xml

2026-04-26 12:40:37 INFO  org.testng.internal.Utils - [Utils] DynamicGraphHelper.createDynamicGraph() took 7 ms.
2026-04-26 12:40:42 INFO  org.testng.internal.Utils - [TestNG] Time taken by org.testng.reporters.jq.Main@59496961: 106 ms
2026-04-26 12:40:42 INFO  org.testng.internal.Utils - [TestNG] Time taken by org.testng.reporters.FailedReporter@787f32b7: 1 ms
2026-04-26 12:40:42 INFO  org.testng.internal.Utils - [TestNG] Time taken by org.testng.reporters.XMLReporter@3b05a99b: 11 ms
2026-04-26 12:40:42 INFO  org.testng.internal.Utils - [TestNG] Time taken by org.testng.reporters.EmailableReporter2@d56aaa6: 8 ms
2026-04-26 12:40:42 INFO  org.testng.internal.Utils - [TestNG] Time taken by org.testng.reporters.JUnitReportReporter@5109e8cf: 10 ms
2026-04-26 12:40:42 INFO  org.testng.internal.Utils - [TestNG] Time taken by org.testng.internal.ExitCodeListener@3f672204: 0 ms
2026-04-26 12:41:15 DEBUG org.testng.TestNG - suiteXmlPath: "C:\Users\Rahul\AppData\Local\Temp\testng-eclipse--784682245\testng-customsuite.xml"
2026-04-26 12:41:16 INFO  org.testng.internal.Utils - [Utils] MethodGroupsHelper.collectMethodsByGroup() took 0 ms.
2026-04-26 12:41:16 INFO  org.testng.internal.Utils - [Utils] MethodGroupsHelper.sortMethods() took 0 ms.
2026-04-26 12:41:16 INFO  org.testng.internal.Utils - [Utils] MethodGroupsHelper.collectMethodsByGroup() took 0 ms.
2026-04-26 12:41:16 INFO  org.testng.internal.Utils - [Utils] MethodGroupsHelper.sortMethods() took 0 ms.
2026-04-26 12:41:16 INFO  org.testng.internal.Utils - [Utils] MethodGroupsHelper.collectMethodsByGroup() took 0 ms.
2026-04-26 12:41:16 INFO  org.testng.internal.Utils - [Utils] MethodGroupsHelper.sortMethods() took 0 ms.
2026-04-26 12:41:16 INFO  org.testng.internal.Utils - [Utils] MethodGroupsHelper.collectMethodsByGroup() took 0 ms.
2026-04-26 12:41:16 INFO  org.testng.internal.Utils - [Utils] MethodGroupsHelper.sortMethods() took 0 ms.
2026-04-26 12:41:16 INFO  org.testng.internal.Utils - [Utils] MethodGroupsHelper.collectMethodsByGroup() took 0 ms.
2026-04-26 12:41:16 INFO  org.testng.internal.Utils - [Utils] MethodGroupsHelper.sortMethods() took 0 ms.
2026-04-26 12:41:16 INFO  org.testng.internal.Utils - [Utils] MethodGroupsHelper.collectMethodsByGroup() took 0 ms.
2026-04-26 12:41:16 INFO  org.testng.internal.Utils - [Utils] MethodGroupsHelper.sortMethods() took 0 ms.
2026-04-26 12:41:16 INFO  org.testng.internal.Utils - [Utils] MethodGroupsHelper.collectMethodsByGroup() took 0 ms.
2026-04-26 12:41:16 INFO  org.testng.internal.Utils - [Utils] MethodGroupsHelper.sortMethods() took 0 ms.
2026-04-26 12:41:16 INFO  org.testng.internal.Utils - [Utils] MethodGroupsHelper.collectMethodsByGroup() took 0 ms.
2026-04-26 12:41:16 INFO  org.testng.internal.Utils - [Utils] MethodGroupsHelper.sortMethods() took 0 ms.
2026-04-26 12:41:16 INFO  org.testng.internal.Utils - [Utils] MethodGroupsHelper.collectMethodsByGroup() took 5 ms.
2026-04-26 12:41:16 INFO  org.testng.internal.Utils - [Utils] MethodGroupsHelper.sortMethods() took 9 ms.
2026-04-26 12:41:16 INFO  org.testng.internal.Utils - [Utils] MethodGroupsHelper.collectMethodsByGroup() took 0 ms.
2026-04-26 12:41:16 INFO  org.testng.internal.Utils - [Utils] MethodGroupsHelper.sortMethods() took 0 ms.
2026-04-26 12:41:16 INFO  org.testng.internal.Utils - [Utils] MethodGroupsHelper.collectMethodsByGroup() took 0 ms.
2026-04-26 12:41:16 INFO  org.testng.internal.Utils - [Utils] MethodGroupsHelper.sortMethods() took 0 ms.
2026-04-26 12:41:16 INFO  org.testng.internal.Utils - [Utils] MethodGroupsHelper.collectMethodsByGroup() took 0 ms.
2026-04-26 12:41:16 INFO  org.testng.internal.Utils - [Utils] MethodGroupsHelper.sortMethods() took 0 ms.
2026-04-26 12:41:16 INFO  org.testng.internal.Utils - [Utils] MethodGroupsHelper.collectMethodsByGroup() took 11 ms.
2026-04-26 12:41:16 INFO  org.testng.internal.Utils - [Utils] MethodGroupsHelper.sortMethods() took 0 ms.
2026-04-26 12:41:16 INFO  org.testng.internal.Utils - [Utils] MethodGroupsHelper.collectMethodsByGroup() took 0 ms.
2026-04-26 12:41:16 INFO  org.testng.internal.Utils - [Utils] MethodGroupsHelper.sortMethods() took 0 ms.
2026-04-26 12:41:16 INFO  org.testng.internal.Utils - [Utils] MethodGroupsHelper.collectMethodsByGroup() took 0 ms.
2026-04-26 12:41:16 INFO  org.testng.internal.Utils - [Utils] MethodGroupsHelper.sortMethods() took 0 ms.
2026-04-26 12:41:16 INFO  org.testng.internal.Utils - [TestNG] Running:
  C:\Users\Rahul\AppData\Local\Temp\testng-eclipse--784682245\testng-customsuite.xml

2026-04-26 12:41:16 INFO  org.testng.internal.Utils - [Utils] DynamicGraphHelper.createDynamicGraph() took 4 ms.
2026-04-26 12:41:19 INFO  org.testng.internal.Utils - [TestNG] Time taken by org.testng.reporters.jq.Main@59496961: 157 ms
2026-04-26 12:41:19 INFO  org.testng.internal.Utils - [TestNG] Time taken by org.testng.reporters.FailedReporter@787f32b7: 2 ms
2026-04-26 12:41:19 INFO  org.testng.internal.Utils - [TestNG] Time taken by org.testng.reporters.XMLReporter@3b05a99b: 16 ms
2026-04-26 12:41:19 INFO  org.testng.internal.Utils - [TestNG] Time taken by org.testng.reporters.EmailableReporter2@d56aaa6: 11 ms
2026-04-26 12:41:19 INFO  org.testng.internal.Utils - [TestNG] Time taken by org.testng.reporters.JUnitReportReporter@5109e8cf: 11 ms
2026-04-26 12:41:19 INFO  org.testng.internal.Utils - [TestNG] Time taken by org.testng.internal.ExitCodeListener@3f672204: 1 ms
2026-04-26 12:41:37 DEBUG org.testng.TestNG - suiteXmlPath: "C:\Users\Rahul\AppData\Local\Temp\testng-eclipse-1500188231\testng-customsuite.xml"
2026-04-26 12:41:37 INFO  org.testng.internal.Utils - [Utils] MethodGroupsHelper.collectMethodsByGroup() took 1 ms.
2026-04-26 12:41:37 INFO  org.testng.internal.Utils - [Utils] MethodGroupsHelper.sortMethods() took 2 ms.
2026-04-26 12:41:37 INFO  org.testng.internal.Utils - [Utils] MethodGroupsHelper.collectMethodsByGroup() took 0 ms.
2026-04-26 12:41:37 INFO  org.testng.internal.Utils - [Utils] MethodGroupsHelper.sortMethods() took 0 ms.
2026-04-26 12:41:37 INFO  org.testng.internal.Utils - [Utils] MethodGroupsHelper.collectMethodsByGroup() took 0 ms.
2026-04-26 12:41:37 INFO  org.testng.internal.Utils - [Utils] MethodGroupsHelper.sortMethods() took 0 ms.
2026-04-26 12:41:37 INFO  org.testng.internal.Utils - [Utils] MethodGroupsHelper.collectMethodsByGroup() took 0 ms.
2026-04-26 12:41:37 INFO  org.testng.internal.Utils - [Utils] MethodGroupsHelper.sortMethods() took 0 ms.
2026-04-26 12:41:37 INFO  org.testng.internal.Utils - [Utils] MethodGroupsHelper.collectMethodsByGroup() took 0 ms.
2026-04-26 12:41:37 INFO  org.testng.internal.Utils - [Utils] MethodGroupsHelper.sortMethods() took 0 ms.
2026-04-26 12:41:37 INFO  org.testng.internal.Utils - [Utils] MethodGroupsHelper.collectMethodsByGroup() took 0 ms.
2026-04-26 12:41:37 INFO  org.testng.internal.Utils - [Utils] MethodGroupsHelper.sortMethods() took 0 ms.
2026-04-26 12:41:37 INFO  org.testng.internal.Utils - [Utils] MethodGroupsHelper.collectMethodsByGroup() took 0 ms.
2026-04-26 12:41:37 INFO  org.testng.internal.Utils - [Utils] MethodGroupsHelper.sortMethods() took 0 ms.
2026-04-26 12:41:37 INFO  org.testng.internal.Utils - [Utils] MethodGroupsHelper.collectMethodsByGroup() took 0 ms.
2026-04-26 12:41:37 INFO  org.testng.internal.Utils - [Utils] MethodGroupsHelper.sortMethods() took 0 ms.
2026-04-26 12:41:37 INFO  org.testng.internal.Utils - [Utils] MethodGroupsHelper.collectMethodsByGroup() took 7 ms.
2026-04-26 12:41:37 INFO  org.testng.internal.Utils - [Utils] MethodGroupsHelper.sortMethods() took 18 ms.
2026-04-26 12:41:37 INFO  org.testng.internal.Utils - [Utils] MethodGroupsHelper.collectMethodsByGroup() took 0 ms.
2026-04-26 12:41:37 INFO  org.testng.internal.Utils - [Utils] MethodGroupsHelper.sortMethods() took 0 ms.
2026-04-26 12:41:37 INFO  org.testng.internal.Utils - [Utils] MethodGroupsHelper.collectMethodsByGroup() took 0 ms.
2026-04-26 12:41:37 INFO  org.testng.internal.Utils - [Utils] MethodGroupsHelper.sortMethods() took 0 ms.
2026-04-26 12:41:37 INFO  org.testng.internal.Utils - [Utils] MethodGroupsHelper.collectMethodsByGroup() took 0 ms.
2026-04-26 12:41:37 INFO  org.testng.internal.Utils - [Utils] MethodGroupsHelper.sortMethods() took 0 ms.
2026-04-26 12:41:37 INFO  org.testng.internal.Utils - [Utils] MethodGroupsHelper.collectMethodsByGroup() took 10 ms.
2026-04-26 12:41:37 INFO  org.testng.internal.Utils - [Utils] MethodGroupsHelper.sortMethods() took 0 ms.
2026-04-26 12:41:37 INFO  org.testng.internal.Utils - [Utils] MethodGroupsHelper.collectMethodsByGroup() took 0 ms.
2026-04-26 12:41:37 INFO  org.testng.internal.Utils - [Utils] MethodGroupsHelper.sortMethods() took 0 ms.
2026-04-26 12:41:37 INFO  org.testng.internal.Utils - [Utils] MethodGroupsHelper.collectMethodsByGroup() took 0 ms.
2026-04-26 12:41:37 INFO  org.testng.internal.Utils - [Utils] MethodGroupsHelper.sortMethods() took 0 ms.
2026-04-26 12:41:37 INFO  org.testng.internal.Utils - [TestNG] Running:
  C:\Users\Rahul\AppData\Local\Temp\testng-eclipse-1500188231\testng-customsuite.xml

2026-04-26 12:41:37 INFO  org.testng.internal.Utils - [Utils] DynamicGraphHelper.createDynamicGraph() took 4 ms.
2026-04-26 12:41:45 INFO  org.testng.internal.Utils - [TestNG] Time taken by org.testng.reporters.jq.Main@21d1b321: 112 ms
2026-04-26 12:41:45 INFO  org.testng.internal.Utils - [TestNG] Time taken by org.testng.reporters.FailedReporter@67594471: 27 ms
2026-04-26 12:41:45 INFO  org.testng.internal.Utils - [TestNG] Time taken by org.testng.reporters.XMLReporter@7f7af971: 17 ms
2026-04-26 12:41:45 INFO  org.testng.internal.Utils - [TestNG] Time taken by org.testng.reporters.EmailableReporter2@51ce6f85: 19 ms
2026-04-26 12:41:45 INFO  org.testng.internal.Utils - [TestNG] Time taken by org.testng.reporters.JUnitReportReporter@5b275174: 13 ms
2026-04-26 12:41:45 INFO  org.testng.internal.Utils - [TestNG] Time taken by org.testng.internal.ExitCodeListener@10ef5fa0: 1 ms
2026-04-26 12:41:58 DEBUG org.testng.TestNG - suiteXmlPath: "C:\Users\Rahul\AppData\Local\Temp\testng-eclipse-492176761\testng-customsuite.xml"
2026-04-26 12:41:59 INFO  org.testng.internal.Utils - [Utils] MethodGroupsHelper.collectMethodsByGroup() took 1 ms.
2026-04-26 12:41:59 INFO  org.testng.internal.Utils - [Utils] MethodGroupsHelper.sortMethods() took 1 ms.
2026-04-26 12:41:59 INFO  org.testng.internal.Utils - [Utils] MethodGroupsHelper.collectMethodsByGroup() took 0 ms.
2026-04-26 12:41:59 INFO  org.testng.internal.Utils - [Utils] MethodGroupsHelper.sortMethods() took 0 ms.
2026-04-26 12:41:59 INFO  org.testng.internal.Utils - [Utils] MethodGroupsHelper.collectMethodsByGroup() took 0 ms.
2026-04-26 12:41:59 INFO  org.testng.internal.Utils - [Utils] MethodGroupsHelper.sortMethods() took 0 ms.
2026-04-26 12:41:59 INFO  org.testng.internal.Utils - [Utils] MethodGroupsHelper.collectMethodsByGroup() took 0 ms.
2026-04-26 12:41:59 INFO  org.testng.internal.Utils - [Utils] MethodGroupsHelper.sortMethods() took 0 ms.
2026-04-26 12:41:59 INFO  org.testng.internal.Utils - [Utils] MethodGroupsHelper.collectMethodsByGroup() took 0 ms.
2026-04-26 12:41:59 INFO  org.testng.internal.Utils - [Utils] MethodGroupsHelper.sortMethods() took 0 ms.
2026-04-26 12:41:59 INFO  org.testng.internal.Utils - [Utils] MethodGroupsHelper.collectMethodsByGroup() took 0 ms.
2026-04-26 12:41:59 INFO  org.testng.internal.Utils - [Utils] MethodGroupsHelper.sortMethods() took 0 ms.
2026-04-26 12:41:59 INFO  org.testng.internal.Utils - [Utils] MethodGroupsHelper.collectMethodsByGroup() took 0 ms.
2026-04-26 12:41:59 INFO  org.testng.internal.Utils - [Utils] MethodGroupsHelper.sortMethods() took 0 ms.
2026-04-26 12:41:59 INFO  org.testng.internal.Utils - [Utils] MethodGroupsHelper.collectMethodsByGroup() took 0 ms.
2026-04-26 12:41:59 INFO  org.testng.internal.Utils - [Utils] MethodGroupsHelper.sortMethods() took 0 ms.
2026-04-26 12:41:59 INFO  org.testng.internal.Utils - [Utils] MethodGroupsHelper.collectMethodsByGroup() took 8 ms.
2026-04-26 12:41:59 INFO  org.testng.internal.Utils - [Utils] MethodGroupsHelper.sortMethods() took 17 ms.
2026-04-26 12:41:59 INFO  org.testng.internal.Utils - [Utils] MethodGroupsHelper.collectMethodsByGroup() took 0 ms.
2026-04-26 12:41:59 INFO  org.testng.internal.Utils - [Utils] MethodGroupsHelper.sortMethods() took 0 ms.
2026-04-26 12:41:59 INFO  org.testng.internal.Utils - [Utils] MethodGroupsHelper.collectMethodsByGroup() took 0 ms.
2026-04-26 12:41:59 INFO  org.testng.internal.Utils - [Utils] MethodGroupsHelper.sortMethods() took 0 ms.
2026-04-26 12:41:59 INFO  org.testng.internal.Utils - [Utils] MethodGroupsHelper.collectMethodsByGroup() took 0 ms.
2026-04-26 12:41:59 INFO  org.testng.internal.Utils - [Utils] MethodGroupsHelper.sortMethods() took 0 ms.
2026-04-26 12:41:59 INFO  org.testng.internal.Utils - [Utils] MethodGroupsHelper.collectMethodsByGroup() took 17 ms.
2026-04-26 12:41:59 INFO  org.testng.internal.Utils - [Utils] MethodGroupsHelper.sortMethods() took 0 ms.
2026-04-26 12:41:59 INFO  org.testng.internal.Utils - [Utils] MethodGroupsHelper.collectMethodsByGroup() took 0 ms.
2026-04-26 12:41:59 INFO  org.testng.internal.Utils - [Utils] MethodGroupsHelper.sortMethods() took 1 ms.
2026-04-26 12:41:59 INFO  org.testng.internal.Utils - [Utils] MethodGroupsHelper.collectMethodsByGroup() took 0 ms.
2026-04-26 12:41:59 INFO  org.testng.internal.Utils - [Utils] MethodGroupsHelper.sortMethods() took 0 ms.
2026-04-26 12:41:59 INFO  org.testng.internal.Utils - [TestNG] Running:
  C:\Users\Rahul\AppData\Local\Temp\testng-eclipse-492176761\testng-customsuite.xml

2026-04-26 12:41:59 INFO  org.testng.internal.Utils - [Utils] DynamicGraphHelper.createDynamicGraph() took 3 ms.
2026-04-26 12:42:46 INFO  org.testng.internal.Utils - [TestNG] Time taken by org.testng.reporters.jq.Main@2eeb0f9b: 44 ms
2026-04-26 12:42:46 INFO  org.testng.internal.Utils - [TestNG] Time taken by org.testng.reporters.FailedReporter@70e94ecb: 10 ms
2026-04-26 12:42:46 INFO  org.testng.internal.Utils - [TestNG] Time taken by org.testng.reporters.XMLReporter@94e51e8: 7 ms
2026-04-26 12:42:46 INFO  org.testng.internal.Utils - [TestNG] Time taken by org.testng.reporters.EmailableReporter2@72e295cc: 6 ms
2026-04-26 12:42:46 INFO  org.testng.internal.Utils - [TestNG] Time taken by org.testng.reporters.JUnitReportReporter@2fcd7d3f: 4 ms
2026-04-26 12:42:46 INFO  org.testng.internal.Utils - [TestNG] Time taken by org.testng.internal.ExitCodeListener@27e7c77f: 0 ms
2026-04-26 12:43:18 DEBUG org.testng.TestNG - suiteXmlPath: "C:\Users\Rahul\AppData\Local\Temp\testng-eclipse-1043845388\testng-customsuite.xml"
2026-04-26 12:43:19 INFO  org.testng.internal.Utils - [Utils] MethodGroupsHelper.collectMethodsByGroup() took 0 ms.
2026-04-26 12:43:19 INFO  org.testng.internal.Utils - [Utils] MethodGroupsHelper.sortMethods() took 1 ms.
2026-04-26 12:43:19 INFO  org.testng.internal.Utils - [Utils] MethodGroupsHelper.collectMethodsByGroup() took 0 ms.
2026-04-26 12:43:19 INFO  org.testng.internal.Utils - [Utils] MethodGroupsHelper.sortMethods() took 0 ms.
2026-04-26 12:43:19 INFO  org.testng.internal.Utils - [Utils] MethodGroupsHelper.collectMethodsByGroup() took 0 ms.
2026-04-26 12:43:19 INFO  org.testng.internal.Utils - [Utils] MethodGroupsHelper.sortMethods() took 0 ms.
2026-04-26 12:43:19 INFO  org.testng.internal.Utils - [Utils] MethodGroupsHelper.collectMethodsByGroup() took 0 ms.
2026-04-26 12:43:19 INFO  org.testng.internal.Utils - [Utils] MethodGroupsHelper.sortMethods() took 0 ms.
2026-04-26 12:43:19 INFO  org.testng.internal.Utils - [Utils] MethodGroupsHelper.collectMethodsByGroup() took 0 ms.
2026-04-26 12:43:19 INFO  org.testng.internal.Utils - [Utils] MethodGroupsHelper.sortMethods() took 0 ms.
2026-04-26 12:43:19 INFO  org.testng.internal.Utils - [Utils] MethodGroupsHelper.collectMethodsByGroup() took 0 ms.
2026-04-26 12:43:19 INFO  org.testng.internal.Utils - [Utils] MethodGroupsHelper.sortMethods() took 0 ms.
2026-04-26 12:43:19 INFO  org.testng.internal.Utils - [Utils] MethodGroupsHelper.collectMethodsByGroup() took 0 ms.
2026-04-26 12:43:19 INFO  org.testng.internal.Utils - [Utils] MethodGroupsHelper.sortMethods() took 0 ms.
2026-04-26 12:43:19 INFO  org.testng.internal.Utils - [Utils] MethodGroupsHelper.collectMethodsByGroup() took 0 ms.
2026-04-26 12:43:19 INFO  org.testng.internal.Utils - [Utils] MethodGroupsHelper.sortMethods() took 0 ms.
2026-04-26 12:43:19 INFO  org.testng.internal.Utils - [Utils] MethodGroupsHelper.collectMethodsByGroup() took 4 ms.
2026-04-26 12:43:19 INFO  org.testng.internal.Utils - [Utils] MethodGroupsHelper.sortMethods() took 8 ms.
2026-04-26 12:43:19 INFO  org.testng.internal.Utils - [Utils] MethodGroupsHelper.collectMethodsByGroup() took 0 ms.
2026-04-26 12:43:19 INFO  org.testng.internal.Utils - [Utils] MethodGroupsHelper.sortMethods() took 0 ms.
2026-04-26 12:43:19 INFO  org.testng.internal.Utils - [Utils] MethodGroupsHelper.collectMethodsByGroup() took 0 ms.
2026-04-26 12:43:19 INFO  org.testng.internal.Utils - [Utils] MethodGroupsHelper.sortMethods() took 0 ms.
2026-04-26 12:43:19 INFO  org.testng.internal.Utils - [Utils] MethodGroupsHelper.collectMethodsByGroup() took 0 ms.
2026-04-26 12:43:19 INFO  org.testng.internal.Utils - [Utils] MethodGroupsHelper.sortMethods() took 0 ms.
2026-04-26 12:43:19 INFO  org.testng.internal.Utils - [Utils] MethodGroupsHelper.collectMethodsByGroup() took 8 ms.
2026-04-26 12:43:19 INFO  org.testng.internal.Utils - [Utils] MethodGroupsHelper.sortMethods() took 0 ms.
2026-04-26 12:43:19 INFO  org.testng.internal.Utils - [Utils] MethodGroupsHelper.collectMethodsByGroup() took 0 ms.
2026-04-26 12:43:19 INFO  org.testng.internal.Utils - [Utils] MethodGroupsHelper.sortMethods() took 0 ms.
2026-04-26 12:43:19 INFO  org.testng.internal.Utils - [Utils] MethodGroupsHelper.collectMethodsByGroup() took 0 ms.
2026-04-26 12:43:19 INFO  org.testng.internal.Utils - [Utils] MethodGroupsHelper.sortMethods() took 0 ms.
2026-04-26 12:43:19 INFO  org.testng.internal.Utils - [TestNG] Running:
  C:\Users\Rahul\AppData\Local\Temp\testng-eclipse-1043845388\testng-customsuite.xml

2026-04-26 12:43:19 INFO  org.testng.internal.Utils - [Utils] DynamicGraphHelper.createDynamicGraph() took 5 ms.
2026-04-26 12:44:05 INFO  org.testng.internal.Utils - [TestNG] Time taken by org.testng.reporters.jq.Main@2d3ef181: 43 ms
2026-04-26 12:44:05 INFO  org.testng.internal.Utils - [TestNG] Time taken by org.testng.reporters.FailedReporter@3e3315d9: 0 ms
2026-04-26 12:44:05 INFO  org.testng.internal.Utils - [TestNG] Time taken by org.testng.reporters.XMLReporter@984169e: 4 ms
2026-04-26 12:44:05 INFO  org.testng.internal.Utils - [TestNG] Time taken by org.testng.reporters.EmailableReporter2@1afd72ef: 4 ms
2026-04-26 12:44:05 INFO  org.testng.internal.Utils - [TestNG] Time taken by org.testng.reporters.JUnitReportReporter@5f254608: 5 ms
2026-04-26 12:44:05 INFO  org.testng.internal.Utils - [TestNG] Time taken by org.testng.internal.ExitCodeListener@2eeb0f9b: 0 ms
2026-04-26 12:44:11 DEBUG org.testng.TestNG - suiteXmlPath: "C:\Users\Rahul\AppData\Local\Temp\testng-eclipse-81465795\testng-customsuite.xml"
2026-04-26 12:44:11 INFO  org.testng.internal.Utils - [Utils] MethodGroupsHelper.collectMethodsByGroup() took 0 ms.
2026-04-26 12:44:11 INFO  org.testng.internal.Utils - [Utils] MethodGroupsHelper.sortMethods() took 2 ms.
2026-04-26 12:44:11 INFO  org.testng.internal.Utils - [Utils] MethodGroupsHelper.collectMethodsByGroup() took 0 ms.
2026-04-26 12:44:11 INFO  org.testng.internal.Utils - [Utils] MethodGroupsHelper.sortMethods() took 0 ms.
2026-04-26 12:44:11 INFO  org.testng.internal.Utils - [Utils] MethodGroupsHelper.collectMethodsByGroup() took 0 ms.
2026-04-26 12:44:11 INFO  org.testng.internal.Utils - [Utils] MethodGroupsHelper.sortMethods() took 0 ms.
2026-04-26 12:44:11 INFO  org.testng.internal.Utils - [Utils] MethodGroupsHelper.collectMethodsByGroup() took 0 ms.
2026-04-26 12:44:11 INFO  org.testng.internal.Utils - [Utils] MethodGroupsHelper.sortMethods() took 0 ms.
2026-04-26 12:44:11 INFO  org.testng.internal.Utils - [Utils] MethodGroupsHelper.collectMethodsByGroup() took 0 ms.
2026-04-26 12:44:11 INFO  org.testng.internal.Utils - [Utils] MethodGroupsHelper.sortMethods() took 0 ms.
2026-04-26 12:44:11 INFO  org.testng.internal.Utils - [Utils] MethodGroupsHelper.collectMethodsByGroup() took 0 ms.
2026-04-26 12:44:11 INFO  org.testng.internal.Utils - [Utils] MethodGroupsHelper.sortMethods() took 0 ms.
2026-04-26 12:44:11 INFO  org.testng.internal.Utils - [Utils] MethodGroupsHelper.collectMethodsByGroup() took 0 ms.
2026-04-26 12:44:11 INFO  org.testng.internal.Utils - [Utils] MethodGroupsHelper.sortMethods() took 0 ms.
2026-04-26 12:44:11 INFO  org.testng.internal.Utils - [Utils] MethodGroupsHelper.collectMethodsByGroup() took 0 ms.
2026-04-26 12:44:11 INFO  org.testng.internal.Utils - [Utils] MethodGroupsHelper.sortMethods() took 0 ms.
2026-04-26 12:44:11 INFO  org.testng.internal.Utils - [Utils] MethodGroupsHelper.collectMethodsByGroup() took 4 ms.
2026-04-26 12:44:11 INFO  org.testng.internal.Utils - [Utils] MethodGroupsHelper.sortMethods() took 9 ms.
2026-04-26 12:44:11 INFO  org.testng.internal.Utils - [Utils] MethodGroupsHelper.collectMethodsByGroup() took 0 ms.
2026-04-26 12:44:11 INFO  org.testng.internal.Utils - [Utils] MethodGroupsHelper.sortMethods() took 0 ms.
2026-04-26 12:44:11 INFO  org.testng.internal.Utils - [Utils] MethodGroupsHelper.collectMethodsByGroup() took 0 ms.
2026-04-26 12:44:11 INFO  org.testng.internal.Utils - [Utils] MethodGroupsHelper.sortMethods() took 0 ms.
2026-04-26 12:44:11 INFO  org.testng.internal.Utils - [Utils] MethodGroupsHelper.collectMethodsByGroup() took 0 ms.
2026-04-26 12:44:11 INFO  org.testng.internal.Utils - [Utils] MethodGroupsHelper.sortMethods() took 0 ms.
2026-04-26 12:44:11 INFO  org.testng.internal.Utils - [Utils] MethodGroupsHelper.collectMethodsByGroup() took 9 ms.
2026-04-26 12:44:11 INFO  org.testng.internal.Utils - [Utils] MethodGroupsHelper.sortMethods() took 0 ms.
2026-04-26 12:44:11 INFO  org.testng.internal.Utils - [Utils] MethodGroupsHelper.collectMethodsByGroup() took 0 ms.
2026-04-26 12:44:11 INFO  org.testng.internal.Utils - [Utils] MethodGroupsHelper.sortMethods() took 0 ms.
2026-04-26 12:44:11 INFO  org.testng.internal.Utils - [Utils] MethodGroupsHelper.collectMethodsByGroup() took 0 ms.
2026-04-26 12:44:11 INFO  org.testng.internal.Utils - [Utils] MethodGroupsHelper.sortMethods() took 1 ms.
2026-04-26 12:44:11 INFO  org.testng.internal.Utils - [TestNG] Running:
  C:\Users\Rahul\AppData\Local\Temp\testng-eclipse-81465795\testng-customsuite.xml

2026-04-26 12:44:11 INFO  org.testng.internal.Utils - [Utils] DynamicGraphHelper.createDynamicGraph() took 4 ms.
2026-04-26 12:44:48 INFO  org.testng.internal.Utils - [TestNG] Time taken by org.testng.reporters.jq.Main@654c7d2d: 45 ms
2026-04-26 12:44:48 INFO  org.testng.internal.Utils - [TestNG] Time taken by org.testng.reporters.FailedReporter@5e519ad3: 9 ms
2026-04-26 12:44:48 INFO  org.testng.internal.Utils - [TestNG] Time taken by org.testng.reporters.XMLReporter@7baf1f5a: 8 ms
2026-04-26 12:44:48 INFO  org.testng.internal.Utils - [TestNG] Time taken by org.testng.reporters.EmailableReporter2@44536de4: 7 ms
2026-04-26 12:44:48 INFO  org.testng.internal.Utils - [TestNG] Time taken by org.testng.reporters.JUnitReportReporter@726aa968: 6 ms
2026-04-26 12:44:48 INFO  org.testng.internal.Utils - [TestNG] Time taken by org.testng.internal.ExitCodeListener@7100dea: 0 ms
2026-04-26 12:47:03 DEBUG org.testng.TestNG - suiteXmlPath: "C:\Users\Rahul\AppData\Local\Temp\testng-eclipse--591815776\testng-customsuite.xml"
2026-04-26 12:47:03 INFO  org.testng.internal.Utils - [Utils] MethodGroupsHelper.collectMethodsByGroup() took 1 ms.
2026-04-26 12:47:03 INFO  org.testng.internal.Utils - [Utils] MethodGroupsHelper.sortMethods() took 1 ms.
2026-04-26 12:47:03 INFO  org.testng.internal.Utils - [Utils] MethodGroupsHelper.collectMethodsByGroup() took 0 ms.
2026-04-26 12:47:03 INFO  org.testng.internal.Utils - [Utils] MethodGroupsHelper.sortMethods() took 0 ms.
2026-04-26 12:47:03 INFO  org.testng.internal.Utils - [Utils] MethodGroupsHelper.collectMethodsByGroup() took 0 ms.
2026-04-26 12:47:03 INFO  org.testng.internal.Utils - [Utils] MethodGroupsHelper.sortMethods() took 0 ms.
2026-04-26 12:47:03 INFO  org.testng.internal.Utils - [Utils] MethodGroupsHelper.collectMethodsByGroup() took 0 ms.
2026-04-26 12:47:03 INFO  org.testng.internal.Utils - [Utils] MethodGroupsHelper.sortMethods() took 0 ms.
2026-04-26 12:47:03 INFO  org.testng.internal.Utils - [Utils] MethodGroupsHelper.collectMethodsByGroup() took 0 ms.
2026-04-26 12:47:03 INFO  org.testng.internal.Utils - [Utils] MethodGroupsHelper.sortMethods() took 0 ms.
2026-04-26 12:47:03 INFO  org.testng.internal.Utils - [Utils] MethodGroupsHelper.collectMethodsByGroup() took 0 ms.
2026-04-26 12:47:03 INFO  org.testng.internal.Utils - [Utils] MethodGroupsHelper.sortMethods() took 0 ms.
2026-04-26 12:47:03 INFO  org.testng.internal.Utils - [Utils] MethodGroupsHelper.collectMethodsByGroup() took 0 ms.
2026-04-26 12:47:03 INFO  org.testng.internal.Utils - [Utils] MethodGroupsHelper.sortMethods() took 0 ms.
2026-04-26 12:47:03 INFO  org.testng.internal.Utils - [Utils] MethodGroupsHelper.collectMethodsByGroup() took 0 ms.
2026-04-26 12:47:03 INFO  org.testng.internal.Utils - [Utils] MethodGroupsHelper.sortMethods() took 0 ms.
2026-04-26 12:47:03 INFO  org.testng.internal.Utils - [Utils] MethodGroupsHelper.collectMethodsByGroup() took 4 ms.
2026-04-26 12:47:03 INFO  org.testng.internal.Utils - [Utils] MethodGroupsHelper.sortMethods() took 13 ms.
2026-04-26 12:47:03 INFO  org.testng.internal.Utils - [Utils] MethodGroupsHelper.collectMethodsByGroup() took 0 ms.
2026-04-26 12:47:03 INFO  org.testng.internal.Utils - [Utils] MethodGroupsHelper.sortMethods() took 0 ms.
2026-04-26 12:47:03 INFO  org.testng.internal.Utils - [Utils] MethodGroupsHelper.collectMethodsByGroup() took 0 ms.
2026-04-26 12:47:03 INFO  org.testng.internal.Utils - [Utils] MethodGroupsHelper.sortMethods() took 0 ms.
2026-04-26 12:47:03 INFO  org.testng.internal.Utils - [Utils] MethodGroupsHelper.collectMethodsByGroup() took 0 ms.
2026-04-26 12:47:03 INFO  org.testng.internal.Utils - [Utils] MethodGroupsHelper.sortMethods() took 0 ms.
2026-04-26 12:47:03 INFO  org.testng.internal.Utils - [Utils] MethodGroupsHelper.collectMethodsByGroup() took 5 ms.
2026-04-26 12:47:03 INFO  org.testng.internal.Utils - [Utils] MethodGroupsHelper.sortMethods() took 1 ms.
2026-04-26 12:47:03 INFO  org.testng.internal.Utils - [Utils] MethodGroupsHelper.collectMethodsByGroup() took 0 ms.
2026-04-26 12:47:03 INFO  org.testng.internal.Utils - [Utils] MethodGroupsHelper.sortMethods() took 0 ms.
2026-04-26 12:47:03 INFO  org.testng.internal.Utils - [Utils] MethodGroupsHelper.collectMethodsByGroup() took 0 ms.
2026-04-26 12:47:03 INFO  org.testng.internal.Utils - [Utils] MethodGroupsHelper.sortMethods() took 0 ms.
2026-04-26 12:47:03 INFO  org.testng.internal.Utils - [TestNG] Running:
  C:\Users\Rahul\AppData\Local\Temp\testng-eclipse--591815776\testng-customsuite.xml

2026-04-26 12:47:03 INFO  org.testng.internal.Utils - [Utils] DynamicGraphHelper.createDynamicGraph() took 4 ms.
2026-04-26 12:47:50 INFO  org.testng.internal.Utils - [TestNG] Time taken by org.testng.reporters.jq.Main@4f9a6c2d: 29 ms
2026-04-26 12:47:50 INFO  org.testng.internal.Utils - [TestNG] Time taken by org.testng.reporters.FailedReporter@74170687: 0 ms
2026-04-26 12:47:50 INFO  org.testng.internal.Utils - [TestNG] Time taken by org.testng.reporters.XMLReporter@3c83468e: 4 ms
2026-04-26 12:47:50 INFO  org.testng.internal.Utils - [TestNG] Time taken by org.testng.reporters.EmailableReporter2@254f906e: 4 ms
2026-04-26 12:47:50 INFO  org.testng.internal.Utils - [TestNG] Time taken by org.testng.reporters.JUnitReportReporter@7afc4db9: 4 ms
2026-04-26 12:47:50 INFO  org.testng.internal.Utils - [TestNG] Time taken by org.testng.internal.ExitCodeListener@1a1f5f71: 0 ms
2026-04-26 12:47:56 DEBUG org.testng.TestNG - suiteXmlPath: "C:\Users\Rahul\AppData\Local\Temp\testng-eclipse-1592495675\testng-customsuite.xml"
2026-04-26 12:47:56 INFO  org.testng.internal.Utils - [Utils] MethodGroupsHelper.collectMethodsByGroup() took 0 ms.
2026-04-26 12:47:56 INFO  org.testng.internal.Utils - [Utils] MethodGroupsHelper.sortMethods() took 1 ms.
2026-04-26 12:47:56 INFO  org.testng.internal.Utils - [Utils] MethodGroupsHelper.collectMethodsByGroup() took 0 ms.
2026-04-26 12:47:56 INFO  org.testng.internal.Utils - [Utils] MethodGroupsHelper.sortMethods() took 0 ms.
2026-04-26 12:47:56 INFO  org.testng.internal.Utils - [Utils] MethodGroupsHelper.collectMethodsByGroup() took 0 ms.
2026-04-26 12:47:56 INFO  org.testng.internal.Utils - [Utils] MethodGroupsHelper.sortMethods() took 0 ms.
2026-04-26 12:47:56 INFO  org.testng.internal.Utils - [Utils] MethodGroupsHelper.collectMethodsByGroup() took 0 ms.
2026-04-26 12:47:56 INFO  org.testng.internal.Utils - [Utils] MethodGroupsHelper.sortMethods() took 0 ms.
2026-04-26 12:47:56 INFO  org.testng.internal.Utils - [Utils] MethodGroupsHelper.collectMethodsByGroup() took 0 ms.
2026-04-26 12:47:56 INFO  org.testng.internal.Utils - [Utils] MethodGroupsHelper.sortMethods() took 0 ms.
2026-04-26 12:47:56 INFO  org.testng.internal.Utils - [Utils] MethodGroupsHelper.collectMethodsByGroup() took 0 ms.
2026-04-26 12:47:56 INFO  org.testng.internal.Utils - [Utils] MethodGroupsHelper.sortMethods() took 0 ms.
2026-04-26 12:47:56 INFO  org.testng.internal.Utils - [Utils] MethodGroupsHelper.collectMethodsByGroup() took 0 ms.
2026-04-26 12:47:56 INFO  org.testng.internal.Utils - [Utils] MethodGroupsHelper.sortMethods() took 0 ms.
2026-04-26 12:47:56 INFO  org.testng.internal.Utils - [Utils] MethodGroupsHelper.collectMethodsByGroup() took 0 ms.
2026-04-26 12:47:56 INFO  org.testng.internal.Utils - [Utils] MethodGroupsHelper.sortMethods() took 0 ms.
2026-04-26 12:47:56 INFO  org.testng.internal.Utils - [Utils] MethodGroupsHelper.collectMethodsByGroup() took 4 ms.
2026-04-26 12:47:56 INFO  org.testng.internal.Utils - [Utils] MethodGroupsHelper.sortMethods() took 13 ms.
2026-04-26 12:47:56 INFO  org.testng.internal.Utils - [Utils] MethodGroupsHelper.collectMethodsByGroup() took 0 ms.
2026-04-26 12:47:56 INFO  org.testng.internal.Utils - [Utils] MethodGroupsHelper.sortMethods() took 0 ms.
2026-04-26 12:47:56 INFO  org.testng.internal.Utils - [Utils] MethodGroupsHelper.collectMethodsByGroup() took 0 ms.
2026-04-26 12:47:56 INFO  org.testng.internal.Utils - [Utils] MethodGroupsHelper.sortMethods() took 0 ms.
2026-04-26 12:47:56 INFO  org.testng.internal.Utils - [Utils] MethodGroupsHelper.collectMethodsByGroup() took 0 ms.
2026-04-26 12:47:56 INFO  org.testng.internal.Utils - [Utils] MethodGroupsHelper.sortMethods() took 0 ms.
2026-04-26 12:47:56 INFO  org.testng.internal.Utils - [Utils] MethodGroupsHelper.collectMethodsByGroup() took 9 ms.
2026-04-26 12:47:56 INFO  org.testng.internal.Utils - [Utils] MethodGroupsHelper.sortMethods() took 0 ms.
2026-04-26 12:47:56 INFO  org.testng.internal.Utils - [Utils] MethodGroupsHelper.collectMethodsByGroup() took 0 ms.
2026-04-26 12:47:56 INFO  org.testng.internal.Utils - [Utils] MethodGroupsHelper.sortMethods() took 0 ms.
2026-04-26 12:47:56 INFO  org.testng.internal.Utils - [Utils] MethodGroupsHelper.collectMethodsByGroup() took 0 ms.
2026-04-26 12:47:56 INFO  org.testng.internal.Utils - [Utils] MethodGroupsHelper.sortMethods() took 0 ms.
2026-04-26 12:47:56 INFO  org.testng.internal.Utils - [TestNG] Running:
  C:\Users\Rahul\AppData\Local\Temp\testng-eclipse-1592495675\testng-customsuite.xml

2026-04-26 12:47:56 INFO  org.testng.internal.Utils - [Utils] DynamicGraphHelper.createDynamicGraph() took 5 ms.
2026-04-26 12:48:31 INFO  org.testng.internal.Utils - [TestNG] Time taken by org.testng.reporters.jq.Main@7942a854: 66 ms
2026-04-26 12:48:31 INFO  org.testng.internal.Utils - [TestNG] Time taken by org.testng.reporters.FailedReporter@33a3c44a: 1 ms
2026-04-26 12:48:31 INFO  org.testng.internal.Utils - [TestNG] Time taken by org.testng.reporters.XMLReporter@10641c09: 6 ms
2026-04-26 12:48:31 INFO  org.testng.internal.Utils - [TestNG] Time taken by org.testng.reporters.EmailableReporter2@6c518474: 5 ms
2026-04-26 12:48:31 INFO  org.testng.internal.Utils - [TestNG] Time taken by org.testng.reporters.JUnitReportReporter@64524dd: 5 ms
2026-04-26 12:48:31 INFO  org.testng.internal.Utils - [TestNG] Time taken by org.testng.internal.ExitCodeListener@79d06bbd: 0 ms
2026-04-26 12:48:36 DEBUG org.testng.TestNG - suiteXmlPath: "C:\Users\Rahul\AppData\Local\Temp\testng-eclipse-494299720\testng-customsuite.xml"
2026-04-26 12:48:36 INFO  org.testng.internal.Utils - [Utils] MethodGroupsHelper.collectMethodsByGroup() took 1 ms.
2026-04-26 12:48:36 INFO  org.testng.internal.Utils - [Utils] MethodGroupsHelper.sortMethods() took 0 ms.
2026-04-26 12:48:36 INFO  org.testng.internal.Utils - [Utils] MethodGroupsHelper.collectMethodsByGroup() took 0 ms.
2026-04-26 12:48:36 INFO  org.testng.internal.Utils - [Utils] MethodGroupsHelper.sortMethods() took 0 ms.
2026-04-26 12:48:36 INFO  org.testng.internal.Utils - [Utils] MethodGroupsHelper.collectMethodsByGroup() took 0 ms.
2026-04-26 12:48:36 INFO  org.testng.internal.Utils - [Utils] MethodGroupsHelper.sortMethods() took 0 ms.
2026-04-26 12:48:36 INFO  org.testng.internal.Utils - [Utils] MethodGroupsHelper.collectMethodsByGroup() took 0 ms.
2026-04-26 12:48:36 INFO  org.testng.internal.Utils - [Utils] MethodGroupsHelper.sortMethods() took 0 ms.
2026-04-26 12:48:36 INFO  org.testng.internal.Utils - [Utils] MethodGroupsHelper.collectMethodsByGroup() took 0 ms.
2026-04-26 12:48:36 INFO  org.testng.internal.Utils - [Utils] MethodGroupsHelper.sortMethods() took 0 ms.
2026-04-26 12:48:36 INFO  org.testng.internal.Utils - [Utils] MethodGroupsHelper.collectMethodsByGroup() took 0 ms.
2026-04-26 12:48:36 INFO  org.testng.internal.Utils - [Utils] MethodGroupsHelper.sortMethods() took 0 ms.
2026-04-26 12:48:36 INFO  org.testng.internal.Utils - [Utils] MethodGroupsHelper.collectMethodsByGroup() took 0 ms.
2026-04-26 12:48:36 INFO  org.testng.internal.Utils - [Utils] MethodGroupsHelper.sortMethods() took 0 ms.
2026-04-26 12:48:36 INFO  org.testng.internal.Utils - [Utils] MethodGroupsHelper.collectMethodsByGroup() took 0 ms.
2026-04-26 12:48:36 INFO  org.testng.internal.Utils - [Utils] MethodGroupsHelper.sortMethods() took 0 ms.
2026-04-26 12:48:36 INFO  org.testng.internal.Utils - [Utils] MethodGroupsHelper.collectMethodsByGroup() took 6 ms.
2026-04-26 12:48:36 INFO  org.testng.internal.Utils - [Utils] MethodGroupsHelper.sortMethods() took 11 ms.
2026-04-26 12:48:36 INFO  org.testng.internal.Utils - [Utils] MethodGroupsHelper.collectMethodsByGroup() took 0 ms.
2026-04-26 12:48:36 INFO  org.testng.internal.Utils - [Utils] MethodGroupsHelper.sortMethods() took 0 ms.
2026-04-26 12:48:36 INFO  org.testng.internal.Utils - [Utils] MethodGroupsHelper.collectMethodsByGroup() took 0 ms.
2026-04-26 12:48:36 INFO  org.testng.internal.Utils - [Utils] MethodGroupsHelper.sortMethods() took 0 ms.
2026-04-26 12:48:36 INFO  org.testng.internal.Utils - [Utils] MethodGroupsHelper.collectMethodsByGroup() took 0 ms.
2026-04-26 12:48:36 INFO  org.testng.internal.Utils - [Utils] MethodGroupsHelper.sortMethods() took 0 ms.
2026-04-26 12:48:36 INFO  org.testng.internal.Utils - [Utils] MethodGroupsHelper.collectMethodsByGroup() took 9 ms.
2026-04-26 12:48:36 INFO  org.testng.internal.Utils - [Utils] MethodGroupsHelper.sortMethods() took 0 ms.
2026-04-26 12:48:36 INFO  org.testng.internal.Utils - [Utils] MethodGroupsHelper.collectMethodsByGroup() took 0 ms.
2026-04-26 12:48:36 INFO  org.testng.internal.Utils - [Utils] MethodGroupsHelper.sortMethods() took 0 ms.
2026-04-26 12:48:36 INFO  org.testng.internal.Utils - [Utils] MethodGroupsHelper.collectMethodsByGroup() took 0 ms.
2026-04-26 12:48:36 INFO  org.testng.internal.Utils - [Utils] MethodGroupsHelper.sortMethods() took 0 ms.
2026-04-26 12:48:36 INFO  org.testng.internal.Utils - [TestNG] Running:
  C:\Users\Rahul\AppData\Local\Temp\testng-eclipse-494299720\testng-customsuite.xml

2026-04-26 12:48:36 INFO  org.testng.internal.Utils - [Utils] DynamicGraphHelper.createDynamicGraph() took 4 ms.
2026-04-26 12:49:21 INFO  org.testng.internal.Utils - [TestNG] Time taken by org.testng.reporters.jq.Main@35ee466f: 52 ms
2026-04-26 12:49:21 INFO  org.testng.internal.Utils - [TestNG] Time taken by org.testng.reporters.FailedReporter@2ab26378: 8 ms
2026-04-26 12:49:21 INFO  org.testng.internal.Utils - [TestNG] Time taken by org.testng.reporters.XMLReporter@3e5fd2b1: 6 ms
2026-04-26 12:49:21 INFO  org.testng.internal.Utils - [TestNG] Time taken by org.testng.reporters.EmailableReporter2@70d63e05: 8 ms
2026-04-26 12:49:21 INFO  org.testng.internal.Utils - [TestNG] Time taken by org.testng.reporters.JUnitReportReporter@43acd79e: 7 ms
2026-04-26 12:49:21 INFO  org.testng.internal.Utils - [TestNG] Time taken by org.testng.internal.ExitCodeListener@1e1b061: 0 ms
2026-04-26 12:50:15 DEBUG org.testng.TestNG - suiteXmlPath: "C:\Users\Rahul\AppData\Local\Temp\testng-eclipse--610593496\testng-customsuite.xml"
2026-04-26 12:50:15 INFO  org.testng.internal.Utils - [Utils] MethodGroupsHelper.collectMethodsByGroup() took 0 ms.
2026-04-26 12:50:15 INFO  org.testng.internal.Utils - [Utils] MethodGroupsHelper.sortMethods() took 1 ms.
2026-04-26 12:50:15 INFO  org.testng.internal.Utils - [Utils] MethodGroupsHelper.collectMethodsByGroup() took 0 ms.
2026-04-26 12:50:15 INFO  org.testng.internal.Utils - [Utils] MethodGroupsHelper.sortMethods() took 0 ms.
2026-04-26 12:50:15 INFO  org.testng.internal.Utils - [Utils] MethodGroupsHelper.collectMethodsByGroup() took 0 ms.
2026-04-26 12:50:15 INFO  org.testng.internal.Utils - [Utils] MethodGroupsHelper.sortMethods() took 0 ms.
2026-04-26 12:50:15 INFO  org.testng.internal.Utils - [Utils] MethodGroupsHelper.collectMethodsByGroup() took 0 ms.
2026-04-26 12:50:15 INFO  org.testng.internal.Utils - [Utils] MethodGroupsHelper.sortMethods() took 0 ms.
2026-04-26 12:50:15 INFO  org.testng.internal.Utils - [Utils] MethodGroupsHelper.collectMethodsByGroup() took 0 ms.
2026-04-26 12:50:15 INFO  org.testng.internal.Utils - [Utils] MethodGroupsHelper.sortMethods() took 0 ms.
2026-04-26 12:50:15 INFO  org.testng.internal.Utils - [Utils] MethodGroupsHelper.collectMethodsByGroup() took 0 ms.
2026-04-26 12:50:15 INFO  org.testng.internal.Utils - [Utils] MethodGroupsHelper.sortMethods() took 0 ms.
2026-04-26 12:50:15 INFO  org.testng.internal.Utils - [Utils] MethodGroupsHelper.collectMethodsByGroup() took 0 ms.
2026-04-26 12:50:15 INFO  org.testng.internal.Utils - [Utils] MethodGroupsHelper.sortMethods() took 0 ms.
2026-04-26 12:50:15 INFO  org.testng.internal.Utils - [Utils] MethodGroupsHelper.collectMethodsByGroup() took 0 ms.
2026-04-26 12:50:15 INFO  org.testng.internal.Utils - [Utils] MethodGroupsHelper.sortMethods() took 0 ms.
2026-04-26 12:50:15 INFO  org.testng.internal.Utils - [Utils] MethodGroupsHelper.collectMethodsByGroup() took 3 ms.
2026-04-26 12:50:15 INFO  org.testng.internal.Utils - [Utils] MethodGroupsHelper.sortMethods() took 8 ms.
2026-04-26 12:50:15 INFO  org.testng.internal.Utils - [Utils] MethodGroupsHelper.collectMethodsByGroup() took 0 ms.
2026-04-26 12:50:15 INFO  org.testng.internal.Utils - [Utils] MethodGroupsHelper.sortMethods() took 0 ms.
2026-04-26 12:50:15 INFO  org.testng.internal.Utils - [Utils] MethodGroupsHelper.collectMethodsByGroup() took 0 ms.
2026-04-26 12:50:15 INFO  org.testng.internal.Utils - [Utils] MethodGroupsHelper.sortMethods() took 0 ms.
2026-04-26 12:50:15 INFO  org.testng.internal.Utils - [Utils] MethodGroupsHelper.collectMethodsByGroup() took 0 ms.
2026-04-26 12:50:15 INFO  org.testng.internal.Utils - [Utils] MethodGroupsHelper.sortMethods() took 0 ms.
2026-04-26 12:50:15 INFO  org.testng.internal.Utils - [Utils] MethodGroupsHelper.collectMethodsByGroup() took 7 ms.
2026-04-26 12:50:15 INFO  org.testng.internal.Utils - [Utils] MethodGroupsHelper.sortMethods() took 0 ms.
2026-04-26 12:50:15 INFO  org.testng.internal.Utils - [Utils] MethodGroupsHelper.collectMethodsByGroup() took 0 ms.
2026-04-26 12:50:15 INFO  org.testng.internal.Utils - [Utils] MethodGroupsHelper.sortMethods() took 0 ms.
2026-04-26 12:50:15 INFO  org.testng.internal.Utils - [Utils] MethodGroupsHelper.collectMethodsByGroup() took 0 ms.
2026-04-26 12:50:15 INFO  org.testng.internal.Utils - [Utils] MethodGroupsHelper.sortMethods() took 0 ms.
2026-04-26 12:50:15 INFO  org.testng.internal.Utils - [TestNG] Running:
  C:\Users\Rahul\AppData\Local\Temp\testng-eclipse--610593496\testng-customsuite.xml

2026-04-26 12:50:15 INFO  org.testng.internal.Utils - [Utils] DynamicGraphHelper.createDynamicGraph() took 4 ms.
2026-04-26 12:50:31 INFO  org.testng.internal.Utils - [TestNG] Time taken by org.testng.reporters.jq.Main@ef1695a: 96 ms
2026-04-26 12:50:31 INFO  org.testng.internal.Utils - [TestNG] Time taken by org.testng.reporters.FailedReporter@7487b142: 1 ms
2026-04-26 12:50:31 INFO  org.testng.internal.Utils - [TestNG] Time taken by org.testng.reporters.XMLReporter@5853495b: 9 ms
2026-04-26 12:50:31 INFO  org.testng.internal.Utils - [TestNG] Time taken by org.testng.reporters.EmailableReporter2@43d38654: 9 ms
2026-04-26 12:50:31 INFO  org.testng.internal.Utils - [TestNG] Time taken by org.testng.reporters.JUnitReportReporter@34b27915: 9 ms
2026-04-26 12:50:31 INFO  org.testng.internal.Utils - [TestNG] Time taken by org.testng.internal.ExitCodeListener@29eda4f8: 0 ms
2026-04-26 12:50:41 DEBUG org.testng.TestNG - suiteXmlPath: "C:\Users\Rahul\AppData\Local\Temp\testng-eclipse--268521076\testng-customsuite.xml"
2026-04-26 12:50:41 INFO  org.testng.internal.Utils - [Utils] MethodGroupsHelper.collectMethodsByGroup() took 0 ms.
2026-04-26 12:50:41 INFO  org.testng.internal.Utils - [Utils] MethodGroupsHelper.sortMethods() took 2 ms.
2026-04-26 12:50:41 INFO  org.testng.internal.Utils - [Utils] MethodGroupsHelper.collectMethodsByGroup() took 0 ms.
2026-04-26 12:50:41 INFO  org.testng.internal.Utils - [Utils] MethodGroupsHelper.sortMethods() took 0 ms.
2026-04-26 12:50:41 INFO  org.testng.internal.Utils - [Utils] MethodGroupsHelper.collectMethodsByGroup() took 0 ms.
2026-04-26 12:50:41 INFO  org.testng.internal.Utils - [Utils] MethodGroupsHelper.sortMethods() took 0 ms.
2026-04-26 12:50:41 INFO  org.testng.internal.Utils - [Utils] MethodGroupsHelper.collectMethodsByGroup() took 0 ms.
2026-04-26 12:50:41 INFO  org.testng.internal.Utils - [Utils] MethodGroupsHelper.sortMethods() took 0 ms.
2026-04-26 12:50:41 INFO  org.testng.internal.Utils - [Utils] MethodGroupsHelper.collectMethodsByGroup() took 0 ms.
2026-04-26 12:50:41 INFO  org.testng.internal.Utils - [Utils] MethodGroupsHelper.sortMethods() took 0 ms.
2026-04-26 12:50:41 INFO  org.testng.internal.Utils - [Utils] MethodGroupsHelper.collectMethodsByGroup() took 0 ms.
2026-04-26 12:50:41 INFO  org.testng.internal.Utils - [Utils] MethodGroupsHelper.sortMethods() took 0 ms.
2026-04-26 12:50:41 INFO  org.testng.internal.Utils - [Utils] MethodGroupsHelper.collectMethodsByGroup() took 0 ms.
2026-04-26 12:50:41 INFO  org.testng.internal.Utils - [Utils] MethodGroupsHelper.sortMethods() took 0 ms.
2026-04-26 12:50:41 INFO  org.testng.internal.Utils - [Utils] MethodGroupsHelper.collectMethodsByGroup() took 0 ms.
2026-04-26 12:50:41 INFO  org.testng.internal.Utils - [Utils] MethodGroupsHelper.sortMethods() took 0 ms.
2026-04-26 12:50:41 INFO  org.testng.internal.Utils - [Utils] MethodGroupsHelper.collectMethodsByGroup() took 8 ms.
2026-04-26 12:50:41 INFO  org.testng.internal.Utils - [Utils] MethodGroupsHelper.sortMethods() took 15 ms.
2026-04-26 12:50:41 INFO  org.testng.internal.Utils - [Utils] MethodGroupsHelper.collectMethodsByGroup() took 0 ms.
2026-04-26 12:50:41 INFO  org.testng.internal.Utils - [Utils] MethodGroupsHelper.sortMethods() took 0 ms.
2026-04-26 12:50:41 INFO  org.testng.internal.Utils - [Utils] MethodGroupsHelper.collectMethodsByGroup() took 0 ms.
2026-04-26 12:50:41 INFO  org.testng.internal.Utils - [Utils] MethodGroupsHelper.sortMethods() took 0 ms.
2026-04-26 12:50:41 INFO  org.testng.internal.Utils - [Utils] MethodGroupsHelper.collectMethodsByGroup() took 0 ms.
2026-04-26 12:50:41 INFO  org.testng.internal.Utils - [Utils] MethodGroupsHelper.sortMethods() took 0 ms.
2026-04-26 12:50:41 INFO  org.testng.internal.Utils - [Utils] MethodGroupsHelper.collectMethodsByGroup() took 15 ms.
2026-04-26 12:50:41 INFO  org.testng.internal.Utils - [Utils] MethodGroupsHelper.sortMethods() took 0 ms.
2026-04-26 12:50:41 INFO  org.testng.internal.Utils - [Utils] MethodGroupsHelper.collectMethodsByGroup() took 0 ms.
2026-04-26 12:50:41 INFO  org.testng.internal.Utils - [Utils] MethodGroupsHelper.sortMethods() took 0 ms.
2026-04-26 12:50:41 INFO  org.testng.internal.Utils - [Utils] MethodGroupsHelper.collectMethodsByGroup() took 0 ms.
2026-04-26 12:50:41 INFO  org.testng.internal.Utils - [Utils] MethodGroupsHelper.sortMethods() took 0 ms.
2026-04-26 12:50:41 INFO  org.testng.internal.Utils - [TestNG] Running:
  C:\Users\Rahul\AppData\Local\Temp\testng-eclipse--268521076\testng-customsuite.xml

2026-04-26 12:50:41 INFO  org.testng.internal.Utils - [Utils] DynamicGraphHelper.createDynamicGraph() took 4 ms.
2026-04-26 12:50:49 INFO  org.testng.internal.Utils - [TestNG] Time taken by org.testng.reporters.jq.Main@6b0615ae: 87 ms
2026-04-26 12:50:49 INFO  org.testng.internal.Utils - [TestNG] Time taken by org.testng.reporters.FailedReporter@31edeac: 24 ms
2026-04-26 12:50:49 INFO  org.testng.internal.Utils - [TestNG] Time taken by org.testng.reporters.XMLReporter@756b58a7: 20 ms
2026-04-26 12:50:50 INFO  org.testng.internal.Utils - [TestNG] Time taken by org.testng.reporters.EmailableReporter2@23382f76: 14 ms
2026-04-26 12:50:50 INFO  org.testng.internal.Utils - [TestNG] Time taken by org.testng.reporters.JUnitReportReporter@5a82ebf8: 10 ms
2026-04-26 12:50:50 INFO  org.testng.internal.Utils - [TestNG] Time taken by org.testng.internal.ExitCodeListener@68fe48d7: 0 ms
2026-04-26 12:50:57 DEBUG org.testng.TestNG - suiteXmlPath: "C:\Users\Rahul\AppData\Local\Temp\testng-eclipse-1779912717\testng-customsuite.xml"
2026-04-26 12:50:58 INFO  org.testng.internal.Utils - [Utils] MethodGroupsHelper.collectMethodsByGroup() took 1 ms.
2026-04-26 12:50:58 INFO  org.testng.internal.Utils - [Utils] MethodGroupsHelper.sortMethods() took 1 ms.
2026-04-26 12:50:58 INFO  org.testng.internal.Utils - [Utils] MethodGroupsHelper.collectMethodsByGroup() took 0 ms.
2026-04-26 12:50:58 INFO  org.testng.internal.Utils - [Utils] MethodGroupsHelper.sortMethods() took 0 ms.
2026-04-26 12:50:58 INFO  org.testng.internal.Utils - [Utils] MethodGroupsHelper.collectMethodsByGroup() took 0 ms.
2026-04-26 12:50:58 INFO  org.testng.internal.Utils - [Utils] MethodGroupsHelper.sortMethods() took 0 ms.
2026-04-26 12:50:58 INFO  org.testng.internal.Utils - [Utils] MethodGroupsHelper.collectMethodsByGroup() took 0 ms.
2026-04-26 12:50:58 INFO  org.testng.internal.Utils - [Utils] MethodGroupsHelper.sortMethods() took 0 ms.
2026-04-26 12:50:58 INFO  org.testng.internal.Utils - [Utils] MethodGroupsHelper.collectMethodsByGroup() took 0 ms.
2026-04-26 12:50:58 INFO  org.testng.internal.Utils - [Utils] MethodGroupsHelper.sortMethods() took 0 ms.
2026-04-26 12:50:58 INFO  org.testng.internal.Utils - [Utils] MethodGroupsHelper.collectMethodsByGroup() took 0 ms.
2026-04-26 12:50:58 INFO  org.testng.internal.Utils - [Utils] MethodGroupsHelper.sortMethods() took 0 ms.
2026-04-26 12:50:58 INFO  org.testng.internal.Utils - [Utils] MethodGroupsHelper.collectMethodsByGroup() took 0 ms.
2026-04-26 12:50:58 INFO  org.testng.internal.Utils - [Utils] MethodGroupsHelper.sortMethods() took 0 ms.
2026-04-26 12:50:58 INFO  org.testng.internal.Utils - [Utils] MethodGroupsHelper.collectMethodsByGroup() took 0 ms.
2026-04-26 12:50:58 INFO  org.testng.internal.Utils - [Utils] MethodGroupsHelper.sortMethods() took 0 ms.
2026-04-26 12:50:58 INFO  org.testng.internal.Utils - [Utils] MethodGroupsHelper.collectMethodsByGroup() took 8 ms.
2026-04-26 12:50:58 INFO  org.testng.internal.Utils - [Utils] MethodGroupsHelper.sortMethods() took 16 ms.
2026-04-26 12:50:58 INFO  org.testng.internal.Utils - [Utils] MethodGroupsHelper.collectMethodsByGroup() took 0 ms.
2026-04-26 12:50:58 INFO  org.testng.internal.Utils - [Utils] MethodGroupsHelper.sortMethods() took 0 ms.
2026-04-26 12:50:58 INFO  org.testng.internal.Utils - [Utils] MethodGroupsHelper.collectMethodsByGroup() took 0 ms.
2026-04-26 12:50:58 INFO  org.testng.internal.Utils - [Utils] MethodGroupsHelper.sortMethods() took 0 ms.
2026-04-26 12:50:58 INFO  org.testng.internal.Utils - [Utils] MethodGroupsHelper.collectMethodsByGroup() took 0 ms.
2026-04-26 12:50:58 INFO  org.testng.internal.Utils - [Utils] MethodGroupsHelper.sortMethods() took 0 ms.
2026-04-26 12:50:58 INFO  org.testng.internal.Utils - [Utils] MethodGroupsHelper.collectMethodsByGroup() took 11 ms.
2026-04-26 12:50:58 INFO  org.testng.internal.Utils - [Utils] MethodGroupsHelper.sortMethods() took 0 ms.
2026-04-26 12:50:58 INFO  org.testng.internal.Utils - [Utils] MethodGroupsHelper.collectMethodsByGroup() took 0 ms.
2026-04-26 12:50:58 INFO  org.testng.internal.Utils - [Utils] MethodGroupsHelper.sortMethods() took 0 ms.
2026-04-26 12:50:58 INFO  org.testng.internal.Utils - [Utils] MethodGroupsHelper.collectMethodsByGroup() took 0 ms.
2026-04-26 12:50:58 INFO  org.testng.internal.Utils - [Utils] MethodGroupsHelper.sortMethods() took 0 ms.
2026-04-26 12:50:58 INFO  org.testng.internal.Utils - [TestNG] Running:
  C:\Users\Rahul\AppData\Local\Temp\testng-eclipse-1779912717\testng-customsuite.xml

2026-04-26 12:50:58 INFO  org.testng.internal.Utils - [Utils] DynamicGraphHelper.createDynamicGraph() took 7 ms.
2026-04-26 12:51:17 INFO  org.testng.internal.Utils - [TestNG] Time taken by org.testng.reporters.jq.Main@5e8cda75: 104 ms
2026-04-26 12:51:17 INFO  org.testng.internal.Utils - [TestNG] Time taken by org.testng.reporters.FailedReporter@408e96d9: 19 ms
2026-04-26 12:51:17 INFO  org.testng.internal.Utils - [TestNG] Time taken by org.testng.reporters.XMLReporter@238bfd6c: 10 ms
2026-04-26 12:51:17 INFO  org.testng.internal.Utils - [TestNG] Time taken by org.testng.reporters.EmailableReporter2@7a7cc52c: 11 ms
2026-04-26 12:51:17 INFO  org.testng.internal.Utils - [TestNG] Time taken by org.testng.reporters.JUnitReportReporter@21f459fc: 14 ms
2026-04-26 12:51:17 INFO  org.testng.internal.Utils - [TestNG] Time taken by org.testng.internal.ExitCodeListener@4d192aef: 0 ms
2026-04-26 12:53:42 DEBUG org.testng.TestNG - suiteXmlPath: "C:\Users\Rahul\AppData\Local\Temp\testng-eclipse-1094303857\testng-customsuite.xml"
2026-04-26 12:53:42 INFO  org.testng.internal.Utils - [Utils] MethodGroupsHelper.collectMethodsByGroup() took 0 ms.
2026-04-26 12:53:42 INFO  org.testng.internal.Utils - [Utils] MethodGroupsHelper.sortMethods() took 1 ms.
2026-04-26 12:53:42 INFO  org.testng.internal.Utils - [Utils] MethodGroupsHelper.collectMethodsByGroup() took 0 ms.
2026-04-26 12:53:42 INFO  org.testng.internal.Utils - [Utils] MethodGroupsHelper.sortMethods() took 0 ms.
2026-04-26 12:53:42 INFO  org.testng.internal.Utils - [Utils] MethodGroupsHelper.collectMethodsByGroup() took 0 ms.
2026-04-26 12:53:42 INFO  org.testng.internal.Utils - [Utils] MethodGroupsHelper.sortMethods() took 0 ms.
2026-04-26 12:53:42 INFO  org.testng.internal.Utils - [Utils] MethodGroupsHelper.collectMethodsByGroup() took 0 ms.
2026-04-26 12:53:42 INFO  org.testng.internal.Utils - [Utils] MethodGroupsHelper.sortMethods() took 0 ms.
2026-04-26 12:53:42 INFO  org.testng.internal.Utils - [Utils] MethodGroupsHelper.collectMethodsByGroup() took 0 ms.
2026-04-26 12:53:42 INFO  org.testng.internal.Utils - [Utils] MethodGroupsHelper.sortMethods() took 0 ms.
2026-04-26 12:53:42 INFO  org.testng.internal.Utils - [Utils] MethodGroupsHelper.collectMethodsByGroup() took 0 ms.
2026-04-26 12:53:42 INFO  org.testng.internal.Utils - [Utils] MethodGroupsHelper.sortMethods() took 0 ms.
2026-04-26 12:53:42 INFO  org.testng.internal.Utils - [Utils] MethodGroupsHelper.collectMethodsByGroup() took 0 ms.
2026-04-26 12:53:42 INFO  org.testng.internal.Utils - [Utils] MethodGroupsHelper.sortMethods() took 0 ms.
2026-04-26 12:53:42 INFO  org.testng.internal.Utils - [Utils] MethodGroupsHelper.collectMethodsByGroup() took 0 ms.
2026-04-26 12:53:42 INFO  org.testng.internal.Utils - [Utils] MethodGroupsHelper.sortMethods() took 0 ms.
2026-04-26 12:53:42 INFO  org.testng.internal.Utils - [Utils] MethodGroupsHelper.collectMethodsByGroup() took 5 ms.
2026-04-26 12:53:42 INFO  org.testng.internal.Utils - [Utils] MethodGroupsHelper.sortMethods() took 13 ms.
2026-04-26 12:53:42 INFO  org.testng.internal.Utils - [Utils] MethodGroupsHelper.collectMethodsByGroup() took 0 ms.
2026-04-26 12:53:42 INFO  org.testng.internal.Utils - [Utils] MethodGroupsHelper.sortMethods() took 0 ms.
2026-04-26 12:53:42 INFO  org.testng.internal.Utils - [Utils] MethodGroupsHelper.collectMethodsByGroup() took 0 ms.
2026-04-26 12:53:42 INFO  org.testng.internal.Utils - [Utils] MethodGroupsHelper.sortMethods() took 0 ms.
2026-04-26 12:53:42 INFO  org.testng.internal.Utils - [Utils] MethodGroupsHelper.collectMethodsByGroup() took 0 ms.
2026-04-26 12:53:42 INFO  org.testng.internal.Utils - [Utils] MethodGroupsHelper.sortMethods() took 0 ms.
2026-04-26 12:53:43 INFO  org.testng.internal.Utils - [Utils] MethodGroupsHelper.collectMethodsByGroup() took 7 ms.
2026-04-26 12:53:43 INFO  org.testng.internal.Utils - [Utils] MethodGroupsHelper.sortMethods() took 1 ms.
2026-04-26 12:53:43 INFO  org.testng.internal.Utils - [Utils] MethodGroupsHelper.collectMethodsByGroup() took 0 ms.
2026-04-26 12:53:43 INFO  org.testng.internal.Utils - [Utils] MethodGroupsHelper.sortMethods() took 0 ms.
2026-04-26 12:53:43 INFO  org.testng.internal.Utils - [Utils] MethodGroupsHelper.collectMethodsByGroup() took 0 ms.
2026-04-26 12:53:43 INFO  org.testng.internal.Utils - [Utils] MethodGroupsHelper.sortMethods() took 0 ms.
2026-04-26 12:53:43 INFO  org.testng.internal.Utils - [TestNG] Running:
  C:\Users\Rahul\AppData\Local\Temp\testng-eclipse-1094303857\testng-customsuite.xml

2026-04-26 12:53:43 INFO  org.testng.internal.Utils - [Utils] DynamicGraphHelper.createDynamicGraph() took 7 ms.
2026-04-26 12:54:00 INFO  org.testng.internal.Utils - [TestNG] Time taken by org.testng.reporters.jq.Main@74294c1a: 114 ms
2026-04-26 12:54:00 INFO  org.testng.internal.Utils - [TestNG] Time taken by org.testng.reporters.FailedReporter@79d06bbd: 2 ms
2026-04-26 12:54:00 INFO  org.testng.internal.Utils - [TestNG] Time taken by org.testng.reporters.XMLReporter@7fcf294e: 9 ms
2026-04-26 12:54:00 INFO  org.testng.internal.Utils - [TestNG] Time taken by org.testng.reporters.EmailableReporter2@4c2fb9dd: 8 ms
2026-04-26 12:54:00 INFO  org.testng.internal.Utils - [TestNG] Time taken by org.testng.reporters.JUnitReportReporter@e9dc4d0: 10 ms
2026-04-26 12:54:00 INFO  org.testng.internal.Utils - [TestNG] Time taken by org.testng.internal.ExitCodeListener@670d4d38: 0 ms
2026-04-26 12:54:53 DEBUG org.testng.TestNG - suiteXmlPath: "C:\Users\Rahul\eclipse-workspace\MyntraOriginal\testng.xml"
2026-04-26 12:54:54 INFO  org.testng.internal.Utils - [XmlSuite] [WARN] 'parallel' value 'true' is no longer valid, defaulting to 'methods'.
2026-04-26 12:54:54 INFO  org.testng.internal.Utils - [TestNG] Running:
  C:\Users\Rahul\eclipse-workspace\MyntraOriginal\testng.xml

2026-04-26 12:55:07 INFO  com.Tests.HomePageTest - Searching for: 
2026-04-26 12:55:08 INFO  com.Tests.HomePageTest - Searching for: Kids
2026-04-26 12:55:19 INFO  com.Tests.HomePageTest - Products are Displayed..
2026-04-26 12:55:41 INFO  com.Tests.HomePageTest - Searching for: Boys
2026-04-26 12:55:49 INFO  com.Tests.HomePageTest - Products are Displayed..
2026-04-26 12:56:11 INFO  com.Tests.HomePageTest - Searching for: @#$%
2026-04-26 12:57:44 INFO  com.Tests.HomePageTest - Searching for: Girls
2026-04-26 12:58:37 DEBUG org.testng.TestNG - suiteXmlPath: "C:\Users\Rahul\eclipse-workspace\MyntraOriginal\testng.xml"
2026-04-26 12:58:37 INFO  org.testng.internal.Utils - [TestNG] Running:
  C:\Users\Rahul\eclipse-workspace\MyntraOriginal\testng.xml

2026-04-26 12:58:43 INFO  com.Tests.HomePageTest - Searching for: Kids
2026-04-26 12:58:48 INFO  com.Tests.HomePageTest - Searching for: Boys
2026-04-26 12:58:56 INFO  com.Tests.HomePageTest - Searching for: Girls
2026-04-26 12:59:03 INFO  com.Tests.HomePageTest - Searching for: Footwear
2026-04-26 12:59:32 DEBUG org.testng.TestNG - suiteXmlPath: "C:\Users\Rahul\eclipse-workspace\MyntraOriginal\testng.xml"
2026-04-26 12:59:32 INFO  org.testng.internal.Utils - [TestNG] Running:
  C:\Users\Rahul\eclipse-workspace\MyntraOriginal\testng.xml

2026-04-26 12:59:35 INFO  com.Tests.HomePageTest - Searching for: Kids
2026-04-26 12:59:42 INFO  com.Tests.HomePageTest - Searching for: Boys
2026-04-26 12:59:48 INFO  com.Tests.HomePageTest - Searching for: Girls
2026-04-26 12:59:55 INFO  com.Tests.HomePageTest - Searching for: Footwear
2026-04-26 13:00:02 INFO  com.Tests.HomePageTest - Searching for: Infants
2026-04-26 13:00:09 INFO  com.Tests.HomePageTest - Searching for: Toys & Games
2026-04-26 13:00:16 INFO  com.Tests.HomePageTest - Searching for: Accessories
2026-04-26 13:00:25 INFO  com.Tests.HomePageTest - Searching for: 
2026-04-26 13:00:59 INFO  com.Tests.HomePageTest - Searching for: @#$%
2026-04-26 13:01:38 INFO  com.Tests.HomePageTest - Searching for: !!!
2026-04-26 13:01:43 INFO  com.Tests.HomePageTest - Searching for: @@@@
2026-04-26 13:01:49 INFO  com.Tests.HomePageTest - Searching for: kids@@@
2026-04-26 13:02:26 INFO  com.Tests.HomePageTest - Searching for: 123@@abc
2026-04-26 13:03:03 INFO  com.Tests.HomePageTest - Searching for: 123456
2026-04-26 13:03:39 INFO  com.Tests.HomePageTest - Searching for: aaaaaaaaaaaaaaaaaaaaaaaaaaaaaaaa
2026-04-26 13:04:24 INFO  com.Tests.HomePageTest - Products are Displayed..
2026-04-26 13:04:34 INFO  com.Tests.HomePageTest - Products are Displayed..
2026-04-26 13:05:09 INFO  com.Tests.HomePageTest - Products are Displayed..
2026-04-26 13:05:22 INFO  com.Tests.ProductListingPageTest - Category filter applied: Aprons
2026-04-26 13:05:22 INFO  com.Tests.ProductListingPageTest - Category  filter applied successfully..
2026-04-26 13:05:28 INFO  com.Tests.ProductListingPageTest - Category filter applied: Activity Toys and Games
2026-04-26 13:05:35 INFO  com.Tests.ProductListingPageTest - Category filter applied: Bedsheets
2026-04-26 13:05:35 INFO  com.Tests.ProductListingPageTest - Category  filter applied successfully..
2026-04-26 13:05:42 INFO  com.Tests.ProductListingPageTest - Category filter applied: Blankets Quilts and Dohars
2026-04-26 13:05:49 INFO  com.Tests.ProductListingPageTest - Category filter applied: Bodysuit
2026-04-26 13:05:49 INFO  com.Tests.ProductListingPageTest - Category  filter applied successfully..
2026-04-26 13:05:56 INFO  com.Tests.ProductListingPageTest - Category filter applied: Booties
2026-04-26 13:05:56 INFO  com.Tests.ProductListingPageTest - Category  filter applied successfully..
2026-04-26 13:06:02 INFO  com.Tests.ProductListingPageTest - Category filter applied: Backpacks
2026-04-26 13:06:02 INFO  com.Tests.ProductListingPageTest - Category  filter applied successfully..
2026-04-26 13:06:09 INFO  com.Tests.ProductListingPageTest - Category filter applied: Briefs
2026-04-26 13:06:09 INFO  com.Tests.ProductListingPageTest - Category  filter applied successfully..
2026-04-26 13:06:15 INFO  com.Tests.ProductListingPageTest - Category filter applied: Blazers
2026-04-26 13:06:15 INFO  com.Tests.ProductListingPageTest - Category  filter applied successfully..
2026-04-26 13:06:21 INFO  com.Tests.ProductListingPageTest - Category filter applied: Bibs
2026-04-26 13:06:21 INFO  com.Tests.ProductListingPageTest - Category  filter applied successfully..
2026-04-26 13:06:27 INFO  com.Tests.ProductListingPageTest - Category filter applied: Belts
2026-04-26 13:06:27 INFO  com.Tests.ProductListingPageTest - Category  filter applied successfully..
2026-04-26 13:06:33 INFO  com.Tests.ProductListingPageTest - Category filter applied: Boots
2026-04-26 13:06:33 INFO  com.Tests.ProductListingPageTest - Category  filter applied successfully..
2026-04-26 13:06:40 INFO  com.Tests.ProductListingPageTest - Category filter applied: Bed Covers
2026-04-26 13:06:47 INFO  com.Tests.ProductListingPageTest - Category filter applied: Caps
2026-04-26 13:06:47 INFO  com.Tests.ProductListingPageTest - Category  filter applied successfully..
2026-04-26 13:06:53 INFO  com.Tests.ProductListingPageTest - Category filter applied: Co-Ords
2026-04-26 13:06:53 INFO  com.Tests.ProductListingPageTest - Category  filter applied successfully..
2026-04-26 13:06:59 INFO  com.Tests.ProductListingPageTest - Category filter applied: Dungarees
2026-04-26 13:06:59 INFO  com.Tests.ProductListingPageTest - Category  filter applied successfully..
2026-04-26 13:07:06 INFO  com.Tests.ProductListingPageTest - Category filter applied: Diapers
2026-04-26 13:07:06 INFO  com.Tests.ProductListingPageTest - Category  filter applied successfully..
2026-04-26 13:07:13 INFO  com.Tests.ProductListingPageTest - Brand filter applied: BAESD
2026-04-26 13:07:13 INFO  com.Tests.ProductListingPageTest - Brand filter applied successfully..
2026-04-26 13:07:19 INFO  com.Tests.ProductListingPageTest - Brand filter applied: YK
2026-04-26 13:07:19 INFO  com.Tests.ProductListingPageTest - Brand filter applied successfully..
2026-04-26 13:07:25 INFO  com.Tests.ProductListingPageTest - Brand filter applied: V-Mart
2026-04-26 13:07:25 INFO  com.Tests.ProductListingPageTest - Brand filter applied successfully..
2026-04-26 13:07:32 INFO  com.Tests.ProductListingPageTest - Brand filter applied: LULU & SKY
2026-04-26 13:07:39 INFO  com.Tests.ProductListingPageTest - Brand filter applied: MINI KLUB
2026-04-26 13:07:45 INFO  com.Tests.ProductListingPageTest - Brand filter applied: INCLUD
2026-04-26 13:07:51 INFO  com.Tests.ProductListingPageTest - Brand filter applied: H&M
2026-04-26 13:08:37 INFO  com.Tests.ProductListingPageTest - Color filter applied successfully..
2026-04-26 13:09:24 INFO  com.Tests.ProductListingPageTest - Color filter applied successfully..
2026-04-26 13:09:32 INFO  com.Tests.ProductListingPageTest - Color filter applied successfully..
2026-04-26 13:10:18 INFO  com.Tests.ProductListingPageTest - Color filter applied successfully..
2026-04-26 13:10:31 INFO  com.Tests.ProductListingPageTest - Color filter applied successfully..
2026-04-26 13:11:57 INFO  com.Tests.ProductListingPageTest - Color filter applied successfully..
2026-04-26 13:13:20 INFO  com.Tests.ProductListingPageTest - products count before filter:617333
2026-04-26 13:13:20 INFO  com.Tests.ProductListingPageTest - products count after filter:617333
2026-04-26 13:13:36 INFO  com.Tests.ProductListingPageTest - searched category: Tshirts
2026-04-26 13:14:21 INFO  com.Tests.ProductListingPageTest - selected discount: 50% and above
2026-04-26 13:14:28 INFO  com.Tests.ProductListingPageTest - selected discount: 10% and above
2026-04-26 13:14:36 INFO  com.Tests.ProductListingPageTest - selected discount: 20% and above
2026-04-26 13:14:45 INFO  com.Tests.ProductListingPageTest - selected discount: 30% and above
2026-04-26 13:14:53 INFO  com.Tests.ProductListingPageTest - selected discount: 40% and above
2026-04-26 13:14:59 INFO  com.Tests.ProductListingPageTest - selected discount: 50% and above
2026-04-26 13:15:07 INFO  com.Tests.ProductListingPageTest - selected discount: 60% and above
2026-04-26 13:15:15 INFO  com.Tests.ProductListingPageTest - selected discount: 70% and above
2026-04-26 13:15:22 INFO  com.Tests.ProductListingPageTest - selected discount: 80% and above
2026-04-26 13:15:30 INFO  com.Tests.ProductListingPageTest - selected discount: 90% and above
2026-04-26 13:15:36 INFO  com.Tests.ProductListingPageTest - products count before filter:617341
2026-04-26 13:15:36 INFO  com.Tests.ProductListingPageTest - products count after filter:617341
2026-04-26 13:15:51 INFO  com.Tests.ProductListingPageTest - Total products count: 617341
2026-04-26 13:15:58 INFO  com.Tests.ProductListingPageTest - products count before filter:617341
2026-04-26 13:15:58 INFO  com.Tests.ProductListingPageTest - products count after filter:617341
2026-04-26 13:22:25 INFO  com.Tests.ProductDetailsTest - Product Price: ₹399
2026-04-26 13:22:33 INFO  com.Tests.ProductDetailsTest - Product Title: You Got Plan B
2026-04-26 13:26:18 INFO  com.Tests.ProductDetailsTest - Selected size: 8-10Y
2026-04-26 13:26:28 INFO  com.Tests.ProductDetailsTest - Valid Pincode Msg: Get it by Thu, Apr 30
2026-04-26 13:27:20 DEBUG org.apache.poi.openxml4j.opc.PackageRelationshipCollection - Parsing relationship: /xl/_rels/workbook.xml.rels
2026-04-26 13:27:20 DEBUG org.apache.poi.openxml4j.opc.PackageRelationshipCollection - Parsing relationship: /_rels/.rels
2026-04-26 13:29:26 INFO  com.Tests.ProductListingPageTest - Brand name: Purple United Kids
2026-04-26 13:29:41 INFO  com.Tests.ProductListingPageTest - Move to wishlist cancelled
2026-04-26 13:29:56 INFO  com.Tests.ProductListingPageTest - Cart item count: 1
2026-04-26 13:30:47 INFO  com.Tests.ProductListingPageTest - Coupon applied successfully
2026-04-26 13:32:45 INFO  com.Tests.ProductListingPageTest - Product moved to wishlist
2026-04-26 13:35:04 INFO  com.Tests.ProductListingPageTest - Product name: Boys Olive Straight Fit Soft Durable Fabric Daily Easy Movement Lower
2026-04-26 13:35:50 INFO  com.Tests.ProductListingPageTest - Product price: Total Amount
₹722
2026-04-26 13:36:21 INFO  com.Tests.ProductListingPageTest - Product quantity: Qty: 1
2026-04-26 13:37:00 INFO  com.Tests.ProductListingPageTest - Product size: Size: 3-4Y
2026-04-26 13:37:44 INFO  com.Tests.ProductListingPageTest - Pincode button clicked
