2026-04-23 00:08:35 DEBUG org.testng.TestNG - suiteXmlPath: "C:\Users\Rahul\AppData\Local\Temp\testng-eclipse--2107241726\testng-customsuite.xml"
2026-04-23 00:08:35 INFO  org.testng.internal.Utils - [Utils] MethodGroupsHelper.collectMethodsByGroup() took 0 ms.
2026-04-23 00:08:35 INFO  org.testng.internal.Utils - [Utils] MethodGroupsHelper.sortMethods() took 1 ms.
2026-04-23 00:08:35 INFO  org.testng.internal.Utils - [Utils] MethodGroupsHelper.collectMethodsByGroup() took 0 ms.
2026-04-23 00:08:35 INFO  org.testng.internal.Utils - [Utils] MethodGroupsHelper.sortMethods() took 0 ms.
2026-04-23 00:08:35 INFO  org.testng.internal.Utils - [Utils] MethodGroupsHelper.collectMethodsByGroup() took 0 ms.
2026-04-23 00:08:35 INFO  org.testng.internal.Utils - [Utils] MethodGroupsHelper.sortMethods() took 0 ms.
2026-04-23 00:08:35 INFO  org.testng.internal.Utils - [Utils] MethodGroupsHelper.collectMethodsByGroup() took 0 ms.
2026-04-23 00:08:35 INFO  org.testng.internal.Utils - [Utils] MethodGroupsHelper.sortMethods() took 0 ms.
2026-04-23 00:08:35 INFO  org.testng.internal.Utils - [Utils] MethodGroupsHelper.collectMethodsByGroup() took 7 ms.
2026-04-23 00:08:35 INFO  org.testng.internal.Utils - [Utils] MethodGroupsHelper.sortMethods() took 12 ms.
2026-04-23 00:08:35 INFO  org.testng.internal.Utils - [Utils] MethodGroupsHelper.collectMethodsByGroup() took 0 ms.
2026-04-23 00:08:35 INFO  org.testng.internal.Utils - [Utils] MethodGroupsHelper.sortMethods() took 0 ms.
2026-04-23 00:08:35 INFO  org.testng.internal.Utils - [Utils] MethodGroupsHelper.collectMethodsByGroup() took 0 ms.
2026-04-23 00:08:35 INFO  org.testng.internal.Utils - [Utils] MethodGroupsHelper.sortMethods() took 0 ms.
2026-04-23 00:08:35 INFO  org.testng.internal.Utils - [Utils] MethodGroupsHelper.collectMethodsByGroup() took 0 ms.
2026-04-23 00:08:35 INFO  org.testng.internal.Utils - [Utils] MethodGroupsHelper.sortMethods() took 0 ms.
2026-04-23 00:08:35 INFO  org.testng.internal.Utils - [Utils] MethodGroupsHelper.collectMethodsByGroup() took 0 ms.
2026-04-23 00:08:35 INFO  org.testng.internal.Utils - [Utils] MethodGroupsHelper.sortMethods() took 1 ms.
2026-04-23 00:08:35 INFO  org.testng.internal.Utils - [Utils] MethodGroupsHelper.collectMethodsByGroup() took 0 ms.
2026-04-23 00:08:35 INFO  org.testng.internal.Utils - [Utils] MethodGroupsHelper.sortMethods() took 0 ms.
2026-04-23 00:08:35 INFO  org.testng.internal.Utils - [Utils] MethodGroupsHelper.collectMethodsByGroup() took 0 ms.
2026-04-23 00:08:35 INFO  org.testng.internal.Utils - [Utils] MethodGroupsHelper.sortMethods() took 0 ms.
2026-04-23 00:08:35 INFO  org.testng.internal.Utils - [Utils] MethodGroupsHelper.collectMethodsByGroup() took 0 ms.
2026-04-23 00:08:35 INFO  org.testng.internal.Utils - [Utils] MethodGroupsHelper.sortMethods() took 0 ms.
2026-04-23 00:08:35 INFO  org.testng.internal.Utils - [Utils] MethodGroupsHelper.collectMethodsByGroup() took 1 ms.
2026-04-23 00:08:35 INFO  org.testng.internal.Utils - [Utils] MethodGroupsHelper.sortMethods() took 8 ms.
2026-04-23 00:08:35 INFO  org.testng.internal.Utils - [Utils] MethodGroupsHelper.collectMethodsByGroup() took 0 ms.
2026-04-23 00:08:35 INFO  org.testng.internal.Utils - [Utils] MethodGroupsHelper.sortMethods() took 0 ms.
2026-04-23 00:08:35 INFO  org.testng.internal.Utils - [Utils] MethodGroupsHelper.collectMethodsByGroup() took 0 ms.
2026-04-23 00:08:35 INFO  org.testng.internal.Utils - [Utils] MethodGroupsHelper.sortMethods() took 0 ms.
2026-04-23 00:08:35 INFO  org.testng.internal.Utils - [TestNG] Running:
  C:\Users\Rahul\AppData\Local\Temp\testng-eclipse--2107241726\testng-customsuite.xml

2026-04-23 00:08:35 INFO  org.testng.internal.Utils - [Utils] DynamicGraphHelper.createDynamicGraph() took 3 ms.
2026-04-23 00:09:15 INFO  org.testng.internal.Utils - [TestNG] Time taken by org.testng.reporters.jq.Main@7b66322e: 59 ms
2026-04-23 00:09:15 INFO  org.testng.internal.Utils - [TestNG] Time taken by org.testng.reporters.FailedReporter@5854a18: 15 ms
2026-04-23 00:09:15 INFO  org.testng.internal.Utils - [TestNG] Time taken by org.testng.reporters.XMLReporter@433c6abb: 45 ms
2026-04-23 00:09:15 INFO  org.testng.internal.Utils - [TestNG] Time taken by org.testng.reporters.EmailableReporter2@5f2de715: 11 ms
2026-04-23 00:09:15 INFO  org.testng.internal.Utils - [TestNG] Time taken by org.testng.reporters.JUnitReportReporter@459b6c53: 9 ms
2026-04-23 00:09:15 INFO  org.testng.internal.Utils - [TestNG] Time taken by org.testng.internal.ExitCodeListener@39e69ea7: 0 ms
2026-04-23 00:10:38 DEBUG org.testng.TestNG - suiteXmlPath: "C:\Users\Rahul\AppData\Local\Temp\testng-eclipse--95188868\testng-customsuite.xml"
2026-04-23 00:10:38 INFO  org.testng.internal.Utils - [Utils] MethodGroupsHelper.collectMethodsByGroup() took 0 ms.
2026-04-23 00:10:38 INFO  org.testng.internal.Utils - [Utils] MethodGroupsHelper.sortMethods() took 1 ms.
2026-04-23 00:10:38 INFO  org.testng.internal.Utils - [Utils] MethodGroupsHelper.collectMethodsByGroup() took 0 ms.
2026-04-23 00:10:38 INFO  org.testng.internal.Utils - [Utils] MethodGroupsHelper.sortMethods() took 0 ms.
2026-04-23 00:10:38 INFO  org.testng.internal.Utils - [Utils] MethodGroupsHelper.collectMethodsByGroup() took 0 ms.
2026-04-23 00:10:38 INFO  org.testng.internal.Utils - [Utils] MethodGroupsHelper.sortMethods() took 0 ms.
2026-04-23 00:10:38 INFO  org.testng.internal.Utils - [Utils] MethodGroupsHelper.collectMethodsByGroup() took 0 ms.
2026-04-23 00:10:38 INFO  org.testng.internal.Utils - [Utils] MethodGroupsHelper.sortMethods() took 0 ms.
2026-04-23 00:10:38 INFO  org.testng.internal.Utils - [Utils] MethodGroupsHelper.collectMethodsByGroup() took 6 ms.
2026-04-23 00:10:38 INFO  org.testng.internal.Utils - [Utils] MethodGroupsHelper.sortMethods() took 16 ms.
2026-04-23 00:10:38 INFO  org.testng.internal.Utils - [Utils] MethodGroupsHelper.collectMethodsByGroup() took 0 ms.
2026-04-23 00:10:38 INFO  org.testng.internal.Utils - [Utils] MethodGroupsHelper.sortMethods() took 0 ms.
2026-04-23 00:10:38 INFO  org.testng.internal.Utils - [Utils] MethodGroupsHelper.collectMethodsByGroup() took 0 ms.
2026-04-23 00:10:38 INFO  org.testng.internal.Utils - [Utils] MethodGroupsHelper.sortMethods() took 0 ms.
2026-04-23 00:10:38 INFO  org.testng.internal.Utils - [Utils] MethodGroupsHelper.collectMethodsByGroup() took 0 ms.
2026-04-23 00:10:38 INFO  org.testng.internal.Utils - [Utils] MethodGroupsHelper.sortMethods() took 0 ms.
2026-04-23 00:10:38 INFO  org.testng.internal.Utils - [Utils] MethodGroupsHelper.collectMethodsByGroup() took 0 ms.
2026-04-23 00:10:38 INFO  org.testng.internal.Utils - [Utils] MethodGroupsHelper.sortMethods() took 0 ms.
2026-04-23 00:10:38 INFO  org.testng.internal.Utils - [Utils] MethodGroupsHelper.collectMethodsByGroup() took 0 ms.
2026-04-23 00:10:38 INFO  org.testng.internal.Utils - [Utils] MethodGroupsHelper.sortMethods() took 0 ms.
2026-04-23 00:10:38 INFO  org.testng.internal.Utils - [Utils] MethodGroupsHelper.collectMethodsByGroup() took 0 ms.
2026-04-23 00:10:38 INFO  org.testng.internal.Utils - [Utils] MethodGroupsHelper.sortMethods() took 0 ms.
2026-04-23 00:10:38 INFO  org.testng.internal.Utils - [Utils] MethodGroupsHelper.collectMethodsByGroup() took 0 ms.
2026-04-23 00:10:38 INFO  org.testng.internal.Utils - [Utils] MethodGroupsHelper.sortMethods() took 0 ms.
2026-04-23 00:10:38 INFO  org.testng.internal.Utils - [Utils] MethodGroupsHelper.collectMethodsByGroup() took 9 ms.
2026-04-23 00:10:38 INFO  org.testng.internal.Utils - [Utils] MethodGroupsHelper.sortMethods() took 1 ms.
2026-04-23 00:10:38 INFO  org.testng.internal.Utils - [Utils] MethodGroupsHelper.collectMethodsByGroup() took 0 ms.
2026-04-23 00:10:38 INFO  org.testng.internal.Utils - [Utils] MethodGroupsHelper.sortMethods() took 0 ms.
2026-04-23 00:10:38 INFO  org.testng.internal.Utils - [Utils] MethodGroupsHelper.collectMethodsByGroup() took 0 ms.
2026-04-23 00:10:38 INFO  org.testng.internal.Utils - [Utils] MethodGroupsHelper.sortMethods() took 0 ms.
2026-04-23 00:10:38 INFO  org.testng.internal.Utils - [TestNG] Running:
  C:\Users\Rahul\AppData\Local\Temp\testng-eclipse--95188868\testng-customsuite.xml

2026-04-23 00:10:38 INFO  org.testng.internal.Utils - [Utils] DynamicGraphHelper.createDynamicGraph() took 3 ms.
2026-04-23 00:11:21 INFO  org.testng.internal.Utils - [TestNG] Time taken by org.testng.reporters.jq.Main@79518e00: 40 ms
2026-04-23 00:11:21 INFO  org.testng.internal.Utils - [TestNG] Time taken by org.testng.reporters.FailedReporter@732f6050: 1 ms
2026-04-23 00:11:21 INFO  org.testng.internal.Utils - [TestNG] Time taken by org.testng.reporters.XMLReporter@37854b34: 5 ms
2026-04-23 00:11:21 INFO  org.testng.internal.Utils - [TestNG] Time taken by org.testng.reporters.EmailableReporter2@329548d0: 3 ms
2026-04-23 00:11:21 INFO  org.testng.internal.Utils - [TestNG] Time taken by org.testng.reporters.JUnitReportReporter@513b52af: 3 ms
2026-04-23 00:11:21 INFO  org.testng.internal.Utils - [TestNG] Time taken by org.testng.internal.ExitCodeListener@5a8c93: 0 ms
2026-04-23 00:11:35 DEBUG org.testng.TestNG - suiteXmlPath: "C:\Users\Rahul\AppData\Local\Temp\testng-eclipse--2047896805\testng-customsuite.xml"
2026-04-23 00:11:36 INFO  org.testng.internal.Utils - [Utils] MethodGroupsHelper.collectMethodsByGroup() took 0 ms.
2026-04-23 00:11:36 INFO  org.testng.internal.Utils - [Utils] MethodGroupsHelper.sortMethods() took 0 ms.
2026-04-23 00:11:36 INFO  org.testng.internal.Utils - [Utils] MethodGroupsHelper.collectMethodsByGroup() took 0 ms.
2026-04-23 00:11:36 INFO  org.testng.internal.Utils - [Utils] MethodGroupsHelper.sortMethods() took 0 ms.
2026-04-23 00:11:36 INFO  org.testng.internal.Utils - [Utils] MethodGroupsHelper.collectMethodsByGroup() took 0 ms.
2026-04-23 00:11:36 INFO  org.testng.internal.Utils - [Utils] MethodGroupsHelper.sortMethods() took 0 ms.
2026-04-23 00:11:36 INFO  org.testng.internal.Utils - [Utils] MethodGroupsHelper.collectMethodsByGroup() took 0 ms.
2026-04-23 00:11:36 INFO  org.testng.internal.Utils - [Utils] MethodGroupsHelper.sortMethods() took 0 ms.
2026-04-23 00:11:36 INFO  org.testng.internal.Utils - [Utils] MethodGroupsHelper.collectMethodsByGroup() took 5 ms.
2026-04-23 00:11:36 INFO  org.testng.internal.Utils - [Utils] MethodGroupsHelper.sortMethods() took 9 ms.
2026-04-23 00:11:36 INFO  org.testng.internal.Utils - [Utils] MethodGroupsHelper.collectMethodsByGroup() took 0 ms.
2026-04-23 00:11:36 INFO  org.testng.internal.Utils - [Utils] MethodGroupsHelper.sortMethods() took 0 ms.
2026-04-23 00:11:36 INFO  org.testng.internal.Utils - [Utils] MethodGroupsHelper.collectMethodsByGroup() took 0 ms.
2026-04-23 00:11:36 INFO  org.testng.internal.Utils - [Utils] MethodGroupsHelper.sortMethods() took 0 ms.
2026-04-23 00:11:36 INFO  org.testng.internal.Utils - [Utils] MethodGroupsHelper.collectMethodsByGroup() took 0 ms.
2026-04-23 00:11:36 INFO  org.testng.internal.Utils - [Utils] MethodGroupsHelper.sortMethods() took 0 ms.
2026-04-23 00:11:36 INFO  org.testng.internal.Utils - [Utils] MethodGroupsHelper.collectMethodsByGroup() took 0 ms.
2026-04-23 00:11:36 INFO  org.testng.internal.Utils - [Utils] MethodGroupsHelper.sortMethods() took 1 ms.
2026-04-23 00:11:36 INFO  org.testng.internal.Utils - [Utils] MethodGroupsHelper.collectMethodsByGroup() took 0 ms.
2026-04-23 00:11:36 INFO  org.testng.internal.Utils - [Utils] MethodGroupsHelper.sortMethods() took 0 ms.
2026-04-23 00:11:36 INFO  org.testng.internal.Utils - [Utils] MethodGroupsHelper.collectMethodsByGroup() took 0 ms.
2026-04-23 00:11:36 INFO  org.testng.internal.Utils - [Utils] MethodGroupsHelper.sortMethods() took 0 ms.
2026-04-23 00:11:36 INFO  org.testng.internal.Utils - [Utils] MethodGroupsHelper.collectMethodsByGroup() took 0 ms.
2026-04-23 00:11:36 INFO  org.testng.internal.Utils - [Utils] MethodGroupsHelper.sortMethods() took 0 ms.
2026-04-23 00:11:36 INFO  org.testng.internal.Utils - [Utils] MethodGroupsHelper.collectMethodsByGroup() took 8 ms.
2026-04-23 00:11:36 INFO  org.testng.internal.Utils - [Utils] MethodGroupsHelper.sortMethods() took 1 ms.
2026-04-23 00:11:36 INFO  org.testng.internal.Utils - [Utils] MethodGroupsHelper.collectMethodsByGroup() took 0 ms.
2026-04-23 00:11:36 INFO  org.testng.internal.Utils - [Utils] MethodGroupsHelper.sortMethods() took 0 ms.
2026-04-23 00:11:36 INFO  org.testng.internal.Utils - [Utils] MethodGroupsHelper.collectMethodsByGroup() took 0 ms.
2026-04-23 00:11:36 INFO  org.testng.internal.Utils - [Utils] MethodGroupsHelper.sortMethods() took 0 ms.
2026-04-23 00:11:36 INFO  org.testng.internal.Utils - [TestNG] Running:
  C:\Users\Rahul\AppData\Local\Temp\testng-eclipse--2047896805\testng-customsuite.xml

2026-04-23 00:11:36 INFO  org.testng.internal.Utils - [Utils] DynamicGraphHelper.createDynamicGraph() took 3 ms.
2026-04-23 00:12:51 INFO  org.testng.internal.Utils - [TestNG] Time taken by org.testng.reporters.jq.Main@5261ec9: 38 ms
2026-04-23 00:12:51 INFO  org.testng.internal.Utils - [TestNG] Time taken by org.testng.reporters.FailedReporter@72b6832e: 9 ms
2026-04-23 00:12:51 INFO  org.testng.internal.Utils - [TestNG] Time taken by org.testng.reporters.XMLReporter@76bf1bb8: 9 ms
2026-04-23 00:12:51 INFO  org.testng.internal.Utils - [TestNG] Time taken by org.testng.reporters.EmailableReporter2@270d43a7: 7 ms
2026-04-23 00:12:51 INFO  org.testng.internal.Utils - [TestNG] Time taken by org.testng.reporters.JUnitReportReporter@5d5a51b1: 7 ms
2026-04-23 00:12:51 INFO  org.testng.internal.Utils - [TestNG] Time taken by org.testng.internal.ExitCodeListener@4dc7cd1c: 0 ms
2026-04-23 00:32:01 INFO  Hooks.Hooks - Browser is opened..!
2026-04-23 00:32:04 INFO  Hooks.Hooks - url is launched..!
2026-04-23 00:32:05 INFO  Hooks.Hooks - Driver is Quit successfully....!
2026-04-23 00:32:06 INFO  Hooks.Hooks - Browser is opened..!
2026-04-23 00:32:08 INFO  Hooks.Hooks - url is launched..!
2026-04-23 00:32:08 INFO  Hooks.Hooks - Driver is Quit successfully....!
2026-04-23 00:32:09 INFO  Hooks.Hooks - Browser is opened..!
2026-04-23 00:32:11 INFO  Hooks.Hooks - url is launched..!
2026-04-23 00:32:11 INFO  Hooks.Hooks - Driver is Quit successfully....!
2026-04-23 00:32:12 INFO  Hooks.Hooks - Browser is opened..!
2026-04-23 00:32:13 INFO  Hooks.Hooks - url is launched..!
2026-04-23 00:32:13 INFO  Hooks.Hooks - Driver is Quit successfully....!
2026-04-23 00:32:14 INFO  Hooks.Hooks - Browser is opened..!
2026-04-23 00:32:17 INFO  Hooks.Hooks - url is launched..!
2026-04-23 00:32:17 INFO  Hooks.Hooks - Driver is Quit successfully....!
2026-04-23 00:32:18 INFO  Hooks.Hooks - Browser is opened..!
2026-04-23 00:32:20 INFO  Hooks.Hooks - url is launched..!
2026-04-23 00:32:21 INFO  Hooks.Hooks - Driver is Quit successfully....!
2026-04-23 00:32:22 INFO  Hooks.Hooks - Browser is opened..!
2026-04-23 00:32:25 INFO  Hooks.Hooks - url is launched..!
2026-04-23 00:32:25 INFO  Hooks.Hooks - Driver is Quit successfully....!
2026-04-23 00:32:26 INFO  Hooks.Hooks - Browser is opened..!
2026-04-23 00:32:27 INFO  Hooks.Hooks - url is launched..!
2026-04-23 00:32:28 INFO  Hooks.Hooks - Driver is Quit successfully....!
2026-04-23 00:37:56 DEBUG org.testng.TestNG - suiteXmlPath: "C:\Users\Rahul\AppData\Local\Temp\testng-eclipse--155834175\testng-customsuite.xml"
2026-04-23 00:38:50 DEBUG org.testng.TestNG - suiteXmlPath: "C:\Users\Rahul\AppData\Local\Temp\testng-eclipse--1588041436\testng-customsuite.xml"
2026-04-23 00:48:04 DEBUG org.testng.TestNG - suiteXmlPath: "C:\Users\Rahul\AppData\Local\Temp\testng-eclipse-1754471997\testng-customsuite.xml"
2026-04-23 00:48:15 DEBUG org.testng.TestNG - suiteXmlPath: "C:\Users\Rahul\AppData\Local\Temp\testng-eclipse-589837076\testng-customsuite.xml"
2026-04-23 00:48:46 DEBUG org.testng.TestNG - suiteXmlPath: "C:\Users\Rahul\AppData\Local\Temp\testng-eclipse--1277487254\testng-customsuite.xml"
2026-04-23 00:48:46 INFO  org.testng.internal.Utils - [Utils] MethodGroupsHelper.collectMethodsByGroup() took 0 ms.
2026-04-23 00:48:46 INFO  org.testng.internal.Utils - [Utils] MethodGroupsHelper.sortMethods() took 1 ms.
2026-04-23 00:48:46 INFO  org.testng.internal.Utils - [Utils] MethodGroupsHelper.collectMethodsByGroup() took 0 ms.
2026-04-23 00:48:46 INFO  org.testng.internal.Utils - [Utils] MethodGroupsHelper.sortMethods() took 0 ms.
2026-04-23 00:48:46 INFO  org.testng.internal.Utils - [Utils] MethodGroupsHelper.collectMethodsByGroup() took 0 ms.
2026-04-23 00:48:46 INFO  org.testng.internal.Utils - [Utils] MethodGroupsHelper.sortMethods() took 0 ms.
2026-04-23 00:48:46 INFO  org.testng.internal.Utils - [Utils] MethodGroupsHelper.collectMethodsByGroup() took 0 ms.
2026-04-23 00:48:46 INFO  org.testng.internal.Utils - [Utils] MethodGroupsHelper.sortMethods() took 0 ms.
2026-04-23 00:48:46 INFO  org.testng.internal.Utils - [Utils] MethodGroupsHelper.collectMethodsByGroup() took 0 ms.
2026-04-23 00:48:46 INFO  org.testng.internal.Utils - [Utils] MethodGroupsHelper.sortMethods() took 7 ms.
2026-04-23 00:48:46 INFO  org.testng.internal.Utils - [Utils] MethodGroupsHelper.collectMethodsByGroup() took 0 ms.
2026-04-23 00:48:46 INFO  org.testng.internal.Utils - [Utils] MethodGroupsHelper.sortMethods() took 0 ms.
2026-04-23 00:48:46 INFO  org.testng.internal.Utils - [Utils] MethodGroupsHelper.collectMethodsByGroup() took 0 ms.
2026-04-23 00:48:46 INFO  org.testng.internal.Utils - [Utils] MethodGroupsHelper.sortMethods() took 0 ms.
2026-04-23 00:48:46 INFO  org.testng.internal.Utils - [Utils] MethodGroupsHelper.collectMethodsByGroup() took 0 ms.
2026-04-23 00:48:46 INFO  org.testng.internal.Utils - [Utils] MethodGroupsHelper.sortMethods() took 0 ms.
2026-04-23 00:48:46 INFO  org.testng.internal.Utils - [Utils] MethodGroupsHelper.collectMethodsByGroup() took 0 ms.
2026-04-23 00:48:46 INFO  org.testng.internal.Utils - [Utils] MethodGroupsHelper.sortMethods() took 0 ms.
2026-04-23 00:48:46 INFO  org.testng.internal.Utils - [Utils] MethodGroupsHelper.collectMethodsByGroup() took 0 ms.
2026-04-23 00:48:46 INFO  org.testng.internal.Utils - [Utils] MethodGroupsHelper.sortMethods() took 0 ms.
2026-04-23 00:48:46 INFO  org.testng.internal.Utils - [Utils] MethodGroupsHelper.collectMethodsByGroup() took 0 ms.
2026-04-23 00:48:46 INFO  org.testng.internal.Utils - [Utils] MethodGroupsHelper.sortMethods() took 0 ms.
2026-04-23 00:48:46 INFO  org.testng.internal.Utils - [Utils] MethodGroupsHelper.collectMethodsByGroup() took 0 ms.
2026-04-23 00:48:46 INFO  org.testng.internal.Utils - [Utils] MethodGroupsHelper.sortMethods() took 0 ms.
2026-04-23 00:48:46 INFO  org.testng.internal.Utils - [Utils] MethodGroupsHelper.collectMethodsByGroup() took 4 ms.
2026-04-23 00:48:46 INFO  org.testng.internal.Utils - [Utils] MethodGroupsHelper.sortMethods() took 0 ms.
2026-04-23 00:48:46 INFO  org.testng.internal.Utils - [Utils] MethodGroupsHelper.collectMethodsByGroup() took 0 ms.
2026-04-23 00:48:46 INFO  org.testng.internal.Utils - [Utils] MethodGroupsHelper.sortMethods() took 0 ms.
2026-04-23 00:48:46 INFO  org.testng.internal.Utils - [Utils] MethodGroupsHelper.collectMethodsByGroup() took 0 ms.
2026-04-23 00:48:46 INFO  org.testng.internal.Utils - [Utils] MethodGroupsHelper.sortMethods() took 0 ms.
2026-04-23 00:48:46 INFO  org.testng.internal.Utils - [TestNG] Running:
  C:\Users\Rahul\AppData\Local\Temp\testng-eclipse--1277487254\testng-customsuite.xml

2026-04-23 00:48:46 INFO  org.testng.internal.Utils - [Utils] DynamicGraphHelper.createDynamicGraph() took 2 ms.
2026-04-23 00:48:48 INFO  Hooks.Hooks - Browser is opened..!
2026-04-23 00:48:50 INFO  Hooks.Hooks - url is launched..!
2026-04-23 00:48:50 INFO  StepDefinations.ProductDetailSteps - Searching for product: Tshirts
2026-04-23 00:48:52 INFO  StepDefinations.ProductDetailSteps - Products loaded successfully on PLP
2026-04-23 00:48:53 INFO  StepDefinations.ProductDetailSteps - Clicked product at index: 1
2026-04-23 00:48:53 INFO  Hooks.Hooks - Driver is Quit successfully....!
2026-04-23 00:48:54 INFO  Hooks.Hooks - Browser is opened..!
2026-04-23 00:48:57 INFO  Hooks.Hooks - url is launched..!
2026-04-23 00:48:57 INFO  StepDefinations.ProductDetailSteps - Searching for product: Tshirts
2026-04-23 00:49:00 INFO  StepDefinations.ProductDetailSteps - Products loaded successfully on PLP
2026-04-23 00:49:01 INFO  StepDefinations.ProductDetailSteps - Clicked product at index: 1
2026-04-23 00:49:01 INFO  Hooks.Hooks - Driver is Quit successfully....!
2026-04-23 00:49:02 INFO  Hooks.Hooks - Browser is opened..!
2026-04-23 00:49:05 INFO  Hooks.Hooks - url is launched..!
2026-04-23 00:49:05 INFO  StepDefinations.ProductDetailSteps - Searching for product: Tshirts
2026-04-23 00:49:07 INFO  StepDefinations.ProductDetailSteps - Products loaded successfully on PLP
2026-04-23 00:49:08 INFO  StepDefinations.ProductDetailSteps - Clicked product at index: 1
2026-04-23 00:49:08 INFO  Hooks.Hooks - Driver is Quit successfully....!
2026-04-23 00:49:09 INFO  Hooks.Hooks - Browser is opened..!
2026-04-23 00:49:10 INFO  Hooks.Hooks - url is launched..!
2026-04-23 00:49:10 INFO  StepDefinations.ProductDetailSteps - Searching for product: Tshirts
2026-04-23 00:49:13 INFO  StepDefinations.ProductDetailSteps - Products loaded successfully on PLP
2026-04-23 00:49:13 INFO  StepDefinations.ProductDetailSteps - Clicked product at index: 1
2026-04-23 00:49:14 INFO  Hooks.Hooks - Driver is Quit successfully....!
2026-04-23 00:49:15 INFO  Hooks.Hooks - Browser is opened..!
2026-04-23 00:49:17 INFO  Hooks.Hooks - url is launched..!
2026-04-23 00:49:17 INFO  StepDefinations.ProductDetailSteps - Searching for product: Tshirts
2026-04-23 00:49:20 INFO  StepDefinations.ProductDetailSteps - Products loaded successfully on PLP
2026-04-23 00:49:21 INFO  StepDefinations.ProductDetailSteps - Clicked product at index: 1
2026-04-23 00:49:21 INFO  Hooks.Hooks - Driver is Quit successfully....!
2026-04-23 00:49:22 INFO  Hooks.Hooks - Browser is opened..!
2026-04-23 00:49:25 INFO  Hooks.Hooks - url is launched..!
2026-04-23 00:49:25 INFO  StepDefinations.ProductDetailSteps - Searching for product: Tshirts
2026-04-23 00:49:27 INFO  StepDefinations.ProductDetailSteps - Products loaded successfully on PLP
2026-04-23 00:49:28 INFO  StepDefinations.ProductDetailSteps - Clicked product at index: 1
2026-04-23 00:49:28 INFO  Hooks.Hooks - Driver is Quit successfully....!
2026-04-23 00:49:29 INFO  Hooks.Hooks - Browser is opened..!
2026-04-23 00:49:32 INFO  Hooks.Hooks - url is launched..!
2026-04-23 00:49:32 INFO  StepDefinations.ProductDetailSteps - Searching for product: Tshirts
2026-04-23 00:49:34 INFO  StepDefinations.ProductDetailSteps - Products loaded successfully on PLP
2026-04-23 00:49:34 INFO  StepDefinations.ProductDetailSteps - Clicked product at index: 1
2026-04-23 00:49:35 INFO  Hooks.Hooks - Driver is Quit successfully....!
2026-04-23 00:49:35 INFO  Hooks.Hooks - Browser is opened..!
2026-04-23 00:49:39 INFO  Hooks.Hooks - url is launched..!
2026-04-23 00:49:39 INFO  StepDefinations.ProductDetailSteps - Searching for product: Tshirts
2026-04-23 00:49:41 INFO  StepDefinations.ProductDetailSteps - Products loaded successfully on PLP
2026-04-23 00:49:42 INFO  StepDefinations.ProductDetailSteps - Clicked product at index: 1
2026-04-23 00:49:42 INFO  Hooks.Hooks - Driver is Quit successfully....!
2026-04-23 00:49:43 INFO  Hooks.Hooks - Browser is opened..!
2026-04-23 00:49:44 INFO  Hooks.Hooks - url is launched..!
2026-04-23 00:49:44 INFO  Hooks.Hooks - Driver is Quit successfully....!
2026-04-23 00:49:45 INFO  Hooks.Hooks - Browser is opened..!
2026-04-23 00:49:47 INFO  Hooks.Hooks - url is launched..!
2026-04-23 00:49:50 INFO  Hooks.Hooks - Driver is Quit successfully....!
2026-04-23 00:49:51 INFO  Hooks.Hooks - Browser is opened..!
2026-04-23 00:49:54 INFO  Hooks.Hooks - url is launched..!
2026-04-23 00:49:56 INFO  Hooks.Hooks - Driver is Quit successfully....!
2026-04-23 00:49:57 INFO  Hooks.Hooks - Browser is opened..!
2026-04-23 00:49:58 INFO  Hooks.Hooks - url is launched..!
2026-04-23 00:49:59 INFO  Hooks.Hooks - Driver is Quit successfully....!
2026-04-23 00:50:00 INFO  Hooks.Hooks - Browser is opened..!
2026-04-23 00:50:03 INFO  Hooks.Hooks - url is launched..!
2026-04-23 00:50:04 INFO  Hooks.Hooks - Driver is Quit successfully....!
2026-04-23 00:50:05 INFO  Hooks.Hooks - Browser is opened..!
2026-04-23 00:50:08 INFO  Hooks.Hooks - url is launched..!
2026-04-23 00:50:10 INFO  Hooks.Hooks - Driver is Quit successfully....!
2026-04-23 00:50:11 INFO  Hooks.Hooks - Browser is opened..!
2026-04-23 00:50:12 INFO  Hooks.Hooks - url is launched..!
2026-04-23 00:50:15 INFO  Hooks.Hooks - Driver is Quit successfully....!
2026-04-23 00:50:16 INFO  Hooks.Hooks - Browser is opened..!
2026-04-23 00:50:18 INFO  Hooks.Hooks - url is launched..!
2026-04-23 00:50:21 INFO  Hooks.Hooks - Driver is Quit successfully....!
2026-04-23 00:50:22 INFO  Hooks.Hooks - Browser is opened..!
2026-04-23 00:50:24 INFO  Hooks.Hooks - url is launched..!
2026-04-23 00:50:26 INFO  Hooks.Hooks - Driver is Quit successfully....!
2026-04-23 00:50:27 INFO  Hooks.Hooks - Browser is opened..!
2026-04-23 00:50:30 INFO  Hooks.Hooks - url is launched..!
2026-04-23 00:50:32 INFO  Hooks.Hooks - Driver is Quit successfully....!
2026-04-23 00:50:33 INFO  Hooks.Hooks - Browser is opened..!
2026-04-23 00:50:36 INFO  Hooks.Hooks - url is launched..!
2026-04-23 00:50:39 INFO  Hooks.Hooks - Driver is Quit successfully....!
2026-04-23 00:50:40 INFO  Hooks.Hooks - Browser is opened..!
2026-04-23 00:50:43 INFO  Hooks.Hooks - url is launched..!
2026-04-23 00:50:45 INFO  Hooks.Hooks - Driver is Quit successfully....!
2026-04-23 00:50:46 INFO  Hooks.Hooks - Browser is opened..!
2026-04-23 00:50:48 INFO  Hooks.Hooks - url is launched..!
2026-04-23 00:50:50 INFO  Hooks.Hooks - Driver is Quit successfully....!
2026-04-23 00:50:51 INFO  Hooks.Hooks - Browser is opened..!
2026-04-23 00:50:52 INFO  Hooks.Hooks - url is launched..!
2026-04-23 00:50:55 INFO  Hooks.Hooks - Driver is Quit successfully....!
2026-04-23 00:50:56 INFO  Hooks.Hooks - Browser is opened..!
2026-04-23 00:51:28 INFO  Hooks.Hooks - url is launched..!
2026-04-23 00:51:33 INFO  Hooks.Hooks - Driver is Quit successfully....!
2026-04-23 00:51:34 INFO  Hooks.Hooks - Browser is opened..!
2026-04-23 00:51:35 INFO  Hooks.Hooks - url is launched..!
2026-04-23 00:51:38 INFO  Hooks.Hooks - Driver is Quit successfully....!
2026-04-23 00:51:39 INFO  Hooks.Hooks - Browser is opened..!
2026-04-23 00:51:41 INFO  Hooks.Hooks - url is launched..!
2026-04-23 00:51:43 INFO  Hooks.Hooks - Driver is Quit successfully....!
2026-04-23 00:51:44 INFO  Hooks.Hooks - Browser is opened..!
2026-04-23 00:51:47 INFO  Hooks.Hooks - url is launched..!
2026-04-23 00:51:49 INFO  Hooks.Hooks - Driver is Quit successfully....!
2026-04-23 00:51:50 INFO  Hooks.Hooks - Browser is opened..!
2026-04-23 00:51:51 INFO  Hooks.Hooks - url is launched..!
2026-04-23 00:51:54 INFO  Hooks.Hooks - Driver is Quit successfully....!
2026-04-23 00:51:55 INFO  Hooks.Hooks - Browser is opened..!
2026-04-23 00:51:57 INFO  Hooks.Hooks - url is launched..!
2026-04-23 00:51:59 INFO  Hooks.Hooks - Driver is Quit successfully....!
2026-04-23 00:52:00 INFO  Hooks.Hooks - Browser is opened..!
2026-04-23 00:52:02 INFO  Hooks.Hooks - url is launched..!
2026-04-23 00:52:04 INFO  Hooks.Hooks - Driver is Quit successfully....!
2026-04-23 00:52:05 INFO  Hooks.Hooks - Browser is opened..!
2026-04-23 00:52:07 INFO  Hooks.Hooks - url is launched..!
2026-04-23 00:52:07 INFO  Hooks.Hooks - Driver is Quit successfully....!
2026-04-23 00:52:08 INFO  Hooks.Hooks - Browser is opened..!
2026-04-23 00:52:11 INFO  Hooks.Hooks - url is launched..!
2026-04-23 00:52:11 INFO  Hooks.Hooks - Driver is Quit successfully....!
2026-04-23 00:52:12 INFO  Hooks.Hooks - Browser is opened..!
2026-04-23 00:52:15 INFO  Hooks.Hooks - url is launched..!
2026-04-23 00:52:15 INFO  StepDefinations.ProductDetailSteps - Searching for product: Tshirts
2026-04-23 00:52:18 INFO  StepDefinations.ProductDetailSteps - Products loaded successfully on PLP
2026-04-23 00:52:18 INFO  StepDefinations.ProductDetailSteps - Clicked product at index: 0
2026-04-23 00:52:18 INFO  Hooks.Hooks - Driver is Quit successfully....!
2026-04-23 00:52:19 INFO  Hooks.Hooks - Browser is opened..!
2026-04-23 00:52:21 INFO  Hooks.Hooks - url is launched..!
2026-04-23 00:52:21 INFO  StepDefinations.ProductDetailSteps - Searching for product: Tshirts
2026-04-23 00:52:23 INFO  StepDefinations.ProductDetailSteps - Products loaded successfully on PLP
2026-04-23 00:52:24 INFO  StepDefinations.ProductDetailSteps - Clicked product at index: 0
2026-04-23 00:52:24 INFO  Hooks.Hooks - Driver is Quit successfully....!
2026-04-23 00:52:25 INFO  Hooks.Hooks - Browser is opened..!
2026-04-23 00:52:28 INFO  Hooks.Hooks - url is launched..!
2026-04-23 00:52:28 INFO  StepDefinations.ProductDetailSteps - Searching for product: Tshirts
2026-04-23 00:52:30 INFO  StepDefinations.ProductDetailSteps - Products loaded successfully on PLP
2026-04-23 00:52:31 INFO  StepDefinations.ProductDetailSteps - Clicked product at index: 0
2026-04-23 00:52:31 INFO  Hooks.Hooks - Driver is Quit successfully....!
2026-04-23 00:52:32 INFO  Hooks.Hooks - Browser is opened..!
2026-04-23 00:52:35 INFO  Hooks.Hooks - url is launched..!
2026-04-23 00:52:35 INFO  StepDefinations.ProductDetailSteps - Searching for product: Tshirts
2026-04-23 00:52:37 INFO  StepDefinations.ProductDetailSteps - Products loaded successfully on PLP
2026-04-23 00:52:37 INFO  StepDefinations.ProductDetailSteps - Clicked product at index: 0
2026-04-23 00:52:38 INFO  Hooks.Hooks - Driver is Quit successfully....!
2026-04-23 00:52:39 INFO  Hooks.Hooks - Browser is opened..!
2026-04-23 00:52:42 INFO  Hooks.Hooks - url is launched..!
2026-04-23 00:52:42 INFO  StepDefinations.ProductDetailSteps - Searching for product: Tshirts
2026-04-23 00:52:44 INFO  StepDefinations.ProductDetailSteps - Products loaded successfully on PLP
2026-04-23 00:52:45 INFO  StepDefinations.ProductDetailSteps - Clicked product at index: 0
2026-04-23 00:52:45 INFO  Hooks.Hooks - Driver is Quit successfully....!
2026-04-23 00:52:46 INFO  Hooks.Hooks - Browser is opened..!
2026-04-23 00:52:49 INFO  Hooks.Hooks - url is launched..!
2026-04-23 00:52:49 INFO  StepDefinations.ProductDetailSteps - Searching for product: Tshirts
2026-04-23 00:52:52 INFO  StepDefinations.ProductDetailSteps - Products loaded successfully on PLP
2026-04-23 00:52:52 INFO  StepDefinations.ProductDetailSteps - Clicked product at index: 0
2026-04-23 00:52:52 INFO  Hooks.Hooks - Driver is Quit successfully....!
2026-04-23 00:52:53 INFO  Hooks.Hooks - Browser is opened..!
2026-04-23 00:52:56 INFO  Hooks.Hooks - url is launched..!
2026-04-23 00:52:56 INFO  StepDefinations.ProductDetailSteps - Searching for product: Tshirts
2026-04-23 00:52:59 INFO  StepDefinations.ProductDetailSteps - Products loaded successfully on PLP
2026-04-23 00:52:59 INFO  StepDefinations.ProductDetailSteps - Clicked product at index: 0
2026-04-23 00:52:59 INFO  Hooks.Hooks - Driver is Quit successfully....!
2026-04-23 00:53:00 INFO  Hooks.Hooks - Browser is opened..!
2026-04-23 00:53:02 INFO  Hooks.Hooks - url is launched..!
2026-04-23 00:53:02 INFO  StepDefinations.ProductDetailSteps - Searching for product: Tshirts
2026-04-23 00:53:05 INFO  StepDefinations.ProductDetailSteps - Products loaded successfully on PLP
2026-04-23 00:53:05 INFO  StepDefinations.ProductDetailSteps - Clicked product at index: 0
2026-04-23 00:53:06 INFO  Hooks.Hooks - Driver is Quit successfully....!
2026-04-23 00:53:07 INFO  Hooks.Hooks - Browser is opened..!
2026-04-23 00:53:08 INFO  Hooks.Hooks - url is launched..!
2026-04-23 00:53:08 INFO  StepDefinations.ProductDetailSteps - Searching for product: Tshirts
2026-04-23 00:53:11 INFO  StepDefinations.ProductDetailSteps - Products loaded successfully on PLP
2026-04-23 00:53:11 INFO  StepDefinations.ProductDetailSteps - Searching for product: asdjkl123-invalid
2026-04-23 00:53:44 INFO  Hooks.Hooks - Driver is Quit successfully....!
2026-04-23 00:53:45 INFO  Hooks.Hooks - Browser is opened..!
2026-04-23 00:53:48 INFO  Hooks.Hooks - url is launched..!
2026-04-23 00:53:48 INFO  StepDefinations.ProductDetailSteps - Searching for product: Tshirts
2026-04-23 00:53:50 INFO  StepDefinations.ProductDetailSteps - Products loaded successfully on PLP
2026-04-23 00:53:50 INFO  Hooks.Hooks - Driver is Quit successfully....!
2026-04-23 00:53:51 INFO  Hooks.Hooks - Browser is opened..!
2026-04-23 00:53:54 INFO  Hooks.Hooks - url is launched..!
2026-04-23 00:53:54 INFO  StepDefinations.ProductDetailSteps - Searching for product: Tshirts
2026-04-23 00:53:56 INFO  Hooks.Hooks - Driver is Quit successfully....!
2026-04-23 00:53:57 INFO  Hooks.Hooks - Browser is opened..!
2026-04-23 00:53:59 INFO  Hooks.Hooks - url is launched..!
2026-04-23 00:53:59 INFO  StepDefinations.ProductDetailSteps - Searching for product: Tshirts
2026-04-23 00:54:02 INFO  Hooks.Hooks - Driver is Quit successfully....!
2026-04-23 00:54:03 INFO  Hooks.Hooks - Browser is opened..!
2026-04-23 00:54:06 INFO  Hooks.Hooks - url is launched..!
2026-04-23 00:54:06 INFO  StepDefinations.ProductDetailSteps - Searching for product: Tshirts
2026-04-23 00:54:09 INFO  Hooks.Hooks - Driver is Quit successfully....!
2026-04-23 00:54:10 INFO  Hooks.Hooks - Browser is opened..!
2026-04-23 00:54:13 INFO  Hooks.Hooks - url is launched..!
2026-04-23 00:54:13 INFO  StepDefinations.ProductDetailSteps - Searching for product: Tshirts
2026-04-23 00:54:15 INFO  Hooks.Hooks - Driver is Quit successfully....!
2026-04-23 00:54:16 INFO  Hooks.Hooks - Browser is opened..!
2026-04-23 00:54:18 INFO  Hooks.Hooks - url is launched..!
2026-04-23 00:54:18 INFO  StepDefinations.ProductDetailSteps - Searching for product: Tshirts
2026-04-23 00:54:21 INFO  Hooks.Hooks - Driver is Quit successfully....!
2026-04-23 00:54:22 INFO  Hooks.Hooks - Browser is opened..!
2026-04-23 00:54:24 INFO  Hooks.Hooks - url is launched..!
2026-04-23 00:54:24 INFO  StepDefinations.ProductDetailSteps - Searching for product: Tshirts
2026-04-23 00:54:27 INFO  Hooks.Hooks - Driver is Quit successfully....!
2026-04-23 00:54:28 INFO  Hooks.Hooks - Browser is opened..!
2026-04-23 00:54:29 INFO  Hooks.Hooks - url is launched..!
2026-04-23 00:54:29 INFO  StepDefinations.ProductDetailSteps - Searching for product: Tshirts
2026-04-23 00:54:32 INFO  Hooks.Hooks - Driver is Quit successfully....!
2026-04-23 00:54:33 INFO  Hooks.Hooks - Browser is opened..!
2026-04-23 00:54:35 INFO  Hooks.Hooks - url is launched..!
2026-04-23 00:54:35 INFO  StepDefinations.ProductDetailSteps - Searching for product: Tshirts
2026-04-23 00:54:38 INFO  Hooks.Hooks - Driver is Quit successfully....!
2026-04-23 00:54:39 INFO  Hooks.Hooks - Browser is opened..!
2026-04-23 00:54:42 INFO  Hooks.Hooks - url is launched..!
2026-04-23 00:54:42 INFO  StepDefinations.ProductDetailSteps - Searching for product: Tshirts
2026-04-23 00:54:46 INFO  Hooks.Hooks - Driver is Quit successfully....!
2026-04-23 00:54:47 INFO  Hooks.Hooks - Browser is opened..!
2026-04-23 00:54:50 INFO  Hooks.Hooks - url is launched..!
2026-04-23 00:54:50 INFO  StepDefinations.ProductDetailSteps - Searching for product: Tshirts
2026-04-23 00:54:53 INFO  Hooks.Hooks - Driver is Quit successfully....!
2026-04-23 00:54:54 INFO  Hooks.Hooks - Browser is opened..!
2026-04-23 00:54:56 INFO  Hooks.Hooks - url is launched..!
2026-04-23 00:54:56 INFO  StepDefinations.ProductDetailSteps - Searching for product: Tshirts
2026-04-23 00:54:59 INFO  Hooks.Hooks - Driver is Quit successfully....!
2026-04-23 00:55:00 INFO  Hooks.Hooks - Browser is opened..!
2026-04-23 00:55:03 INFO  Hooks.Hooks - url is launched..!
2026-04-23 00:55:03 INFO  StepDefinations.ProductDetailSteps - Searching for product: Tshirts
2026-04-23 00:55:06 INFO  Hooks.Hooks - Driver is Quit successfully....!
2026-04-23 00:55:07 INFO  Hooks.Hooks - Browser is opened..!
2026-04-23 00:55:08 INFO  Hooks.Hooks - url is launched..!
2026-04-23 00:55:08 INFO  StepDefinations.ProductDetailSteps - Searching for product: Tshirts
2026-04-23 00:55:11 INFO  Hooks.Hooks - Driver is Quit successfully....!
2026-04-23 00:55:12 INFO  Hooks.Hooks - Browser is opened..!
2026-04-23 00:55:15 INFO  Hooks.Hooks - url is launched..!
2026-04-23 00:55:15 INFO  StepDefinations.ProductDetailSteps - Searching for product: Tshirts
2026-04-23 00:55:18 INFO  Hooks.Hooks - Driver is Quit successfully....!
2026-04-23 00:55:19 INFO  Hooks.Hooks - Browser is opened..!
2026-04-23 00:55:21 INFO  Hooks.Hooks - url is launched..!
2026-04-23 00:55:21 INFO  StepDefinations.ProductDetailSteps - Searching for product: Tshirts
2026-04-23 00:55:25 INFO  Hooks.Hooks - Driver is Quit successfully....!
2026-04-23 00:55:26 INFO  Hooks.Hooks - Browser is opened..!
2026-04-23 00:55:27 INFO  Hooks.Hooks - url is launched..!
2026-04-23 00:55:27 INFO  StepDefinations.ProductDetailSteps - Searching for product: Tshirts
2026-04-23 00:55:31 INFO  Hooks.Hooks - Driver is Quit successfully....!
2026-04-23 00:55:32 INFO  Hooks.Hooks - Browser is opened..!
2026-04-23 00:55:34 INFO  Hooks.Hooks - url is launched..!
2026-04-23 00:55:34 INFO  StepDefinations.ProductDetailSteps - Searching for product: Tshirts
2026-04-23 00:55:37 INFO  Hooks.Hooks - Driver is Quit successfully....!
2026-04-23 00:55:38 INFO  Hooks.Hooks - Browser is opened..!
2026-04-23 00:55:41 INFO  Hooks.Hooks - url is launched..!
2026-04-23 00:55:41 INFO  StepDefinations.ProductDetailSteps - Searching for product: Tshirts
2026-04-23 00:55:43 INFO  Hooks.Hooks - Driver is Quit successfully....!
2026-04-23 00:55:44 INFO  Hooks.Hooks - Browser is opened..!
2026-04-23 00:55:46 INFO  Hooks.Hooks - url is launched..!
2026-04-23 00:55:46 INFO  StepDefinations.ProductDetailSteps - Searching for product: Tshirts
2026-04-23 00:55:49 INFO  Hooks.Hooks - Driver is Quit successfully....!
2026-04-23 00:55:50 INFO  Hooks.Hooks - Browser is opened..!
2026-04-23 00:55:52 INFO  Hooks.Hooks - url is launched..!
2026-04-23 00:55:52 INFO  StepDefinations.ProductDetailSteps - Searching for product: Tshirts
2026-04-23 00:55:55 INFO  Hooks.Hooks - Driver is Quit successfully....!
2026-04-23 00:55:56 INFO  Hooks.Hooks - Browser is opened..!
2026-04-23 00:55:58 INFO  Hooks.Hooks - url is launched..!
2026-04-23 00:55:58 INFO  StepDefinations.ProductDetailSteps - Searching for product: Tshirts
2026-04-23 00:56:02 INFO  Hooks.Hooks - Driver is Quit successfully....!
2026-04-23 00:56:03 INFO  Hooks.Hooks - Browser is opened..!
2026-04-23 00:56:04 INFO  Hooks.Hooks - url is launched..!
2026-04-23 00:56:04 INFO  StepDefinations.ProductDetailSteps - Searching for product: Tshirts
2026-04-23 00:56:07 INFO  Hooks.Hooks - Driver is Quit successfully....!
2026-04-23 00:56:08 INFO  Hooks.Hooks - Browser is opened..!
2026-04-23 00:56:11 INFO  Hooks.Hooks - url is launched..!
2026-04-23 00:56:11 INFO  StepDefinations.ProductDetailSteps - Searching for product: Tshirts
2026-04-23 00:56:13 INFO  Hooks.Hooks - Driver is Quit successfully....!
2026-04-23 00:56:14 INFO  Hooks.Hooks - Browser is opened..!
2026-04-23 00:56:16 INFO  Hooks.Hooks - url is launched..!
2026-04-23 00:56:16 INFO  StepDefinations.ProductDetailSteps - Searching for product: Tshirts
2026-04-23 00:56:20 INFO  Hooks.Hooks - Driver is Quit successfully....!
2026-04-23 00:56:20 INFO  Hooks.Hooks - Browser is opened..!
2026-04-23 00:56:24 INFO  Hooks.Hooks - url is launched..!
2026-04-23 00:56:24 INFO  StepDefinations.ProductDetailSteps - Searching for product: Tshirts
2026-04-23 00:56:26 INFO  Hooks.Hooks - Driver is Quit successfully....!
2026-04-23 00:56:27 INFO  Hooks.Hooks - Browser is opened..!
2026-04-23 00:56:30 INFO  Hooks.Hooks - url is launched..!
2026-04-23 00:56:30 INFO  StepDefinations.ProductDetailSteps - Searching for product: Tshirts
2026-04-23 00:56:33 INFO  Hooks.Hooks - Driver is Quit successfully....!
2026-04-23 00:56:34 INFO  Hooks.Hooks - Browser is opened..!
2026-04-23 00:56:37 INFO  Hooks.Hooks - url is launched..!
2026-04-23 00:56:37 INFO  StepDefinations.ProductDetailSteps - Searching for product: Tshirts
2026-04-23 00:56:40 INFO  Hooks.Hooks - Driver is Quit successfully....!
2026-04-23 00:56:41 INFO  Hooks.Hooks - Browser is opened..!
2026-04-23 00:56:44 INFO  Hooks.Hooks - url is launched..!
2026-04-23 00:56:44 INFO  StepDefinations.ProductDetailSteps - Searching for product: Tshirts
2026-04-23 00:56:47 INFO  Hooks.Hooks - Driver is Quit successfully....!
2026-04-23 00:56:48 INFO  Hooks.Hooks - Browser is opened..!
2026-04-23 00:56:51 INFO  Hooks.Hooks - url is launched..!
2026-04-23 00:56:51 INFO  StepDefinations.ProductDetailSteps - Searching for product: Tshirts
2026-04-23 00:56:54 INFO  Hooks.Hooks - Driver is Quit successfully....!
2026-04-23 00:56:55 INFO  Hooks.Hooks - Browser is opened..!
2026-04-23 00:56:58 INFO  Hooks.Hooks - url is launched..!
2026-04-23 00:56:58 INFO  StepDefinations.ProductDetailSteps - Searching for product: Tshirts
2026-04-23 00:57:01 INFO  Hooks.Hooks - Driver is Quit successfully....!
2026-04-23 00:57:02 INFO  Hooks.Hooks - Browser is opened..!
2026-04-23 00:57:05 INFO  Hooks.Hooks - url is launched..!
2026-04-23 00:57:05 INFO  StepDefinations.ProductDetailSteps - Searching for product: Tshirts
2026-04-23 00:57:08 INFO  Hooks.Hooks - Driver is Quit successfully....!
2026-04-23 00:57:09 INFO  Hooks.Hooks - Browser is opened..!
2026-04-23 00:57:12 INFO  Hooks.Hooks - url is launched..!
2026-04-23 00:57:12 INFO  StepDefinations.ProductDetailSteps - Searching for product: Tshirts
2026-04-23 00:57:14 INFO  Hooks.Hooks - Driver is Quit successfully....!
2026-04-23 00:57:15 INFO  Hooks.Hooks - Browser is opened..!
2026-04-23 00:57:51 INFO  Hooks.Hooks - url is launched..!
2026-04-23 00:57:51 INFO  StepDefinations.ProductDetailSteps - Searching for product: Tshirts
2026-04-23 00:57:54 INFO  Hooks.Hooks - Driver is Quit successfully....!
2026-04-23 00:57:55 INFO  Hooks.Hooks - Browser is opened..!
2026-04-23 00:57:58 INFO  Hooks.Hooks - url is launched..!
2026-04-23 00:57:58 INFO  StepDefinations.ProductDetailSteps - Searching for product: Tshirts
2026-04-23 00:58:26 INFO  Hooks.Hooks - Driver is Quit successfully....!
2026-04-23 00:58:27 INFO  Hooks.Hooks - Browser is opened..!
2026-04-23 00:58:29 INFO  Hooks.Hooks - url is launched..!
2026-04-23 00:58:29 INFO  StepDefinations.ProductDetailSteps - Searching for product: Tshirts
2026-04-23 00:58:32 INFO  Hooks.Hooks - Driver is Quit successfully....!
2026-04-23 00:58:33 INFO  Hooks.Hooks - Browser is opened..!
2026-04-23 00:58:35 INFO  Hooks.Hooks - url is launched..!
2026-04-23 00:58:35 INFO  StepDefinations.ProductDetailSteps - Searching for product: Tshirts
2026-04-23 00:58:38 INFO  Hooks.Hooks - Driver is Quit successfully....!
2026-04-23 00:58:39 INFO  Hooks.Hooks - Browser is opened..!
2026-04-23 00:58:41 INFO  Hooks.Hooks - url is launched..!
2026-04-23 00:58:41 INFO  StepDefinations.ProductDetailSteps - Searching for product: Tshirts
2026-04-23 00:58:44 INFO  Hooks.Hooks - Driver is Quit successfully....!
2026-04-23 00:58:45 INFO  Hooks.Hooks - Browser is opened..!
2026-04-23 00:58:48 INFO  Hooks.Hooks - url is launched..!
2026-04-23 00:58:48 INFO  StepDefinations.ProductDetailSteps - Searching for product: Tshirts
2026-04-23 00:58:51 INFO  Hooks.Hooks - Driver is Quit successfully....!
2026-04-23 00:58:52 INFO  Hooks.Hooks - Browser is opened..!
2026-04-23 00:58:55 INFO  Hooks.Hooks - url is launched..!
2026-04-23 00:58:55 INFO  StepDefinations.ProductDetailSteps - Searching for product: Tshirts
2026-04-23 00:58:57 INFO  Hooks.Hooks - Driver is Quit successfully....!
2026-04-23 00:58:58 INFO  Hooks.Hooks - Browser is opened..!
2026-04-23 00:59:01 INFO  Hooks.Hooks - url is launched..!
2026-04-23 00:59:01 INFO  StepDefinations.ProductDetailSteps - Searching for product: Tshirts
2026-04-23 00:59:04 INFO  Hooks.Hooks - Driver is Quit successfully....!
2026-04-23 00:59:05 INFO  Hooks.Hooks - Browser is opened..!
2026-04-23 00:59:06 INFO  Hooks.Hooks - url is launched..!
2026-04-23 00:59:06 INFO  StepDefinations.ProductDetailSteps - Searching for product: Tshirts
2026-04-23 00:59:36 INFO  Hooks.Hooks - Driver is Quit successfully....!
2026-04-23 00:59:37 INFO  Hooks.Hooks - Browser is opened..!
2026-04-23 00:59:39 INFO  Hooks.Hooks - url is launched..!
2026-04-23 00:59:39 INFO  StepDefinations.ProductDetailSteps - Searching for product: Tshirts
2026-04-23 00:59:42 INFO  Hooks.Hooks - Driver is Quit successfully....!
2026-04-23 00:59:43 INFO  Hooks.Hooks - Browser is opened..!
2026-04-23 00:59:44 INFO  Hooks.Hooks - url is launched..!
2026-04-23 00:59:44 INFO  StepDefinations.ProductDetailSteps - Searching for product: Tshirts
2026-04-23 00:59:48 INFO  Hooks.Hooks - Driver is Quit successfully....!
2026-04-23 00:59:49 INFO  Hooks.Hooks - Browser is opened..!
2026-04-23 00:59:52 INFO  Hooks.Hooks - url is launched..!
2026-04-23 00:59:52 INFO  StepDefinations.ProductDetailSteps - Searching for product: Tshirts
2026-04-23 00:59:55 INFO  Hooks.Hooks - Driver is Quit successfully....!
2026-04-23 00:59:56 INFO  Hooks.Hooks - Browser is opened..!
2026-04-23 00:59:57 INFO  Hooks.Hooks - url is launched..!
2026-04-23 00:59:57 INFO  StepDefinations.ProductDetailSteps - Searching for product: Tshirts
2026-04-23 01:00:01 INFO  Hooks.Hooks - Driver is Quit successfully....!
2026-04-23 01:00:02 INFO  Hooks.Hooks - Browser is opened..!
2026-04-23 01:00:04 INFO  Hooks.Hooks - url is launched..!
2026-04-23 01:00:04 INFO  StepDefinations.ProductDetailSteps - Searching for product: Tshirts
2026-04-23 01:00:08 INFO  Hooks.Hooks - Driver is Quit successfully....!
2026-04-23 01:00:09 INFO  Hooks.Hooks - Browser is opened..!
2026-04-23 01:00:12 INFO  Hooks.Hooks - url is launched..!
2026-04-23 01:00:12 INFO  StepDefinations.ProductDetailSteps - Searching for product: Tshirts
2026-04-23 01:00:14 INFO  Hooks.Hooks - Driver is Quit successfully....!
2026-04-23 01:00:15 INFO  Hooks.Hooks - Browser is opened..!
2026-04-23 01:00:18 INFO  Hooks.Hooks - url is launched..!
2026-04-23 01:00:18 INFO  StepDefinations.ProductDetailSteps - Searching for product: Tshirts
2026-04-23 01:00:21 INFO  Hooks.Hooks - Driver is Quit successfully....!
2026-04-23 01:00:22 INFO  Hooks.Hooks - Browser is opened..!
2026-04-23 01:00:24 INFO  Hooks.Hooks - url is launched..!
2026-04-23 01:00:24 INFO  StepDefinations.ProductDetailSteps - Searching for product: Tshirts
2026-04-23 01:00:27 INFO  Hooks.Hooks - Driver is Quit successfully....!
2026-04-23 01:00:28 INFO  Hooks.Hooks - Browser is opened..!
2026-04-23 01:00:31 INFO  Hooks.Hooks - url is launched..!
2026-04-23 01:00:31 INFO  StepDefinations.ProductDetailSteps - Searching for product: Tshirts
2026-04-23 01:00:34 INFO  Hooks.Hooks - Driver is Quit successfully....!
2026-04-23 01:00:35 INFO  Hooks.Hooks - Browser is opened..!
2026-04-23 01:00:37 INFO  Hooks.Hooks - url is launched..!
2026-04-23 01:00:37 INFO  StepDefinations.ProductDetailSteps - Searching for product: Tshirts
2026-04-23 01:00:40 INFO  Hooks.Hooks - Driver is Quit successfully....!
2026-04-23 01:00:41 INFO  Hooks.Hooks - Browser is opened..!
2026-04-23 01:00:43 INFO  Hooks.Hooks - url is launched..!
2026-04-23 01:00:43 INFO  StepDefinations.ProductDetailSteps - Searching for product: Tshirts
2026-04-23 01:00:46 INFO  Hooks.Hooks - Driver is Quit successfully....!
2026-04-23 01:00:47 INFO  Hooks.Hooks - Browser is opened..!
2026-04-23 01:00:50 INFO  Hooks.Hooks - url is launched..!
2026-04-23 01:00:50 INFO  StepDefinations.ProductDetailSteps - Searching for product: Tshirts
2026-04-23 01:00:54 INFO  Hooks.Hooks - Driver is Quit successfully....!
2026-04-23 01:00:55 INFO  Hooks.Hooks - Browser is opened..!
2026-04-23 01:00:57 INFO  Hooks.Hooks - url is launched..!
2026-04-23 01:00:57 INFO  StepDefinations.ProductDetailSteps - Searching for product: Tshirts
2026-04-23 01:01:01 INFO  Hooks.Hooks - Driver is Quit successfully....!
2026-04-23 01:01:02 INFO  Hooks.Hooks - Browser is opened..!
2026-04-23 01:01:04 INFO  Hooks.Hooks - url is launched..!
2026-04-23 01:01:04 INFO  StepDefinations.ProductDetailSteps - Searching for product: Tshirts
2026-04-23 01:01:07 INFO  Hooks.Hooks - Driver is Quit successfully....!
2026-04-23 01:01:08 INFO  Hooks.Hooks - Browser is opened..!
2026-04-23 01:01:10 INFO  Hooks.Hooks - url is launched..!
2026-04-23 01:01:10 INFO  StepDefinations.ProductDetailSteps - Searching for product: Tshirts
2026-04-23 01:01:13 INFO  Hooks.Hooks - Driver is Quit successfully....!
2026-04-23 01:01:14 INFO  Hooks.Hooks - Browser is opened..!
2026-04-23 01:01:16 INFO  Hooks.Hooks - url is launched..!
2026-04-23 01:01:16 INFO  StepDefinations.ProductDetailSteps - Searching for product: Tshirts
2026-04-23 01:01:19 INFO  StepDefinations.ProductDetailSteps - Searching for product: Tshirts
2026-04-23 01:01:23 INFO  Hooks.Hooks - Driver is Quit successfully....!
2026-04-23 01:01:23 INFO  org.testng.internal.Utils - [TestNG] Time taken by org.testng.reporters.jq.Main@70886b0e: 77 ms
2026-04-23 01:01:23 INFO  org.testng.internal.Utils - [TestNG] Time taken by org.testng.reporters.FailedReporter@3002acf9: 15 ms
2026-04-23 01:01:23 INFO  org.testng.internal.Utils - [TestNG] Time taken by org.testng.reporters.XMLReporter@57110a9d: 38 ms
2026-04-23 01:01:23 INFO  org.testng.internal.Utils - [TestNG] Time taken by org.testng.reporters.EmailableReporter2@74c1cd1d: 14 ms
2026-04-23 01:01:23 INFO  org.testng.internal.Utils - [TestNG] Time taken by org.testng.reporters.JUnitReportReporter@4b9a2d73: 23 ms
2026-04-23 01:01:23 INFO  org.testng.internal.Utils - [TestNG] Time taken by org.testng.internal.ExitCodeListener@7997b8a7: 1 ms
2026-04-23 01:05:39 DEBUG org.testng.TestNG - suiteXmlPath: "C:\Users\Rahul\AppData\Local\Temp\testng-eclipse--1293410267\testng-customsuite.xml"
2026-04-23 01:05:40 INFO  org.testng.internal.Utils - [Utils] MethodGroupsHelper.collectMethodsByGroup() took 0 ms.
2026-04-23 01:05:40 INFO  org.testng.internal.Utils - [Utils] MethodGroupsHelper.sortMethods() took 0 ms.
2026-04-23 01:05:40 INFO  org.testng.internal.Utils - [Utils] MethodGroupsHelper.collectMethodsByGroup() took 0 ms.
2026-04-23 01:05:40 INFO  org.testng.internal.Utils - [Utils] MethodGroupsHelper.sortMethods() took 0 ms.
2026-04-23 01:05:40 INFO  org.testng.internal.Utils - [Utils] MethodGroupsHelper.collectMethodsByGroup() took 0 ms.
2026-04-23 01:05:40 INFO  org.testng.internal.Utils - [Utils] MethodGroupsHelper.sortMethods() took 0 ms.
2026-04-23 01:05:40 INFO  org.testng.internal.Utils - [Utils] MethodGroupsHelper.collectMethodsByGroup() took 0 ms.
2026-04-23 01:05:40 INFO  org.testng.internal.Utils - [Utils] MethodGroupsHelper.sortMethods() took 0 ms.
2026-04-23 01:05:40 INFO  org.testng.internal.Utils - [Utils] MethodGroupsHelper.collectMethodsByGroup() took 0 ms.
2026-04-23 01:05:40 INFO  org.testng.internal.Utils - [Utils] MethodGroupsHelper.sortMethods() took 7 ms.
2026-04-23 01:05:40 INFO  org.testng.internal.Utils - [Utils] MethodGroupsHelper.collectMethodsByGroup() took 0 ms.
2026-04-23 01:05:40 INFO  org.testng.internal.Utils - [Utils] MethodGroupsHelper.sortMethods() took 0 ms.
2026-04-23 01:05:40 INFO  org.testng.internal.Utils - [Utils] MethodGroupsHelper.collectMethodsByGroup() took 0 ms.
2026-04-23 01:05:40 INFO  org.testng.internal.Utils - [Utils] MethodGroupsHelper.sortMethods() took 0 ms.
2026-04-23 01:05:40 INFO  org.testng.internal.Utils - [Utils] MethodGroupsHelper.collectMethodsByGroup() took 0 ms.
2026-04-23 01:05:40 INFO  org.testng.internal.Utils - [Utils] MethodGroupsHelper.sortMethods() took 0 ms.
2026-04-23 01:05:40 INFO  org.testng.internal.Utils - [Utils] MethodGroupsHelper.collectMethodsByGroup() took 0 ms.
2026-04-23 01:05:40 INFO  org.testng.internal.Utils - [Utils] MethodGroupsHelper.sortMethods() took 0 ms.
2026-04-23 01:05:40 INFO  org.testng.internal.Utils - [Utils] MethodGroupsHelper.collectMethodsByGroup() took 0 ms.
2026-04-23 01:05:40 INFO  org.testng.internal.Utils - [Utils] MethodGroupsHelper.sortMethods() took 0 ms.
2026-04-23 01:05:40 INFO  org.testng.internal.Utils - [Utils] MethodGroupsHelper.collectMethodsByGroup() took 0 ms.
2026-04-23 01:05:40 INFO  org.testng.internal.Utils - [Utils] MethodGroupsHelper.sortMethods() took 0 ms.
2026-04-23 01:05:40 INFO  org.testng.internal.Utils - [Utils] MethodGroupsHelper.collectMethodsByGroup() took 0 ms.
2026-04-23 01:05:40 INFO  org.testng.internal.Utils - [Utils] MethodGroupsHelper.sortMethods() took 0 ms.
2026-04-23 01:05:40 INFO  org.testng.internal.Utils - [Utils] MethodGroupsHelper.collectMethodsByGroup() took 3 ms.
2026-04-23 01:05:40 INFO  org.testng.internal.Utils - [Utils] MethodGroupsHelper.sortMethods() took 0 ms.
2026-04-23 01:05:40 INFO  org.testng.internal.Utils - [Utils] MethodGroupsHelper.collectMethodsByGroup() took 0 ms.
2026-04-23 01:05:40 INFO  org.testng.internal.Utils - [Utils] MethodGroupsHelper.sortMethods() took 0 ms.
2026-04-23 01:05:40 INFO  org.testng.internal.Utils - [Utils] MethodGroupsHelper.collectMethodsByGroup() took 0 ms.
2026-04-23 01:05:40 INFO  org.testng.internal.Utils - [Utils] MethodGroupsHelper.sortMethods() took 0 ms.
2026-04-23 01:05:40 INFO  org.testng.internal.Utils - [TestNG] Running:
  C:\Users\Rahul\AppData\Local\Temp\testng-eclipse--1293410267\testng-customsuite.xml

2026-04-23 01:05:40 INFO  org.testng.internal.Utils - [Utils] DynamicGraphHelper.createDynamicGraph() took 4 ms.
2026-04-23 01:05:40 WARN  org.testng.internal.Utils - The test method 'io.cucumber.testng.AbstractTestNGCucumberTests.runScenario' will be skipped since its data provider 'scenarios' returned an empty array or iterator. 
2026-04-23 01:05:40 INFO  org.testng.internal.Utils - [TestNG] Time taken by org.testng.reporters.jq.Main@7923f5b3: 31 ms
2026-04-23 01:05:40 INFO  org.testng.internal.Utils - [TestNG] Time taken by org.testng.reporters.FailedReporter@30b2b76f: 1 ms
2026-04-23 01:05:40 INFO  org.testng.internal.Utils - [TestNG] Time taken by org.testng.reporters.XMLReporter@4443ef6f: 6 ms
2026-04-23 01:05:40 INFO  org.testng.internal.Utils - [TestNG] Time taken by org.testng.reporters.EmailableReporter2@79a1728c: 4 ms
2026-04-23 01:05:40 INFO  org.testng.internal.Utils - [TestNG] Time taken by org.testng.reporters.JUnitReportReporter@52fc5eb1: 5 ms
2026-04-23 01:05:40 INFO  org.testng.internal.Utils - [TestNG] Time taken by org.testng.internal.ExitCodeListener@7a639ec5: 0 ms
2026-04-23 01:07:18 DEBUG org.testng.TestNG - suiteXmlPath: "C:\Users\Rahul\AppData\Local\Temp\testng-eclipse-1723191321\testng-customsuite.xml"
2026-04-23 01:07:18 INFO  org.testng.internal.Utils - [Utils] MethodGroupsHelper.collectMethodsByGroup() took 0 ms.
2026-04-23 01:07:18 INFO  org.testng.internal.Utils - [Utils] MethodGroupsHelper.sortMethods() took 1 ms.
2026-04-23 01:07:18 INFO  org.testng.internal.Utils - [Utils] MethodGroupsHelper.collectMethodsByGroup() took 0 ms.
2026-04-23 01:07:18 INFO  org.testng.internal.Utils - [Utils] MethodGroupsHelper.sortMethods() took 0 ms.
2026-04-23 01:07:18 INFO  org.testng.internal.Utils - [Utils] MethodGroupsHelper.collectMethodsByGroup() took 0 ms.
2026-04-23 01:07:18 INFO  org.testng.internal.Utils - [Utils] MethodGroupsHelper.sortMethods() took 0 ms.
2026-04-23 01:07:18 INFO  org.testng.internal.Utils - [Utils] MethodGroupsHelper.collectMethodsByGroup() took 0 ms.
2026-04-23 01:07:18 INFO  org.testng.internal.Utils - [Utils] MethodGroupsHelper.sortMethods() took 0 ms.
2026-04-23 01:07:18 INFO  org.testng.internal.Utils - [Utils] MethodGroupsHelper.collectMethodsByGroup() took 0 ms.
2026-04-23 01:07:18 INFO  org.testng.internal.Utils - [Utils] MethodGroupsHelper.sortMethods() took 6 ms.
2026-04-23 01:07:18 INFO  org.testng.internal.Utils - [Utils] MethodGroupsHelper.collectMethodsByGroup() took 0 ms.
2026-04-23 01:07:18 INFO  org.testng.internal.Utils - [Utils] MethodGroupsHelper.sortMethods() took 0 ms.
2026-04-23 01:07:18 INFO  org.testng.internal.Utils - [Utils] MethodGroupsHelper.collectMethodsByGroup() took 0 ms.
2026-04-23 01:07:18 INFO  org.testng.internal.Utils - [Utils] MethodGroupsHelper.sortMethods() took 0 ms.
2026-04-23 01:07:18 INFO  org.testng.internal.Utils - [Utils] MethodGroupsHelper.collectMethodsByGroup() took 0 ms.
2026-04-23 01:07:18 INFO  org.testng.internal.Utils - [Utils] MethodGroupsHelper.sortMethods() took 0 ms.
2026-04-23 01:07:18 INFO  org.testng.internal.Utils - [Utils] MethodGroupsHelper.collectMethodsByGroup() took 0 ms.
2026-04-23 01:07:18 INFO  org.testng.internal.Utils - [Utils] MethodGroupsHelper.sortMethods() took 0 ms.
2026-04-23 01:07:18 INFO  org.testng.internal.Utils - [Utils] MethodGroupsHelper.collectMethodsByGroup() took 0 ms.
2026-04-23 01:07:18 INFO  org.testng.internal.Utils - [Utils] MethodGroupsHelper.sortMethods() took 1 ms.
2026-04-23 01:07:18 INFO  org.testng.internal.Utils - [Utils] MethodGroupsHelper.collectMethodsByGroup() took 0 ms.
2026-04-23 01:07:18 INFO  org.testng.internal.Utils - [Utils] MethodGroupsHelper.sortMethods() took 0 ms.
2026-04-23 01:07:18 INFO  org.testng.internal.Utils - [Utils] MethodGroupsHelper.collectMethodsByGroup() took 0 ms.
2026-04-23 01:07:18 INFO  org.testng.internal.Utils - [Utils] MethodGroupsHelper.sortMethods() took 0 ms.
2026-04-23 01:07:18 INFO  org.testng.internal.Utils - [Utils] MethodGroupsHelper.collectMethodsByGroup() took 4 ms.
2026-04-23 01:07:18 INFO  org.testng.internal.Utils - [Utils] MethodGroupsHelper.sortMethods() took 0 ms.
2026-04-23 01:07:18 INFO  org.testng.internal.Utils - [Utils] MethodGroupsHelper.collectMethodsByGroup() took 0 ms.
2026-04-23 01:07:18 INFO  org.testng.internal.Utils - [Utils] MethodGroupsHelper.sortMethods() took 0 ms.
2026-04-23 01:07:18 INFO  org.testng.internal.Utils - [Utils] MethodGroupsHelper.collectMethodsByGroup() took 0 ms.
2026-04-23 01:07:18 INFO  org.testng.internal.Utils - [Utils] MethodGroupsHelper.sortMethods() took 0 ms.
2026-04-23 01:07:18 INFO  org.testng.internal.Utils - [TestNG] Running:
  C:\Users\Rahul\AppData\Local\Temp\testng-eclipse-1723191321\testng-customsuite.xml

2026-04-23 01:07:18 INFO  org.testng.internal.Utils - [Utils] DynamicGraphHelper.createDynamicGraph() took 2 ms.
2026-04-23 01:07:19 WARN  org.testng.internal.Utils - The test method 'io.cucumber.testng.AbstractTestNGCucumberTests.runScenario' will be skipped since its data provider 'scenarios' returned an empty array or iterator. 
2026-04-23 01:07:19 INFO  org.testng.internal.Utils - [TestNG] Time taken by org.testng.reporters.jq.Main@7923f5b3: 29 ms
2026-04-23 01:07:19 INFO  org.testng.internal.Utils - [TestNG] Time taken by org.testng.reporters.FailedReporter@30b2b76f: 1 ms
2026-04-23 01:07:19 INFO  org.testng.internal.Utils - [TestNG] Time taken by org.testng.reporters.XMLReporter@4443ef6f: 6 ms
2026-04-23 01:07:19 INFO  org.testng.internal.Utils - [TestNG] Time taken by org.testng.reporters.EmailableReporter2@79a1728c: 4 ms
2026-04-23 01:07:19 INFO  org.testng.internal.Utils - [TestNG] Time taken by org.testng.reporters.JUnitReportReporter@52fc5eb1: 5 ms
2026-04-23 01:07:19 INFO  org.testng.internal.Utils - [TestNG] Time taken by org.testng.internal.ExitCodeListener@7a639ec5: 0 ms
2026-04-23 12:02:05 DEBUG org.testng.TestNG - suiteXmlPath: "C:\Users\Rahul\AppData\Local\Temp\testng-eclipse-1827596116\testng-customsuite.xml"
2026-04-23 12:02:06 INFO  org.testng.internal.Utils - [Utils] MethodGroupsHelper.collectMethodsByGroup() took 1 ms.
2026-04-23 12:02:06 INFO  org.testng.internal.Utils - [Utils] MethodGroupsHelper.sortMethods() took 2 ms.
2026-04-23 12:02:06 INFO  org.testng.internal.Utils - [Utils] MethodGroupsHelper.collectMethodsByGroup() took 0 ms.
2026-04-23 12:02:06 INFO  org.testng.internal.Utils - [Utils] MethodGroupsHelper.sortMethods() took 0 ms.
2026-04-23 12:02:06 INFO  org.testng.internal.Utils - [Utils] MethodGroupsHelper.collectMethodsByGroup() took 0 ms.
2026-04-23 12:02:06 INFO  org.testng.internal.Utils - [Utils] MethodGroupsHelper.sortMethods() took 0 ms.
2026-04-23 12:02:06 INFO  org.testng.internal.Utils - [Utils] MethodGroupsHelper.collectMethodsByGroup() took 0 ms.
2026-04-23 12:02:06 INFO  org.testng.internal.Utils - [Utils] MethodGroupsHelper.sortMethods() took 0 ms.
2026-04-23 12:02:06 INFO  org.testng.internal.Utils - [Utils] MethodGroupsHelper.collectMethodsByGroup() took 9 ms.
2026-04-23 12:02:06 INFO  org.testng.internal.Utils - [Utils] MethodGroupsHelper.sortMethods() took 14 ms.
2026-04-23 12:02:06 INFO  org.testng.internal.Utils - [Utils] MethodGroupsHelper.collectMethodsByGroup() took 0 ms.
2026-04-23 12:02:06 INFO  org.testng.internal.Utils - [Utils] MethodGroupsHelper.sortMethods() took 0 ms.
2026-04-23 12:02:06 INFO  org.testng.internal.Utils - [Utils] MethodGroupsHelper.collectMethodsByGroup() took 0 ms.
2026-04-23 12:02:06 INFO  org.testng.internal.Utils - [Utils] MethodGroupsHelper.sortMethods() took 0 ms.
2026-04-23 12:02:06 INFO  org.testng.internal.Utils - [Utils] MethodGroupsHelper.collectMethodsByGroup() took 0 ms.
2026-04-23 12:02:06 INFO  org.testng.internal.Utils - [Utils] MethodGroupsHelper.sortMethods() took 0 ms.
2026-04-23 12:02:06 INFO  org.testng.internal.Utils - [Utils] MethodGroupsHelper.collectMethodsByGroup() took 0 ms.
2026-04-23 12:02:06 INFO  org.testng.internal.Utils - [Utils] MethodGroupsHelper.sortMethods() took 0 ms.
2026-04-23 12:02:06 INFO  org.testng.internal.Utils - [Utils] MethodGroupsHelper.collectMethodsByGroup() took 0 ms.
2026-04-23 12:02:06 INFO  org.testng.internal.Utils - [Utils] MethodGroupsHelper.sortMethods() took 0 ms.
2026-04-23 12:02:06 INFO  org.testng.internal.Utils - [Utils] MethodGroupsHelper.collectMethodsByGroup() took 0 ms.
2026-04-23 12:02:06 INFO  org.testng.internal.Utils - [Utils] MethodGroupsHelper.sortMethods() took 0 ms.
2026-04-23 12:02:06 INFO  org.testng.internal.Utils - [Utils] MethodGroupsHelper.collectMethodsByGroup() took 0 ms.
2026-04-23 12:02:06 INFO  org.testng.internal.Utils - [Utils] MethodGroupsHelper.sortMethods() took 0 ms.
2026-04-23 12:02:06 INFO  org.testng.internal.Utils - [Utils] MethodGroupsHelper.collectMethodsByGroup() took 7 ms.
2026-04-23 12:02:06 INFO  org.testng.internal.Utils - [Utils] MethodGroupsHelper.sortMethods() took 1 ms.
2026-04-23 12:02:06 INFO  org.testng.internal.Utils - [Utils] MethodGroupsHelper.collectMethodsByGroup() took 0 ms.
2026-04-23 12:02:06 INFO  org.testng.internal.Utils - [Utils] MethodGroupsHelper.sortMethods() took 0 ms.
2026-04-23 12:02:06 INFO  org.testng.internal.Utils - [Utils] MethodGroupsHelper.collectMethodsByGroup() took 0 ms.
2026-04-23 12:02:06 INFO  org.testng.internal.Utils - [Utils] MethodGroupsHelper.sortMethods() took 0 ms.
2026-04-23 12:02:06 INFO  org.testng.internal.Utils - [TestNG] Running:
  C:\Users\Rahul\AppData\Local\Temp\testng-eclipse-1827596116\testng-customsuite.xml

2026-04-23 12:02:06 INFO  org.testng.internal.Utils - [Utils] DynamicGraphHelper.createDynamicGraph() took 5 ms.
2026-04-23 12:02:18 INFO  org.testng.internal.Utils - [TestNG] Time taken by org.testng.reporters.jq.Main@329a1f8d: 73 ms
2026-04-23 12:02:18 INFO  org.testng.internal.Utils - [TestNG] Time taken by org.testng.reporters.FailedReporter@2f66f0d0: 2 ms
2026-04-23 12:02:18 INFO  org.testng.internal.Utils - [TestNG] Time taken by org.testng.reporters.XMLReporter@5e1fc2aa: 10 ms
2026-04-23 12:02:18 INFO  org.testng.internal.Utils - [TestNG] Time taken by org.testng.reporters.EmailableReporter2@74d3b638: 7 ms
2026-04-23 12:02:18 INFO  org.testng.internal.Utils - [TestNG] Time taken by org.testng.reporters.JUnitReportReporter@72825400: 9 ms
2026-04-23 12:02:18 INFO  org.testng.internal.Utils - [TestNG] Time taken by org.testng.internal.ExitCodeListener@19ee1ae6: 0 ms
2026-04-23 12:02:50 DEBUG org.testng.TestNG - suiteXmlPath: "C:\Users\Rahul\AppData\Local\Temp\testng-eclipse-370829511\testng-customsuite.xml"
2026-04-23 12:02:51 INFO  org.testng.internal.Utils - [Utils] MethodGroupsHelper.collectMethodsByGroup() took 1 ms.
2026-04-23 12:02:51 INFO  org.testng.internal.Utils - [Utils] MethodGroupsHelper.sortMethods() took 3 ms.
2026-04-23 12:02:51 INFO  org.testng.internal.Utils - [Utils] MethodGroupsHelper.collectMethodsByGroup() took 0 ms.
2026-04-23 12:02:51 INFO  org.testng.internal.Utils - [Utils] MethodGroupsHelper.sortMethods() took 0 ms.
2026-04-23 12:02:51 INFO  org.testng.internal.Utils - [Utils] MethodGroupsHelper.collectMethodsByGroup() took 0 ms.
2026-04-23 12:02:51 INFO  org.testng.internal.Utils - [Utils] MethodGroupsHelper.sortMethods() took 0 ms.
2026-04-23 12:02:51 INFO  org.testng.internal.Utils - [Utils] MethodGroupsHelper.collectMethodsByGroup() took 0 ms.
2026-04-23 12:02:51 INFO  org.testng.internal.Utils - [Utils] MethodGroupsHelper.sortMethods() took 0 ms.
2026-04-23 12:02:51 INFO  org.testng.internal.Utils - [Utils] MethodGroupsHelper.collectMethodsByGroup() took 10 ms.
2026-04-23 12:02:51 INFO  org.testng.internal.Utils - [Utils] MethodGroupsHelper.sortMethods() took 17 ms.
2026-04-23 12:02:51 INFO  org.testng.internal.Utils - [Utils] MethodGroupsHelper.collectMethodsByGroup() took 0 ms.
2026-04-23 12:02:51 INFO  org.testng.internal.Utils - [Utils] MethodGroupsHelper.sortMethods() took 0 ms.
2026-04-23 12:02:51 INFO  org.testng.internal.Utils - [Utils] MethodGroupsHelper.collectMethodsByGroup() took 0 ms.
2026-04-23 12:02:51 INFO  org.testng.internal.Utils - [Utils] MethodGroupsHelper.sortMethods() took 0 ms.
2026-04-23 12:02:51 INFO  org.testng.internal.Utils - [Utils] MethodGroupsHelper.collectMethodsByGroup() took 0 ms.
2026-04-23 12:02:51 INFO  org.testng.internal.Utils - [Utils] MethodGroupsHelper.sortMethods() took 0 ms.
2026-04-23 12:02:51 INFO  org.testng.internal.Utils - [Utils] MethodGroupsHelper.collectMethodsByGroup() took 0 ms.
2026-04-23 12:02:51 INFO  org.testng.internal.Utils - [Utils] MethodGroupsHelper.sortMethods() took 1 ms.
2026-04-23 12:02:51 INFO  org.testng.internal.Utils - [Utils] MethodGroupsHelper.collectMethodsByGroup() took 0 ms.
2026-04-23 12:02:51 INFO  org.testng.internal.Utils - [Utils] MethodGroupsHelper.sortMethods() took 1 ms.
2026-04-23 12:02:51 INFO  org.testng.internal.Utils - [Utils] MethodGroupsHelper.collectMethodsByGroup() took 0 ms.
2026-04-23 12:02:51 INFO  org.testng.internal.Utils - [Utils] MethodGroupsHelper.sortMethods() took 0 ms.
2026-04-23 12:02:51 INFO  org.testng.internal.Utils - [Utils] MethodGroupsHelper.collectMethodsByGroup() took 0 ms.
2026-04-23 12:02:51 INFO  org.testng.internal.Utils - [Utils] MethodGroupsHelper.sortMethods() took 0 ms.
2026-04-23 12:02:51 INFO  org.testng.internal.Utils - [Utils] MethodGroupsHelper.collectMethodsByGroup() took 11 ms.
2026-04-23 12:02:51 INFO  org.testng.internal.Utils - [Utils] MethodGroupsHelper.sortMethods() took 0 ms.
2026-04-23 12:02:51 INFO  org.testng.internal.Utils - [Utils] MethodGroupsHelper.collectMethodsByGroup() took 0 ms.
2026-04-23 12:02:51 INFO  org.testng.internal.Utils - [Utils] MethodGroupsHelper.sortMethods() took 0 ms.
2026-04-23 12:02:51 INFO  org.testng.internal.Utils - [Utils] MethodGroupsHelper.collectMethodsByGroup() took 0 ms.
2026-04-23 12:02:51 INFO  org.testng.internal.Utils - [Utils] MethodGroupsHelper.sortMethods() took 0 ms.
2026-04-23 12:02:51 INFO  org.testng.internal.Utils - [TestNG] Running:
  C:\Users\Rahul\AppData\Local\Temp\testng-eclipse-370829511\testng-customsuite.xml

2026-04-23 12:02:51 INFO  org.testng.internal.Utils - [Utils] DynamicGraphHelper.createDynamicGraph() took 9 ms.
2026-04-23 12:03:00 INFO  org.testng.internal.Utils - [TestNG] Time taken by org.testng.reporters.jq.Main@61c42416: 63 ms
2026-04-23 12:03:00 INFO  org.testng.internal.Utils - [TestNG] Time taken by org.testng.reporters.FailedReporter@6fc29daa: 1 ms
2026-04-23 12:03:00 INFO  org.testng.internal.Utils - [TestNG] Time taken by org.testng.reporters.XMLReporter@36c0d0bd: 7 ms
2026-04-23 12:03:00 INFO  org.testng.internal.Utils - [TestNG] Time taken by org.testng.reporters.EmailableReporter2@18460128: 8 ms
2026-04-23 12:03:00 INFO  org.testng.internal.Utils - [TestNG] Time taken by org.testng.reporters.JUnitReportReporter@396ef8b2: 5 ms
2026-04-23 12:03:00 INFO  org.testng.internal.Utils - [TestNG] Time taken by org.testng.internal.ExitCodeListener@72825400: 0 ms
2026-04-23 12:03:05 DEBUG org.testng.TestNG - suiteXmlPath: "C:\Users\Rahul\AppData\Local\Temp\testng-eclipse--1286268677\testng-customsuite.xml"
2026-04-23 12:03:06 INFO  org.testng.internal.Utils - [Utils] MethodGroupsHelper.collectMethodsByGroup() took 1 ms.
2026-04-23 12:03:06 INFO  org.testng.internal.Utils - [Utils] MethodGroupsHelper.sortMethods() took 1 ms.
2026-04-23 12:03:06 INFO  org.testng.internal.Utils - [Utils] MethodGroupsHelper.collectMethodsByGroup() took 0 ms.
2026-04-23 12:03:06 INFO  org.testng.internal.Utils - [Utils] MethodGroupsHelper.sortMethods() took 0 ms.
2026-04-23 12:03:06 INFO  org.testng.internal.Utils - [Utils] MethodGroupsHelper.collectMethodsByGroup() took 0 ms.
2026-04-23 12:03:06 INFO  org.testng.internal.Utils - [Utils] MethodGroupsHelper.sortMethods() took 0 ms.
2026-04-23 12:03:06 INFO  org.testng.internal.Utils - [Utils] MethodGroupsHelper.collectMethodsByGroup() took 0 ms.
2026-04-23 12:03:06 INFO  org.testng.internal.Utils - [Utils] MethodGroupsHelper.sortMethods() took 1 ms.
2026-04-23 12:03:06 INFO  org.testng.internal.Utils - [Utils] MethodGroupsHelper.collectMethodsByGroup() took 9 ms.
2026-04-23 12:03:06 INFO  org.testng.internal.Utils - [Utils] MethodGroupsHelper.sortMethods() took 12 ms.
2026-04-23 12:03:06 INFO  org.testng.internal.Utils - [Utils] MethodGroupsHelper.collectMethodsByGroup() took 0 ms.
2026-04-23 12:03:06 INFO  org.testng.internal.Utils - [Utils] MethodGroupsHelper.sortMethods() took 0 ms.
2026-04-23 12:03:06 INFO  org.testng.internal.Utils - [Utils] MethodGroupsHelper.collectMethodsByGroup() took 0 ms.
2026-04-23 12:03:06 INFO  org.testng.internal.Utils - [Utils] MethodGroupsHelper.sortMethods() took 0 ms.
2026-04-23 12:03:06 INFO  org.testng.internal.Utils - [Utils] MethodGroupsHelper.collectMethodsByGroup() took 0 ms.
2026-04-23 12:03:06 INFO  org.testng.internal.Utils - [Utils] MethodGroupsHelper.sortMethods() took 0 ms.
2026-04-23 12:03:06 INFO  org.testng.internal.Utils - [Utils] MethodGroupsHelper.collectMethodsByGroup() took 0 ms.
2026-04-23 12:03:06 INFO  org.testng.internal.Utils - [Utils] MethodGroupsHelper.sortMethods() took 0 ms.
2026-04-23 12:03:06 INFO  org.testng.internal.Utils - [Utils] MethodGroupsHelper.collectMethodsByGroup() took 0 ms.
2026-04-23 12:03:06 INFO  org.testng.internal.Utils - [Utils] MethodGroupsHelper.sortMethods() took 1 ms.
2026-04-23 12:03:06 INFO  org.testng.internal.Utils - [Utils] MethodGroupsHelper.collectMethodsByGroup() took 0 ms.
2026-04-23 12:03:06 INFO  org.testng.internal.Utils - [Utils] MethodGroupsHelper.sortMethods() took 0 ms.
2026-04-23 12:03:06 INFO  org.testng.internal.Utils - [Utils] MethodGroupsHelper.collectMethodsByGroup() took 0 ms.
2026-04-23 12:03:06 INFO  org.testng.internal.Utils - [Utils] MethodGroupsHelper.sortMethods() took 0 ms.
2026-04-23 12:03:06 INFO  org.testng.internal.Utils - [Utils] MethodGroupsHelper.collectMethodsByGroup() took 11 ms.
2026-04-23 12:03:06 INFO  org.testng.internal.Utils - [Utils] MethodGroupsHelper.sortMethods() took 0 ms.
2026-04-23 12:03:06 INFO  org.testng.internal.Utils - [Utils] MethodGroupsHelper.collectMethodsByGroup() took 0 ms.
2026-04-23 12:03:06 INFO  org.testng.internal.Utils - [Utils] MethodGroupsHelper.sortMethods() took 0 ms.
2026-04-23 12:03:06 INFO  org.testng.internal.Utils - [Utils] MethodGroupsHelper.collectMethodsByGroup() took 0 ms.
2026-04-23 12:03:06 INFO  org.testng.internal.Utils - [Utils] MethodGroupsHelper.sortMethods() took 0 ms.
2026-04-23 12:03:06 INFO  org.testng.internal.Utils - [TestNG] Running:
  C:\Users\Rahul\AppData\Local\Temp\testng-eclipse--1286268677\testng-customsuite.xml

2026-04-23 12:03:06 INFO  org.testng.internal.Utils - [Utils] DynamicGraphHelper.createDynamicGraph() took 10 ms.
2026-04-23 12:03:16 INFO  org.testng.internal.Utils - [TestNG] Time taken by org.testng.reporters.jq.Main@5e1fc2aa: 53 ms
2026-04-23 12:03:16 INFO  org.testng.internal.Utils - [TestNG] Time taken by org.testng.reporters.FailedReporter@859ea42: 2 ms
2026-04-23 12:03:16 INFO  org.testng.internal.Utils - [TestNG] Time taken by org.testng.reporters.XMLReporter@4487c0c2: 10 ms
2026-04-23 12:03:16 INFO  org.testng.internal.Utils - [TestNG] Time taken by org.testng.reporters.EmailableReporter2@987455b: 5 ms
2026-04-23 12:03:16 INFO  org.testng.internal.Utils - [TestNG] Time taken by org.testng.reporters.JUnitReportReporter@574cd322: 5 ms
2026-04-23 12:03:16 INFO  org.testng.internal.Utils - [TestNG] Time taken by org.testng.internal.ExitCodeListener@45c2e0a6: 0 ms
2026-04-23 12:03:23 DEBUG org.testng.TestNG - suiteXmlPath: "C:\Users\Rahul\AppData\Local\Temp\testng-eclipse-381464563\testng-customsuite.xml"
2026-04-23 12:03:24 INFO  org.testng.internal.Utils - [Utils] MethodGroupsHelper.collectMethodsByGroup() took 1 ms.
2026-04-23 12:03:24 INFO  org.testng.internal.Utils - [Utils] MethodGroupsHelper.sortMethods() took 2 ms.
2026-04-23 12:03:24 INFO  org.testng.internal.Utils - [Utils] MethodGroupsHelper.collectMethodsByGroup() took 0 ms.
2026-04-23 12:03:24 INFO  org.testng.internal.Utils - [Utils] MethodGroupsHelper.sortMethods() took 0 ms.
2026-04-23 12:03:24 INFO  org.testng.internal.Utils - [Utils] MethodGroupsHelper.collectMethodsByGroup() took 0 ms.
2026-04-23 12:03:24 INFO  org.testng.internal.Utils - [Utils] MethodGroupsHelper.sortMethods() took 0 ms.
2026-04-23 12:03:24 INFO  org.testng.internal.Utils - [Utils] MethodGroupsHelper.collectMethodsByGroup() took 0 ms.
2026-04-23 12:03:24 INFO  org.testng.internal.Utils - [Utils] MethodGroupsHelper.sortMethods() took 0 ms.
2026-04-23 12:03:24 INFO  org.testng.internal.Utils - [Utils] MethodGroupsHelper.collectMethodsByGroup() took 9 ms.
2026-04-23 12:03:24 INFO  org.testng.internal.Utils - [Utils] MethodGroupsHelper.sortMethods() took 14 ms.
2026-04-23 12:03:24 INFO  org.testng.internal.Utils - [Utils] MethodGroupsHelper.collectMethodsByGroup() took 0 ms.
2026-04-23 12:03:24 INFO  org.testng.internal.Utils - [Utils] MethodGroupsHelper.sortMethods() took 0 ms.
2026-04-23 12:03:24 INFO  org.testng.internal.Utils - [Utils] MethodGroupsHelper.collectMethodsByGroup() took 0 ms.
2026-04-23 12:03:24 INFO  org.testng.internal.Utils - [Utils] MethodGroupsHelper.sortMethods() took 0 ms.
2026-04-23 12:03:24 INFO  org.testng.internal.Utils - [Utils] MethodGroupsHelper.collectMethodsByGroup() took 0 ms.
2026-04-23 12:03:24 INFO  org.testng.internal.Utils - [Utils] MethodGroupsHelper.sortMethods() took 0 ms.
2026-04-23 12:03:24 INFO  org.testng.internal.Utils - [Utils] MethodGroupsHelper.collectMethodsByGroup() took 0 ms.
2026-04-23 12:03:24 INFO  org.testng.internal.Utils - [Utils] MethodGroupsHelper.sortMethods() took 0 ms.
2026-04-23 12:03:24 INFO  org.testng.internal.Utils - [Utils] MethodGroupsHelper.collectMethodsByGroup() took 0 ms.
2026-04-23 12:03:24 INFO  org.testng.internal.Utils - [Utils] MethodGroupsHelper.sortMethods() took 0 ms.
2026-04-23 12:03:24 INFO  org.testng.internal.Utils - [Utils] MethodGroupsHelper.collectMethodsByGroup() took 0 ms.
2026-04-23 12:03:24 INFO  org.testng.internal.Utils - [Utils] MethodGroupsHelper.sortMethods() took 0 ms.
2026-04-23 12:03:24 INFO  org.testng.internal.Utils - [Utils] MethodGroupsHelper.collectMethodsByGroup() took 0 ms.
2026-04-23 12:03:24 INFO  org.testng.internal.Utils - [Utils] MethodGroupsHelper.sortMethods() took 0 ms.
2026-04-23 12:03:24 INFO  org.testng.internal.Utils - [Utils] MethodGroupsHelper.collectMethodsByGroup() took 10 ms.
2026-04-23 12:03:24 INFO  org.testng.internal.Utils - [Utils] MethodGroupsHelper.sortMethods() took 0 ms.
2026-04-23 12:03:24 INFO  org.testng.internal.Utils - [Utils] MethodGroupsHelper.collectMethodsByGroup() took 0 ms.
2026-04-23 12:03:24 INFO  org.testng.internal.Utils - [Utils] MethodGroupsHelper.sortMethods() took 0 ms.
2026-04-23 12:03:24 INFO  org.testng.internal.Utils - [Utils] MethodGroupsHelper.collectMethodsByGroup() took 0 ms.
2026-04-23 12:03:24 INFO  org.testng.internal.Utils - [Utils] MethodGroupsHelper.sortMethods() took 0 ms.
2026-04-23 12:03:24 INFO  org.testng.internal.Utils - [TestNG] Running:
  C:\Users\Rahul\AppData\Local\Temp\testng-eclipse-381464563\testng-customsuite.xml

2026-04-23 12:03:24 INFO  org.testng.internal.Utils - [Utils] DynamicGraphHelper.createDynamicGraph() took 6 ms.
2026-04-23 12:03:35 INFO  org.testng.internal.Utils - [TestNG] Time taken by org.testng.reporters.jq.Main@688d411b: 59 ms
2026-04-23 12:03:35 INFO  org.testng.internal.Utils - [TestNG] Time taken by org.testng.reporters.FailedReporter@28737371: 1 ms
2026-04-23 12:03:35 INFO  org.testng.internal.Utils - [TestNG] Time taken by org.testng.reporters.XMLReporter@126f1ba8: 12 ms
2026-04-23 12:03:35 INFO  org.testng.internal.Utils - [TestNG] Time taken by org.testng.reporters.EmailableReporter2@622fdb81: 6 ms
2026-04-23 12:03:35 INFO  org.testng.internal.Utils - [TestNG] Time taken by org.testng.reporters.JUnitReportReporter@45c2e0a6: 9 ms
2026-04-23 12:03:35 INFO  org.testng.internal.Utils - [TestNG] Time taken by org.testng.internal.ExitCodeListener@119c745c: 1 ms
2026-04-23 12:08:34 DEBUG org.testng.TestNG - suiteXmlPath: "C:\Users\Rahul\AppData\Local\Temp\testng-eclipse-1353384613\testng-customsuite.xml"
2026-04-23 12:08:35 INFO  org.testng.internal.Utils - [Utils] MethodGroupsHelper.collectMethodsByGroup() took 0 ms.
2026-04-23 12:08:35 INFO  org.testng.internal.Utils - [Utils] MethodGroupsHelper.sortMethods() took 0 ms.
2026-04-23 12:08:35 INFO  org.testng.internal.Utils - [Utils] MethodGroupsHelper.collectMethodsByGroup() took 0 ms.
2026-04-23 12:08:35 INFO  org.testng.internal.Utils - [Utils] MethodGroupsHelper.sortMethods() took 0 ms.
2026-04-23 12:08:35 INFO  org.testng.internal.Utils - [Utils] MethodGroupsHelper.collectMethodsByGroup() took 0 ms.
2026-04-23 12:08:35 INFO  org.testng.internal.Utils - [Utils] MethodGroupsHelper.sortMethods() took 0 ms.
2026-04-23 12:08:35 INFO  org.testng.internal.Utils - [Utils] MethodGroupsHelper.collectMethodsByGroup() took 0 ms.
2026-04-23 12:08:35 INFO  org.testng.internal.Utils - [Utils] MethodGroupsHelper.sortMethods() took 0 ms.
2026-04-23 12:08:35 INFO  org.testng.internal.Utils - [Utils] MethodGroupsHelper.collectMethodsByGroup() took 7 ms.
2026-04-23 12:08:35 INFO  org.testng.internal.Utils - [Utils] MethodGroupsHelper.sortMethods() took 17 ms.
2026-04-23 12:08:35 INFO  org.testng.internal.Utils - [Utils] MethodGroupsHelper.collectMethodsByGroup() took 0 ms.
2026-04-23 12:08:35 INFO  org.testng.internal.Utils - [Utils] MethodGroupsHelper.sortMethods() took 0 ms.
2026-04-23 12:08:35 INFO  org.testng.internal.Utils - [Utils] MethodGroupsHelper.collectMethodsByGroup() took 0 ms.
2026-04-23 12:08:35 INFO  org.testng.internal.Utils - [Utils] MethodGroupsHelper.sortMethods() took 0 ms.
2026-04-23 12:08:35 INFO  org.testng.internal.Utils - [Utils] MethodGroupsHelper.collectMethodsByGroup() took 0 ms.
2026-04-23 12:08:35 INFO  org.testng.internal.Utils - [Utils] MethodGroupsHelper.sortMethods() took 0 ms.
2026-04-23 12:08:35 INFO  org.testng.internal.Utils - [Utils] MethodGroupsHelper.collectMethodsByGroup() took 0 ms.
2026-04-23 12:08:35 INFO  org.testng.internal.Utils - [Utils] MethodGroupsHelper.sortMethods() took 0 ms.
2026-04-23 12:08:35 INFO  org.testng.internal.Utils - [Utils] MethodGroupsHelper.collectMethodsByGroup() took 0 ms.
2026-04-23 12:08:35 INFO  org.testng.internal.Utils - [Utils] MethodGroupsHelper.sortMethods() took 0 ms.
2026-04-23 12:08:35 INFO  org.testng.internal.Utils - [Utils] MethodGroupsHelper.collectMethodsByGroup() took 0 ms.
2026-04-23 12:08:35 INFO  org.testng.internal.Utils - [Utils] MethodGroupsHelper.sortMethods() took 0 ms.
2026-04-23 12:08:35 INFO  org.testng.internal.Utils - [Utils] MethodGroupsHelper.collectMethodsByGroup() took 0 ms.
2026-04-23 12:08:35 INFO  org.testng.internal.Utils - [Utils] MethodGroupsHelper.sortMethods() took 0 ms.
2026-04-23 12:08:35 INFO  org.testng.internal.Utils - [Utils] MethodGroupsHelper.collectMethodsByGroup() took 17 ms.
2026-04-23 12:08:35 INFO  org.testng.internal.Utils - [Utils] MethodGroupsHelper.sortMethods() took 1 ms.
2026-04-23 12:08:35 INFO  org.testng.internal.Utils - [Utils] MethodGroupsHelper.collectMethodsByGroup() took 0 ms.
2026-04-23 12:08:35 INFO  org.testng.internal.Utils - [Utils] MethodGroupsHelper.sortMethods() took 0 ms.
2026-04-23 12:08:35 INFO  org.testng.internal.Utils - [Utils] MethodGroupsHelper.collectMethodsByGroup() took 0 ms.
2026-04-23 12:08:35 INFO  org.testng.internal.Utils - [Utils] MethodGroupsHelper.sortMethods() took 0 ms.
2026-04-23 12:08:35 INFO  org.testng.internal.Utils - [TestNG] Running:
  C:\Users\Rahul\AppData\Local\Temp\testng-eclipse-1353384613\testng-customsuite.xml

2026-04-23 12:08:35 INFO  org.testng.internal.Utils - [Utils] DynamicGraphHelper.createDynamicGraph() took 6 ms.
2026-04-23 12:08:53 INFO  org.testng.internal.Utils - [TestNG] Time taken by org.testng.reporters.jq.Main@3dfa819: 97 ms
2026-04-23 12:08:53 INFO  org.testng.internal.Utils - [TestNG] Time taken by org.testng.reporters.FailedReporter@7d44a19: 22 ms
2026-04-23 12:08:53 INFO  org.testng.internal.Utils - [TestNG] Time taken by org.testng.reporters.XMLReporter@44f24a20: 53 ms
2026-04-23 12:08:53 INFO  org.testng.internal.Utils - [TestNG] Time taken by org.testng.reporters.EmailableReporter2@7b948f3e: 30 ms
2026-04-23 12:08:53 INFO  org.testng.internal.Utils - [TestNG] Time taken by org.testng.reporters.JUnitReportReporter@1dc3502b: 27 ms
2026-04-23 12:08:53 INFO  org.testng.internal.Utils - [TestNG] Time taken by org.testng.internal.ExitCodeListener@6a1d3225: 0 ms
2026-04-23 12:13:43 DEBUG org.testng.TestNG - suiteXmlPath: "C:\Users\Rahul\AppData\Local\Temp\testng-eclipse-179123868\testng-customsuite.xml"
2026-04-23 12:13:44 INFO  org.testng.internal.Utils - [Utils] MethodGroupsHelper.collectMethodsByGroup() took 1 ms.
2026-04-23 12:13:44 INFO  org.testng.internal.Utils - [Utils] MethodGroupsHelper.sortMethods() took 2 ms.
2026-04-23 12:13:44 INFO  org.testng.internal.Utils - [Utils] MethodGroupsHelper.collectMethodsByGroup() took 0 ms.
2026-04-23 12:13:44 INFO  org.testng.internal.Utils - [Utils] MethodGroupsHelper.sortMethods() took 0 ms.
2026-04-23 12:13:44 INFO  org.testng.internal.Utils - [Utils] MethodGroupsHelper.collectMethodsByGroup() took 0 ms.
2026-04-23 12:13:44 INFO  org.testng.internal.Utils - [Utils] MethodGroupsHelper.sortMethods() took 0 ms.
2026-04-23 12:13:44 INFO  org.testng.internal.Utils - [Utils] MethodGroupsHelper.collectMethodsByGroup() took 0 ms.
2026-04-23 12:13:44 INFO  org.testng.internal.Utils - [Utils] MethodGroupsHelper.sortMethods() took 0 ms.
2026-04-23 12:13:44 INFO  org.testng.internal.Utils - [Utils] MethodGroupsHelper.collectMethodsByGroup() took 12 ms.
2026-04-23 12:13:44 INFO  org.testng.internal.Utils - [Utils] MethodGroupsHelper.sortMethods() took 17 ms.
2026-04-23 12:13:44 INFO  org.testng.internal.Utils - [Utils] MethodGroupsHelper.collectMethodsByGroup() took 0 ms.
2026-04-23 12:13:44 INFO  org.testng.internal.Utils - [Utils] MethodGroupsHelper.sortMethods() took 0 ms.
2026-04-23 12:13:44 INFO  org.testng.internal.Utils - [Utils] MethodGroupsHelper.collectMethodsByGroup() took 0 ms.
2026-04-23 12:13:44 INFO  org.testng.internal.Utils - [Utils] MethodGroupsHelper.sortMethods() took 0 ms.
2026-04-23 12:13:44 INFO  org.testng.internal.Utils - [Utils] MethodGroupsHelper.collectMethodsByGroup() took 0 ms.
2026-04-23 12:13:44 INFO  org.testng.internal.Utils - [Utils] MethodGroupsHelper.sortMethods() took 0 ms.
2026-04-23 12:13:44 INFO  org.testng.internal.Utils - [Utils] MethodGroupsHelper.collectMethodsByGroup() took 0 ms.
2026-04-23 12:13:44 INFO  org.testng.internal.Utils - [Utils] MethodGroupsHelper.sortMethods() took 0 ms.
2026-04-23 12:13:44 INFO  org.testng.internal.Utils - [Utils] MethodGroupsHelper.collectMethodsByGroup() took 0 ms.
2026-04-23 12:13:44 INFO  org.testng.internal.Utils - [Utils] MethodGroupsHelper.sortMethods() took 0 ms.
2026-04-23 12:13:44 INFO  org.testng.internal.Utils - [Utils] MethodGroupsHelper.collectMethodsByGroup() took 0 ms.
2026-04-23 12:13:44 INFO  org.testng.internal.Utils - [Utils] MethodGroupsHelper.sortMethods() took 0 ms.
2026-04-23 12:13:44 INFO  org.testng.internal.Utils - [Utils] MethodGroupsHelper.collectMethodsByGroup() took 0 ms.
2026-04-23 12:13:44 INFO  org.testng.internal.Utils - [Utils] MethodGroupsHelper.sortMethods() took 0 ms.
2026-04-23 12:13:44 INFO  org.testng.internal.Utils - [Utils] MethodGroupsHelper.collectMethodsByGroup() took 13 ms.
2026-04-23 12:13:44 INFO  org.testng.internal.Utils - [Utils] MethodGroupsHelper.sortMethods() took 0 ms.
2026-04-23 12:13:44 INFO  org.testng.internal.Utils - [Utils] MethodGroupsHelper.collectMethodsByGroup() took 0 ms.
2026-04-23 12:13:44 INFO  org.testng.internal.Utils - [Utils] MethodGroupsHelper.sortMethods() took 0 ms.
2026-04-23 12:13:44 INFO  org.testng.internal.Utils - [Utils] MethodGroupsHelper.collectMethodsByGroup() took 0 ms.
2026-04-23 12:13:44 INFO  org.testng.internal.Utils - [Utils] MethodGroupsHelper.sortMethods() took 0 ms.
2026-04-23 12:13:44 INFO  org.testng.internal.Utils - [TestNG] Running:
  C:\Users\Rahul\AppData\Local\Temp\testng-eclipse-179123868\testng-customsuite.xml

2026-04-23 12:13:44 INFO  org.testng.internal.Utils - [Utils] DynamicGraphHelper.createDynamicGraph() took 6 ms.
2026-04-23 12:14:04 INFO  org.testng.internal.Utils - [TestNG] Time taken by org.testng.reporters.jq.Main@3dfa819: 104 ms
2026-04-23 12:14:04 INFO  org.testng.internal.Utils - [TestNG] Time taken by org.testng.reporters.FailedReporter@7d44a19: 19 ms
2026-04-23 12:14:04 INFO  org.testng.internal.Utils - [TestNG] Time taken by org.testng.reporters.XMLReporter@44f24a20: 72 ms
2026-04-23 12:14:04 INFO  org.testng.internal.Utils - [TestNG] Time taken by org.testng.reporters.EmailableReporter2@7b948f3e: 29 ms
2026-04-23 12:14:04 INFO  org.testng.internal.Utils - [TestNG] Time taken by org.testng.reporters.JUnitReportReporter@1dc3502b: 14 ms
2026-04-23 12:14:04 INFO  org.testng.internal.Utils - [TestNG] Time taken by org.testng.internal.ExitCodeListener@6a1d3225: 0 ms
2026-04-23 12:16:09 DEBUG org.testng.TestNG - suiteXmlPath: "C:\Users\Rahul\AppData\Local\Temp\testng-eclipse-1645248684\testng-customsuite.xml"
2026-04-23 12:16:10 INFO  org.testng.internal.Utils - [Utils] MethodGroupsHelper.collectMethodsByGroup() took 0 ms.
2026-04-23 12:16:10 INFO  org.testng.internal.Utils - [Utils] MethodGroupsHelper.sortMethods() took 1 ms.
2026-04-23 12:16:10 INFO  org.testng.internal.Utils - [Utils] MethodGroupsHelper.collectMethodsByGroup() took 0 ms.
2026-04-23 12:16:10 INFO  org.testng.internal.Utils - [Utils] MethodGroupsHelper.sortMethods() took 0 ms.
2026-04-23 12:16:10 INFO  org.testng.internal.Utils - [Utils] MethodGroupsHelper.collectMethodsByGroup() took 0 ms.
2026-04-23 12:16:10 INFO  org.testng.internal.Utils - [Utils] MethodGroupsHelper.sortMethods() took 0 ms.
2026-04-23 12:16:10 INFO  org.testng.internal.Utils - [Utils] MethodGroupsHelper.collectMethodsByGroup() took 0 ms.
2026-04-23 12:16:10 INFO  org.testng.internal.Utils - [Utils] MethodGroupsHelper.sortMethods() took 0 ms.
2026-04-23 12:16:10 INFO  org.testng.internal.Utils - [Utils] MethodGroupsHelper.collectMethodsByGroup() took 11 ms.
2026-04-23 12:16:10 INFO  org.testng.internal.Utils - [Utils] MethodGroupsHelper.sortMethods() took 15 ms.
2026-04-23 12:16:10 INFO  org.testng.internal.Utils - [Utils] MethodGroupsHelper.collectMethodsByGroup() took 0 ms.
2026-04-23 12:16:10 INFO  org.testng.internal.Utils - [Utils] MethodGroupsHelper.sortMethods() took 0 ms.
2026-04-23 12:16:10 INFO  org.testng.internal.Utils - [Utils] MethodGroupsHelper.collectMethodsByGroup() took 0 ms.
2026-04-23 12:16:10 INFO  org.testng.internal.Utils - [Utils] MethodGroupsHelper.sortMethods() took 0 ms.
2026-04-23 12:16:10 INFO  org.testng.internal.Utils - [Utils] MethodGroupsHelper.collectMethodsByGroup() took 0 ms.
2026-04-23 12:16:10 INFO  org.testng.internal.Utils - [Utils] MethodGroupsHelper.sortMethods() took 0 ms.
2026-04-23 12:16:10 INFO  org.testng.internal.Utils - [Utils] MethodGroupsHelper.collectMethodsByGroup() took 0 ms.
2026-04-23 12:16:10 INFO  org.testng.internal.Utils - [Utils] MethodGroupsHelper.sortMethods() took 1 ms.
2026-04-23 12:16:10 INFO  org.testng.internal.Utils - [Utils] MethodGroupsHelper.collectMethodsByGroup() took 0 ms.
2026-04-23 12:16:10 INFO  org.testng.internal.Utils - [Utils] MethodGroupsHelper.sortMethods() took 0 ms.
2026-04-23 12:16:10 INFO  org.testng.internal.Utils - [Utils] MethodGroupsHelper.collectMethodsByGroup() took 0 ms.
2026-04-23 12:16:10 INFO  org.testng.internal.Utils - [Utils] MethodGroupsHelper.sortMethods() took 0 ms.
2026-04-23 12:16:10 INFO  org.testng.internal.Utils - [Utils] MethodGroupsHelper.collectMethodsByGroup() took 0 ms.
2026-04-23 12:16:10 INFO  org.testng.internal.Utils - [Utils] MethodGroupsHelper.sortMethods() took 0 ms.
2026-04-23 12:16:10 INFO  org.testng.internal.Utils - [Utils] MethodGroupsHelper.collectMethodsByGroup() took 27 ms.
2026-04-23 12:16:10 INFO  org.testng.internal.Utils - [Utils] MethodGroupsHelper.sortMethods() took 0 ms.
2026-04-23 12:16:10 INFO  org.testng.internal.Utils - [Utils] MethodGroupsHelper.collectMethodsByGroup() took 0 ms.
2026-04-23 12:16:10 INFO  org.testng.internal.Utils - [Utils] MethodGroupsHelper.sortMethods() took 0 ms.
2026-04-23 12:16:10 INFO  org.testng.internal.Utils - [Utils] MethodGroupsHelper.collectMethodsByGroup() took 0 ms.
2026-04-23 12:16:10 INFO  org.testng.internal.Utils - [Utils] MethodGroupsHelper.sortMethods() took 0 ms.
2026-04-23 12:16:10 INFO  org.testng.internal.Utils - [TestNG] Running:
  C:\Users\Rahul\AppData\Local\Temp\testng-eclipse-1645248684\testng-customsuite.xml

2026-04-23 12:16:10 INFO  org.testng.internal.Utils - [Utils] DynamicGraphHelper.createDynamicGraph() took 6 ms.
2026-04-23 12:16:23 INFO  org.testng.internal.Utils - [TestNG] Time taken by org.testng.reporters.jq.Main@4745e9c: 89 ms
2026-04-23 12:16:23 INFO  org.testng.internal.Utils - [TestNG] Time taken by org.testng.reporters.FailedReporter@74ecacc3: 14 ms
2026-04-23 12:16:23 INFO  org.testng.internal.Utils - [TestNG] Time taken by org.testng.reporters.XMLReporter@23f3da8b: 77 ms
2026-04-23 12:16:23 INFO  org.testng.internal.Utils - [TestNG] Time taken by org.testng.reporters.EmailableReporter2@6573d2f7: 23 ms
2026-04-23 12:16:23 INFO  org.testng.internal.Utils - [TestNG] Time taken by org.testng.reporters.JUnitReportReporter@56dfab87: 11 ms
2026-04-23 12:16:23 INFO  org.testng.internal.Utils - [TestNG] Time taken by org.testng.internal.ExitCodeListener@715b886f: 0 ms
2026-04-23 13:25:45 DEBUG org.testng.TestNG - suiteXmlPath: "C:\Users\Rahul\AppData\Local\Temp\testng-eclipse--647510003\testng-customsuite.xml"
2026-04-23 13:25:45 INFO  org.testng.internal.Utils - [Utils] MethodGroupsHelper.collectMethodsByGroup() took 1 ms.
2026-04-23 13:25:45 INFO  org.testng.internal.Utils - [Utils] MethodGroupsHelper.sortMethods() took 1 ms.
2026-04-23 13:25:45 INFO  org.testng.internal.Utils - [Utils] MethodGroupsHelper.collectMethodsByGroup() took 0 ms.
2026-04-23 13:25:45 INFO  org.testng.internal.Utils - [Utils] MethodGroupsHelper.sortMethods() took 0 ms.
2026-04-23 13:25:45 INFO  org.testng.internal.Utils - [Utils] MethodGroupsHelper.collectMethodsByGroup() took 0 ms.
2026-04-23 13:25:45 INFO  org.testng.internal.Utils - [Utils] MethodGroupsHelper.sortMethods() took 0 ms.
2026-04-23 13:25:45 INFO  org.testng.internal.Utils - [Utils] MethodGroupsHelper.collectMethodsByGroup() took 0 ms.
2026-04-23 13:25:45 INFO  org.testng.internal.Utils - [Utils] MethodGroupsHelper.sortMethods() took 0 ms.
2026-04-23 13:25:45 INFO  org.testng.internal.Utils - [Utils] MethodGroupsHelper.collectMethodsByGroup() took 0 ms.
2026-04-23 13:25:46 INFO  org.testng.internal.Utils - [Utils] MethodGroupsHelper.sortMethods() took 7 ms.
2026-04-23 13:25:46 INFO  org.testng.internal.Utils - [Utils] MethodGroupsHelper.collectMethodsByGroup() took 0 ms.
2026-04-23 13:25:46 INFO  org.testng.internal.Utils - [Utils] MethodGroupsHelper.sortMethods() took 0 ms.
2026-04-23 13:25:46 INFO  org.testng.internal.Utils - [Utils] MethodGroupsHelper.collectMethodsByGroup() took 0 ms.
2026-04-23 13:25:46 INFO  org.testng.internal.Utils - [Utils] MethodGroupsHelper.sortMethods() took 0 ms.
2026-04-23 13:25:46 INFO  org.testng.internal.Utils - [Utils] MethodGroupsHelper.collectMethodsByGroup() took 0 ms.
2026-04-23 13:25:46 INFO  org.testng.internal.Utils - [Utils] MethodGroupsHelper.sortMethods() took 0 ms.
2026-04-23 13:25:46 INFO  org.testng.internal.Utils - [Utils] MethodGroupsHelper.collectMethodsByGroup() took 0 ms.
2026-04-23 13:25:46 INFO  org.testng.internal.Utils - [Utils] MethodGroupsHelper.sortMethods() took 0 ms.
2026-04-23 13:25:46 INFO  org.testng.internal.Utils - [Utils] MethodGroupsHelper.collectMethodsByGroup() took 0 ms.
2026-04-23 13:25:46 INFO  org.testng.internal.Utils - [Utils] MethodGroupsHelper.sortMethods() took 0 ms.
2026-04-23 13:25:46 INFO  org.testng.internal.Utils - [Utils] MethodGroupsHelper.collectMethodsByGroup() took 0 ms.
2026-04-23 13:25:46 INFO  org.testng.internal.Utils - [Utils] MethodGroupsHelper.sortMethods() took 0 ms.
2026-04-23 13:25:46 INFO  org.testng.internal.Utils - [Utils] MethodGroupsHelper.collectMethodsByGroup() took 0 ms.
2026-04-23 13:25:46 INFO  org.testng.internal.Utils - [Utils] MethodGroupsHelper.sortMethods() took 0 ms.
2026-04-23 13:25:46 INFO  org.testng.internal.Utils - [Utils] MethodGroupsHelper.collectMethodsByGroup() took 3 ms.
2026-04-23 13:25:46 INFO  org.testng.internal.Utils - [Utils] MethodGroupsHelper.sortMethods() took 0 ms.
2026-04-23 13:25:46 INFO  org.testng.internal.Utils - [Utils] MethodGroupsHelper.collectMethodsByGroup() took 0 ms.
2026-04-23 13:25:46 INFO  org.testng.internal.Utils - [Utils] MethodGroupsHelper.sortMethods() took 0 ms.
2026-04-23 13:25:46 INFO  org.testng.internal.Utils - [Utils] MethodGroupsHelper.collectMethodsByGroup() took 0 ms.
2026-04-23 13:25:46 INFO  org.testng.internal.Utils - [Utils] MethodGroupsHelper.sortMethods() took 0 ms.
2026-04-23 13:25:46 INFO  org.testng.internal.Utils - [TestNG] Running:
  C:\Users\Rahul\AppData\Local\Temp\testng-eclipse--647510003\testng-customsuite.xml

2026-04-23 13:25:46 INFO  org.testng.internal.Utils - [Utils] DynamicGraphHelper.createDynamicGraph() took 7 ms.
2026-04-23 13:25:49 INFO  Hooks.Hooks - Browser is opened..!
2026-04-23 13:25:54 INFO  Hooks.Hooks - url is launched..!
2026-04-23 13:25:54 INFO  StepDefinations.ProductListingPageStep - Searching product: Tshirts
2026-04-23 13:25:58 INFO  StepDefinations.ProductListingPageStep - Checking products visibility on PLP
2026-04-23 13:25:58 INFO  StepDefinations.ProductDetailSteps - Clicked product at index: 1
2026-04-23 13:25:59 INFO  Hooks.Hooks - Driver is Quit successfully....!
2026-04-23 13:26:00 INFO  Hooks.Hooks - Browser is opened..!
2026-04-23 13:26:04 INFO  Hooks.Hooks - url is launched..!
2026-04-23 13:26:04 INFO  StepDefinations.ProductListingPageStep - Searching product: Tshirts
2026-04-23 13:26:06 INFO  StepDefinations.ProductListingPageStep - Checking products visibility on PLP
2026-04-23 13:26:07 INFO  StepDefinations.ProductDetailSteps - Clicked product at index: 1
2026-04-23 13:26:07 INFO  Hooks.Hooks - Driver is Quit successfully....!
2026-04-23 13:26:08 INFO  Hooks.Hooks - Browser is opened..!
2026-04-23 13:26:12 INFO  Hooks.Hooks - url is launched..!
2026-04-23 13:26:12 INFO  StepDefinations.ProductListingPageStep - Searching product: Tshirts
2026-04-23 13:26:15 INFO  StepDefinations.ProductListingPageStep - Checking products visibility on PLP
2026-04-23 13:26:15 INFO  StepDefinations.ProductDetailSteps - Clicked product at index: 1
2026-04-23 13:26:15 INFO  Hooks.Hooks - Driver is Quit successfully....!
2026-04-23 13:26:16 INFO  Hooks.Hooks - Browser is opened..!
2026-04-23 13:26:20 INFO  Hooks.Hooks - url is launched..!
2026-04-23 13:26:20 INFO  StepDefinations.ProductListingPageStep - Searching product: Tshirts
2026-04-23 13:26:22 INFO  StepDefinations.ProductListingPageStep - Checking products visibility on PLP
2026-04-23 13:26:23 INFO  StepDefinations.ProductDetailSteps - Clicked product at index: 1
2026-04-23 13:26:23 INFO  Hooks.Hooks - Driver is Quit successfully....!
2026-04-23 13:26:24 INFO  Hooks.Hooks - Browser is opened..!
2026-04-23 13:26:28 INFO  Hooks.Hooks - url is launched..!
2026-04-23 13:26:28 INFO  StepDefinations.ProductListingPageStep - Searching product: Tshirts
2026-04-23 13:26:32 INFO  StepDefinations.ProductListingPageStep - Checking products visibility on PLP
2026-04-23 13:26:33 INFO  StepDefinations.ProductDetailSteps - Clicked product at index: 1
2026-04-23 13:26:33 INFO  Hooks.Hooks - Driver is Quit successfully....!
2026-04-23 13:26:34 INFO  Hooks.Hooks - Browser is opened..!
2026-04-23 13:26:37 INFO  Hooks.Hooks - url is launched..!
2026-04-23 13:26:37 INFO  StepDefinations.ProductListingPageStep - Searching product: Tshirts
2026-04-23 13:26:40 INFO  StepDefinations.ProductListingPageStep - Checking products visibility on PLP
2026-04-23 13:26:40 INFO  StepDefinations.ProductDetailSteps - Clicked product at index: 1
2026-04-23 13:26:40 INFO  Hooks.Hooks - Driver is Quit successfully....!
2026-04-23 13:26:41 INFO  Hooks.Hooks - Browser is opened..!
2026-04-23 13:26:45 INFO  Hooks.Hooks - url is launched..!
2026-04-23 13:26:45 INFO  StepDefinations.ProductListingPageStep - Searching product: Tshirts
2026-04-23 13:26:48 INFO  StepDefinations.ProductListingPageStep - Checking products visibility on PLP
2026-04-23 13:26:48 INFO  StepDefinations.ProductDetailSteps - Clicked product at index: 1
2026-04-23 13:26:48 INFO  Hooks.Hooks - Driver is Quit successfully....!
2026-04-23 13:26:49 INFO  Hooks.Hooks - Browser is opened..!
2026-04-23 13:26:53 INFO  Hooks.Hooks - url is launched..!
2026-04-23 13:26:53 INFO  StepDefinations.ProductListingPageStep - Searching product: Tshirts
2026-04-23 13:26:56 INFO  StepDefinations.ProductListingPageStep - Checking products visibility on PLP
2026-04-23 13:26:56 INFO  StepDefinations.ProductDetailSteps - Clicked product at index: 1
2026-04-23 13:26:56 INFO  Hooks.Hooks - Driver is Quit successfully....!
2026-04-23 13:26:57 INFO  Hooks.Hooks - Browser is opened..!
2026-04-23 13:27:01 INFO  Hooks.Hooks - url is launched..!
2026-04-23 13:27:01 INFO  StepDefinations.ProductListingPageStep - Searching product: Tshirts
2026-04-23 13:27:05 INFO  StepDefinations.ProductListingPageStep - Checking products visibility on PLP
2026-04-23 13:27:06 INFO  StepDefinations.ProductDetailSteps - Clicked product at index: 1
2026-04-23 13:27:06 INFO  Hooks.Hooks - Driver is Quit successfully....!
2026-04-23 13:27:06 INFO  org.testng.internal.Utils - [TestNG] Time taken by org.testng.reporters.jq.Main@11e71181: 41 ms
2026-04-23 13:27:06 INFO  org.testng.internal.Utils - [TestNG] Time taken by org.testng.reporters.FailedReporter@76e4212: 14 ms
2026-04-23 13:27:06 INFO  org.testng.internal.Utils - [TestNG] Time taken by org.testng.reporters.XMLReporter@649b5891: 12 ms
2026-04-23 13:27:06 INFO  org.testng.internal.Utils - [TestNG] Time taken by org.testng.reporters.EmailableReporter2@204d9edf: 14 ms
2026-04-23 13:27:06 INFO  org.testng.internal.Utils - [TestNG] Time taken by org.testng.reporters.JUnitReportReporter@47569167: 15 ms
2026-04-23 13:27:06 INFO  org.testng.internal.Utils - [TestNG] Time taken by org.testng.internal.ExitCodeListener@42d9e8d2: 1 ms
2026-04-23 13:30:30 DEBUG org.testng.TestNG - suiteXmlPath: "C:\Users\Rahul\AppData\Local\Temp\testng-eclipse--166175449\testng-customsuite.xml"
2026-04-23 13:30:30 INFO  org.testng.internal.Utils - [Utils] MethodGroupsHelper.collectMethodsByGroup() took 1 ms.
2026-04-23 13:30:30 INFO  org.testng.internal.Utils - [Utils] MethodGroupsHelper.sortMethods() took 0 ms.
2026-04-23 13:30:30 INFO  org.testng.internal.Utils - [Utils] MethodGroupsHelper.collectMethodsByGroup() took 0 ms.
2026-04-23 13:30:30 INFO  org.testng.internal.Utils - [Utils] MethodGroupsHelper.sortMethods() took 0 ms.
2026-04-23 13:30:30 INFO  org.testng.internal.Utils - [Utils] MethodGroupsHelper.collectMethodsByGroup() took 0 ms.
2026-04-23 13:30:30 INFO  org.testng.internal.Utils - [Utils] MethodGroupsHelper.sortMethods() took 0 ms.
2026-04-23 13:30:30 INFO  org.testng.internal.Utils - [Utils] MethodGroupsHelper.collectMethodsByGroup() took 0 ms.
2026-04-23 13:30:30 INFO  org.testng.internal.Utils - [Utils] MethodGroupsHelper.sortMethods() took 0 ms.
2026-04-23 13:30:30 INFO  org.testng.internal.Utils - [Utils] MethodGroupsHelper.collectMethodsByGroup() took 0 ms.
2026-04-23 13:30:30 INFO  org.testng.internal.Utils - [Utils] MethodGroupsHelper.sortMethods() took 8 ms.
2026-04-23 13:30:30 INFO  org.testng.internal.Utils - [Utils] MethodGroupsHelper.collectMethodsByGroup() took 0 ms.
2026-04-23 13:30:30 INFO  org.testng.internal.Utils - [Utils] MethodGroupsHelper.sortMethods() took 0 ms.
2026-04-23 13:30:30 INFO  org.testng.internal.Utils - [Utils] MethodGroupsHelper.collectMethodsByGroup() took 0 ms.
2026-04-23 13:30:30 INFO  org.testng.internal.Utils - [Utils] MethodGroupsHelper.sortMethods() took 0 ms.
2026-04-23 13:30:30 INFO  org.testng.internal.Utils - [Utils] MethodGroupsHelper.collectMethodsByGroup() took 0 ms.
2026-04-23 13:30:30 INFO  org.testng.internal.Utils - [Utils] MethodGroupsHelper.sortMethods() took 0 ms.
2026-04-23 13:30:30 INFO  org.testng.internal.Utils - [Utils] MethodGroupsHelper.collectMethodsByGroup() took 0 ms.
2026-04-23 13:30:30 INFO  org.testng.internal.Utils - [Utils] MethodGroupsHelper.sortMethods() took 0 ms.
2026-04-23 13:30:30 INFO  org.testng.internal.Utils - [Utils] MethodGroupsHelper.collectMethodsByGroup() took 0 ms.
2026-04-23 13:30:30 INFO  org.testng.internal.Utils - [Utils] MethodGroupsHelper.sortMethods() took 0 ms.
2026-04-23 13:30:30 INFO  org.testng.internal.Utils - [Utils] MethodGroupsHelper.collectMethodsByGroup() took 0 ms.
2026-04-23 13:30:30 INFO  org.testng.internal.Utils - [Utils] MethodGroupsHelper.sortMethods() took 0 ms.
2026-04-23 13:30:30 INFO  org.testng.internal.Utils - [Utils] MethodGroupsHelper.collectMethodsByGroup() took 0 ms.
2026-04-23 13:30:30 INFO  org.testng.internal.Utils - [Utils] MethodGroupsHelper.sortMethods() took 0 ms.
2026-04-23 13:30:30 INFO  org.testng.internal.Utils - [Utils] MethodGroupsHelper.collectMethodsByGroup() took 5 ms.
2026-04-23 13:30:30 INFO  org.testng.internal.Utils - [Utils] MethodGroupsHelper.sortMethods() took 0 ms.
2026-04-23 13:30:30 INFO  org.testng.internal.Utils - [Utils] MethodGroupsHelper.collectMethodsByGroup() took 0 ms.
2026-04-23 13:30:30 INFO  org.testng.internal.Utils - [Utils] MethodGroupsHelper.sortMethods() took 0 ms.
2026-04-23 13:30:30 INFO  org.testng.internal.Utils - [Utils] MethodGroupsHelper.collectMethodsByGroup() took 0 ms.
2026-04-23 13:30:30 INFO  org.testng.internal.Utils - [Utils] MethodGroupsHelper.sortMethods() took 0 ms.
2026-04-23 13:30:30 INFO  org.testng.internal.Utils - [TestNG] Running:
  C:\Users\Rahul\AppData\Local\Temp\testng-eclipse--166175449\testng-customsuite.xml

2026-04-23 13:30:30 INFO  org.testng.internal.Utils - [Utils] DynamicGraphHelper.createDynamicGraph() took 3 ms.
2026-04-23 13:30:31 INFO  Hooks.Hooks - Browser is opened..!
2026-04-23 13:30:33 INFO  Hooks.Hooks - url is launched..!
2026-04-23 13:30:33 INFO  StepDefinations.ProductListingPageStep - Searching product: Tshirts
2026-04-23 13:30:36 INFO  StepDefinations.ProductListingPageStep - Checking products visibility on PLP
2026-04-23 13:30:37 INFO  StepDefinations.ProductDetailSteps - Clicked product at index: 1
2026-04-23 13:31:07 INFO  Hooks.Hooks - Driver is Quit successfully....!
2026-04-23 13:31:08 INFO  Hooks.Hooks - Browser is opened..!
2026-04-23 13:31:12 INFO  Hooks.Hooks - url is launched..!
2026-04-23 13:31:12 INFO  StepDefinations.ProductListingPageStep - Searching product: Tshirts
2026-04-23 13:31:14 INFO  StepDefinations.ProductListingPageStep - Checking products visibility on PLP
2026-04-23 13:31:15 INFO  StepDefinations.ProductDetailSteps - Clicked product at index: 1
2026-04-23 13:31:21 INFO  Hooks.Hooks - Driver is Quit successfully....!
2026-04-23 13:31:21 INFO  Hooks.Hooks - Browser is opened..!
2026-04-23 13:37:31 DEBUG org.testng.TestNG - suiteXmlPath: "C:\Users\Rahul\AppData\Local\Temp\testng-eclipse-1640004977\testng-customsuite.xml"
2026-04-23 13:37:32 INFO  org.testng.internal.Utils - [Utils] MethodGroupsHelper.collectMethodsByGroup() took 0 ms.
2026-04-23 13:37:32 INFO  org.testng.internal.Utils - [Utils] MethodGroupsHelper.sortMethods() took 0 ms.
2026-04-23 13:37:32 INFO  org.testng.internal.Utils - [Utils] MethodGroupsHelper.collectMethodsByGroup() took 0 ms.
2026-04-23 13:37:32 INFO  org.testng.internal.Utils - [Utils] MethodGroupsHelper.sortMethods() took 0 ms.
2026-04-23 13:37:32 INFO  org.testng.internal.Utils - [Utils] MethodGroupsHelper.collectMethodsByGroup() took 0 ms.
2026-04-23 13:37:32 INFO  org.testng.internal.Utils - [Utils] MethodGroupsHelper.sortMethods() took 0 ms.
2026-04-23 13:37:32 INFO  org.testng.internal.Utils - [Utils] MethodGroupsHelper.collectMethodsByGroup() took 0 ms.
2026-04-23 13:37:32 INFO  org.testng.internal.Utils - [Utils] MethodGroupsHelper.sortMethods() took 0 ms.
2026-04-23 13:37:32 INFO  org.testng.internal.Utils - [Utils] MethodGroupsHelper.collectMethodsByGroup() took 1 ms.
2026-04-23 13:37:32 INFO  org.testng.internal.Utils - [Utils] MethodGroupsHelper.sortMethods() took 6 ms.
2026-04-23 13:37:32 INFO  org.testng.internal.Utils - [Utils] MethodGroupsHelper.collectMethodsByGroup() took 0 ms.
2026-04-23 13:37:32 INFO  org.testng.internal.Utils - [Utils] MethodGroupsHelper.sortMethods() took 0 ms.
2026-04-23 13:37:32 INFO  org.testng.internal.Utils - [Utils] MethodGroupsHelper.collectMethodsByGroup() took 0 ms.
2026-04-23 13:37:32 INFO  org.testng.internal.Utils - [Utils] MethodGroupsHelper.sortMethods() took 0 ms.
2026-04-23 13:37:32 INFO  org.testng.internal.Utils - [Utils] MethodGroupsHelper.collectMethodsByGroup() took 0 ms.
2026-04-23 13:37:32 INFO  org.testng.internal.Utils - [Utils] MethodGroupsHelper.sortMethods() took 0 ms.
2026-04-23 13:37:32 INFO  org.testng.internal.Utils - [Utils] MethodGroupsHelper.collectMethodsByGroup() took 0 ms.
2026-04-23 13:37:32 INFO  org.testng.internal.Utils - [Utils] MethodGroupsHelper.sortMethods() took 0 ms.
2026-04-23 13:37:32 INFO  org.testng.internal.Utils - [Utils] MethodGroupsHelper.collectMethodsByGroup() took 0 ms.
2026-04-23 13:37:32 INFO  org.testng.internal.Utils - [Utils] MethodGroupsHelper.sortMethods() took 0 ms.
2026-04-23 13:37:32 INFO  org.testng.internal.Utils - [Utils] MethodGroupsHelper.collectMethodsByGroup() took 0 ms.
2026-04-23 13:37:32 INFO  org.testng.internal.Utils - [Utils] MethodGroupsHelper.sortMethods() took 0 ms.
2026-04-23 13:37:32 INFO  org.testng.internal.Utils - [Utils] MethodGroupsHelper.collectMethodsByGroup() took 0 ms.
2026-04-23 13:37:32 INFO  org.testng.internal.Utils - [Utils] MethodGroupsHelper.sortMethods() took 0 ms.
2026-04-23 13:37:32 INFO  org.testng.internal.Utils - [Utils] MethodGroupsHelper.collectMethodsByGroup() took 2 ms.
2026-04-23 13:37:32 INFO  org.testng.internal.Utils - [Utils] MethodGroupsHelper.sortMethods() took 0 ms.
2026-04-23 13:37:32 INFO  org.testng.internal.Utils - [Utils] MethodGroupsHelper.collectMethodsByGroup() took 0 ms.
2026-04-23 13:37:32 INFO  org.testng.internal.Utils - [Utils] MethodGroupsHelper.sortMethods() took 0 ms.
2026-04-23 13:37:32 INFO  org.testng.internal.Utils - [Utils] MethodGroupsHelper.collectMethodsByGroup() took 0 ms.
2026-04-23 13:37:32 INFO  org.testng.internal.Utils - [Utils] MethodGroupsHelper.sortMethods() took 0 ms.
2026-04-23 13:37:32 INFO  org.testng.internal.Utils - [TestNG] Running:
  C:\Users\Rahul\AppData\Local\Temp\testng-eclipse-1640004977\testng-customsuite.xml

2026-04-23 13:37:32 INFO  org.testng.internal.Utils - [Utils] DynamicGraphHelper.createDynamicGraph() took 3 ms.
2026-04-23 13:37:33 INFO  Hooks.Hooks - Browser is opened..!
2026-04-23 13:37:36 INFO  Hooks.Hooks - url is launched..!
2026-04-23 13:37:37 INFO  Hooks.Hooks - Driver is Quit successfully....!
2026-04-23 13:37:37 INFO  Hooks.Hooks - Browser is opened..!
2026-04-23 13:37:39 INFO  Hooks.Hooks - url is launched..!
2026-04-23 13:37:42 INFO  Hooks.Hooks - Driver is Quit successfully....!
2026-04-23 13:37:43 INFO  Hooks.Hooks - Browser is opened..!
2026-04-23 13:37:46 INFO  Hooks.Hooks - url is launched..!
2026-04-23 13:37:47 INFO  Hooks.Hooks - Driver is Quit successfully....!
2026-04-23 13:37:48 INFO  Hooks.Hooks - Browser is opened..!
2026-04-23 13:37:51 INFO  Hooks.Hooks - url is launched..!
2026-04-23 13:37:51 INFO  Hooks.Hooks - Driver is Quit successfully....!
2026-04-23 13:37:52 INFO  Hooks.Hooks - Browser is opened..!
2026-04-23 13:37:55 INFO  Hooks.Hooks - url is launched..!
2026-04-23 13:37:57 INFO  Hooks.Hooks - Driver is Quit successfully....!
2026-04-23 13:37:58 INFO  Hooks.Hooks - Browser is opened..!
2026-04-23 13:38:02 INFO  Hooks.Hooks - url is launched..!
2026-04-23 13:38:05 INFO  Hooks.Hooks - Driver is Quit successfully....!
2026-04-23 13:38:06 INFO  Hooks.Hooks - Browser is opened..!
2026-04-23 13:38:09 INFO  Hooks.Hooks - url is launched..!
2026-04-23 13:38:12 INFO  Hooks.Hooks - Driver is Quit successfully....!
2026-04-23 13:38:13 INFO  Hooks.Hooks - Browser is opened..!
2026-04-23 13:38:16 INFO  Hooks.Hooks - url is launched..!
2026-04-23 13:38:18 INFO  Hooks.Hooks - Driver is Quit successfully....!
2026-04-23 13:38:19 INFO  Hooks.Hooks - Browser is opened..!
2026-04-23 13:38:19 INFO  Hooks.Hooks - url is launched..!
2026-04-23 13:38:24 INFO  Hooks.Hooks - Driver is Quit successfully....!
2026-04-23 13:38:25 INFO  Hooks.Hooks - Browser is opened..!
2026-04-23 13:38:28 INFO  Hooks.Hooks - url is launched..!
2026-04-23 13:38:30 INFO  Hooks.Hooks - Driver is Quit successfully....!
2026-04-23 13:38:30 INFO  Hooks.Hooks - Browser is opened..!
2026-04-23 13:38:33 INFO  Hooks.Hooks - url is launched..!
2026-04-23 13:38:35 INFO  Hooks.Hooks - Driver is Quit successfully....!
2026-04-23 13:38:36 INFO  Hooks.Hooks - Browser is opened..!
2026-04-23 13:38:38 INFO  Hooks.Hooks - url is launched..!
2026-04-23 13:38:41 INFO  Hooks.Hooks - Driver is Quit successfully....!
2026-04-23 13:38:41 INFO  Hooks.Hooks - Browser is opened..!
2026-04-23 13:38:44 INFO  Hooks.Hooks - url is launched..!
2026-04-23 13:38:47 INFO  Hooks.Hooks - Driver is Quit successfully....!
2026-04-23 13:38:47 INFO  Hooks.Hooks - Browser is opened..!
2026-04-23 13:38:51 INFO  Hooks.Hooks - url is launched..!
2026-04-23 13:38:53 INFO  Hooks.Hooks - Driver is Quit successfully....!
2026-04-23 13:38:53 INFO  Hooks.Hooks - Browser is opened..!
2026-04-23 13:38:56 INFO  Hooks.Hooks - url is launched..!
2026-04-23 13:38:59 INFO  Hooks.Hooks - Driver is Quit successfully....!
2026-04-23 13:38:59 INFO  Hooks.Hooks - Browser is opened..!
2026-04-23 13:39:02 INFO  Hooks.Hooks - url is launched..!
2026-04-23 13:39:04 INFO  Hooks.Hooks - Driver is Quit successfully....!
2026-04-23 13:39:05 INFO  Hooks.Hooks - Browser is opened..!
2026-04-23 13:39:11 INFO  Hooks.Hooks - url is launched..!
2026-04-23 13:39:13 INFO  Hooks.Hooks - Driver is Quit successfully....!
2026-04-23 13:39:14 INFO  Hooks.Hooks - Browser is opened..!
2026-04-23 13:39:19 INFO  Hooks.Hooks - url is launched..!
2026-04-23 13:39:24 INFO  Hooks.Hooks - Driver is Quit successfully....!
2026-04-23 13:39:24 INFO  Hooks.Hooks - Browser is opened..!
2026-04-23 13:39:29 INFO  Hooks.Hooks - url is launched..!
2026-04-23 13:39:31 INFO  Hooks.Hooks - Driver is Quit successfully....!
2026-04-23 13:39:32 INFO  Hooks.Hooks - Browser is opened..!
2026-04-23 13:39:35 INFO  Hooks.Hooks - url is launched..!
2026-04-23 13:39:38 INFO  Hooks.Hooks - Driver is Quit successfully....!
2026-04-23 13:39:39 INFO  Hooks.Hooks - Browser is opened..!
2026-04-23 13:39:46 INFO  Hooks.Hooks - url is launched..!
2026-04-23 13:39:47 INFO  Hooks.Hooks - Driver is Quit successfully....!
2026-04-23 13:39:48 INFO  Hooks.Hooks - Browser is opened..!
2026-04-23 13:39:51 INFO  Hooks.Hooks - url is launched..!
2026-04-23 13:39:52 INFO  Hooks.Hooks - Driver is Quit successfully....!
2026-04-23 13:39:52 INFO  Hooks.Hooks - Browser is opened..!
2026-04-23 13:39:57 INFO  Hooks.Hooks - url is launched..!
2026-04-23 13:39:58 INFO  Hooks.Hooks - Driver is Quit successfully....!
2026-04-23 13:39:58 INFO  org.testng.internal.Utils - [TestNG] Time taken by org.testng.reporters.jq.Main@403f7aa2: 34 ms
2026-04-23 13:39:58 INFO  org.testng.internal.Utils - [TestNG] Time taken by org.testng.reporters.FailedReporter@459bf87c: 11 ms
2026-04-23 13:39:58 INFO  org.testng.internal.Utils - [TestNG] Time taken by org.testng.reporters.XMLReporter@6697f3d: 12 ms
2026-04-23 13:39:58 INFO  org.testng.internal.Utils - [TestNG] Time taken by org.testng.reporters.EmailableReporter2@67a6a2d0: 9 ms
2026-04-23 13:39:58 INFO  org.testng.internal.Utils - [TestNG] Time taken by org.testng.reporters.JUnitReportReporter@40a28bda: 8 ms
2026-04-23 13:39:58 INFO  org.testng.internal.Utils - [TestNG] Time taken by org.testng.internal.ExitCodeListener@592cb470: 0 ms
2026-04-23 13:42:23 DEBUG org.testng.TestNG - suiteXmlPath: "C:\Users\Rahul\AppData\Local\Temp\testng-eclipse--1956614061\testng-customsuite.xml"
2026-04-23 13:42:23 INFO  org.testng.internal.Utils - [Utils] MethodGroupsHelper.collectMethodsByGroup() took 0 ms.
2026-04-23 13:42:23 INFO  org.testng.internal.Utils - [Utils] MethodGroupsHelper.sortMethods() took 1 ms.
2026-04-23 13:42:23 INFO  org.testng.internal.Utils - [Utils] MethodGroupsHelper.collectMethodsByGroup() took 0 ms.
2026-04-23 13:42:23 INFO  org.testng.internal.Utils - [Utils] MethodGroupsHelper.sortMethods() took 0 ms.
2026-04-23 13:42:23 INFO  org.testng.internal.Utils - [Utils] MethodGroupsHelper.collectMethodsByGroup() took 0 ms.
2026-04-23 13:42:23 INFO  org.testng.internal.Utils - [Utils] MethodGroupsHelper.sortMethods() took 0 ms.
2026-04-23 13:42:23 INFO  org.testng.internal.Utils - [Utils] MethodGroupsHelper.collectMethodsByGroup() took 0 ms.
2026-04-23 13:42:23 INFO  org.testng.internal.Utils - [Utils] MethodGroupsHelper.sortMethods() took 0 ms.
2026-04-23 13:42:23 INFO  org.testng.internal.Utils - [Utils] MethodGroupsHelper.collectMethodsByGroup() took 0 ms.
2026-04-23 13:42:23 INFO  org.testng.internal.Utils - [Utils] MethodGroupsHelper.sortMethods() took 8 ms.
2026-04-23 13:42:23 INFO  org.testng.internal.Utils - [Utils] MethodGroupsHelper.collectMethodsByGroup() took 0 ms.
2026-04-23 13:42:23 INFO  org.testng.internal.Utils - [Utils] MethodGroupsHelper.sortMethods() took 0 ms.
2026-04-23 13:42:23 INFO  org.testng.internal.Utils - [Utils] MethodGroupsHelper.collectMethodsByGroup() took 0 ms.
2026-04-23 13:42:23 INFO  org.testng.internal.Utils - [Utils] MethodGroupsHelper.sortMethods() took 0 ms.
2026-04-23 13:42:23 INFO  org.testng.internal.Utils - [Utils] MethodGroupsHelper.collectMethodsByGroup() took 0 ms.
2026-04-23 13:42:23 INFO  org.testng.internal.Utils - [Utils] MethodGroupsHelper.sortMethods() took 0 ms.
2026-04-23 13:42:23 INFO  org.testng.internal.Utils - [Utils] MethodGroupsHelper.collectMethodsByGroup() took 0 ms.
2026-04-23 13:42:23 INFO  org.testng.internal.Utils - [Utils] MethodGroupsHelper.sortMethods() took 0 ms.
2026-04-23 13:42:23 INFO  org.testng.internal.Utils - [Utils] MethodGroupsHelper.collectMethodsByGroup() took 0 ms.
2026-04-23 13:42:23 INFO  org.testng.internal.Utils - [Utils] MethodGroupsHelper.sortMethods() took 0 ms.
2026-04-23 13:42:23 INFO  org.testng.internal.Utils - [Utils] MethodGroupsHelper.collectMethodsByGroup() took 0 ms.
2026-04-23 13:42:23 INFO  org.testng.internal.Utils - [Utils] MethodGroupsHelper.sortMethods() took 1 ms.
2026-04-23 13:42:23 INFO  org.testng.internal.Utils - [Utils] MethodGroupsHelper.collectMethodsByGroup() took 0 ms.
2026-04-23 13:42:23 INFO  org.testng.internal.Utils - [Utils] MethodGroupsHelper.sortMethods() took 0 ms.
2026-04-23 13:42:23 INFO  org.testng.internal.Utils - [Utils] MethodGroupsHelper.collectMethodsByGroup() took 5 ms.
2026-04-23 13:42:23 INFO  org.testng.internal.Utils - [Utils] MethodGroupsHelper.sortMethods() took 0 ms.
2026-04-23 13:42:23 INFO  org.testng.internal.Utils - [Utils] MethodGroupsHelper.collectMethodsByGroup() took 0 ms.
2026-04-23 13:42:23 INFO  org.testng.internal.Utils - [Utils] MethodGroupsHelper.sortMethods() took 0 ms.
2026-04-23 13:42:23 INFO  org.testng.internal.Utils - [Utils] MethodGroupsHelper.collectMethodsByGroup() took 0 ms.
2026-04-23 13:42:23 INFO  org.testng.internal.Utils - [Utils] MethodGroupsHelper.sortMethods() took 0 ms.
2026-04-23 13:42:23 INFO  org.testng.internal.Utils - [TestNG] Running:
  C:\Users\Rahul\AppData\Local\Temp\testng-eclipse--1956614061\testng-customsuite.xml

2026-04-23 13:42:23 INFO  org.testng.internal.Utils - [Utils] DynamicGraphHelper.createDynamicGraph() took 1 ms.
2026-04-23 13:42:25 INFO  Hooks.Hooks - Browser is opened..!
2026-04-23 13:42:27 INFO  Hooks.Hooks - url is launched..!
2026-04-23 13:42:28 INFO  Hooks.Hooks - Driver is Quit successfully....!
2026-04-23 13:42:29 INFO  Hooks.Hooks - Browser is opened..!
2026-04-23 13:43:00 INFO  Hooks.Hooks - url is launched..!
2026-04-23 13:43:03 INFO  Hooks.Hooks - Driver is Quit successfully....!
2026-04-23 13:43:03 INFO  Hooks.Hooks - Browser is opened..!
2026-04-23 13:43:07 INFO  Hooks.Hooks - url is launched..!
2026-04-23 13:43:09 INFO  Hooks.Hooks - Driver is Quit successfully....!
2026-04-23 13:43:10 INFO  Hooks.Hooks - Browser is opened..!
2026-04-23 13:43:14 INFO  Hooks.Hooks - url is launched..!
2026-04-23 13:43:14 INFO  Hooks.Hooks - Driver is Quit successfully....!
2026-04-23 13:43:15 INFO  Hooks.Hooks - Browser is opened..!
2026-04-23 13:43:20 INFO  Hooks.Hooks - url is launched..!
2026-04-23 13:43:22 INFO  Hooks.Hooks - Driver is Quit successfully....!
2026-04-23 13:43:23 INFO  Hooks.Hooks - Browser is opened..!
2026-04-23 13:43:26 INFO  Hooks.Hooks - url is launched..!
2026-04-23 13:43:29 INFO  Hooks.Hooks - Driver is Quit successfully....!
2026-04-23 13:43:30 INFO  Hooks.Hooks - Browser is opened..!
2026-04-23 13:43:34 INFO  Hooks.Hooks - url is launched..!
2026-04-23 13:43:37 INFO  Hooks.Hooks - Driver is Quit successfully....!
2026-04-23 13:43:38 INFO  Hooks.Hooks - Browser is opened..!
2026-04-23 13:43:41 INFO  Hooks.Hooks - url is launched..!
2026-04-23 13:43:43 INFO  Hooks.Hooks - Driver is Quit successfully....!
2026-04-23 13:43:44 INFO  Hooks.Hooks - Browser is opened..!
2026-04-23 13:43:47 INFO  Hooks.Hooks - url is launched..!
2026-04-23 13:43:50 INFO  Hooks.Hooks - Driver is Quit successfully....!
2026-04-23 13:43:50 INFO  Hooks.Hooks - Browser is opened..!
2026-04-23 13:43:53 INFO  Hooks.Hooks - url is launched..!
2026-04-23 13:43:55 INFO  Hooks.Hooks - Driver is Quit successfully....!
2026-04-23 13:43:56 INFO  Hooks.Hooks - Browser is opened..!
2026-04-23 13:43:58 INFO  Hooks.Hooks - url is launched..!
2026-04-23 13:44:01 INFO  Hooks.Hooks - Driver is Quit successfully....!
2026-04-23 13:44:02 INFO  Hooks.Hooks - Browser is opened..!
2026-04-23 13:44:04 INFO  Hooks.Hooks - url is launched..!
2026-04-23 13:44:07 INFO  Hooks.Hooks - Driver is Quit successfully....!
2026-04-23 13:44:08 INFO  Hooks.Hooks - Browser is opened..!
2026-04-23 13:44:11 INFO  Hooks.Hooks - url is launched..!
2026-04-23 13:44:13 INFO  Hooks.Hooks - Driver is Quit successfully....!
2026-04-23 13:44:14 INFO  Hooks.Hooks - Browser is opened..!
2026-04-23 13:44:17 INFO  Hooks.Hooks - url is launched..!
2026-04-23 13:44:19 INFO  Hooks.Hooks - Driver is Quit successfully....!
2026-04-23 13:44:20 INFO  Hooks.Hooks - Browser is opened..!
2026-04-23 13:44:21 INFO  Hooks.Hooks - url is launched..!
2026-04-23 13:44:24 INFO  Hooks.Hooks - Driver is Quit successfully....!
2026-04-23 13:44:25 INFO  Hooks.Hooks - Browser is opened..!
2026-04-23 13:44:28 INFO  Hooks.Hooks - url is launched..!
2026-04-23 13:44:30 INFO  Hooks.Hooks - Driver is Quit successfully....!
2026-04-23 13:44:31 INFO  Hooks.Hooks - Browser is opened..!
2026-04-23 13:44:34 INFO  Hooks.Hooks - url is launched..!
2026-04-23 13:44:36 INFO  Hooks.Hooks - Driver is Quit successfully....!
2026-04-23 13:44:37 INFO  Hooks.Hooks - Browser is opened..!
2026-04-23 13:44:40 INFO  Hooks.Hooks - url is launched..!
2026-04-23 13:44:44 INFO  Hooks.Hooks - Driver is Quit successfully....!
2026-04-23 13:44:44 INFO  Hooks.Hooks - Browser is opened..!
2026-04-23 13:44:48 INFO  Hooks.Hooks - url is launched..!
2026-04-23 13:44:51 INFO  Hooks.Hooks - Driver is Quit successfully....!
2026-04-23 13:44:52 INFO  Hooks.Hooks - Browser is opened..!
2026-04-23 13:44:55 INFO  Hooks.Hooks - url is launched..!
2026-04-23 13:44:58 INFO  Hooks.Hooks - Driver is Quit successfully....!
2026-04-23 13:44:58 INFO  Hooks.Hooks - Browser is opened..!
2026-04-23 13:45:00 INFO  Hooks.Hooks - url is launched..!
2026-04-23 13:45:05 INFO  Hooks.Hooks - Driver is Quit successfully....!
2026-04-23 13:45:06 INFO  Hooks.Hooks - Browser is opened..!
2026-04-23 13:45:07 INFO  Hooks.Hooks - url is launched..!
2026-04-23 13:45:09 INFO  Hooks.Hooks - Driver is Quit successfully....!
2026-04-23 13:45:10 INFO  Hooks.Hooks - Browser is opened..!
2026-04-23 13:45:12 INFO  Hooks.Hooks - url is launched..!
2026-04-23 13:45:42 INFO  Hooks.Hooks - Driver is Quit successfully....!
2026-04-23 13:45:42 INFO  org.testng.internal.Utils - [TestNG] Time taken by org.testng.reporters.jq.Main@388e4c25: 31 ms
2026-04-23 13:45:42 INFO  org.testng.internal.Utils - [TestNG] Time taken by org.testng.reporters.FailedReporter@a6fc1bc: 12 ms
2026-04-23 13:45:42 INFO  org.testng.internal.Utils - [TestNG] Time taken by org.testng.reporters.XMLReporter@2c02a007: 12 ms
2026-04-23 13:45:42 INFO  org.testng.internal.Utils - [TestNG] Time taken by org.testng.reporters.EmailableReporter2@4c02899: 7 ms
2026-04-23 13:45:42 INFO  org.testng.internal.Utils - [TestNG] Time taken by org.testng.reporters.JUnitReportReporter@3c9ef37b: 8 ms
2026-04-23 13:45:42 INFO  org.testng.internal.Utils - [TestNG] Time taken by org.testng.internal.ExitCodeListener@4888425d: 0 ms
2026-04-23 13:48:55 DEBUG org.testng.TestNG - suiteXmlPath: "C:\Users\Rahul\AppData\Local\Temp\testng-eclipse--734082915\testng-customsuite.xml"
2026-04-23 13:48:56 INFO  org.testng.internal.Utils - [Utils] MethodGroupsHelper.collectMethodsByGroup() took 0 ms.
2026-04-23 13:48:56 INFO  org.testng.internal.Utils - [Utils] MethodGroupsHelper.sortMethods() took 1 ms.
2026-04-23 13:48:56 INFO  org.testng.internal.Utils - [Utils] MethodGroupsHelper.collectMethodsByGroup() took 0 ms.
2026-04-23 13:48:56 INFO  org.testng.internal.Utils - [Utils] MethodGroupsHelper.sortMethods() took 0 ms.
2026-04-23 13:48:56 INFO  org.testng.internal.Utils - [Utils] MethodGroupsHelper.collectMethodsByGroup() took 0 ms.
2026-04-23 13:48:56 INFO  org.testng.internal.Utils - [Utils] MethodGroupsHelper.sortMethods() took 0 ms.
2026-04-23 13:48:56 INFO  org.testng.internal.Utils - [Utils] MethodGroupsHelper.collectMethodsByGroup() took 0 ms.
2026-04-23 13:48:56 INFO  org.testng.internal.Utils - [Utils] MethodGroupsHelper.sortMethods() took 0 ms.
2026-04-23 13:48:56 INFO  org.testng.internal.Utils - [Utils] MethodGroupsHelper.collectMethodsByGroup() took 0 ms.
2026-04-23 13:48:56 INFO  org.testng.internal.Utils - [Utils] MethodGroupsHelper.sortMethods() took 6 ms.
2026-04-23 13:48:56 INFO  org.testng.internal.Utils - [Utils] MethodGroupsHelper.collectMethodsByGroup() took 0 ms.
2026-04-23 13:48:56 INFO  org.testng.internal.Utils - [Utils] MethodGroupsHelper.sortMethods() took 0 ms.
2026-04-23 13:48:56 INFO  org.testng.internal.Utils - [Utils] MethodGroupsHelper.collectMethodsByGroup() took 0 ms.
2026-04-23 13:48:56 INFO  org.testng.internal.Utils - [Utils] MethodGroupsHelper.sortMethods() took 0 ms.
2026-04-23 13:48:56 INFO  org.testng.internal.Utils - [Utils] MethodGroupsHelper.collectMethodsByGroup() took 0 ms.
2026-04-23 13:48:56 INFO  org.testng.internal.Utils - [Utils] MethodGroupsHelper.sortMethods() took 0 ms.
2026-04-23 13:48:56 INFO  org.testng.internal.Utils - [Utils] MethodGroupsHelper.collectMethodsByGroup() took 0 ms.
2026-04-23 13:48:56 INFO  org.testng.internal.Utils - [Utils] MethodGroupsHelper.sortMethods() took 0 ms.
2026-04-23 13:48:56 INFO  org.testng.internal.Utils - [Utils] MethodGroupsHelper.collectMethodsByGroup() took 0 ms.
2026-04-23 13:48:56 INFO  org.testng.internal.Utils - [Utils] MethodGroupsHelper.sortMethods() took 0 ms.
2026-04-23 13:48:56 INFO  org.testng.internal.Utils - [Utils] MethodGroupsHelper.collectMethodsByGroup() took 0 ms.
2026-04-23 13:48:56 INFO  org.testng.internal.Utils - [Utils] MethodGroupsHelper.sortMethods() took 0 ms.
2026-04-23 13:48:56 INFO  org.testng.internal.Utils - [Utils] MethodGroupsHelper.collectMethodsByGroup() took 0 ms.
2026-04-23 13:48:56 INFO  org.testng.internal.Utils - [Utils] MethodGroupsHelper.sortMethods() took 0 ms.
2026-04-23 13:48:56 INFO  org.testng.internal.Utils - [Utils] MethodGroupsHelper.collectMethodsByGroup() took 5 ms.
2026-04-23 13:48:56 INFO  org.testng.internal.Utils - [Utils] MethodGroupsHelper.sortMethods() took 0 ms.
2026-04-23 13:48:56 INFO  org.testng.internal.Utils - [Utils] MethodGroupsHelper.collectMethodsByGroup() took 0 ms.
2026-04-23 13:48:56 INFO  org.testng.internal.Utils - [Utils] MethodGroupsHelper.sortMethods() took 0 ms.
2026-04-23 13:48:56 INFO  org.testng.internal.Utils - [Utils] MethodGroupsHelper.collectMethodsByGroup() took 0 ms.
2026-04-23 13:48:56 INFO  org.testng.internal.Utils - [Utils] MethodGroupsHelper.sortMethods() took 0 ms.
2026-04-23 13:48:56 INFO  org.testng.internal.Utils - [TestNG] Running:
  C:\Users\Rahul\AppData\Local\Temp\testng-eclipse--734082915\testng-customsuite.xml

2026-04-23 13:48:56 INFO  org.testng.internal.Utils - [Utils] DynamicGraphHelper.createDynamicGraph() took 3 ms.
2026-04-23 13:48:56 WARN  org.testng.internal.Utils - The test method 'io.cucumber.testng.AbstractTestNGCucumberTests.runScenario' will be skipped since its data provider 'scenarios' returned an empty array or iterator. 
2026-04-23 13:48:56 INFO  org.testng.internal.Utils - [TestNG] Time taken by org.testng.reporters.jq.Main@7923f5b3: 27 ms
2026-04-23 13:48:56 INFO  org.testng.internal.Utils - [TestNG] Time taken by org.testng.reporters.FailedReporter@30b2b76f: 1 ms
2026-04-23 13:48:56 INFO  org.testng.internal.Utils - [TestNG] Time taken by org.testng.reporters.XMLReporter@4443ef6f: 7 ms
2026-04-23 13:48:56 INFO  org.testng.internal.Utils - [TestNG] Time taken by org.testng.reporters.EmailableReporter2@79a1728c: 6 ms
2026-04-23 13:48:56 INFO  org.testng.internal.Utils - [TestNG] Time taken by org.testng.reporters.JUnitReportReporter@52fc5eb1: 5 ms
2026-04-23 13:48:56 INFO  org.testng.internal.Utils - [TestNG] Time taken by org.testng.internal.ExitCodeListener@7a639ec5: 0 ms
2026-04-23 13:50:03 DEBUG org.testng.TestNG - suiteXmlPath: "C:\Users\Rahul\AppData\Local\Temp\testng-eclipse--295225627\testng-customsuite.xml"
2026-04-23 13:50:03 INFO  org.testng.internal.Utils - [Utils] MethodGroupsHelper.collectMethodsByGroup() took 0 ms.
2026-04-23 13:50:03 INFO  org.testng.internal.Utils - [Utils] MethodGroupsHelper.sortMethods() took 1 ms.
2026-04-23 13:50:03 INFO  org.testng.internal.Utils - [Utils] MethodGroupsHelper.collectMethodsByGroup() took 0 ms.
2026-04-23 13:50:03 INFO  org.testng.internal.Utils - [Utils] MethodGroupsHelper.sortMethods() took 0 ms.
2026-04-23 13:50:03 INFO  org.testng.internal.Utils - [Utils] MethodGroupsHelper.collectMethodsByGroup() took 0 ms.
2026-04-23 13:50:03 INFO  org.testng.internal.Utils - [Utils] MethodGroupsHelper.sortMethods() took 0 ms.
2026-04-23 13:50:03 INFO  org.testng.internal.Utils - [Utils] MethodGroupsHelper.collectMethodsByGroup() took 0 ms.
2026-04-23 13:50:03 INFO  org.testng.internal.Utils - [Utils] MethodGroupsHelper.sortMethods() took 0 ms.
2026-04-23 13:50:03 INFO  org.testng.internal.Utils - [Utils] MethodGroupsHelper.collectMethodsByGroup() took 0 ms.
2026-04-23 13:50:03 INFO  org.testng.internal.Utils - [Utils] MethodGroupsHelper.sortMethods() took 6 ms.
2026-04-23 13:50:03 INFO  org.testng.internal.Utils - [Utils] MethodGroupsHelper.collectMethodsByGroup() took 0 ms.
2026-04-23 13:50:03 INFO  org.testng.internal.Utils - [Utils] MethodGroupsHelper.sortMethods() took 0 ms.
2026-04-23 13:50:03 INFO  org.testng.internal.Utils - [Utils] MethodGroupsHelper.collectMethodsByGroup() took 0 ms.
2026-04-23 13:50:03 INFO  org.testng.internal.Utils - [Utils] MethodGroupsHelper.sortMethods() took 0 ms.
2026-04-23 13:50:03 INFO  org.testng.internal.Utils - [Utils] MethodGroupsHelper.collectMethodsByGroup() took 0 ms.
2026-04-23 13:50:03 INFO  org.testng.internal.Utils - [Utils] MethodGroupsHelper.sortMethods() took 0 ms.
2026-04-23 13:50:03 INFO  org.testng.internal.Utils - [Utils] MethodGroupsHelper.collectMethodsByGroup() took 0 ms.
2026-04-23 13:50:03 INFO  org.testng.internal.Utils - [Utils] MethodGroupsHelper.sortMethods() took 0 ms.
2026-04-23 13:50:03 INFO  org.testng.internal.Utils - [Utils] MethodGroupsHelper.collectMethodsByGroup() took 0 ms.
2026-04-23 13:50:03 INFO  org.testng.internal.Utils - [Utils] MethodGroupsHelper.sortMethods() took 0 ms.
2026-04-23 13:50:03 INFO  org.testng.internal.Utils - [Utils] MethodGroupsHelper.collectMethodsByGroup() took 0 ms.
2026-04-23 13:50:03 INFO  org.testng.internal.Utils - [Utils] MethodGroupsHelper.sortMethods() took 0 ms.
2026-04-23 13:50:03 INFO  org.testng.internal.Utils - [Utils] MethodGroupsHelper.collectMethodsByGroup() took 0 ms.
2026-04-23 13:50:03 INFO  org.testng.internal.Utils - [Utils] MethodGroupsHelper.sortMethods() took 0 ms.
2026-04-23 13:50:03 INFO  org.testng.internal.Utils - [Utils] MethodGroupsHelper.collectMethodsByGroup() took 4 ms.
2026-04-23 13:50:03 INFO  org.testng.internal.Utils - [Utils] MethodGroupsHelper.sortMethods() took 0 ms.
2026-04-23 13:50:03 INFO  org.testng.internal.Utils - [Utils] MethodGroupsHelper.collectMethodsByGroup() took 0 ms.
2026-04-23 13:50:03 INFO  org.testng.internal.Utils - [Utils] MethodGroupsHelper.sortMethods() took 0 ms.
2026-04-23 13:50:03 INFO  org.testng.internal.Utils - [Utils] MethodGroupsHelper.collectMethodsByGroup() took 0 ms.
2026-04-23 13:50:03 INFO  org.testng.internal.Utils - [Utils] MethodGroupsHelper.sortMethods() took 0 ms.
2026-04-23 13:50:03 INFO  org.testng.internal.Utils - [TestNG] Running:
  C:\Users\Rahul\AppData\Local\Temp\testng-eclipse--295225627\testng-customsuite.xml

2026-04-23 13:50:03 INFO  org.testng.internal.Utils - [Utils] DynamicGraphHelper.createDynamicGraph() took 2 ms.
2026-04-23 13:50:05 INFO  Hooks.Hooks - Browser is opened..!
2026-04-23 13:50:08 INFO  Hooks.Hooks - url is launched..!
2026-04-23 13:50:08 INFO  StepDefinations.ProductListingPageStep - Searching product: Tshirts
2026-04-23 13:50:11 INFO  StepDefinations.ProductListingPageStep - Checking products visibility on PLP
2026-04-23 13:50:11 INFO  StepDefinations.ProductListingPageStep - Product count: 481240
2026-04-23 13:50:11 INFO  Hooks.Hooks - Driver is Quit successfully....!
2026-04-23 13:50:12 INFO  Hooks.Hooks - Browser is opened..!
2026-04-23 13:50:18 INFO  Hooks.Hooks - url is launched..!
2026-04-23 13:50:18 INFO  StepDefinations.ProductListingPageStep - Searching product: Tshirts
2026-04-23 13:50:20 INFO  Hooks.Hooks - Driver is Quit successfully....!
2026-04-23 13:50:21 INFO  Hooks.Hooks - Browser is opened..!
2026-04-23 13:50:25 INFO  Hooks.Hooks - url is launched..!
2026-04-23 13:50:25 INFO  StepDefinations.ProductListingPageStep - Searching product: Tshirts
2026-04-23 13:50:28 INFO  Hooks.Hooks - Driver is Quit successfully....!
2026-04-23 13:50:28 INFO  Hooks.Hooks - Browser is opened..!
2026-04-23 13:50:33 INFO  Hooks.Hooks - url is launched..!
2026-04-23 13:50:33 INFO  StepDefinations.ProductListingPageStep - Searching product: Tshirts
2026-04-23 13:50:38 INFO  Hooks.Hooks - Driver is Quit successfully....!
2026-04-23 13:50:39 INFO  Hooks.Hooks - Browser is opened..!
2026-04-23 13:50:44 INFO  Hooks.Hooks - url is launched..!
2026-04-23 13:50:44 INFO  StepDefinations.ProductListingPageStep - Searching product: Tshirts
2026-04-23 13:50:51 INFO  Hooks.Hooks - Driver is Quit successfully....!
2026-04-23 13:50:52 INFO  Hooks.Hooks - Browser is opened..!
2026-04-23 13:50:53 INFO  Hooks.Hooks - url is launched..!
2026-04-23 13:50:53 INFO  StepDefinations.ProductListingPageStep - Searching product: Tshirts
2026-04-23 13:51:01 INFO  Hooks.Hooks - Driver is Quit successfully....!
2026-04-23 13:51:02 INFO  Hooks.Hooks - Browser is opened..!
2026-04-23 13:51:07 INFO  Hooks.Hooks - url is launched..!
2026-04-23 13:51:07 INFO  StepDefinations.ProductListingPageStep - Searching product: Tshirts
2026-04-23 13:51:11 INFO  Hooks.Hooks - Driver is Quit successfully....!
2026-04-23 13:51:11 INFO  Hooks.Hooks - Browser is opened..!
2026-04-23 13:51:17 INFO  Hooks.Hooks - url is launched..!
2026-04-23 13:51:17 INFO  StepDefinations.ProductListingPageStep - Searching product: Tshirts
2026-04-23 13:51:21 INFO  Hooks.Hooks - Driver is Quit successfully....!
2026-04-23 13:51:22 INFO  Hooks.Hooks - Browser is opened..!
2026-04-23 13:51:25 INFO  Hooks.Hooks - url is launched..!
2026-04-23 13:51:25 INFO  StepDefinations.ProductListingPageStep - Searching product: Tshirts
2026-04-23 13:51:28 INFO  Hooks.Hooks - Driver is Quit successfully....!
2026-04-23 13:51:29 INFO  Hooks.Hooks - Browser is opened..!
2026-04-23 13:51:31 INFO  Hooks.Hooks - url is launched..!
2026-04-23 13:51:31 INFO  StepDefinations.ProductListingPageStep - Searching product: Tshirts
2026-04-23 13:51:33 INFO  Hooks.Hooks - Driver is Quit successfully....!
2026-04-23 13:51:34 INFO  Hooks.Hooks - Browser is opened..!
2026-04-23 13:51:36 INFO  Hooks.Hooks - url is launched..!
2026-04-23 13:51:36 INFO  StepDefinations.ProductListingPageStep - Searching product: Tshirts
2026-04-23 13:51:39 INFO  Hooks.Hooks - Driver is Quit successfully....!
2026-04-23 13:51:40 INFO  Hooks.Hooks - Browser is opened..!
2026-04-23 13:51:43 INFO  Hooks.Hooks - url is launched..!
2026-04-23 13:51:43 INFO  StepDefinations.ProductListingPageStep - Searching product: Tshirts
2026-04-23 13:51:45 INFO  Hooks.Hooks - Driver is Quit successfully....!
2026-04-23 13:51:46 INFO  Hooks.Hooks - Browser is opened..!
2026-04-23 13:51:47 INFO  Hooks.Hooks - url is launched..!
2026-04-23 13:51:47 INFO  StepDefinations.ProductListingPageStep - Searching product: Tshirts
2026-04-23 13:51:50 INFO  Hooks.Hooks - Driver is Quit successfully....!
2026-04-23 13:51:51 INFO  Hooks.Hooks - Browser is opened..!
2026-04-23 13:51:54 INFO  Hooks.Hooks - url is launched..!
2026-04-23 13:51:54 INFO  StepDefinations.ProductListingPageStep - Searching product: Tshirts
2026-04-23 13:51:59 INFO  Hooks.Hooks - Driver is Quit successfully....!
2026-04-23 13:52:00 INFO  Hooks.Hooks - Browser is opened..!
2026-04-23 13:52:03 INFO  Hooks.Hooks - url is launched..!
2026-04-23 13:52:03 INFO  StepDefinations.ProductListingPageStep - Searching product: Tshirts
2026-04-23 13:52:06 INFO  Hooks.Hooks - Driver is Quit successfully....!
2026-04-23 13:52:07 INFO  Hooks.Hooks - Browser is opened..!
2026-04-23 13:52:10 INFO  Hooks.Hooks - url is launched..!
2026-04-23 13:52:10 INFO  StepDefinations.ProductListingPageStep - Searching product: Tshirts
2026-04-23 13:52:12 INFO  Hooks.Hooks - Driver is Quit successfully....!
2026-04-23 13:52:13 INFO  Hooks.Hooks - Browser is opened..!
2026-04-23 13:52:16 INFO  Hooks.Hooks - url is launched..!
2026-04-23 13:52:16 INFO  StepDefinations.ProductListingPageStep - Searching product: Tshirts
2026-04-23 13:52:19 INFO  Hooks.Hooks - Driver is Quit successfully....!
2026-04-23 13:52:20 INFO  Hooks.Hooks - Browser is opened..!
2026-04-23 13:52:23 INFO  Hooks.Hooks - url is launched..!
2026-04-23 13:52:23 INFO  StepDefinations.ProductListingPageStep - Searching product: Tshirts
2026-04-23 13:52:27 INFO  Hooks.Hooks - Driver is Quit successfully....!
2026-04-23 13:52:27 INFO  Hooks.Hooks - Browser is opened..!
2026-04-23 13:52:31 INFO  Hooks.Hooks - url is launched..!
2026-04-23 13:52:31 INFO  StepDefinations.ProductListingPageStep - Searching product: Tshirts
2026-04-23 13:52:35 INFO  Hooks.Hooks - Driver is Quit successfully....!
2026-04-23 13:52:36 INFO  Hooks.Hooks - Browser is opened..!
2026-04-23 13:52:38 INFO  Hooks.Hooks - url is launched..!
2026-04-23 13:52:38 INFO  StepDefinations.ProductListingPageStep - Searching product: Tshirts
2026-04-23 13:52:41 INFO  Hooks.Hooks - Driver is Quit successfully....!
2026-04-23 13:52:42 INFO  Hooks.Hooks - Browser is opened..!
2026-04-23 13:52:45 INFO  Hooks.Hooks - url is launched..!
2026-04-23 13:52:45 INFO  StepDefinations.ProductListingPageStep - Searching product: Tshirts
2026-04-23 13:52:48 INFO  Hooks.Hooks - Driver is Quit successfully....!
2026-04-23 13:52:48 INFO  Hooks.Hooks - Browser is opened..!
2026-04-23 13:52:50 INFO  Hooks.Hooks - url is launched..!
2026-04-23 13:52:50 INFO  StepDefinations.ProductListingPageStep - Searching product: Tshirts
2026-04-23 13:52:53 INFO  Hooks.Hooks - Driver is Quit successfully....!
2026-04-23 13:52:54 INFO  Hooks.Hooks - Browser is opened..!
2026-04-23 13:53:25 INFO  Hooks.Hooks - url is launched..!
2026-04-23 13:53:25 INFO  StepDefinations.ProductListingPageStep - Searching product: Tshirts
2026-04-23 13:53:28 INFO  Hooks.Hooks - Driver is Quit successfully....!
2026-04-23 13:53:29 INFO  Hooks.Hooks - Browser is opened..!
2026-04-23 13:53:32 INFO  Hooks.Hooks - url is launched..!
2026-04-23 13:53:32 INFO  StepDefinations.ProductListingPageStep - Searching product: Tshirts
2026-04-23 13:53:34 INFO  Hooks.Hooks - Driver is Quit successfully....!
2026-04-23 13:53:35 INFO  Hooks.Hooks - Browser is opened..!
2026-04-23 13:53:37 INFO  Hooks.Hooks - url is launched..!
2026-04-23 13:53:37 INFO  StepDefinations.ProductListingPageStep - Searching product: Tshirts
2026-04-23 13:53:40 INFO  Hooks.Hooks - Driver is Quit successfully....!
2026-04-23 13:53:41 INFO  Hooks.Hooks - Browser is opened..!
2026-04-23 13:53:42 INFO  Hooks.Hooks - url is launched..!
2026-04-23 13:53:42 INFO  StepDefinations.ProductListingPageStep - Searching product: Tshirts
2026-04-23 13:53:46 INFO  StepDefinations.ProductListingPageStep - Applying color filter: Grey
2026-04-23 13:53:48 INFO  StepDefinations.ProductListingPageStep - URL after color filter: https://www.myntra.com/tshirts?f=Color%3AGrey_808080&rawQuery=Tshirts
2026-04-23 13:53:48 INFO  Hooks.Hooks - Driver is Quit successfully....!
2026-04-23 13:53:49 INFO  Hooks.Hooks - Browser is opened..!
2026-04-23 13:53:50 INFO  Hooks.Hooks - url is launched..!
2026-04-23 13:53:50 INFO  StepDefinations.ProductListingPageStep - Searching product: Tshirts
2026-04-23 13:53:53 INFO  StepDefinations.ProductListingPageStep - Applying color filter: White
2026-04-23 13:53:54 INFO  StepDefinations.ProductListingPageStep - URL after color filter: https://www.myntra.com/tshirts?f=Color%3AWhite_f2f2f2&rawQuery=Tshirts
2026-04-23 13:53:55 INFO  Hooks.Hooks - Driver is Quit successfully....!
2026-04-23 13:53:55 INFO  Hooks.Hooks - Browser is opened..!
2026-04-23 13:54:00 INFO  Hooks.Hooks - url is launched..!
2026-04-23 13:54:00 INFO  StepDefinations.ProductListingPageStep - Searching product: Tshirts
2026-04-23 13:54:03 INFO  StepDefinations.ProductListingPageStep - Applying color filter: Beige
2026-04-23 13:54:35 INFO  Hooks.Hooks - Driver is Quit successfully....!
2026-04-23 13:54:35 INFO  Hooks.Hooks - Browser is opened..!
2026-04-23 13:54:36 INFO  Hooks.Hooks - url is launched..!
2026-04-23 13:54:36 INFO  StepDefinations.ProductListingPageStep - Searching product: Tshirts
2026-04-23 13:54:43 INFO  StepDefinations.ProductListingPageStep - Applying color filter: Blue
2026-04-23 13:54:44 INFO  StepDefinations.ProductListingPageStep - URL after color filter: https://www.myntra.com/tshirts?f=Color%3ABlue_0074D9&rawQuery=Tshirts
2026-04-23 13:54:45 INFO  Hooks.Hooks - Driver is Quit successfully....!
2026-04-23 13:54:45 INFO  Hooks.Hooks - Browser is opened..!
2026-04-23 13:54:48 INFO  Hooks.Hooks - url is launched..!
2026-04-23 13:54:48 INFO  StepDefinations.ProductListingPageStep - Searching product: Tshirts
2026-04-23 13:54:51 INFO  StepDefinations.ProductListingPageStep - Applying color filter: Black
2026-04-23 13:54:52 INFO  StepDefinations.ProductListingPageStep - URL after color filter: https://www.myntra.com/tshirts?f=Color%3ABlack_36454f&rawQuery=Tshirts
2026-04-23 13:54:53 INFO  Hooks.Hooks - Driver is Quit successfully....!
2026-04-23 13:54:53 INFO  Hooks.Hooks - Browser is opened..!
2026-04-23 13:54:55 INFO  Hooks.Hooks - url is launched..!
2026-04-23 13:54:55 INFO  StepDefinations.ProductListingPageStep - Searching product: Tshirts
2026-04-23 13:54:59 INFO  StepDefinations.ProductListingPageStep - Applying color filter: Brown
2026-04-23 13:55:30 INFO  Hooks.Hooks - Driver is Quit successfully....!
2026-04-23 13:55:31 INFO  Hooks.Hooks - Browser is opened..!
2026-04-23 13:55:33 INFO  Hooks.Hooks - url is launched..!
2026-04-23 13:55:33 INFO  StepDefinations.ProductListingPageStep - Searching product: Tshirts
2026-04-23 13:55:36 INFO  StepDefinations.ProductListingPageStep - Applying color filter: Red
2026-04-23 13:55:37 INFO  StepDefinations.ProductListingPageStep - URL after color filter: https://www.myntra.com/tshirts?f=Color%3ARed_d34b56&rawQuery=Tshirts
2026-04-23 13:55:37 INFO  Hooks.Hooks - Driver is Quit successfully....!
2026-04-23 13:55:38 INFO  Hooks.Hooks - Browser is opened..!
2026-04-23 13:55:41 INFO  Hooks.Hooks - url is launched..!
2026-04-23 13:55:41 INFO  StepDefinations.ProductListingPageStep - Searching product: Tshirts
2026-04-23 13:55:43 INFO  StepDefinations.ProductListingPageStep - Applying color filter: Green
2026-04-23 13:55:45 INFO  StepDefinations.ProductListingPageStep - URL after color filter: https://www.myntra.com/tshirts?f=Color%3AGreen_5eb160&rawQuery=Tshirts
2026-04-23 13:55:45 INFO  Hooks.Hooks - Driver is Quit successfully....!
2026-04-23 13:55:45 INFO  Hooks.Hooks - Browser is opened..!
2026-04-23 13:55:50 INFO  Hooks.Hooks - url is launched..!
2026-04-23 13:55:50 INFO  StepDefinations.ProductListingPageStep - Searching product: Tshirts
2026-04-23 13:55:53 INFO  StepDefinations.ProductListingPageStep - Applying color filter: Multi
2026-04-23 13:56:25 INFO  Hooks.Hooks - Driver is Quit successfully....!
2026-04-23 13:56:25 INFO  Hooks.Hooks - Browser is opened..!
2026-04-23 13:56:28 INFO  Hooks.Hooks - url is launched..!
2026-04-23 13:56:28 INFO  StepDefinations.ProductListingPageStep - Searching product: Tshirts
2026-04-23 13:56:31 INFO  StepDefinations.ProductListingPageStep - Applying color filter: Navy Blue
2026-04-23 13:56:32 INFO  StepDefinations.ProductListingPageStep - URL after color filter: https://www.myntra.com/tshirts?f=Color%3ANavy%20Blue_3c4477&rawQuery=Tshirts
2026-04-23 13:56:32 INFO  Hooks.Hooks - Driver is Quit successfully....!
2026-04-23 13:56:33 INFO  Hooks.Hooks - Browser is opened..!
2026-04-23 13:56:35 INFO  Hooks.Hooks - url is launched..!
2026-04-23 13:56:35 INFO  StepDefinations.ProductListingPageStep - Searching product: Tshirts
2026-04-23 13:56:38 INFO  StepDefinations.ProductListingPageStep - Applying color filter: Pink
2026-04-23 13:57:10 INFO  Hooks.Hooks - Driver is Quit successfully....!
2026-04-23 13:57:11 INFO  Hooks.Hooks - Browser is opened..!
2026-04-23 13:57:14 INFO  Hooks.Hooks - url is launched..!
2026-04-23 13:57:14 INFO  StepDefinations.ProductListingPageStep - Searching product: Tshirts
2026-04-23 13:57:19 INFO  StepDefinations.ProductListingPageStep - Applying color filter: Charcoal
2026-04-23 13:57:50 INFO  Hooks.Hooks - Driver is Quit successfully....!
2026-04-23 13:57:51 INFO  Hooks.Hooks - Browser is opened..!
2026-04-23 13:57:54 INFO  Hooks.Hooks - url is launched..!
2026-04-23 13:57:54 INFO  StepDefinations.ProductListingPageStep - Searching product: Tshirts
2026-04-23 13:57:58 INFO  StepDefinations.ProductListingPageStep - Applying color filter: Olive
2026-04-23 13:58:29 INFO  Hooks.Hooks - Driver is Quit successfully....!
2026-04-23 13:58:30 INFO  Hooks.Hooks - Browser is opened..!
2026-04-23 13:58:32 INFO  Hooks.Hooks - url is launched..!
2026-04-23 13:58:32 INFO  StepDefinations.ProductListingPageStep - Searching product: Tshirts
2026-04-23 13:58:35 INFO  StepDefinations.ProductListingPageStep - Applying color filter: Grey Melange
2026-04-23 13:59:06 INFO  Hooks.Hooks - Driver is Quit successfully....!
2026-04-23 13:59:07 INFO  Hooks.Hooks - Browser is opened..!
2026-04-23 13:59:10 INFO  Hooks.Hooks - url is launched..!
2026-04-23 13:59:10 INFO  StepDefinations.ProductListingPageStep - Searching product: Tshirts
2026-04-23 13:59:13 INFO  StepDefinations.ProductListingPageStep - Applying color filter: Maroon
2026-04-23 13:59:45 INFO  Hooks.Hooks - Driver is Quit successfully....!
2026-04-23 13:59:46 INFO  Hooks.Hooks - Browser is opened..!
2026-04-23 13:59:49 INFO  Hooks.Hooks - url is launched..!
2026-04-23 13:59:49 INFO  StepDefinations.ProductListingPageStep - Searching product: Tshirts
2026-04-23 13:59:52 INFO  StepDefinations.ProductListingPageStep - Applying color filter: Khaki
2026-04-23 14:00:23 INFO  Hooks.Hooks - Driver is Quit successfully....!
2026-04-23 14:00:24 INFO  Hooks.Hooks - Browser is opened..!
2026-04-23 14:00:27 INFO  Hooks.Hooks - url is launched..!
2026-04-23 14:00:27 INFO  StepDefinations.ProductListingPageStep - Searching product: Tshirts
2026-04-23 14:00:31 INFO  StepDefinations.ProductListingPageStep - Applying color filter: Sea Green
2026-04-23 14:01:03 INFO  Hooks.Hooks - Driver is Quit successfully....!
2026-04-23 14:01:03 INFO  Hooks.Hooks - Browser is opened..!
2026-04-23 14:01:06 INFO  Hooks.Hooks - url is launched..!
2026-04-23 14:01:06 INFO  StepDefinations.ProductListingPageStep - Searching product: Tshirts
2026-04-23 14:01:12 INFO  StepDefinations.ProductListingPageStep - Applying color filter: Yellow
2026-04-23 14:01:44 INFO  Hooks.Hooks - Driver is Quit successfully....!
2026-04-23 14:01:45 INFO  Hooks.Hooks - Browser is opened..!
2026-04-23 14:01:53 INFO  Hooks.Hooks - url is launched..!
2026-04-23 14:01:53 INFO  StepDefinations.ProductListingPageStep - Searching product: Tshirts
2026-04-23 14:01:56 INFO  StepDefinations.ProductListingPageStep - Applying color filter: Tan
2026-04-23 14:02:27 INFO  Hooks.Hooks - Driver is Quit successfully....!
2026-04-23 14:02:28 INFO  Hooks.Hooks - Browser is opened..!
2026-04-23 14:02:34 INFO  Hooks.Hooks - url is launched..!
2026-04-23 14:02:34 INFO  StepDefinations.ProductListingPageStep - Searching product: Tshirts
2026-04-23 14:02:36 INFO  StepDefinations.ProductListingPageStep - Applying color filter: Purple
2026-04-23 14:03:08 INFO  Hooks.Hooks - Driver is Quit successfully....!
2026-04-23 14:03:09 INFO  Hooks.Hooks - Browser is opened..!
2026-04-23 14:03:14 INFO  Hooks.Hooks - url is launched..!
2026-04-23 14:03:14 INFO  StepDefinations.ProductListingPageStep - Searching product: Tshirts
2026-04-23 14:03:17 INFO  StepDefinations.ProductListingPageStep - Applying color filter: Orange
2026-04-23 14:03:48 INFO  Hooks.Hooks - Driver is Quit successfully....!
2026-04-23 14:03:49 INFO  Hooks.Hooks - Browser is opened..!
2026-04-23 14:03:53 INFO  Hooks.Hooks - url is launched..!
2026-04-23 14:03:53 INFO  StepDefinations.ProductListingPageStep - Searching product: Tshirts
2026-04-23 14:03:56 INFO  StepDefinations.ProductListingPageStep - Applying color filter: Lavender
2026-04-23 14:04:27 INFO  Hooks.Hooks - Driver is Quit successfully....!
2026-04-23 14:04:28 INFO  Hooks.Hooks - Browser is opened..!
2026-04-23 14:04:32 INFO  Hooks.Hooks - url is launched..!
2026-04-23 14:04:32 INFO  StepDefinations.ProductListingPageStep - Searching product: Tshirts
2026-04-23 14:04:35 INFO  StepDefinations.ProductListingPageStep - Applying color filter: Cream
2026-04-23 14:05:07 INFO  Hooks.Hooks - Driver is Quit successfully....!
2026-04-23 14:05:08 INFO  Hooks.Hooks - Browser is opened..!
2026-04-23 14:05:13 INFO  Hooks.Hooks - url is launched..!
2026-04-23 14:05:13 INFO  StepDefinations.ProductListingPageStep - Searching product: Tshirts
2026-04-23 14:05:16 INFO  StepDefinations.ProductListingPageStep - Applying discount filter: 10% and above
2026-04-23 14:05:16 INFO  StepDefinations.ProductListingPageStep - URL after discount filter: https://www.myntra.com/tshirts?rf=Discount%20Range%3A10.0_100.0_10.0%20TO%20100.0&rawQuery=Tshirts
2026-04-23 14:05:16 INFO  Hooks.Hooks - Driver is Quit successfully....!
2026-04-23 14:05:17 INFO  Hooks.Hooks - Browser is opened..!
2026-04-23 14:05:20 INFO  Hooks.Hooks - url is launched..!
2026-04-23 14:05:20 INFO  StepDefinations.ProductListingPageStep - Searching product: Tshirts
2026-04-23 14:05:23 INFO  StepDefinations.ProductListingPageStep - Applying discount filter: 20% and above
2026-04-23 14:05:23 INFO  StepDefinations.ProductListingPageStep - URL after discount filter: https://www.myntra.com/tshirts?rf=Discount%20Range%3A20.0_100.0_20.0%20TO%20100.0&rawQuery=Tshirts
2026-04-23 14:05:23 INFO  Hooks.Hooks - Driver is Quit successfully....!
2026-04-23 14:05:24 INFO  Hooks.Hooks - Browser is opened..!
2026-04-23 14:05:27 INFO  Hooks.Hooks - url is launched..!
2026-04-23 14:05:27 INFO  StepDefinations.ProductListingPageStep - Searching product: Tshirts
2026-04-23 14:05:30 INFO  StepDefinations.ProductListingPageStep - Applying discount filter: 30% and above
2026-04-23 14:05:31 INFO  StepDefinations.ProductListingPageStep - URL after discount filter: https://www.myntra.com/tshirts?rf=Discount%20Range%3A30.0_100.0_30.0%20TO%20100.0&rawQuery=Tshirts
2026-04-23 14:05:31 INFO  Hooks.Hooks - Driver is Quit successfully....!
2026-04-23 14:05:31 INFO  Hooks.Hooks - Browser is opened..!
2026-04-23 14:05:36 INFO  Hooks.Hooks - url is launched..!
2026-04-23 14:05:36 INFO  StepDefinations.ProductListingPageStep - Searching product: Tshirts
2026-04-23 14:05:38 INFO  StepDefinations.ProductListingPageStep - Applying discount filter: 40% and above
2026-04-23 14:05:38 INFO  StepDefinations.ProductListingPageStep - URL after discount filter: https://www.myntra.com/tshirts?rf=Discount%20Range%3A40.0_100.0_40.0%20TO%20100.0&rawQuery=Tshirts
2026-04-23 14:05:39 INFO  Hooks.Hooks - Driver is Quit successfully....!
2026-04-23 14:05:39 INFO  Hooks.Hooks - Browser is opened..!
2026-04-23 14:05:58 INFO  Hooks.Hooks - url is launched..!
2026-04-23 14:05:58 INFO  StepDefinations.ProductListingPageStep - Searching product: Tshirts
2026-04-23 14:05:58 INFO  StepDefinations.ProductListingPageStep - Applying discount filter: 50% and above
2026-04-23 14:05:58 INFO  Hooks.Hooks - Driver is Quit successfully....!
2026-04-23 14:05:59 INFO  Hooks.Hooks - Browser is opened..!
2026-04-23 14:06:04 INFO  Hooks.Hooks - url is launched..!
2026-04-23 14:06:04 INFO  StepDefinations.ProductListingPageStep - Searching product: Tshirts
2026-04-23 14:06:09 INFO  StepDefinations.ProductListingPageStep - Applying discount filter: 60% and above
2026-04-23 14:06:10 INFO  StepDefinations.ProductListingPageStep - URL after discount filter: https://www.myntra.com/tshirts?rf=Discount%20Range%3A60.0_100.0_60.0%20TO%20100.0&rawQuery=Tshirts
2026-04-23 14:06:10 INFO  Hooks.Hooks - Driver is Quit successfully....!
2026-04-23 14:06:11 INFO  Hooks.Hooks - Browser is opened..!
2026-04-23 14:06:15 INFO  Hooks.Hooks - url is launched..!
2026-04-23 14:06:15 INFO  StepDefinations.ProductListingPageStep - Searching product: Tshirts
2026-04-23 14:06:18 INFO  StepDefinations.ProductListingPageStep - Applying discount filter: 70% and above
2026-04-23 14:06:19 INFO  StepDefinations.ProductListingPageStep - URL after discount filter: https://www.myntra.com/tshirts?rf=Discount%20Range%3A70.0_100.0_70.0%20TO%20100.0&rawQuery=Tshirts
2026-04-23 14:06:19 INFO  Hooks.Hooks - Driver is Quit successfully....!
2026-04-23 14:06:20 INFO  Hooks.Hooks - Browser is opened..!
2026-04-23 14:06:29 INFO  Hooks.Hooks - url is launched..!
2026-04-23 14:06:29 INFO  StepDefinations.ProductListingPageStep - Searching product: Tshirts
2026-04-23 14:06:33 INFO  StepDefinations.ProductListingPageStep - Applying discount filter: 80% and above
2026-04-23 14:06:34 INFO  StepDefinations.ProductListingPageStep - URL after discount filter: https://www.myntra.com/tshirts?rf=Discount%20Range%3A80.0_100.0_80.0%20TO%20100.0&rawQuery=Tshirts
2026-04-23 14:06:34 INFO  Hooks.Hooks - Driver is Quit successfully....!
2026-04-23 14:06:35 INFO  Hooks.Hooks - Browser is opened..!
2026-04-23 14:06:39 INFO  Hooks.Hooks - url is launched..!
2026-04-23 14:06:39 INFO  StepDefinations.ProductListingPageStep - Searching product: Tshirts
2026-04-23 14:06:41 INFO  StepDefinations.ProductListingPageStep - Applying discount filter: 90% and above
2026-04-23 14:06:42 INFO  StepDefinations.ProductListingPageStep - URL after discount filter: https://www.myntra.com/tshirts?rf=Discount%20Range%3A90.0_100.0_90.0%20TO%20100.0&rawQuery=Tshirts
2026-04-23 14:06:42 INFO  Hooks.Hooks - Driver is Quit successfully....!
2026-04-23 14:06:43 INFO  Hooks.Hooks - Browser is opened..!
2026-04-23 14:06:49 INFO  Hooks.Hooks - url is launched..!
2026-04-23 14:06:49 INFO  StepDefinations.ProductListingPageStep - Searching product: Tshirts
2026-04-23 14:06:53 INFO  StepDefinations.ProductListingPageStep - Searching product: Tshirts
2026-04-23 14:06:56 INFO  StepDefinations.ProductListingPageStep - Verifying PLP page loaded
2026-04-23 14:06:56 INFO  Hooks.Hooks - Driver is Quit successfully....!
2026-04-23 14:06:57 INFO  org.testng.internal.Utils - [TestNG] Time taken by org.testng.reporters.jq.Main@1aed9d7d: 52 ms
2026-04-23 14:06:57 INFO  org.testng.internal.Utils - [TestNG] Time taken by org.testng.reporters.FailedReporter@1ea83b58: 16 ms
2026-04-23 14:06:57 INFO  org.testng.internal.Utils - [TestNG] Time taken by org.testng.reporters.XMLReporter@2a60cd41: 27 ms
2026-04-23 14:06:57 INFO  org.testng.internal.Utils - [TestNG] Time taken by org.testng.reporters.EmailableReporter2@1c4f3b3d: 9 ms
2026-04-23 14:06:57 INFO  org.testng.internal.Utils - [TestNG] Time taken by org.testng.reporters.JUnitReportReporter@48528d5d: 39 ms
2026-04-23 14:06:57 INFO  org.testng.internal.Utils - [TestNG] Time taken by org.testng.internal.ExitCodeListener@369fc9bd: 0 ms
2026-04-23 14:23:15 DEBUG org.testng.TestNG - suiteXmlPath: "C:\Users\Rahul\AppData\Local\Temp\testng-eclipse-488775495\testng-customsuite.xml"
2026-04-23 14:23:15 INFO  org.testng.internal.Utils - [Utils] MethodGroupsHelper.collectMethodsByGroup() took 0 ms.
2026-04-23 14:23:15 INFO  org.testng.internal.Utils - [Utils] MethodGroupsHelper.sortMethods() took 0 ms.
2026-04-23 14:23:15 INFO  org.testng.internal.Utils - [Utils] MethodGroupsHelper.collectMethodsByGroup() took 0 ms.
2026-04-23 14:23:15 INFO  org.testng.internal.Utils - [Utils] MethodGroupsHelper.sortMethods() took 0 ms.
2026-04-23 14:23:15 INFO  org.testng.internal.Utils - [Utils] MethodGroupsHelper.collectMethodsByGroup() took 0 ms.
2026-04-23 14:23:15 INFO  org.testng.internal.Utils - [Utils] MethodGroupsHelper.sortMethods() took 0 ms.
2026-04-23 14:23:15 INFO  org.testng.internal.Utils - [Utils] MethodGroupsHelper.collectMethodsByGroup() took 0 ms.
2026-04-23 14:23:15 INFO  org.testng.internal.Utils - [Utils] MethodGroupsHelper.sortMethods() took 0 ms.
2026-04-23 14:23:15 INFO  org.testng.internal.Utils - [Utils] MethodGroupsHelper.collectMethodsByGroup() took 3 ms.
2026-04-23 14:23:15 INFO  org.testng.internal.Utils - [Utils] MethodGroupsHelper.sortMethods() took 7 ms.
2026-04-23 14:23:15 INFO  org.testng.internal.Utils - [Utils] MethodGroupsHelper.collectMethodsByGroup() took 0 ms.
2026-04-23 14:23:15 INFO  org.testng.internal.Utils - [Utils] MethodGroupsHelper.sortMethods() took 0 ms.
2026-04-23 14:23:15 INFO  org.testng.internal.Utils - [Utils] MethodGroupsHelper.collectMethodsByGroup() took 0 ms.
2026-04-23 14:23:15 INFO  org.testng.internal.Utils - [Utils] MethodGroupsHelper.sortMethods() took 0 ms.
2026-04-23 14:23:15 INFO  org.testng.internal.Utils - [Utils] MethodGroupsHelper.collectMethodsByGroup() took 0 ms.
2026-04-23 14:23:15 INFO  org.testng.internal.Utils - [Utils] MethodGroupsHelper.sortMethods() took 0 ms.
2026-04-23 14:23:15 INFO  org.testng.internal.Utils - [Utils] MethodGroupsHelper.collectMethodsByGroup() took 0 ms.
2026-04-23 14:23:15 INFO  org.testng.internal.Utils - [Utils] MethodGroupsHelper.sortMethods() took 1 ms.
2026-04-23 14:23:15 INFO  org.testng.internal.Utils - [Utils] MethodGroupsHelper.collectMethodsByGroup() took 0 ms.
2026-04-23 14:23:15 INFO  org.testng.internal.Utils - [Utils] MethodGroupsHelper.sortMethods() took 0 ms.
2026-04-23 14:23:15 INFO  org.testng.internal.Utils - [Utils] MethodGroupsHelper.collectMethodsByGroup() took 0 ms.
2026-04-23 14:23:15 INFO  org.testng.internal.Utils - [Utils] MethodGroupsHelper.sortMethods() took 0 ms.
2026-04-23 14:23:15 INFO  org.testng.internal.Utils - [Utils] MethodGroupsHelper.collectMethodsByGroup() took 0 ms.
2026-04-23 14:23:15 INFO  org.testng.internal.Utils - [Utils] MethodGroupsHelper.sortMethods() took 0 ms.
2026-04-23 14:23:15 INFO  org.testng.internal.Utils - [Utils] MethodGroupsHelper.collectMethodsByGroup() took 0 ms.
2026-04-23 14:23:15 INFO  org.testng.internal.Utils - [Utils] MethodGroupsHelper.sortMethods() took 0 ms.
2026-04-23 14:23:15 INFO  org.testng.internal.Utils - [Utils] MethodGroupsHelper.collectMethodsByGroup() took 0 ms.
2026-04-23 14:23:15 INFO  org.testng.internal.Utils - [Utils] MethodGroupsHelper.sortMethods() took 0 ms.
2026-04-23 14:23:15 INFO  org.testng.internal.Utils - [Utils] MethodGroupsHelper.collectMethodsByGroup() took 0 ms.
2026-04-23 14:23:15 INFO  org.testng.internal.Utils - [Utils] MethodGroupsHelper.sortMethods() took 0 ms.
2026-04-23 14:23:15 INFO  org.testng.internal.Utils - [TestNG] Running:
  C:\Users\Rahul\AppData\Local\Temp\testng-eclipse-488775495\testng-customsuite.xml

2026-04-23 14:23:15 INFO  org.testng.internal.Utils - [Utils] DynamicGraphHelper.createDynamicGraph() took 3 ms.
2026-04-23 14:23:55 INFO  org.testng.internal.Utils - [TestNG] Time taken by org.testng.reporters.jq.Main@65fe2691: 38 ms
2026-04-23 14:23:55 INFO  org.testng.internal.Utils - [TestNG] Time taken by org.testng.reporters.FailedReporter@6a9344f5: 7 ms
2026-04-23 14:23:55 INFO  org.testng.internal.Utils - [TestNG] Time taken by org.testng.reporters.XMLReporter@9301672: 6 ms
2026-04-23 14:23:55 INFO  org.testng.internal.Utils - [TestNG] Time taken by org.testng.reporters.EmailableReporter2@3b4a1a75: 5 ms
2026-04-23 14:23:55 INFO  org.testng.internal.Utils - [TestNG] Time taken by org.testng.reporters.JUnitReportReporter@5e99b9c: 6 ms
2026-04-23 14:23:55 INFO  org.testng.internal.Utils - [TestNG] Time taken by org.testng.internal.ExitCodeListener@2fe74516: 0 ms
2026-04-23 14:28:15 DEBUG org.testng.TestNG - suiteXmlPath: "C:\Users\Rahul\AppData\Local\Temp\testng-eclipse-2138623107\testng-customsuite.xml"
2026-04-23 14:28:15 INFO  org.testng.internal.Utils - [Utils] MethodGroupsHelper.collectMethodsByGroup() took 0 ms.
2026-04-23 14:28:15 INFO  org.testng.internal.Utils - [Utils] MethodGroupsHelper.sortMethods() took 1 ms.
2026-04-23 14:28:15 INFO  org.testng.internal.Utils - [Utils] MethodGroupsHelper.collectMethodsByGroup() took 0 ms.
2026-04-23 14:28:15 INFO  org.testng.internal.Utils - [Utils] MethodGroupsHelper.sortMethods() took 0 ms.
2026-04-23 14:28:15 INFO  org.testng.internal.Utils - [Utils] MethodGroupsHelper.collectMethodsByGroup() took 0 ms.
2026-04-23 14:28:15 INFO  org.testng.internal.Utils - [Utils] MethodGroupsHelper.sortMethods() took 0 ms.
2026-04-23 14:28:15 INFO  org.testng.internal.Utils - [Utils] MethodGroupsHelper.collectMethodsByGroup() took 0 ms.
2026-04-23 14:28:15 INFO  org.testng.internal.Utils - [Utils] MethodGroupsHelper.sortMethods() took 0 ms.
2026-04-23 14:28:15 INFO  org.testng.internal.Utils - [Utils] MethodGroupsHelper.collectMethodsByGroup() took 3 ms.
2026-04-23 14:28:15 INFO  org.testng.internal.Utils - [Utils] MethodGroupsHelper.sortMethods() took 6 ms.
2026-04-23 14:28:15 INFO  org.testng.internal.Utils - [Utils] MethodGroupsHelper.collectMethodsByGroup() took 0 ms.
2026-04-23 14:28:15 INFO  org.testng.internal.Utils - [Utils] MethodGroupsHelper.sortMethods() took 0 ms.
2026-04-23 14:28:15 INFO  org.testng.internal.Utils - [Utils] MethodGroupsHelper.collectMethodsByGroup() took 0 ms.
2026-04-23 14:28:15 INFO  org.testng.internal.Utils - [Utils] MethodGroupsHelper.sortMethods() took 0 ms.
2026-04-23 14:28:15 INFO  org.testng.internal.Utils - [Utils] MethodGroupsHelper.collectMethodsByGroup() took 0 ms.
2026-04-23 14:28:15 INFO  org.testng.internal.Utils - [Utils] MethodGroupsHelper.sortMethods() took 0 ms.
2026-04-23 14:28:15 INFO  org.testng.internal.Utils - [Utils] MethodGroupsHelper.collectMethodsByGroup() took 0 ms.
2026-04-23 14:28:15 INFO  org.testng.internal.Utils - [Utils] MethodGroupsHelper.sortMethods() took 0 ms.
2026-04-23 14:28:15 INFO  org.testng.internal.Utils - [Utils] MethodGroupsHelper.collectMethodsByGroup() took 0 ms.
2026-04-23 14:28:15 INFO  org.testng.internal.Utils - [Utils] MethodGroupsHelper.sortMethods() took 0 ms.
2026-04-23 14:28:15 INFO  org.testng.internal.Utils - [Utils] MethodGroupsHelper.collectMethodsByGroup() took 0 ms.
2026-04-23 14:28:15 INFO  org.testng.internal.Utils - [Utils] MethodGroupsHelper.sortMethods() took 0 ms.
2026-04-23 14:28:15 INFO  org.testng.internal.Utils - [Utils] MethodGroupsHelper.collectMethodsByGroup() took 0 ms.
2026-04-23 14:28:15 INFO  org.testng.internal.Utils - [Utils] MethodGroupsHelper.sortMethods() took 0 ms.
2026-04-23 14:28:15 INFO  org.testng.internal.Utils - [Utils] MethodGroupsHelper.collectMethodsByGroup() took 0 ms.
2026-04-23 14:28:15 INFO  org.testng.internal.Utils - [Utils] MethodGroupsHelper.sortMethods() took 0 ms.
2026-04-23 14:28:15 INFO  org.testng.internal.Utils - [Utils] MethodGroupsHelper.collectMethodsByGroup() took 0 ms.
2026-04-23 14:28:15 INFO  org.testng.internal.Utils - [Utils] MethodGroupsHelper.sortMethods() took 0 ms.
2026-04-23 14:28:15 INFO  org.testng.internal.Utils - [Utils] MethodGroupsHelper.collectMethodsByGroup() took 0 ms.
2026-04-23 14:28:15 INFO  org.testng.internal.Utils - [Utils] MethodGroupsHelper.sortMethods() took 0 ms.
2026-04-23 14:28:15 INFO  org.testng.internal.Utils - [TestNG] Running:
  C:\Users\Rahul\AppData\Local\Temp\testng-eclipse-2138623107\testng-customsuite.xml

2026-04-23 14:28:15 INFO  org.testng.internal.Utils - [Utils] DynamicGraphHelper.createDynamicGraph() took 3 ms.
2026-04-23 14:29:20 INFO  org.testng.internal.Utils - [TestNG] Time taken by org.testng.reporters.jq.Main@d675f9f: 35 ms
2026-04-23 14:29:20 INFO  org.testng.internal.Utils - [TestNG] Time taken by org.testng.reporters.FailedReporter@2db33feb: 9 ms
2026-04-23 14:29:20 INFO  org.testng.internal.Utils - [TestNG] Time taken by org.testng.reporters.XMLReporter@58253c57: 7 ms
2026-04-23 14:29:20 INFO  org.testng.internal.Utils - [TestNG] Time taken by org.testng.reporters.EmailableReporter2@430b2699: 7 ms
2026-04-23 14:29:20 INFO  org.testng.internal.Utils - [TestNG] Time taken by org.testng.reporters.JUnitReportReporter@250a9031: 6 ms
2026-04-23 14:29:20 INFO  org.testng.internal.Utils - [TestNG] Time taken by org.testng.internal.ExitCodeListener@1665fa54: 0 ms
2026-04-23 14:30:13 DEBUG org.testng.TestNG - suiteXmlPath: "C:\Users\Rahul\AppData\Local\Temp\testng-eclipse-61297041\testng-customsuite.xml"
2026-04-23 14:30:13 INFO  org.testng.internal.Utils - [Utils] MethodGroupsHelper.collectMethodsByGroup() took 0 ms.
2026-04-23 14:30:13 INFO  org.testng.internal.Utils - [Utils] MethodGroupsHelper.sortMethods() took 0 ms.
2026-04-23 14:30:13 INFO  org.testng.internal.Utils - [Utils] MethodGroupsHelper.collectMethodsByGroup() took 0 ms.
2026-04-23 14:30:13 INFO  org.testng.internal.Utils - [Utils] MethodGroupsHelper.sortMethods() took 0 ms.
2026-04-23 14:30:13 INFO  org.testng.internal.Utils - [Utils] MethodGroupsHelper.collectMethodsByGroup() took 0 ms.
2026-04-23 14:30:13 INFO  org.testng.internal.Utils - [Utils] MethodGroupsHelper.sortMethods() took 0 ms.
2026-04-23 14:30:13 INFO  org.testng.internal.Utils - [Utils] MethodGroupsHelper.collectMethodsByGroup() took 0 ms.
2026-04-23 14:30:13 INFO  org.testng.internal.Utils - [Utils] MethodGroupsHelper.sortMethods() took 0 ms.
2026-04-23 14:30:13 INFO  org.testng.internal.Utils - [Utils] MethodGroupsHelper.collectMethodsByGroup() took 3 ms.
2026-04-23 14:30:13 INFO  org.testng.internal.Utils - [Utils] MethodGroupsHelper.sortMethods() took 7 ms.
2026-04-23 14:30:13 INFO  org.testng.internal.Utils - [Utils] MethodGroupsHelper.collectMethodsByGroup() took 0 ms.
2026-04-23 14:30:13 INFO  org.testng.internal.Utils - [Utils] MethodGroupsHelper.sortMethods() took 0 ms.
2026-04-23 14:30:13 INFO  org.testng.internal.Utils - [Utils] MethodGroupsHelper.collectMethodsByGroup() took 0 ms.
2026-04-23 14:30:13 INFO  org.testng.internal.Utils - [Utils] MethodGroupsHelper.sortMethods() took 0 ms.
2026-04-23 14:30:13 INFO  org.testng.internal.Utils - [Utils] MethodGroupsHelper.collectMethodsByGroup() took 0 ms.
2026-04-23 14:30:13 INFO  org.testng.internal.Utils - [Utils] MethodGroupsHelper.sortMethods() took 0 ms.
2026-04-23 14:30:13 INFO  org.testng.internal.Utils - [Utils] MethodGroupsHelper.collectMethodsByGroup() took 0 ms.
2026-04-23 14:30:13 INFO  org.testng.internal.Utils - [Utils] MethodGroupsHelper.sortMethods() took 0 ms.
2026-04-23 14:30:13 INFO  org.testng.internal.Utils - [Utils] MethodGroupsHelper.collectMethodsByGroup() took 0 ms.
2026-04-23 14:30:13 INFO  org.testng.internal.Utils - [Utils] MethodGroupsHelper.sortMethods() took 0 ms.
2026-04-23 14:30:13 INFO  org.testng.internal.Utils - [Utils] MethodGroupsHelper.collectMethodsByGroup() took 0 ms.
2026-04-23 14:30:13 INFO  org.testng.internal.Utils - [Utils] MethodGroupsHelper.sortMethods() took 0 ms.
2026-04-23 14:30:13 INFO  org.testng.internal.Utils - [Utils] MethodGroupsHelper.collectMethodsByGroup() took 0 ms.
2026-04-23 14:30:13 INFO  org.testng.internal.Utils - [Utils] MethodGroupsHelper.sortMethods() took 0 ms.
2026-04-23 14:30:13 INFO  org.testng.internal.Utils - [Utils] MethodGroupsHelper.collectMethodsByGroup() took 0 ms.
2026-04-23 14:30:13 INFO  org.testng.internal.Utils - [Utils] MethodGroupsHelper.sortMethods() took 0 ms.
2026-04-23 14:30:13 INFO  org.testng.internal.Utils - [Utils] MethodGroupsHelper.collectMethodsByGroup() took 0 ms.
2026-04-23 14:30:13 INFO  org.testng.internal.Utils - [Utils] MethodGroupsHelper.sortMethods() took 0 ms.
2026-04-23 14:30:13 INFO  org.testng.internal.Utils - [Utils] MethodGroupsHelper.collectMethodsByGroup() took 0 ms.
2026-04-23 14:30:13 INFO  org.testng.internal.Utils - [Utils] MethodGroupsHelper.sortMethods() took 0 ms.
2026-04-23 14:30:13 INFO  org.testng.internal.Utils - [TestNG] Running:
  C:\Users\Rahul\AppData\Local\Temp\testng-eclipse-61297041\testng-customsuite.xml

2026-04-23 14:30:13 INFO  org.testng.internal.Utils - [Utils] DynamicGraphHelper.createDynamicGraph() took 3 ms.
2026-04-23 14:30:21 INFO  org.testng.internal.Utils - [TestNG] Time taken by org.testng.reporters.jq.Main@642f9a77: 39 ms
2026-04-23 14:30:21 INFO  org.testng.internal.Utils - [TestNG] Time taken by org.testng.reporters.FailedReporter@1687eb01: 12 ms
2026-04-23 14:30:21 INFO  org.testng.internal.Utils - [TestNG] Time taken by org.testng.reporters.XMLReporter@561b7d53: 8 ms
2026-04-23 14:30:21 INFO  org.testng.internal.Utils - [TestNG] Time taken by org.testng.reporters.EmailableReporter2@25aeb5ac: 6 ms
2026-04-23 14:30:21 INFO  org.testng.internal.Utils - [TestNG] Time taken by org.testng.reporters.JUnitReportReporter@2f84acf7: 6 ms
2026-04-23 14:30:21 INFO  org.testng.internal.Utils - [TestNG] Time taken by org.testng.internal.ExitCodeListener@291373d3: 0 ms
2026-04-23 14:31:59 DEBUG org.testng.TestNG - suiteXmlPath: "C:\Users\Rahul\AppData\Local\Temp\testng-eclipse-37997569\testng-customsuite.xml"
2026-04-23 14:31:59 INFO  org.testng.internal.Utils - [Utils] MethodGroupsHelper.collectMethodsByGroup() took 0 ms.
2026-04-23 14:31:59 INFO  org.testng.internal.Utils - [Utils] MethodGroupsHelper.sortMethods() took 1 ms.
2026-04-23 14:31:59 INFO  org.testng.internal.Utils - [Utils] MethodGroupsHelper.collectMethodsByGroup() took 0 ms.
2026-04-23 14:31:59 INFO  org.testng.internal.Utils - [Utils] MethodGroupsHelper.sortMethods() took 0 ms.
2026-04-23 14:31:59 INFO  org.testng.internal.Utils - [Utils] MethodGroupsHelper.collectMethodsByGroup() took 0 ms.
2026-04-23 14:31:59 INFO  org.testng.internal.Utils - [Utils] MethodGroupsHelper.sortMethods() took 0 ms.
2026-04-23 14:31:59 INFO  org.testng.internal.Utils - [Utils] MethodGroupsHelper.collectMethodsByGroup() took 0 ms.
2026-04-23 14:31:59 INFO  org.testng.internal.Utils - [Utils] MethodGroupsHelper.sortMethods() took 0 ms.
2026-04-23 14:31:59 INFO  org.testng.internal.Utils - [Utils] MethodGroupsHelper.collectMethodsByGroup() took 4 ms.
2026-04-23 14:31:59 INFO  org.testng.internal.Utils - [Utils] MethodGroupsHelper.sortMethods() took 7 ms.
2026-04-23 14:31:59 INFO  org.testng.internal.Utils - [Utils] MethodGroupsHelper.collectMethodsByGroup() took 0 ms.
2026-04-23 14:31:59 INFO  org.testng.internal.Utils - [Utils] MethodGroupsHelper.sortMethods() took 0 ms.
2026-04-23 14:31:59 INFO  org.testng.internal.Utils - [Utils] MethodGroupsHelper.collectMethodsByGroup() took 0 ms.
2026-04-23 14:31:59 INFO  org.testng.internal.Utils - [Utils] MethodGroupsHelper.sortMethods() took 0 ms.
2026-04-23 14:31:59 INFO  org.testng.internal.Utils - [Utils] MethodGroupsHelper.collectMethodsByGroup() took 0 ms.
2026-04-23 14:31:59 INFO  org.testng.internal.Utils - [Utils] MethodGroupsHelper.sortMethods() took 0 ms.
2026-04-23 14:31:59 INFO  org.testng.internal.Utils - [Utils] MethodGroupsHelper.collectMethodsByGroup() took 0 ms.
2026-04-23 14:31:59 INFO  org.testng.internal.Utils - [Utils] MethodGroupsHelper.sortMethods() took 0 ms.
2026-04-23 14:31:59 INFO  org.testng.internal.Utils - [Utils] MethodGroupsHelper.collectMethodsByGroup() took 0 ms.
2026-04-23 14:31:59 INFO  org.testng.internal.Utils - [Utils] MethodGroupsHelper.sortMethods() took 1 ms.
2026-04-23 14:31:59 INFO  org.testng.internal.Utils - [Utils] MethodGroupsHelper.collectMethodsByGroup() took 0 ms.
2026-04-23 14:31:59 INFO  org.testng.internal.Utils - [Utils] MethodGroupsHelper.sortMethods() took 0 ms.
2026-04-23 14:31:59 INFO  org.testng.internal.Utils - [Utils] MethodGroupsHelper.collectMethodsByGroup() took 0 ms.
2026-04-23 14:31:59 INFO  org.testng.internal.Utils - [Utils] MethodGroupsHelper.sortMethods() took 0 ms.
2026-04-23 14:31:59 INFO  org.testng.internal.Utils - [Utils] MethodGroupsHelper.collectMethodsByGroup() took 0 ms.
2026-04-23 14:31:59 INFO  org.testng.internal.Utils - [Utils] MethodGroupsHelper.sortMethods() took 1 ms.
2026-04-23 14:31:59 INFO  org.testng.internal.Utils - [Utils] MethodGroupsHelper.collectMethodsByGroup() took 0 ms.
2026-04-23 14:31:59 INFO  org.testng.internal.Utils - [Utils] MethodGroupsHelper.sortMethods() took 0 ms.
2026-04-23 14:31:59 INFO  org.testng.internal.Utils - [Utils] MethodGroupsHelper.collectMethodsByGroup() took 0 ms.
2026-04-23 14:31:59 INFO  org.testng.internal.Utils - [Utils] MethodGroupsHelper.sortMethods() took 0 ms.
2026-04-23 14:31:59 INFO  org.testng.internal.Utils - [TestNG] Running:
  C:\Users\Rahul\AppData\Local\Temp\testng-eclipse-37997569\testng-customsuite.xml

2026-04-23 14:31:59 INFO  org.testng.internal.Utils - [Utils] DynamicGraphHelper.createDynamicGraph() took 3 ms.
2026-04-23 14:32:09 INFO  org.testng.internal.Utils - [TestNG] Time taken by org.testng.reporters.jq.Main@642f9a77: 40 ms
2026-04-23 14:32:09 INFO  org.testng.internal.Utils - [TestNG] Time taken by org.testng.reporters.FailedReporter@1687eb01: 8 ms
2026-04-23 14:32:09 INFO  org.testng.internal.Utils - [TestNG] Time taken by org.testng.reporters.XMLReporter@561b7d53: 7 ms
2026-04-23 14:32:10 INFO  org.testng.internal.Utils - [TestNG] Time taken by org.testng.reporters.EmailableReporter2@25aeb5ac: 5 ms
2026-04-23 14:32:10 INFO  org.testng.internal.Utils - [TestNG] Time taken by org.testng.reporters.JUnitReportReporter@2f84acf7: 8 ms
2026-04-23 14:32:10 INFO  org.testng.internal.Utils - [TestNG] Time taken by org.testng.internal.ExitCodeListener@291373d3: 0 ms
2026-04-23 14:32:26 DEBUG org.testng.TestNG - suiteXmlPath: "C:\Users\Rahul\AppData\Local\Temp\testng-eclipse-1791359603\testng-customsuite.xml"
2026-04-23 14:32:27 INFO  org.testng.internal.Utils - [Utils] MethodGroupsHelper.collectMethodsByGroup() took 0 ms.
2026-04-23 14:32:27 INFO  org.testng.internal.Utils - [Utils] MethodGroupsHelper.sortMethods() took 1 ms.
2026-04-23 14:32:27 INFO  org.testng.internal.Utils - [Utils] MethodGroupsHelper.collectMethodsByGroup() took 0 ms.
2026-04-23 14:32:27 INFO  org.testng.internal.Utils - [Utils] MethodGroupsHelper.sortMethods() took 0 ms.
2026-04-23 14:32:27 INFO  org.testng.internal.Utils - [Utils] MethodGroupsHelper.collectMethodsByGroup() took 0 ms.
2026-04-23 14:32:27 INFO  org.testng.internal.Utils - [Utils] MethodGroupsHelper.sortMethods() took 0 ms.
2026-04-23 14:32:27 INFO  org.testng.internal.Utils - [Utils] MethodGroupsHelper.collectMethodsByGroup() took 0 ms.
2026-04-23 14:32:27 INFO  org.testng.internal.Utils - [Utils] MethodGroupsHelper.sortMethods() took 0 ms.
2026-04-23 14:32:27 INFO  org.testng.internal.Utils - [Utils] MethodGroupsHelper.collectMethodsByGroup() took 3 ms.
2026-04-23 14:32:27 INFO  org.testng.internal.Utils - [Utils] MethodGroupsHelper.sortMethods() took 8 ms.
2026-04-23 14:32:27 INFO  org.testng.internal.Utils - [Utils] MethodGroupsHelper.collectMethodsByGroup() took 0 ms.
2026-04-23 14:32:27 INFO  org.testng.internal.Utils - [Utils] MethodGroupsHelper.sortMethods() took 0 ms.
2026-04-23 14:32:27 INFO  org.testng.internal.Utils - [Utils] MethodGroupsHelper.collectMethodsByGroup() took 1 ms.
2026-04-23 14:32:27 INFO  org.testng.internal.Utils - [Utils] MethodGroupsHelper.sortMethods() took 0 ms.
2026-04-23 14:32:27 INFO  org.testng.internal.Utils - [Utils] MethodGroupsHelper.collectMethodsByGroup() took 0 ms.
2026-04-23 14:32:27 INFO  org.testng.internal.Utils - [Utils] MethodGroupsHelper.sortMethods() took 0 ms.
2026-04-23 14:32:27 INFO  org.testng.internal.Utils - [Utils] MethodGroupsHelper.collectMethodsByGroup() took 0 ms.
2026-04-23 14:32:27 INFO  org.testng.internal.Utils - [Utils] MethodGroupsHelper.sortMethods() took 0 ms.
2026-04-23 14:32:27 INFO  org.testng.internal.Utils - [Utils] MethodGroupsHelper.collectMethodsByGroup() took 0 ms.
2026-04-23 14:32:27 INFO  org.testng.internal.Utils - [Utils] MethodGroupsHelper.sortMethods() took 0 ms.
2026-04-23 14:32:27 INFO  org.testng.internal.Utils - [Utils] MethodGroupsHelper.collectMethodsByGroup() took 0 ms.
2026-04-23 14:32:27 INFO  org.testng.internal.Utils - [Utils] MethodGroupsHelper.sortMethods() took 0 ms.
2026-04-23 14:32:27 INFO  org.testng.internal.Utils - [Utils] MethodGroupsHelper.collectMethodsByGroup() took 0 ms.
2026-04-23 14:32:27 INFO  org.testng.internal.Utils - [Utils] MethodGroupsHelper.sortMethods() took 0 ms.
2026-04-23 14:32:27 INFO  org.testng.internal.Utils - [Utils] MethodGroupsHelper.collectMethodsByGroup() took 0 ms.
2026-04-23 14:32:27 INFO  org.testng.internal.Utils - [Utils] MethodGroupsHelper.sortMethods() took 0 ms.
2026-04-23 14:32:27 INFO  org.testng.internal.Utils - [Utils] MethodGroupsHelper.collectMethodsByGroup() took 0 ms.
2026-04-23 14:32:27 INFO  org.testng.internal.Utils - [Utils] MethodGroupsHelper.sortMethods() took 0 ms.
2026-04-23 14:32:27 INFO  org.testng.internal.Utils - [Utils] MethodGroupsHelper.collectMethodsByGroup() took 0 ms.
2026-04-23 14:32:27 INFO  org.testng.internal.Utils - [Utils] MethodGroupsHelper.sortMethods() took 0 ms.
2026-04-23 14:32:27 INFO  org.testng.internal.Utils - [TestNG] Running:
  C:\Users\Rahul\AppData\Local\Temp\testng-eclipse-1791359603\testng-customsuite.xml

2026-04-23 14:32:27 INFO  org.testng.internal.Utils - [Utils] DynamicGraphHelper.createDynamicGraph() took 3 ms.
2026-04-23 14:32:36 INFO  org.testng.internal.Utils - [TestNG] Time taken by org.testng.reporters.jq.Main@642f9a77: 31 ms
2026-04-23 14:32:36 INFO  org.testng.internal.Utils - [TestNG] Time taken by org.testng.reporters.FailedReporter@1687eb01: 17 ms
2026-04-23 14:32:36 INFO  org.testng.internal.Utils - [TestNG] Time taken by org.testng.reporters.XMLReporter@561b7d53: 6 ms
2026-04-23 14:32:36 INFO  org.testng.internal.Utils - [TestNG] Time taken by org.testng.reporters.EmailableReporter2@25aeb5ac: 4 ms
2026-04-23 14:32:36 INFO  org.testng.internal.Utils - [TestNG] Time taken by org.testng.reporters.JUnitReportReporter@2f84acf7: 6 ms
2026-04-23 14:32:36 INFO  org.testng.internal.Utils - [TestNG] Time taken by org.testng.internal.ExitCodeListener@291373d3: 0 ms
2026-04-23 14:34:23 DEBUG org.testng.TestNG - suiteXmlPath: "C:\Users\Rahul\AppData\Local\Temp\testng-eclipse--558950478\testng-customsuite.xml"
2026-04-23 14:34:23 INFO  org.testng.internal.Utils - [Utils] MethodGroupsHelper.collectMethodsByGroup() took 0 ms.
2026-04-23 14:34:23 INFO  org.testng.internal.Utils - [Utils] MethodGroupsHelper.sortMethods() took 0 ms.
2026-04-23 14:34:23 INFO  org.testng.internal.Utils - [Utils] MethodGroupsHelper.collectMethodsByGroup() took 0 ms.
2026-04-23 14:34:23 INFO  org.testng.internal.Utils - [Utils] MethodGroupsHelper.sortMethods() took 0 ms.
2026-04-23 14:34:23 INFO  org.testng.internal.Utils - [Utils] MethodGroupsHelper.collectMethodsByGroup() took 0 ms.
2026-04-23 14:34:23 INFO  org.testng.internal.Utils - [Utils] MethodGroupsHelper.sortMethods() took 0 ms.
2026-04-23 14:34:23 INFO  org.testng.internal.Utils - [Utils] MethodGroupsHelper.collectMethodsByGroup() took 0 ms.
2026-04-23 14:34:23 INFO  org.testng.internal.Utils - [Utils] MethodGroupsHelper.sortMethods() took 0 ms.
2026-04-23 14:34:23 INFO  org.testng.internal.Utils - [Utils] MethodGroupsHelper.collectMethodsByGroup() took 3 ms.
2026-04-23 14:34:23 INFO  org.testng.internal.Utils - [Utils] MethodGroupsHelper.sortMethods() took 7 ms.
2026-04-23 14:34:23 INFO  org.testng.internal.Utils - [Utils] MethodGroupsHelper.collectMethodsByGroup() took 0 ms.
2026-04-23 14:34:23 INFO  org.testng.internal.Utils - [Utils] MethodGroupsHelper.sortMethods() took 0 ms.
2026-04-23 14:34:23 INFO  org.testng.internal.Utils - [Utils] MethodGroupsHelper.collectMethodsByGroup() took 0 ms.
2026-04-23 14:34:23 INFO  org.testng.internal.Utils - [Utils] MethodGroupsHelper.sortMethods() took 0 ms.
2026-04-23 14:34:23 INFO  org.testng.internal.Utils - [Utils] MethodGroupsHelper.collectMethodsByGroup() took 0 ms.
2026-04-23 14:34:23 INFO  org.testng.internal.Utils - [Utils] MethodGroupsHelper.sortMethods() took 0 ms.
2026-04-23 14:34:23 INFO  org.testng.internal.Utils - [Utils] MethodGroupsHelper.collectMethodsByGroup() took 0 ms.
2026-04-23 14:34:23 INFO  org.testng.internal.Utils - [Utils] MethodGroupsHelper.sortMethods() took 0 ms.
2026-04-23 14:34:23 INFO  org.testng.internal.Utils - [Utils] MethodGroupsHelper.collectMethodsByGroup() took 0 ms.
2026-04-23 14:34:23 INFO  org.testng.internal.Utils - [Utils] MethodGroupsHelper.sortMethods() took 0 ms.
2026-04-23 14:34:23 INFO  org.testng.internal.Utils - [Utils] MethodGroupsHelper.collectMethodsByGroup() took 0 ms.
2026-04-23 14:34:23 INFO  org.testng.internal.Utils - [Utils] MethodGroupsHelper.sortMethods() took 0 ms.
2026-04-23 14:34:23 INFO  org.testng.internal.Utils - [Utils] MethodGroupsHelper.collectMethodsByGroup() took 0 ms.
2026-04-23 14:34:23 INFO  org.testng.internal.Utils - [Utils] MethodGroupsHelper.sortMethods() took 0 ms.
2026-04-23 14:34:23 INFO  org.testng.internal.Utils - [Utils] MethodGroupsHelper.collectMethodsByGroup() took 0 ms.
2026-04-23 14:34:23 INFO  org.testng.internal.Utils - [Utils] MethodGroupsHelper.sortMethods() took 0 ms.
2026-04-23 14:34:23 INFO  org.testng.internal.Utils - [Utils] MethodGroupsHelper.collectMethodsByGroup() took 0 ms.
2026-04-23 14:34:23 INFO  org.testng.internal.Utils - [Utils] MethodGroupsHelper.sortMethods() took 0 ms.
2026-04-23 14:34:23 INFO  org.testng.internal.Utils - [Utils] MethodGroupsHelper.collectMethodsByGroup() took 0 ms.
2026-04-23 14:34:23 INFO  org.testng.internal.Utils - [Utils] MethodGroupsHelper.sortMethods() took 0 ms.
2026-04-23 14:34:23 INFO  org.testng.internal.Utils - [TestNG] Running:
  C:\Users\Rahul\AppData\Local\Temp\testng-eclipse--558950478\testng-customsuite.xml

2026-04-23 14:34:23 INFO  org.testng.internal.Utils - [Utils] DynamicGraphHelper.createDynamicGraph() took 3 ms.
2026-04-23 14:34:31 INFO  org.testng.internal.Utils - [TestNG] Time taken by org.testng.reporters.jq.Main@296e281a: 41 ms
2026-04-23 14:34:31 INFO  org.testng.internal.Utils - [TestNG] Time taken by org.testng.reporters.FailedReporter@27d33393: 9 ms
2026-04-23 14:34:31 INFO  org.testng.internal.Utils - [TestNG] Time taken by org.testng.reporters.XMLReporter@54e2fe: 7 ms
2026-04-23 14:34:31 INFO  org.testng.internal.Utils - [TestNG] Time taken by org.testng.reporters.EmailableReporter2@437486cd: 7 ms
2026-04-23 14:34:31 INFO  org.testng.internal.Utils - [TestNG] Time taken by org.testng.reporters.JUnitReportReporter@350d3f4d: 6 ms
2026-04-23 14:34:31 INFO  org.testng.internal.Utils - [TestNG] Time taken by org.testng.internal.ExitCodeListener@18b8d173: 1 ms
2026-04-23 14:35:58 DEBUG org.testng.TestNG - suiteXmlPath: "C:\Users\Rahul\AppData\Local\Temp\testng-eclipse--1351194436\testng-customsuite.xml"
2026-04-23 14:35:59 INFO  org.testng.internal.Utils - [Utils] MethodGroupsHelper.collectMethodsByGroup() took 1 ms.
2026-04-23 14:35:59 INFO  org.testng.internal.Utils - [Utils] MethodGroupsHelper.sortMethods() took 0 ms.
2026-04-23 14:35:59 INFO  org.testng.internal.Utils - [Utils] MethodGroupsHelper.collectMethodsByGroup() took 0 ms.
2026-04-23 14:35:59 INFO  org.testng.internal.Utils - [Utils] MethodGroupsHelper.sortMethods() took 0 ms.
2026-04-23 14:35:59 INFO  org.testng.internal.Utils - [Utils] MethodGroupsHelper.collectMethodsByGroup() took 0 ms.
2026-04-23 14:35:59 INFO  org.testng.internal.Utils - [Utils] MethodGroupsHelper.sortMethods() took 0 ms.
2026-04-23 14:35:59 INFO  org.testng.internal.Utils - [Utils] MethodGroupsHelper.collectMethodsByGroup() took 0 ms.
2026-04-23 14:35:59 INFO  org.testng.internal.Utils - [Utils] MethodGroupsHelper.sortMethods() took 0 ms.
2026-04-23 14:35:59 INFO  org.testng.internal.Utils - [Utils] MethodGroupsHelper.collectMethodsByGroup() took 2 ms.
2026-04-23 14:35:59 INFO  org.testng.internal.Utils - [Utils] MethodGroupsHelper.sortMethods() took 7 ms.
2026-04-23 14:35:59 INFO  org.testng.internal.Utils - [Utils] MethodGroupsHelper.collectMethodsByGroup() took 0 ms.
2026-04-23 14:35:59 INFO  org.testng.internal.Utils - [Utils] MethodGroupsHelper.sortMethods() took 0 ms.
2026-04-23 14:35:59 INFO  org.testng.internal.Utils - [Utils] MethodGroupsHelper.collectMethodsByGroup() took 0 ms.
2026-04-23 14:35:59 INFO  org.testng.internal.Utils - [Utils] MethodGroupsHelper.sortMethods() took 0 ms.
2026-04-23 14:35:59 INFO  org.testng.internal.Utils - [Utils] MethodGroupsHelper.collectMethodsByGroup() took 0 ms.
2026-04-23 14:35:59 INFO  org.testng.internal.Utils - [Utils] MethodGroupsHelper.sortMethods() took 0 ms.
2026-04-23 14:35:59 INFO  org.testng.internal.Utils - [Utils] MethodGroupsHelper.collectMethodsByGroup() took 0 ms.
2026-04-23 14:35:59 INFO  org.testng.internal.Utils - [Utils] MethodGroupsHelper.sortMethods() took 0 ms.
2026-04-23 14:35:59 INFO  org.testng.internal.Utils - [Utils] MethodGroupsHelper.collectMethodsByGroup() took 0 ms.
2026-04-23 14:35:59 INFO  org.testng.internal.Utils - [Utils] MethodGroupsHelper.sortMethods() took 0 ms.
2026-04-23 14:35:59 INFO  org.testng.internal.Utils - [Utils] MethodGroupsHelper.collectMethodsByGroup() took 0 ms.
2026-04-23 14:35:59 INFO  org.testng.internal.Utils - [Utils] MethodGroupsHelper.sortMethods() took 0 ms.
2026-04-23 14:35:59 INFO  org.testng.internal.Utils - [Utils] MethodGroupsHelper.collectMethodsByGroup() took 0 ms.
2026-04-23 14:35:59 INFO  org.testng.internal.Utils - [Utils] MethodGroupsHelper.sortMethods() took 0 ms.
2026-04-23 14:35:59 INFO  org.testng.internal.Utils - [Utils] MethodGroupsHelper.collectMethodsByGroup() took 0 ms.
2026-04-23 14:35:59 INFO  org.testng.internal.Utils - [Utils] MethodGroupsHelper.sortMethods() took 0 ms.
2026-04-23 14:35:59 INFO  org.testng.internal.Utils - [Utils] MethodGroupsHelper.collectMethodsByGroup() took 0 ms.
2026-04-23 14:35:59 INFO  org.testng.internal.Utils - [Utils] MethodGroupsHelper.sortMethods() took 0 ms.
2026-04-23 14:35:59 INFO  org.testng.internal.Utils - [Utils] MethodGroupsHelper.collectMethodsByGroup() took 0 ms.
2026-04-23 14:35:59 INFO  org.testng.internal.Utils - [Utils] MethodGroupsHelper.sortMethods() took 0 ms.
2026-04-23 14:35:59 INFO  org.testng.internal.Utils - [TestNG] Running:
  C:\Users\Rahul\AppData\Local\Temp\testng-eclipse--1351194436\testng-customsuite.xml

2026-04-23 14:35:59 INFO  org.testng.internal.Utils - [Utils] DynamicGraphHelper.createDynamicGraph() took 2 ms.
2026-04-23 14:36:37 DEBUG org.testng.TestNG - suiteXmlPath: "C:\Users\Rahul\AppData\Local\Temp\testng-eclipse-119562691\testng-customsuite.xml"
2026-04-23 14:36:38 INFO  org.testng.internal.Utils - [Utils] MethodGroupsHelper.collectMethodsByGroup() took 1 ms.
2026-04-23 14:36:38 INFO  org.testng.internal.Utils - [Utils] MethodGroupsHelper.sortMethods() took 1 ms.
2026-04-23 14:36:38 INFO  org.testng.internal.Utils - [Utils] MethodGroupsHelper.collectMethodsByGroup() took 0 ms.
2026-04-23 14:36:38 INFO  org.testng.internal.Utils - [Utils] MethodGroupsHelper.sortMethods() took 0 ms.
2026-04-23 14:36:38 INFO  org.testng.internal.Utils - [Utils] MethodGroupsHelper.collectMethodsByGroup() took 0 ms.
2026-04-23 14:36:38 INFO  org.testng.internal.Utils - [Utils] MethodGroupsHelper.sortMethods() took 0 ms.
2026-04-23 14:36:38 INFO  org.testng.internal.Utils - [Utils] MethodGroupsHelper.collectMethodsByGroup() took 0 ms.
2026-04-23 14:36:38 INFO  org.testng.internal.Utils - [Utils] MethodGroupsHelper.sortMethods() took 0 ms.
2026-04-23 14:36:38 INFO  org.testng.internal.Utils - [Utils] MethodGroupsHelper.collectMethodsByGroup() took 5 ms.
2026-04-23 14:36:38 INFO  org.testng.internal.Utils - [Utils] MethodGroupsHelper.sortMethods() took 7 ms.
2026-04-23 14:36:38 INFO  org.testng.internal.Utils - [Utils] MethodGroupsHelper.collectMethodsByGroup() took 0 ms.
2026-04-23 14:36:38 INFO  org.testng.internal.Utils - [Utils] MethodGroupsHelper.sortMethods() took 0 ms.
2026-04-23 14:36:38 INFO  org.testng.internal.Utils - [Utils] MethodGroupsHelper.collectMethodsByGroup() took 0 ms.
2026-04-23 14:36:38 INFO  org.testng.internal.Utils - [Utils] MethodGroupsHelper.sortMethods() took 0 ms.
2026-04-23 14:36:38 INFO  org.testng.internal.Utils - [Utils] MethodGroupsHelper.collectMethodsByGroup() took 0 ms.
2026-04-23 14:36:38 INFO  org.testng.internal.Utils - [Utils] MethodGroupsHelper.sortMethods() took 0 ms.
2026-04-23 14:36:38 INFO  org.testng.internal.Utils - [Utils] MethodGroupsHelper.collectMethodsByGroup() took 0 ms.
2026-04-23 14:36:38 INFO  org.testng.internal.Utils - [Utils] MethodGroupsHelper.sortMethods() took 0 ms.
2026-04-23 14:36:38 INFO  org.testng.internal.Utils - [Utils] MethodGroupsHelper.collectMethodsByGroup() took 0 ms.
2026-04-23 14:36:38 INFO  org.testng.internal.Utils - [Utils] MethodGroupsHelper.sortMethods() took 0 ms.
2026-04-23 14:36:38 INFO  org.testng.internal.Utils - [Utils] MethodGroupsHelper.collectMethodsByGroup() took 0 ms.
2026-04-23 14:36:38 INFO  org.testng.internal.Utils - [Utils] MethodGroupsHelper.sortMethods() took 0 ms.
2026-04-23 14:36:38 INFO  org.testng.internal.Utils - [Utils] MethodGroupsHelper.collectMethodsByGroup() took 0 ms.
2026-04-23 14:36:38 INFO  org.testng.internal.Utils - [Utils] MethodGroupsHelper.sortMethods() took 0 ms.
2026-04-23 14:36:38 INFO  org.testng.internal.Utils - [Utils] MethodGroupsHelper.collectMethodsByGroup() took 1 ms.
2026-04-23 14:36:38 INFO  org.testng.internal.Utils - [Utils] MethodGroupsHelper.sortMethods() took 0 ms.
2026-04-23 14:36:38 INFO  org.testng.internal.Utils - [Utils] MethodGroupsHelper.collectMethodsByGroup() took 0 ms.
2026-04-23 14:36:38 INFO  org.testng.internal.Utils - [Utils] MethodGroupsHelper.sortMethods() took 0 ms.
2026-04-23 14:36:38 INFO  org.testng.internal.Utils - [Utils] MethodGroupsHelper.collectMethodsByGroup() took 0 ms.
2026-04-23 14:36:38 INFO  org.testng.internal.Utils - [Utils] MethodGroupsHelper.sortMethods() took 0 ms.
2026-04-23 14:36:38 INFO  org.testng.internal.Utils - [TestNG] Running:
  C:\Users\Rahul\AppData\Local\Temp\testng-eclipse-119562691\testng-customsuite.xml

2026-04-23 14:36:38 INFO  org.testng.internal.Utils - [Utils] DynamicGraphHelper.createDynamicGraph() took 2 ms.
2026-04-23 14:36:38 INFO  org.testng.internal.Utils - [TestNG] Time taken by org.testng.reporters.jq.Main@70f68288: 40 ms
2026-04-23 14:36:38 INFO  org.testng.internal.Utils - [TestNG] Time taken by org.testng.reporters.FailedReporter@493da830: 8 ms
2026-04-23 14:36:38 INFO  org.testng.internal.Utils - [TestNG] Time taken by org.testng.reporters.XMLReporter@30ec7d21: 7 ms
2026-04-23 14:36:38 INFO  org.testng.internal.Utils - [TestNG] Time taken by org.testng.reporters.EmailableReporter2@28a9494b: 6 ms
2026-04-23 14:36:38 INFO  org.testng.internal.Utils - [TestNG] Time taken by org.testng.reporters.JUnitReportReporter@92d1782: 7 ms
2026-04-23 14:36:38 INFO  org.testng.internal.Utils - [TestNG] Time taken by org.testng.internal.ExitCodeListener@6a1ef65c: 0 ms
2026-04-23 14:37:18 INFO  org.testng.internal.Utils - [TestNG] Time taken by org.testng.reporters.jq.Main@6dd36ab6: 37 ms
2026-04-23 14:37:18 INFO  org.testng.internal.Utils - [TestNG] Time taken by org.testng.reporters.FailedReporter@343e225a: 8 ms
2026-04-23 14:37:18 INFO  org.testng.internal.Utils - [TestNG] Time taken by org.testng.reporters.XMLReporter@4eea94a4: 5 ms
2026-04-23 14:37:18 INFO  org.testng.internal.Utils - [TestNG] Time taken by org.testng.reporters.EmailableReporter2@448b808a: 6 ms
2026-04-23 14:37:18 INFO  org.testng.internal.Utils - [TestNG] Time taken by org.testng.reporters.JUnitReportReporter@2007435e: 7 ms
2026-04-23 14:37:18 INFO  org.testng.internal.Utils - [TestNG] Time taken by org.testng.internal.ExitCodeListener@da28d03: 0 ms
2026-04-23 14:37:57 DEBUG org.testng.TestNG - suiteXmlPath: "C:\Users\Rahul\AppData\Local\Temp\testng-eclipse-185628944\testng-customsuite.xml"
2026-04-23 14:37:57 INFO  org.testng.internal.Utils - [Utils] MethodGroupsHelper.collectMethodsByGroup() took 0 ms.
2026-04-23 14:37:57 INFO  org.testng.internal.Utils - [Utils] MethodGroupsHelper.sortMethods() took 1 ms.
2026-04-23 14:37:57 INFO  org.testng.internal.Utils - [Utils] MethodGroupsHelper.collectMethodsByGroup() took 0 ms.
2026-04-23 14:37:57 INFO  org.testng.internal.Utils - [Utils] MethodGroupsHelper.sortMethods() took 0 ms.
2026-04-23 14:37:57 INFO  org.testng.internal.Utils - [Utils] MethodGroupsHelper.collectMethodsByGroup() took 0 ms.
2026-04-23 14:37:57 INFO  org.testng.internal.Utils - [Utils] MethodGroupsHelper.sortMethods() took 0 ms.
2026-04-23 14:37:57 INFO  org.testng.internal.Utils - [Utils] MethodGroupsHelper.collectMethodsByGroup() took 0 ms.
2026-04-23 14:37:57 INFO  org.testng.internal.Utils - [Utils] MethodGroupsHelper.sortMethods() took 0 ms.
2026-04-23 14:37:57 INFO  org.testng.internal.Utils - [Utils] MethodGroupsHelper.collectMethodsByGroup() took 3 ms.
2026-04-23 14:37:57 INFO  org.testng.internal.Utils - [Utils] MethodGroupsHelper.sortMethods() took 9 ms.
2026-04-23 14:37:57 INFO  org.testng.internal.Utils - [Utils] MethodGroupsHelper.collectMethodsByGroup() took 0 ms.
2026-04-23 14:37:57 INFO  org.testng.internal.Utils - [Utils] MethodGroupsHelper.sortMethods() took 0 ms.
2026-04-23 14:37:57 INFO  org.testng.internal.Utils - [Utils] MethodGroupsHelper.collectMethodsByGroup() took 0 ms.
2026-04-23 14:37:57 INFO  org.testng.internal.Utils - [Utils] MethodGroupsHelper.sortMethods() took 0 ms.
2026-04-23 14:37:57 INFO  org.testng.internal.Utils - [Utils] MethodGroupsHelper.collectMethodsByGroup() took 0 ms.
2026-04-23 14:37:57 INFO  org.testng.internal.Utils - [Utils] MethodGroupsHelper.sortMethods() took 0 ms.
2026-04-23 14:37:57 INFO  org.testng.internal.Utils - [Utils] MethodGroupsHelper.collectMethodsByGroup() took 0 ms.
2026-04-23 14:37:57 INFO  org.testng.internal.Utils - [Utils] MethodGroupsHelper.sortMethods() took 0 ms.
2026-04-23 14:37:57 INFO  org.testng.internal.Utils - [Utils] MethodGroupsHelper.collectMethodsByGroup() took 0 ms.
2026-04-23 14:37:57 INFO  org.testng.internal.Utils - [Utils] MethodGroupsHelper.sortMethods() took 0 ms.
2026-04-23 14:37:57 INFO  org.testng.internal.Utils - [Utils] MethodGroupsHelper.collectMethodsByGroup() took 0 ms.
2026-04-23 14:37:57 INFO  org.testng.internal.Utils - [Utils] MethodGroupsHelper.sortMethods() took 0 ms.
2026-04-23 14:37:57 INFO  org.testng.internal.Utils - [Utils] MethodGroupsHelper.collectMethodsByGroup() took 0 ms.
2026-04-23 14:37:57 INFO  org.testng.internal.Utils - [Utils] MethodGroupsHelper.sortMethods() took 0 ms.
2026-04-23 14:37:57 INFO  org.testng.internal.Utils - [Utils] MethodGroupsHelper.collectMethodsByGroup() took 9 ms.
2026-04-23 14:37:57 INFO  org.testng.internal.Utils - [Utils] MethodGroupsHelper.sortMethods() took 0 ms.
2026-04-23 14:37:57 INFO  org.testng.internal.Utils - [Utils] MethodGroupsHelper.collectMethodsByGroup() took 1 ms.
2026-04-23 14:37:57 INFO  org.testng.internal.Utils - [Utils] MethodGroupsHelper.sortMethods() took 0 ms.
2026-04-23 14:37:57 INFO  org.testng.internal.Utils - [Utils] MethodGroupsHelper.collectMethodsByGroup() took 0 ms.
2026-04-23 14:37:57 INFO  org.testng.internal.Utils - [Utils] MethodGroupsHelper.sortMethods() took 0 ms.
2026-04-23 14:37:57 INFO  org.testng.internal.Utils - [TestNG] Running:
  C:\Users\Rahul\AppData\Local\Temp\testng-eclipse-185628944\testng-customsuite.xml

2026-04-23 14:37:57 INFO  org.testng.internal.Utils - [Utils] DynamicGraphHelper.createDynamicGraph() took 4 ms.
2026-04-23 14:38:06 INFO  org.testng.internal.Utils - [TestNG] Time taken by org.testng.reporters.jq.Main@9b21bd3: 41 ms
2026-04-23 14:38:06 INFO  org.testng.internal.Utils - [TestNG] Time taken by org.testng.reporters.FailedReporter@7c36db44: 2 ms
2026-04-23 14:38:06 INFO  org.testng.internal.Utils - [TestNG] Time taken by org.testng.reporters.XMLReporter@711d1a52: 8 ms
2026-04-23 14:38:06 INFO  org.testng.internal.Utils - [TestNG] Time taken by org.testng.reporters.EmailableReporter2@36417a54: 6 ms
2026-04-23 14:38:06 INFO  org.testng.internal.Utils - [TestNG] Time taken by org.testng.reporters.JUnitReportReporter@1e0895f5: 6 ms
2026-04-23 14:38:06 INFO  org.testng.internal.Utils - [TestNG] Time taken by org.testng.internal.ExitCodeListener@1ac4ccad: 0 ms
2026-04-23 14:39:16 DEBUG org.testng.TestNG - suiteXmlPath: "C:\Users\Rahul\AppData\Local\Temp\testng-eclipse-842718768\testng-customsuite.xml"
2026-04-23 14:39:17 INFO  org.testng.internal.Utils - [Utils] MethodGroupsHelper.collectMethodsByGroup() took 0 ms.
2026-04-23 14:39:17 INFO  org.testng.internal.Utils - [Utils] MethodGroupsHelper.sortMethods() took 0 ms.
2026-04-23 14:39:17 INFO  org.testng.internal.Utils - [Utils] MethodGroupsHelper.collectMethodsByGroup() took 0 ms.
2026-04-23 14:39:17 INFO  org.testng.internal.Utils - [Utils] MethodGroupsHelper.sortMethods() took 0 ms.
2026-04-23 14:39:17 INFO  org.testng.internal.Utils - [Utils] MethodGroupsHelper.collectMethodsByGroup() took 0 ms.
2026-04-23 14:39:17 INFO  org.testng.internal.Utils - [Utils] MethodGroupsHelper.sortMethods() took 0 ms.
2026-04-23 14:39:17 INFO  org.testng.internal.Utils - [Utils] MethodGroupsHelper.collectMethodsByGroup() took 0 ms.
2026-04-23 14:39:17 INFO  org.testng.internal.Utils - [Utils] MethodGroupsHelper.sortMethods() took 0 ms.
2026-04-23 14:39:17 INFO  org.testng.internal.Utils - [Utils] MethodGroupsHelper.collectMethodsByGroup() took 4 ms.
2026-04-23 14:39:17 INFO  org.testng.internal.Utils - [Utils] MethodGroupsHelper.sortMethods() took 7 ms.
2026-04-23 14:39:17 INFO  org.testng.internal.Utils - [Utils] MethodGroupsHelper.collectMethodsByGroup() took 0 ms.
2026-04-23 14:39:17 INFO  org.testng.internal.Utils - [Utils] MethodGroupsHelper.sortMethods() took 0 ms.
2026-04-23 14:39:17 INFO  org.testng.internal.Utils - [Utils] MethodGroupsHelper.collectMethodsByGroup() took 0 ms.
2026-04-23 14:39:17 INFO  org.testng.internal.Utils - [Utils] MethodGroupsHelper.sortMethods() took 0 ms.
2026-04-23 14:39:17 INFO  org.testng.internal.Utils - [Utils] MethodGroupsHelper.collectMethodsByGroup() took 0 ms.
2026-04-23 14:39:17 INFO  org.testng.internal.Utils - [Utils] MethodGroupsHelper.sortMethods() took 0 ms.
2026-04-23 14:39:17 INFO  org.testng.internal.Utils - [Utils] MethodGroupsHelper.collectMethodsByGroup() took 0 ms.
2026-04-23 14:39:17 INFO  org.testng.internal.Utils - [Utils] MethodGroupsHelper.sortMethods() took 0 ms.
2026-04-23 14:39:17 INFO  org.testng.internal.Utils - [Utils] MethodGroupsHelper.collectMethodsByGroup() took 0 ms.
2026-04-23 14:39:17 INFO  org.testng.internal.Utils - [Utils] MethodGroupsHelper.sortMethods() took 0 ms.
2026-04-23 14:39:17 INFO  org.testng.internal.Utils - [Utils] MethodGroupsHelper.collectMethodsByGroup() took 0 ms.
2026-04-23 14:39:17 INFO  org.testng.internal.Utils - [Utils] MethodGroupsHelper.sortMethods() took 0 ms.
2026-04-23 14:39:17 INFO  org.testng.internal.Utils - [Utils] MethodGroupsHelper.collectMethodsByGroup() took 0 ms.
2026-04-23 14:39:17 INFO  org.testng.internal.Utils - [Utils] MethodGroupsHelper.sortMethods() took 0 ms.
2026-04-23 14:39:17 INFO  org.testng.internal.Utils - [Utils] MethodGroupsHelper.collectMethodsByGroup() took 0 ms.
2026-04-23 14:39:17 INFO  org.testng.internal.Utils - [Utils] MethodGroupsHelper.sortMethods() took 0 ms.
2026-04-23 14:39:17 INFO  org.testng.internal.Utils - [Utils] MethodGroupsHelper.collectMethodsByGroup() took 0 ms.
2026-04-23 14:39:17 INFO  org.testng.internal.Utils - [Utils] MethodGroupsHelper.sortMethods() took 0 ms.
2026-04-23 14:39:17 INFO  org.testng.internal.Utils - [Utils] MethodGroupsHelper.collectMethodsByGroup() took 0 ms.
2026-04-23 14:39:17 INFO  org.testng.internal.Utils - [Utils] MethodGroupsHelper.sortMethods() took 0 ms.
2026-04-23 14:39:17 INFO  org.testng.internal.Utils - [TestNG] Running:
  C:\Users\Rahul\AppData\Local\Temp\testng-eclipse-842718768\testng-customsuite.xml

2026-04-23 14:39:17 INFO  org.testng.internal.Utils - [Utils] DynamicGraphHelper.createDynamicGraph() took 5 ms.
2026-04-23 14:39:56 INFO  org.testng.internal.Utils - [TestNG] Time taken by org.testng.reporters.jq.Main@5ec1963c: 36 ms
2026-04-23 14:39:56 INFO  org.testng.internal.Utils - [TestNG] Time taken by org.testng.reporters.FailedReporter@5a917723: 7 ms
2026-04-23 14:39:56 INFO  org.testng.internal.Utils - [TestNG] Time taken by org.testng.reporters.XMLReporter@5d0b0cb9: 6 ms
2026-04-23 14:39:56 INFO  org.testng.internal.Utils - [TestNG] Time taken by org.testng.reporters.EmailableReporter2@5649d11a: 6 ms
2026-04-23 14:39:56 INFO  org.testng.internal.Utils - [TestNG] Time taken by org.testng.reporters.JUnitReportReporter@20a967fe: 7 ms
2026-04-23 14:39:56 INFO  org.testng.internal.Utils - [TestNG] Time taken by org.testng.internal.ExitCodeListener@405b6d75: 0 ms
2026-04-23 14:41:53 DEBUG org.testng.TestNG - suiteXmlPath: "C:\Users\Rahul\AppData\Local\Temp\testng-eclipse--965217958\testng-customsuite.xml"
2026-04-23 14:41:53 INFO  org.testng.internal.Utils - [Utils] MethodGroupsHelper.collectMethodsByGroup() took 1 ms.
2026-04-23 14:41:53 INFO  org.testng.internal.Utils - [Utils] MethodGroupsHelper.sortMethods() took 1 ms.
2026-04-23 14:41:53 INFO  org.testng.internal.Utils - [Utils] MethodGroupsHelper.collectMethodsByGroup() took 0 ms.
2026-04-23 14:41:53 INFO  org.testng.internal.Utils - [Utils] MethodGroupsHelper.sortMethods() took 0 ms.
2026-04-23 14:41:53 INFO  org.testng.internal.Utils - [Utils] MethodGroupsHelper.collectMethodsByGroup() took 0 ms.
2026-04-23 14:41:53 INFO  org.testng.internal.Utils - [Utils] MethodGroupsHelper.sortMethods() took 0 ms.
2026-04-23 14:41:53 INFO  org.testng.internal.Utils - [Utils] MethodGroupsHelper.collectMethodsByGroup() took 0 ms.
2026-04-23 14:41:53 INFO  org.testng.internal.Utils - [Utils] MethodGroupsHelper.sortMethods() took 0 ms.
2026-04-23 14:41:53 INFO  org.testng.internal.Utils - [Utils] MethodGroupsHelper.collectMethodsByGroup() took 4 ms.
2026-04-23 14:41:53 INFO  org.testng.internal.Utils - [Utils] MethodGroupsHelper.sortMethods() took 10 ms.
2026-04-23 14:41:53 INFO  org.testng.internal.Utils - [Utils] MethodGroupsHelper.collectMethodsByGroup() took 0 ms.
2026-04-23 14:41:53 INFO  org.testng.internal.Utils - [Utils] MethodGroupsHelper.sortMethods() took 0 ms.
2026-04-23 14:41:53 INFO  org.testng.internal.Utils - [Utils] MethodGroupsHelper.collectMethodsByGroup() took 0 ms.
2026-04-23 14:41:53 INFO  org.testng.internal.Utils - [Utils] MethodGroupsHelper.sortMethods() took 0 ms.
2026-04-23 14:41:53 INFO  org.testng.internal.Utils - [Utils] MethodGroupsHelper.collectMethodsByGroup() took 0 ms.
2026-04-23 14:41:53 INFO  org.testng.internal.Utils - [Utils] MethodGroupsHelper.sortMethods() took 0 ms.
2026-04-23 14:41:53 INFO  org.testng.internal.Utils - [Utils] MethodGroupsHelper.collectMethodsByGroup() took 0 ms.
2026-04-23 14:41:53 INFO  org.testng.internal.Utils - [Utils] MethodGroupsHelper.sortMethods() took 0 ms.
2026-04-23 14:41:53 INFO  org.testng.internal.Utils - [Utils] MethodGroupsHelper.collectMethodsByGroup() took 0 ms.
2026-04-23 14:41:53 INFO  org.testng.internal.Utils - [Utils] MethodGroupsHelper.sortMethods() took 0 ms.
2026-04-23 14:41:53 INFO  org.testng.internal.Utils - [Utils] MethodGroupsHelper.collectMethodsByGroup() took 0 ms.
2026-04-23 14:41:53 INFO  org.testng.internal.Utils - [Utils] MethodGroupsHelper.sortMethods() took 0 ms.
2026-04-23 14:41:53 INFO  org.testng.internal.Utils - [Utils] MethodGroupsHelper.collectMethodsByGroup() took 0 ms.
2026-04-23 14:41:53 INFO  org.testng.internal.Utils - [Utils] MethodGroupsHelper.sortMethods() took 0 ms.
2026-04-23 14:41:53 INFO  org.testng.internal.Utils - [Utils] MethodGroupsHelper.collectMethodsByGroup() took 1 ms.
2026-04-23 14:41:53 INFO  org.testng.internal.Utils - [Utils] MethodGroupsHelper.sortMethods() took 0 ms.
2026-04-23 14:41:53 INFO  org.testng.internal.Utils - [Utils] MethodGroupsHelper.collectMethodsByGroup() took 0 ms.
2026-04-23 14:41:53 INFO  org.testng.internal.Utils - [Utils] MethodGroupsHelper.sortMethods() took 0 ms.
2026-04-23 14:41:53 INFO  org.testng.internal.Utils - [Utils] MethodGroupsHelper.collectMethodsByGroup() took 0 ms.
2026-04-23 14:41:53 INFO  org.testng.internal.Utils - [Utils] MethodGroupsHelper.sortMethods() took 0 ms.
2026-04-23 14:41:53 INFO  org.testng.internal.Utils - [TestNG] Running:
  C:\Users\Rahul\AppData\Local\Temp\testng-eclipse--965217958\testng-customsuite.xml

2026-04-23 14:41:53 INFO  org.testng.internal.Utils - [Utils] DynamicGraphHelper.createDynamicGraph() took 3 ms.
2026-04-23 14:42:31 INFO  org.testng.internal.Utils - [TestNG] Time taken by org.testng.reporters.jq.Main@7ddd84b5: 32 ms
2026-04-23 14:42:31 INFO  org.testng.internal.Utils - [TestNG] Time taken by org.testng.reporters.FailedReporter@43c57161: 7 ms
2026-04-23 14:42:31 INFO  org.testng.internal.Utils - [TestNG] Time taken by org.testng.reporters.XMLReporter@71ed560f: 8 ms
2026-04-23 14:42:31 INFO  org.testng.internal.Utils - [TestNG] Time taken by org.testng.reporters.EmailableReporter2@1f939a0f: 6 ms
2026-04-23 14:42:31 INFO  org.testng.internal.Utils - [TestNG] Time taken by org.testng.reporters.JUnitReportReporter@111d5c97: 6 ms
2026-04-23 14:42:31 INFO  org.testng.internal.Utils - [TestNG] Time taken by org.testng.internal.ExitCodeListener@29c17c3d: 0 ms
2026-04-23 14:43:03 DEBUG org.testng.TestNG - suiteXmlPath: "C:\Users\Rahul\AppData\Local\Temp\testng-eclipse--185423882\testng-customsuite.xml"
2026-04-23 14:43:04 INFO  org.testng.internal.Utils - [Utils] MethodGroupsHelper.collectMethodsByGroup() took 0 ms.
2026-04-23 14:43:04 INFO  org.testng.internal.Utils - [Utils] MethodGroupsHelper.sortMethods() took 1 ms.
2026-04-23 14:43:04 INFO  org.testng.internal.Utils - [Utils] MethodGroupsHelper.collectMethodsByGroup() took 0 ms.
2026-04-23 14:43:04 INFO  org.testng.internal.Utils - [Utils] MethodGroupsHelper.sortMethods() took 0 ms.
2026-04-23 14:43:04 INFO  org.testng.internal.Utils - [Utils] MethodGroupsHelper.collectMethodsByGroup() took 0 ms.
2026-04-23 14:43:04 INFO  org.testng.internal.Utils - [Utils] MethodGroupsHelper.sortMethods() took 0 ms.
2026-04-23 14:43:04 INFO  org.testng.internal.Utils - [Utils] MethodGroupsHelper.collectMethodsByGroup() took 0 ms.
2026-04-23 14:43:04 INFO  org.testng.internal.Utils - [Utils] MethodGroupsHelper.sortMethods() took 0 ms.
2026-04-23 14:43:04 INFO  org.testng.internal.Utils - [Utils] MethodGroupsHelper.collectMethodsByGroup() took 4 ms.
2026-04-23 14:43:04 INFO  org.testng.internal.Utils - [Utils] MethodGroupsHelper.sortMethods() took 10 ms.
2026-04-23 14:43:04 INFO  org.testng.internal.Utils - [Utils] MethodGroupsHelper.collectMethodsByGroup() took 0 ms.
2026-04-23 14:43:04 INFO  org.testng.internal.Utils - [Utils] MethodGroupsHelper.sortMethods() took 0 ms.
2026-04-23 14:43:04 INFO  org.testng.internal.Utils - [Utils] MethodGroupsHelper.collectMethodsByGroup() took 0 ms.
2026-04-23 14:43:04 INFO  org.testng.internal.Utils - [Utils] MethodGroupsHelper.sortMethods() took 0 ms.
2026-04-23 14:43:04 INFO  org.testng.internal.Utils - [Utils] MethodGroupsHelper.collectMethodsByGroup() took 0 ms.
2026-04-23 14:43:04 INFO  org.testng.internal.Utils - [Utils] MethodGroupsHelper.sortMethods() took 0 ms.
2026-04-23 14:43:04 INFO  org.testng.internal.Utils - [Utils] MethodGroupsHelper.collectMethodsByGroup() took 1 ms.
2026-04-23 14:43:04 INFO  org.testng.internal.Utils - [Utils] MethodGroupsHelper.sortMethods() took 1 ms.
2026-04-23 14:43:04 INFO  org.testng.internal.Utils - [Utils] MethodGroupsHelper.collectMethodsByGroup() took 0 ms.
2026-04-23 14:43:04 INFO  org.testng.internal.Utils - [Utils] MethodGroupsHelper.sortMethods() took 0 ms.
2026-04-23 14:43:04 INFO  org.testng.internal.Utils - [Utils] MethodGroupsHelper.collectMethodsByGroup() took 0 ms.
2026-04-23 14:43:04 INFO  org.testng.internal.Utils - [Utils] MethodGroupsHelper.sortMethods() took 0 ms.
2026-04-23 14:43:04 INFO  org.testng.internal.Utils - [Utils] MethodGroupsHelper.collectMethodsByGroup() took 0 ms.
2026-04-23 14:43:04 INFO  org.testng.internal.Utils - [Utils] MethodGroupsHelper.sortMethods() took 0 ms.
2026-04-23 14:43:04 INFO  org.testng.internal.Utils - [Utils] MethodGroupsHelper.collectMethodsByGroup() took 0 ms.
2026-04-23 14:43:04 INFO  org.testng.internal.Utils - [Utils] MethodGroupsHelper.sortMethods() took 1 ms.
2026-04-23 14:43:04 INFO  org.testng.internal.Utils - [Utils] MethodGroupsHelper.collectMethodsByGroup() took 0 ms.
2026-04-23 14:43:04 INFO  org.testng.internal.Utils - [Utils] MethodGroupsHelper.sortMethods() took 0 ms.
2026-04-23 14:43:04 INFO  org.testng.internal.Utils - [Utils] MethodGroupsHelper.collectMethodsByGroup() took 0 ms.
2026-04-23 14:43:04 INFO  org.testng.internal.Utils - [Utils] MethodGroupsHelper.sortMethods() took 0 ms.
2026-04-23 14:43:04 INFO  org.testng.internal.Utils - [TestNG] Running:
  C:\Users\Rahul\AppData\Local\Temp\testng-eclipse--185423882\testng-customsuite.xml

2026-04-23 14:43:04 INFO  org.testng.internal.Utils - [Utils] DynamicGraphHelper.createDynamicGraph() took 3 ms.
2026-04-23 14:44:17 INFO  org.testng.internal.Utils - [TestNG] Time taken by org.testng.reporters.jq.Main@5dc769f9: 32 ms
2026-04-23 14:44:17 INFO  org.testng.internal.Utils - [TestNG] Time taken by org.testng.reporters.FailedReporter@6963b88c: 10 ms
2026-04-23 14:44:17 INFO  org.testng.internal.Utils - [TestNG] Time taken by org.testng.reporters.XMLReporter@24c8d8be: 6 ms
2026-04-23 14:44:17 INFO  org.testng.internal.Utils - [TestNG] Time taken by org.testng.reporters.EmailableReporter2@e09f1b6: 5 ms
2026-04-23 14:44:17 INFO  org.testng.internal.Utils - [TestNG] Time taken by org.testng.reporters.JUnitReportReporter@34208baa: 6 ms
2026-04-23 14:44:17 INFO  org.testng.internal.Utils - [TestNG] Time taken by org.testng.internal.ExitCodeListener@71370fec: 1 ms
2026-04-23 14:45:44 DEBUG org.testng.TestNG - suiteXmlPath: "C:\Users\Rahul\AppData\Local\Temp\testng-eclipse-1621234359\testng-customsuite.xml"
2026-04-23 14:45:44 INFO  org.testng.internal.Utils - [Utils] MethodGroupsHelper.collectMethodsByGroup() took 0 ms.
2026-04-23 14:45:44 INFO  org.testng.internal.Utils - [Utils] MethodGroupsHelper.sortMethods() took 2 ms.
2026-04-23 14:45:44 INFO  org.testng.internal.Utils - [Utils] MethodGroupsHelper.collectMethodsByGroup() took 0 ms.
2026-04-23 14:45:44 INFO  org.testng.internal.Utils - [Utils] MethodGroupsHelper.sortMethods() took 0 ms.
2026-04-23 14:45:44 INFO  org.testng.internal.Utils - [Utils] MethodGroupsHelper.collectMethodsByGroup() took 0 ms.
2026-04-23 14:45:44 INFO  org.testng.internal.Utils - [Utils] MethodGroupsHelper.sortMethods() took 0 ms.
2026-04-23 14:45:44 INFO  org.testng.internal.Utils - [Utils] MethodGroupsHelper.collectMethodsByGroup() took 0 ms.
2026-04-23 14:45:44 INFO  org.testng.internal.Utils - [Utils] MethodGroupsHelper.sortMethods() took 0 ms.
2026-04-23 14:45:44 INFO  org.testng.internal.Utils - [Utils] MethodGroupsHelper.collectMethodsByGroup() took 3 ms.
2026-04-23 14:45:44 INFO  org.testng.internal.Utils - [Utils] MethodGroupsHelper.sortMethods() took 7 ms.
2026-04-23 14:45:44 INFO  org.testng.internal.Utils - [Utils] MethodGroupsHelper.collectMethodsByGroup() took 0 ms.
2026-04-23 14:45:44 INFO  org.testng.internal.Utils - [Utils] MethodGroupsHelper.sortMethods() took 0 ms.
2026-04-23 14:45:44 INFO  org.testng.internal.Utils - [Utils] MethodGroupsHelper.collectMethodsByGroup() took 0 ms.
2026-04-23 14:45:44 INFO  org.testng.internal.Utils - [Utils] MethodGroupsHelper.sortMethods() took 0 ms.
2026-04-23 14:45:44 INFO  org.testng.internal.Utils - [Utils] MethodGroupsHelper.collectMethodsByGroup() took 0 ms.
2026-04-23 14:45:44 INFO  org.testng.internal.Utils - [Utils] MethodGroupsHelper.sortMethods() took 0 ms.
2026-04-23 14:45:44 INFO  org.testng.internal.Utils - [Utils] MethodGroupsHelper.collectMethodsByGroup() took 0 ms.
2026-04-23 14:45:44 INFO  org.testng.internal.Utils - [Utils] MethodGroupsHelper.sortMethods() took 0 ms.
2026-04-23 14:45:44 INFO  org.testng.internal.Utils - [Utils] MethodGroupsHelper.collectMethodsByGroup() took 0 ms.
2026-04-23 14:45:44 INFO  org.testng.internal.Utils - [Utils] MethodGroupsHelper.sortMethods() took 0 ms.
2026-04-23 14:45:44 INFO  org.testng.internal.Utils - [Utils] MethodGroupsHelper.collectMethodsByGroup() took 0 ms.
2026-04-23 14:45:44 INFO  org.testng.internal.Utils - [Utils] MethodGroupsHelper.sortMethods() took 0 ms.
2026-04-23 14:45:44 INFO  org.testng.internal.Utils - [Utils] MethodGroupsHelper.collectMethodsByGroup() took 0 ms.
2026-04-23 14:45:44 INFO  org.testng.internal.Utils - [Utils] MethodGroupsHelper.sortMethods() took 0 ms.
2026-04-23 14:45:44 INFO  org.testng.internal.Utils - [Utils] MethodGroupsHelper.collectMethodsByGroup() took 0 ms.
2026-04-23 14:45:44 INFO  org.testng.internal.Utils - [Utils] MethodGroupsHelper.sortMethods() took 1 ms.
2026-04-23 14:45:44 INFO  org.testng.internal.Utils - [Utils] MethodGroupsHelper.collectMethodsByGroup() took 0 ms.
2026-04-23 14:45:44 INFO  org.testng.internal.Utils - [Utils] MethodGroupsHelper.sortMethods() took 0 ms.
2026-04-23 14:45:44 INFO  org.testng.internal.Utils - [Utils] MethodGroupsHelper.collectMethodsByGroup() took 0 ms.
2026-04-23 14:45:44 INFO  org.testng.internal.Utils - [Utils] MethodGroupsHelper.sortMethods() took 0 ms.
2026-04-23 14:45:44 INFO  org.testng.internal.Utils - [TestNG] Running:
  C:\Users\Rahul\AppData\Local\Temp\testng-eclipse-1621234359\testng-customsuite.xml

2026-04-23 14:45:44 INFO  org.testng.internal.Utils - [Utils] DynamicGraphHelper.createDynamicGraph() took 4 ms.
2026-04-23 14:46:52 DEBUG org.testng.TestNG - suiteXmlPath: "C:\Users\Rahul\AppData\Local\Temp\testng-eclipse--458302274\testng-customsuite.xml"
2026-04-23 14:46:52 INFO  org.testng.internal.Utils - [Utils] MethodGroupsHelper.collectMethodsByGroup() took 1 ms.
2026-04-23 14:46:52 INFO  org.testng.internal.Utils - [Utils] MethodGroupsHelper.sortMethods() took 1 ms.
2026-04-23 14:46:52 INFO  org.testng.internal.Utils - [Utils] MethodGroupsHelper.collectMethodsByGroup() took 0 ms.
2026-04-23 14:46:52 INFO  org.testng.internal.Utils - [Utils] MethodGroupsHelper.sortMethods() took 0 ms.
2026-04-23 14:46:52 INFO  org.testng.internal.Utils - [Utils] MethodGroupsHelper.collectMethodsByGroup() took 0 ms.
2026-04-23 14:46:52 INFO  org.testng.internal.Utils - [Utils] MethodGroupsHelper.sortMethods() took 0 ms.
2026-04-23 14:46:52 INFO  org.testng.internal.Utils - [Utils] MethodGroupsHelper.collectMethodsByGroup() took 0 ms.
2026-04-23 14:46:52 INFO  org.testng.internal.Utils - [Utils] MethodGroupsHelper.sortMethods() took 0 ms.
2026-04-23 14:46:52 INFO  org.testng.internal.Utils - [Utils] MethodGroupsHelper.collectMethodsByGroup() took 4 ms.
2026-04-23 14:46:52 INFO  org.testng.internal.Utils - [Utils] MethodGroupsHelper.sortMethods() took 7 ms.
2026-04-23 14:46:52 INFO  org.testng.internal.Utils - [Utils] MethodGroupsHelper.collectMethodsByGroup() took 0 ms.
2026-04-23 14:46:52 INFO  org.testng.internal.Utils - [Utils] MethodGroupsHelper.sortMethods() took 0 ms.
2026-04-23 14:46:52 INFO  org.testng.internal.Utils - [Utils] MethodGroupsHelper.collectMethodsByGroup() took 0 ms.
2026-04-23 14:46:52 INFO  org.testng.internal.Utils - [Utils] MethodGroupsHelper.sortMethods() took 0 ms.
2026-04-23 14:46:52 INFO  org.testng.internal.Utils - [Utils] MethodGroupsHelper.collectMethodsByGroup() took 0 ms.
2026-04-23 14:46:52 INFO  org.testng.internal.Utils - [Utils] MethodGroupsHelper.sortMethods() took 0 ms.
2026-04-23 14:46:52 INFO  org.testng.internal.Utils - [Utils] MethodGroupsHelper.collectMethodsByGroup() took 0 ms.
2026-04-23 14:46:52 INFO  org.testng.internal.Utils - [Utils] MethodGroupsHelper.sortMethods() took 0 ms.
2026-04-23 14:46:52 INFO  org.testng.internal.Utils - [Utils] MethodGroupsHelper.collectMethodsByGroup() took 0 ms.
2026-04-23 14:46:52 INFO  org.testng.internal.Utils - [Utils] MethodGroupsHelper.sortMethods() took 0 ms.
2026-04-23 14:46:52 INFO  org.testng.internal.Utils - [Utils] MethodGroupsHelper.collectMethodsByGroup() took 0 ms.
2026-04-23 14:46:52 INFO  org.testng.internal.Utils - [Utils] MethodGroupsHelper.sortMethods() took 0 ms.
2026-04-23 14:46:52 INFO  org.testng.internal.Utils - [Utils] MethodGroupsHelper.collectMethodsByGroup() took 0 ms.
2026-04-23 14:46:52 INFO  org.testng.internal.Utils - [Utils] MethodGroupsHelper.sortMethods() took 0 ms.
2026-04-23 14:46:52 INFO  org.testng.internal.Utils - [Utils] MethodGroupsHelper.collectMethodsByGroup() took 0 ms.
2026-04-23 14:46:52 INFO  org.testng.internal.Utils - [Utils] MethodGroupsHelper.sortMethods() took 1 ms.
2026-04-23 14:46:52 INFO  org.testng.internal.Utils - [Utils] MethodGroupsHelper.collectMethodsByGroup() took 0 ms.
2026-04-23 14:46:52 INFO  org.testng.internal.Utils - [Utils] MethodGroupsHelper.sortMethods() took 0 ms.
2026-04-23 14:46:52 INFO  org.testng.internal.Utils - [Utils] MethodGroupsHelper.collectMethodsByGroup() took 0 ms.
2026-04-23 14:46:52 INFO  org.testng.internal.Utils - [Utils] MethodGroupsHelper.sortMethods() took 0 ms.
2026-04-23 14:46:52 INFO  org.testng.internal.Utils - [TestNG] Running:
  C:\Users\Rahul\AppData\Local\Temp\testng-eclipse--458302274\testng-customsuite.xml

2026-04-23 14:46:52 INFO  org.testng.internal.Utils - [Utils] DynamicGraphHelper.createDynamicGraph() took 5 ms.
2026-04-23 14:47:00 INFO  org.testng.internal.Utils - [TestNG] Time taken by org.testng.reporters.jq.Main@4faf104: 117 ms
2026-04-23 14:47:00 INFO  org.testng.internal.Utils - [TestNG] Time taken by org.testng.reporters.FailedReporter@60ed12e8: 20 ms
2026-04-23 14:47:00 INFO  org.testng.internal.Utils - [TestNG] Time taken by org.testng.reporters.XMLReporter@e09f1b6: 15 ms
2026-04-23 14:47:00 INFO  org.testng.internal.Utils - [TestNG] Time taken by org.testng.reporters.EmailableReporter2@5dfe23e8: 10 ms
2026-04-23 14:47:00 INFO  org.testng.internal.Utils - [TestNG] Time taken by org.testng.reporters.JUnitReportReporter@2753316c: 14 ms
2026-04-23 14:47:00 INFO  org.testng.internal.Utils - [TestNG] Time taken by org.testng.internal.ExitCodeListener@59edb4f5: 0 ms
2026-04-23 14:47:31 INFO  org.testng.internal.Utils - [TestNG] Time taken by org.testng.reporters.jq.Main@1d247525: 33 ms
2026-04-23 14:47:31 INFO  org.testng.internal.Utils - [TestNG] Time taken by org.testng.reporters.FailedReporter@7bac686b: 9 ms
2026-04-23 14:47:31 INFO  org.testng.internal.Utils - [TestNG] Time taken by org.testng.reporters.XMLReporter@46e64760: 7 ms
2026-04-23 14:47:31 INFO  org.testng.internal.Utils - [TestNG] Time taken by org.testng.reporters.EmailableReporter2@4b31a708: 6 ms
2026-04-23 14:47:31 INFO  org.testng.internal.Utils - [TestNG] Time taken by org.testng.reporters.JUnitReportReporter@3b705be7: 6 ms
2026-04-23 14:47:31 INFO  org.testng.internal.Utils - [TestNG] Time taken by org.testng.internal.ExitCodeListener@3a790e40: 0 ms
2026-04-23 14:49:03 DEBUG org.testng.TestNG - suiteXmlPath: "C:\Users\Rahul\AppData\Local\Temp\testng-eclipse--1654285745\testng-customsuite.xml"
2026-04-23 14:49:04 INFO  org.testng.internal.Utils - [Utils] MethodGroupsHelper.collectMethodsByGroup() took 0 ms.
2026-04-23 14:49:04 INFO  org.testng.internal.Utils - [Utils] MethodGroupsHelper.sortMethods() took 1 ms.
2026-04-23 14:49:04 INFO  org.testng.internal.Utils - [Utils] MethodGroupsHelper.collectMethodsByGroup() took 0 ms.
2026-04-23 14:49:04 INFO  org.testng.internal.Utils - [Utils] MethodGroupsHelper.sortMethods() took 0 ms.
2026-04-23 14:49:04 INFO  org.testng.internal.Utils - [Utils] MethodGroupsHelper.collectMethodsByGroup() took 0 ms.
2026-04-23 14:49:04 INFO  org.testng.internal.Utils - [Utils] MethodGroupsHelper.sortMethods() took 0 ms.
2026-04-23 14:49:04 INFO  org.testng.internal.Utils - [Utils] MethodGroupsHelper.collectMethodsByGroup() took 0 ms.
2026-04-23 14:49:04 INFO  org.testng.internal.Utils - [Utils] MethodGroupsHelper.sortMethods() took 0 ms.
2026-04-23 14:49:04 INFO  org.testng.internal.Utils - [Utils] MethodGroupsHelper.collectMethodsByGroup() took 4 ms.
2026-04-23 14:49:04 INFO  org.testng.internal.Utils - [Utils] MethodGroupsHelper.sortMethods() took 6 ms.
2026-04-23 14:49:04 INFO  org.testng.internal.Utils - [Utils] MethodGroupsHelper.collectMethodsByGroup() took 0 ms.
2026-04-23 14:49:04 INFO  org.testng.internal.Utils - [Utils] MethodGroupsHelper.sortMethods() took 0 ms.
2026-04-23 14:49:04 INFO  org.testng.internal.Utils - [Utils] MethodGroupsHelper.collectMethodsByGroup() took 0 ms.
2026-04-23 14:49:04 INFO  org.testng.internal.Utils - [Utils] MethodGroupsHelper.sortMethods() took 0 ms.
2026-04-23 14:49:04 INFO  org.testng.internal.Utils - [Utils] MethodGroupsHelper.collectMethodsByGroup() took 0 ms.
2026-04-23 14:49:04 INFO  org.testng.internal.Utils - [Utils] MethodGroupsHelper.sortMethods() took 0 ms.
2026-04-23 14:49:04 INFO  org.testng.internal.Utils - [Utils] MethodGroupsHelper.collectMethodsByGroup() took 0 ms.
2026-04-23 14:49:04 INFO  org.testng.internal.Utils - [Utils] MethodGroupsHelper.sortMethods() took 0 ms.
2026-04-23 14:49:04 INFO  org.testng.internal.Utils - [Utils] MethodGroupsHelper.collectMethodsByGroup() took 0 ms.
2026-04-23 14:49:04 INFO  org.testng.internal.Utils - [Utils] MethodGroupsHelper.sortMethods() took 1 ms.
2026-04-23 14:49:04 INFO  org.testng.internal.Utils - [Utils] MethodGroupsHelper.collectMethodsByGroup() took 0 ms.
2026-04-23 14:49:04 INFO  org.testng.internal.Utils - [Utils] MethodGroupsHelper.sortMethods() took 0 ms.
2026-04-23 14:49:04 INFO  org.testng.internal.Utils - [Utils] MethodGroupsHelper.collectMethodsByGroup() took 0 ms.
2026-04-23 14:49:04 INFO  org.testng.internal.Utils - [Utils] MethodGroupsHelper.sortMethods() took 0 ms.
2026-04-23 14:49:04 INFO  org.testng.internal.Utils - [Utils] MethodGroupsHelper.collectMethodsByGroup() took 1 ms.
2026-04-23 14:49:04 INFO  org.testng.internal.Utils - [Utils] MethodGroupsHelper.sortMethods() took 0 ms.
2026-04-23 14:49:04 INFO  org.testng.internal.Utils - [Utils] MethodGroupsHelper.collectMethodsByGroup() took 0 ms.
2026-04-23 14:49:04 INFO  org.testng.internal.Utils - [Utils] MethodGroupsHelper.sortMethods() took 0 ms.
2026-04-23 14:49:04 INFO  org.testng.internal.Utils - [Utils] MethodGroupsHelper.collectMethodsByGroup() took 0 ms.
2026-04-23 14:49:04 INFO  org.testng.internal.Utils - [Utils] MethodGroupsHelper.sortMethods() took 0 ms.
2026-04-23 14:49:04 INFO  org.testng.internal.Utils - [TestNG] Running:
  C:\Users\Rahul\AppData\Local\Temp\testng-eclipse--1654285745\testng-customsuite.xml

2026-04-23 14:49:04 INFO  org.testng.internal.Utils - [Utils] DynamicGraphHelper.createDynamicGraph() took 5 ms.
2026-04-23 14:49:25 INFO  org.testng.internal.Utils - [TestNG] Time taken by org.testng.reporters.jq.Main@7f5b9db: 40 ms
2026-04-23 14:49:25 INFO  org.testng.internal.Utils - [TestNG] Time taken by org.testng.reporters.FailedReporter@348ad293: 9 ms
2026-04-23 14:49:25 INFO  org.testng.internal.Utils - [TestNG] Time taken by org.testng.reporters.XMLReporter@17dd671f: 9 ms
2026-04-23 14:49:25 INFO  org.testng.internal.Utils - [TestNG] Time taken by org.testng.reporters.EmailableReporter2@43f9dd56: 6 ms
2026-04-23 14:49:25 INFO  org.testng.internal.Utils - [TestNG] Time taken by org.testng.reporters.JUnitReportReporter@58f437b0: 7 ms
2026-04-23 14:49:25 INFO  org.testng.internal.Utils - [TestNG] Time taken by org.testng.internal.ExitCodeListener@20f6f88c: 0 ms
2026-04-23 14:50:28 DEBUG org.testng.TestNG - suiteXmlPath: "C:\Users\Rahul\AppData\Local\Temp\testng-eclipse-2022495693\testng-customsuite.xml"
2026-04-23 14:50:28 INFO  org.testng.internal.Utils - [Utils] MethodGroupsHelper.collectMethodsByGroup() took 1 ms.
2026-04-23 14:50:28 INFO  org.testng.internal.Utils - [Utils] MethodGroupsHelper.sortMethods() took 1 ms.
2026-04-23 14:50:28 INFO  org.testng.internal.Utils - [Utils] MethodGroupsHelper.collectMethodsByGroup() took 0 ms.
2026-04-23 14:50:28 INFO  org.testng.internal.Utils - [Utils] MethodGroupsHelper.sortMethods() took 0 ms.
2026-04-23 14:50:28 INFO  org.testng.internal.Utils - [Utils] MethodGroupsHelper.collectMethodsByGroup() took 0 ms.
2026-04-23 14:50:28 INFO  org.testng.internal.Utils - [Utils] MethodGroupsHelper.sortMethods() took 0 ms.
2026-04-23 14:50:28 INFO  org.testng.internal.Utils - [Utils] MethodGroupsHelper.collectMethodsByGroup() took 0 ms.
2026-04-23 14:50:28 INFO  org.testng.internal.Utils - [Utils] MethodGroupsHelper.sortMethods() took 0 ms.
2026-04-23 14:50:28 INFO  org.testng.internal.Utils - [Utils] MethodGroupsHelper.collectMethodsByGroup() took 6 ms.
2026-04-23 14:50:28 INFO  org.testng.internal.Utils - [Utils] MethodGroupsHelper.sortMethods() took 8 ms.
2026-04-23 14:50:28 INFO  org.testng.internal.Utils - [Utils] MethodGroupsHelper.collectMethodsByGroup() took 0 ms.
2026-04-23 14:50:28 INFO  org.testng.internal.Utils - [Utils] MethodGroupsHelper.sortMethods() took 0 ms.
2026-04-23 14:50:28 INFO  org.testng.internal.Utils - [Utils] MethodGroupsHelper.collectMethodsByGroup() took 0 ms.
2026-04-23 14:50:28 INFO  org.testng.internal.Utils - [Utils] MethodGroupsHelper.sortMethods() took 0 ms.
2026-04-23 14:50:28 INFO  org.testng.internal.Utils - [Utils] MethodGroupsHelper.collectMethodsByGroup() took 0 ms.
2026-04-23 14:50:28 INFO  org.testng.internal.Utils - [Utils] MethodGroupsHelper.sortMethods() took 0 ms.
2026-04-23 14:50:28 INFO  org.testng.internal.Utils - [Utils] MethodGroupsHelper.collectMethodsByGroup() took 0 ms.
2026-04-23 14:50:28 INFO  org.testng.internal.Utils - [Utils] MethodGroupsHelper.sortMethods() took 0 ms.
2026-04-23 14:50:28 INFO  org.testng.internal.Utils - [Utils] MethodGroupsHelper.collectMethodsByGroup() took 0 ms.
2026-04-23 14:50:28 INFO  org.testng.internal.Utils - [Utils] MethodGroupsHelper.sortMethods() took 1 ms.
2026-04-23 14:50:28 INFO  org.testng.internal.Utils - [Utils] MethodGroupsHelper.collectMethodsByGroup() took 0 ms.
2026-04-23 14:50:28 INFO  org.testng.internal.Utils - [Utils] MethodGroupsHelper.sortMethods() took 0 ms.
2026-04-23 14:50:28 INFO  org.testng.internal.Utils - [Utils] MethodGroupsHelper.collectMethodsByGroup() took 0 ms.
2026-04-23 14:50:28 INFO  org.testng.internal.Utils - [Utils] MethodGroupsHelper.sortMethods() took 0 ms.
2026-04-23 14:50:28 INFO  org.testng.internal.Utils - [Utils] MethodGroupsHelper.collectMethodsByGroup() took 10 ms.
2026-04-23 14:50:28 INFO  org.testng.internal.Utils - [Utils] MethodGroupsHelper.sortMethods() took 0 ms.
2026-04-23 14:50:28 INFO  org.testng.internal.Utils - [Utils] MethodGroupsHelper.collectMethodsByGroup() took 0 ms.
2026-04-23 14:50:28 INFO  org.testng.internal.Utils - [Utils] MethodGroupsHelper.sortMethods() took 0 ms.
2026-04-23 14:50:28 INFO  org.testng.internal.Utils - [Utils] MethodGroupsHelper.collectMethodsByGroup() took 0 ms.
2026-04-23 14:50:28 INFO  org.testng.internal.Utils - [Utils] MethodGroupsHelper.sortMethods() took 0 ms.
2026-04-23 14:50:28 INFO  org.testng.internal.Utils - [TestNG] Running:
  C:\Users\Rahul\AppData\Local\Temp\testng-eclipse-2022495693\testng-customsuite.xml

2026-04-23 14:50:28 INFO  org.testng.internal.Utils - [Utils] DynamicGraphHelper.createDynamicGraph() took 3 ms.
2026-04-23 14:50:37 INFO  org.testng.internal.Utils - [TestNG] Time taken by org.testng.reporters.jq.Main@4ee6291f: 29 ms
2026-04-23 14:50:37 INFO  org.testng.internal.Utils - [TestNG] Time taken by org.testng.reporters.FailedReporter@44bd4b0a: 7 ms
2026-04-23 14:50:37 INFO  org.testng.internal.Utils - [TestNG] Time taken by org.testng.reporters.XMLReporter@4ee5b2d9: 6 ms
2026-04-23 14:50:37 INFO  org.testng.internal.Utils - [TestNG] Time taken by org.testng.reporters.EmailableReporter2@673919a7: 4 ms
2026-04-23 14:50:37 INFO  org.testng.internal.Utils - [TestNG] Time taken by org.testng.reporters.JUnitReportReporter@2e8a1ab4: 6 ms
2026-04-23 14:50:37 INFO  org.testng.internal.Utils - [TestNG] Time taken by org.testng.internal.ExitCodeListener@59f93db8: 0 ms
2026-04-23 14:57:31 DEBUG org.testng.TestNG - suiteXmlPath: "C:\Users\Rahul\AppData\Local\Temp\testng-eclipse-402132540\testng-customsuite.xml"
2026-04-23 14:57:31 INFO  org.testng.internal.Utils - [Utils] MethodGroupsHelper.collectMethodsByGroup() took 0 ms.
2026-04-23 14:57:31 INFO  org.testng.internal.Utils - [Utils] MethodGroupsHelper.sortMethods() took 1 ms.
2026-04-23 14:57:31 INFO  org.testng.internal.Utils - [Utils] MethodGroupsHelper.collectMethodsByGroup() took 0 ms.
2026-04-23 14:57:31 INFO  org.testng.internal.Utils - [Utils] MethodGroupsHelper.sortMethods() took 0 ms.
2026-04-23 14:57:31 INFO  org.testng.internal.Utils - [Utils] MethodGroupsHelper.collectMethodsByGroup() took 0 ms.
2026-04-23 14:57:31 INFO  org.testng.internal.Utils - [Utils] MethodGroupsHelper.sortMethods() took 0 ms.
2026-04-23 14:57:31 INFO  org.testng.internal.Utils - [Utils] MethodGroupsHelper.collectMethodsByGroup() took 0 ms.
2026-04-23 14:57:31 INFO  org.testng.internal.Utils - [Utils] MethodGroupsHelper.sortMethods() took 0 ms.
2026-04-23 14:57:31 INFO  org.testng.internal.Utils - [Utils] MethodGroupsHelper.collectMethodsByGroup() took 3 ms.
2026-04-23 14:57:32 INFO  org.testng.internal.Utils - [Utils] MethodGroupsHelper.sortMethods() took 6 ms.
2026-04-23 14:57:32 INFO  org.testng.internal.Utils - [Utils] MethodGroupsHelper.collectMethodsByGroup() took 0 ms.
2026-04-23 14:57:32 INFO  org.testng.internal.Utils - [Utils] MethodGroupsHelper.sortMethods() took 0 ms.
2026-04-23 14:57:32 INFO  org.testng.internal.Utils - [Utils] MethodGroupsHelper.collectMethodsByGroup() took 0 ms.
2026-04-23 14:57:32 INFO  org.testng.internal.Utils - [Utils] MethodGroupsHelper.sortMethods() took 0 ms.
2026-04-23 14:57:32 INFO  org.testng.internal.Utils - [Utils] MethodGroupsHelper.collectMethodsByGroup() took 0 ms.
2026-04-23 14:57:32 INFO  org.testng.internal.Utils - [Utils] MethodGroupsHelper.sortMethods() took 0 ms.
2026-04-23 14:57:32 INFO  org.testng.internal.Utils - [Utils] MethodGroupsHelper.collectMethodsByGroup() took 0 ms.
2026-04-23 14:57:32 INFO  org.testng.internal.Utils - [Utils] MethodGroupsHelper.sortMethods() took 0 ms.
2026-04-23 14:57:32 INFO  org.testng.internal.Utils - [Utils] MethodGroupsHelper.collectMethodsByGroup() took 0 ms.
2026-04-23 14:57:32 INFO  org.testng.internal.Utils - [Utils] MethodGroupsHelper.sortMethods() took 0 ms.
2026-04-23 14:57:32 INFO  org.testng.internal.Utils - [Utils] MethodGroupsHelper.collectMethodsByGroup() took 0 ms.
2026-04-23 14:57:32 INFO  org.testng.internal.Utils - [Utils] MethodGroupsHelper.sortMethods() took 0 ms.
2026-04-23 14:57:32 INFO  org.testng.internal.Utils - [Utils] MethodGroupsHelper.collectMethodsByGroup() took 0 ms.
2026-04-23 14:57:32 INFO  org.testng.internal.Utils - [Utils] MethodGroupsHelper.sortMethods() took 0 ms.
2026-04-23 14:57:32 INFO  org.testng.internal.Utils - [Utils] MethodGroupsHelper.collectMethodsByGroup() took 0 ms.
2026-04-23 14:57:32 INFO  org.testng.internal.Utils - [Utils] MethodGroupsHelper.sortMethods() took 0 ms.
2026-04-23 14:57:32 INFO  org.testng.internal.Utils - [Utils] MethodGroupsHelper.collectMethodsByGroup() took 0 ms.
2026-04-23 14:57:32 INFO  org.testng.internal.Utils - [Utils] MethodGroupsHelper.sortMethods() took 0 ms.
2026-04-23 14:57:32 INFO  org.testng.internal.Utils - [Utils] MethodGroupsHelper.collectMethodsByGroup() took 0 ms.
2026-04-23 14:57:32 INFO  org.testng.internal.Utils - [Utils] MethodGroupsHelper.sortMethods() took 0 ms.
2026-04-23 14:57:32 INFO  org.testng.internal.Utils - [TestNG] Running:
  C:\Users\Rahul\AppData\Local\Temp\testng-eclipse-402132540\testng-customsuite.xml

2026-04-23 14:57:32 INFO  org.testng.internal.Utils - [Utils] DynamicGraphHelper.createDynamicGraph() took 4 ms.
2026-04-23 14:58:53 INFO  org.testng.internal.Utils - [TestNG] Time taken by org.testng.reporters.jq.Main@500051c5: 33 ms
2026-04-23 14:58:53 INFO  org.testng.internal.Utils - [TestNG] Time taken by org.testng.reporters.FailedReporter@7ca16adc: 8 ms
2026-04-23 14:58:53 INFO  org.testng.internal.Utils - [TestNG] Time taken by org.testng.reporters.XMLReporter@9accff0: 7 ms
2026-04-23 14:58:53 INFO  org.testng.internal.Utils - [TestNG] Time taken by org.testng.reporters.EmailableReporter2@208205ed: 6 ms
2026-04-23 14:58:53 INFO  org.testng.internal.Utils - [TestNG] Time taken by org.testng.reporters.JUnitReportReporter@7f6329cb: 5 ms
2026-04-23 14:58:53 INFO  org.testng.internal.Utils - [TestNG] Time taken by org.testng.internal.ExitCodeListener@4b8137c5: 0 ms
2026-04-23 15:02:19 DEBUG org.testng.TestNG - suiteXmlPath: "C:\Users\Rahul\AppData\Local\Temp\testng-eclipse-1439429254\testng-customsuite.xml"
2026-04-23 15:02:19 INFO  org.testng.internal.Utils - [Utils] MethodGroupsHelper.collectMethodsByGroup() took 1 ms.
2026-04-23 15:02:19 INFO  org.testng.internal.Utils - [Utils] MethodGroupsHelper.sortMethods() took 1 ms.
2026-04-23 15:02:19 INFO  org.testng.internal.Utils - [Utils] MethodGroupsHelper.collectMethodsByGroup() took 0 ms.
2026-04-23 15:02:19 INFO  org.testng.internal.Utils - [Utils] MethodGroupsHelper.sortMethods() took 0 ms.
2026-04-23 15:02:19 INFO  org.testng.internal.Utils - [Utils] MethodGroupsHelper.collectMethodsByGroup() took 0 ms.
2026-04-23 15:02:19 INFO  org.testng.internal.Utils - [Utils] MethodGroupsHelper.sortMethods() took 0 ms.
2026-04-23 15:02:19 INFO  org.testng.internal.Utils - [Utils] MethodGroupsHelper.collectMethodsByGroup() took 0 ms.
2026-04-23 15:02:19 INFO  org.testng.internal.Utils - [Utils] MethodGroupsHelper.sortMethods() took 0 ms.
2026-04-23 15:02:19 INFO  org.testng.internal.Utils - [Utils] MethodGroupsHelper.collectMethodsByGroup() took 3 ms.
2026-04-23 15:02:19 INFO  org.testng.internal.Utils - [Utils] MethodGroupsHelper.sortMethods() took 7 ms.
2026-04-23 15:02:19 INFO  org.testng.internal.Utils - [Utils] MethodGroupsHelper.collectMethodsByGroup() took 0 ms.
2026-04-23 15:02:19 INFO  org.testng.internal.Utils - [Utils] MethodGroupsHelper.sortMethods() took 0 ms.
2026-04-23 15:02:19 INFO  org.testng.internal.Utils - [Utils] MethodGroupsHelper.collectMethodsByGroup() took 0 ms.
2026-04-23 15:02:19 INFO  org.testng.internal.Utils - [Utils] MethodGroupsHelper.sortMethods() took 0 ms.
2026-04-23 15:02:19 INFO  org.testng.internal.Utils - [Utils] MethodGroupsHelper.collectMethodsByGroup() took 0 ms.
2026-04-23 15:02:19 INFO  org.testng.internal.Utils - [Utils] MethodGroupsHelper.sortMethods() took 0 ms.
2026-04-23 15:02:19 INFO  org.testng.internal.Utils - [Utils] MethodGroupsHelper.collectMethodsByGroup() took 0 ms.
2026-04-23 15:02:19 INFO  org.testng.internal.Utils - [Utils] MethodGroupsHelper.sortMethods() took 0 ms.
2026-04-23 15:02:19 INFO  org.testng.internal.Utils - [Utils] MethodGroupsHelper.collectMethodsByGroup() took 0 ms.
2026-04-23 15:02:19 INFO  org.testng.internal.Utils - [Utils] MethodGroupsHelper.sortMethods() took 0 ms.
2026-04-23 15:02:19 INFO  org.testng.internal.Utils - [Utils] MethodGroupsHelper.collectMethodsByGroup() took 0 ms.
2026-04-23 15:02:19 INFO  org.testng.internal.Utils - [Utils] MethodGroupsHelper.sortMethods() took 0 ms.
2026-04-23 15:02:19 INFO  org.testng.internal.Utils - [Utils] MethodGroupsHelper.collectMethodsByGroup() took 0 ms.
2026-04-23 15:02:19 INFO  org.testng.internal.Utils - [Utils] MethodGroupsHelper.sortMethods() took 0 ms.
2026-04-23 15:02:19 INFO  org.testng.internal.Utils - [Utils] MethodGroupsHelper.collectMethodsByGroup() took 10 ms.
2026-04-23 15:02:19 INFO  org.testng.internal.Utils - [Utils] MethodGroupsHelper.sortMethods() took 0 ms.
2026-04-23 15:02:19 INFO  org.testng.internal.Utils - [Utils] MethodGroupsHelper.collectMethodsByGroup() took 0 ms.
2026-04-23 15:02:19 INFO  org.testng.internal.Utils - [Utils] MethodGroupsHelper.sortMethods() took 0 ms.
2026-04-23 15:02:19 INFO  org.testng.internal.Utils - [Utils] MethodGroupsHelper.collectMethodsByGroup() took 0 ms.
2026-04-23 15:02:19 INFO  org.testng.internal.Utils - [Utils] MethodGroupsHelper.sortMethods() took 0 ms.
2026-04-23 15:02:19 INFO  org.testng.internal.Utils - [TestNG] Running:
  C:\Users\Rahul\AppData\Local\Temp\testng-eclipse-1439429254\testng-customsuite.xml

2026-04-23 15:02:19 INFO  org.testng.internal.Utils - [Utils] DynamicGraphHelper.createDynamicGraph() took 2 ms.
2026-04-23 15:02:27 INFO  org.testng.internal.Utils - [TestNG] Time taken by org.testng.reporters.jq.Main@10643593: 32 ms
2026-04-23 15:02:27 INFO  org.testng.internal.Utils - [TestNG] Time taken by org.testng.reporters.FailedReporter@79fd6f95: 1 ms
2026-04-23 15:02:27 INFO  org.testng.internal.Utils - [TestNG] Time taken by org.testng.reporters.XMLReporter@2def7a7a: 6 ms
2026-04-23 15:02:27 INFO  org.testng.internal.Utils - [TestNG] Time taken by org.testng.reporters.EmailableReporter2@65c33b92: 4 ms
2026-04-23 15:02:27 INFO  org.testng.internal.Utils - [TestNG] Time taken by org.testng.reporters.JUnitReportReporter@75483843: 4 ms
2026-04-23 15:02:27 INFO  org.testng.internal.Utils - [TestNG] Time taken by org.testng.internal.ExitCodeListener@336206d8: 0 ms
2026-04-23 15:02:39 DEBUG org.testng.TestNG - suiteXmlPath: "C:\Users\Rahul\AppData\Local\Temp\testng-eclipse--1662954369\testng-customsuite.xml"
2026-04-23 15:02:39 INFO  org.testng.internal.Utils - [Utils] MethodGroupsHelper.collectMethodsByGroup() took 0 ms.
2026-04-23 15:02:39 INFO  org.testng.internal.Utils - [Utils] MethodGroupsHelper.sortMethods() took 1 ms.
2026-04-23 15:02:39 INFO  org.testng.internal.Utils - [Utils] MethodGroupsHelper.collectMethodsByGroup() took 0 ms.
2026-04-23 15:02:39 INFO  org.testng.internal.Utils - [Utils] MethodGroupsHelper.sortMethods() took 0 ms.
2026-04-23 15:02:39 INFO  org.testng.internal.Utils - [Utils] MethodGroupsHelper.collectMethodsByGroup() took 0 ms.
2026-04-23 15:02:39 INFO  org.testng.internal.Utils - [Utils] MethodGroupsHelper.sortMethods() took 0 ms.
2026-04-23 15:02:39 INFO  org.testng.internal.Utils - [Utils] MethodGroupsHelper.collectMethodsByGroup() took 0 ms.
2026-04-23 15:02:39 INFO  org.testng.internal.Utils - [Utils] MethodGroupsHelper.sortMethods() took 0 ms.
2026-04-23 15:02:39 INFO  org.testng.internal.Utils - [Utils] MethodGroupsHelper.collectMethodsByGroup() took 8 ms.
2026-04-23 15:02:39 INFO  org.testng.internal.Utils - [Utils] MethodGroupsHelper.sortMethods() took 9 ms.
2026-04-23 15:02:39 INFO  org.testng.internal.Utils - [Utils] MethodGroupsHelper.collectMethodsByGroup() took 0 ms.
2026-04-23 15:02:39 INFO  org.testng.internal.Utils - [Utils] MethodGroupsHelper.sortMethods() took 0 ms.
2026-04-23 15:02:39 INFO  org.testng.internal.Utils - [Utils] MethodGroupsHelper.collectMethodsByGroup() took 0 ms.
2026-04-23 15:02:39 INFO  org.testng.internal.Utils - [Utils] MethodGroupsHelper.sortMethods() took 0 ms.
2026-04-23 15:02:39 INFO  org.testng.internal.Utils - [Utils] MethodGroupsHelper.collectMethodsByGroup() took 0 ms.
2026-04-23 15:02:39 INFO  org.testng.internal.Utils - [Utils] MethodGroupsHelper.sortMethods() took 0 ms.
2026-04-23 15:02:39 INFO  org.testng.internal.Utils - [Utils] MethodGroupsHelper.collectMethodsByGroup() took 1 ms.
2026-04-23 15:02:39 INFO  org.testng.internal.Utils - [Utils] MethodGroupsHelper.sortMethods() took 0 ms.
2026-04-23 15:02:39 INFO  org.testng.internal.Utils - [Utils] MethodGroupsHelper.collectMethodsByGroup() took 0 ms.
2026-04-23 15:02:39 INFO  org.testng.internal.Utils - [Utils] MethodGroupsHelper.sortMethods() took 0 ms.
2026-04-23 15:02:39 INFO  org.testng.internal.Utils - [Utils] MethodGroupsHelper.collectMethodsByGroup() took 0 ms.
2026-04-23 15:02:39 INFO  org.testng.internal.Utils - [Utils] MethodGroupsHelper.sortMethods() took 0 ms.
2026-04-23 15:02:39 INFO  org.testng.internal.Utils - [Utils] MethodGroupsHelper.collectMethodsByGroup() took 0 ms.
2026-04-23 15:02:39 INFO  org.testng.internal.Utils - [Utils] MethodGroupsHelper.sortMethods() took 0 ms.
2026-04-23 15:02:39 INFO  org.testng.internal.Utils - [Utils] MethodGroupsHelper.collectMethodsByGroup() took 9 ms.
2026-04-23 15:02:39 INFO  org.testng.internal.Utils - [Utils] MethodGroupsHelper.sortMethods() took 0 ms.
2026-04-23 15:02:39 INFO  org.testng.internal.Utils - [Utils] MethodGroupsHelper.collectMethodsByGroup() took 0 ms.
2026-04-23 15:02:39 INFO  org.testng.internal.Utils - [Utils] MethodGroupsHelper.sortMethods() took 0 ms.
2026-04-23 15:02:39 INFO  org.testng.internal.Utils - [Utils] MethodGroupsHelper.collectMethodsByGroup() took 0 ms.
2026-04-23 15:02:39 INFO  org.testng.internal.Utils - [Utils] MethodGroupsHelper.sortMethods() took 0 ms.
2026-04-23 15:02:39 INFO  org.testng.internal.Utils - [TestNG] Running:
  C:\Users\Rahul\AppData\Local\Temp\testng-eclipse--1662954369\testng-customsuite.xml

2026-04-23 15:02:39 INFO  org.testng.internal.Utils - [Utils] DynamicGraphHelper.createDynamicGraph() took 2 ms.
2026-04-23 15:02:48 INFO  org.testng.internal.Utils - [TestNG] Time taken by org.testng.reporters.jq.Main@3ad4a7d6: 31 ms
2026-04-23 15:02:48 INFO  org.testng.internal.Utils - [TestNG] Time taken by org.testng.reporters.FailedReporter@10643593: 0 ms
2026-04-23 15:02:48 INFO  org.testng.internal.Utils - [TestNG] Time taken by org.testng.reporters.XMLReporter@7b6e5c12: 4 ms
2026-04-23 15:02:48 INFO  org.testng.internal.Utils - [TestNG] Time taken by org.testng.reporters.EmailableReporter2@a62c7cd: 4 ms
2026-04-23 15:02:48 INFO  org.testng.internal.Utils - [TestNG] Time taken by org.testng.reporters.JUnitReportReporter@1f0b3cfe: 7 ms
2026-04-23 15:02:48 INFO  org.testng.internal.Utils - [TestNG] Time taken by org.testng.internal.ExitCodeListener@14ef2482: 0 ms
2026-04-23 15:03:11 DEBUG org.testng.TestNG - suiteXmlPath: "C:\Users\Rahul\AppData\Local\Temp\testng-eclipse--1514395321\testng-customsuite.xml"
2026-04-23 15:03:11 INFO  org.testng.internal.Utils - [Utils] MethodGroupsHelper.collectMethodsByGroup() took 1 ms.
2026-04-23 15:03:11 INFO  org.testng.internal.Utils - [Utils] MethodGroupsHelper.sortMethods() took 0 ms.
2026-04-23 15:03:11 INFO  org.testng.internal.Utils - [Utils] MethodGroupsHelper.collectMethodsByGroup() took 0 ms.
2026-04-23 15:03:11 INFO  org.testng.internal.Utils - [Utils] MethodGroupsHelper.sortMethods() took 0 ms.
2026-04-23 15:03:11 INFO  org.testng.internal.Utils - [Utils] MethodGroupsHelper.collectMethodsByGroup() took 0 ms.
2026-04-23 15:03:11 INFO  org.testng.internal.Utils - [Utils] MethodGroupsHelper.sortMethods() took 0 ms.
2026-04-23 15:03:11 INFO  org.testng.internal.Utils - [Utils] MethodGroupsHelper.collectMethodsByGroup() took 0 ms.
2026-04-23 15:03:11 INFO  org.testng.internal.Utils - [Utils] MethodGroupsHelper.sortMethods() took 0 ms.
2026-04-23 15:03:11 INFO  org.testng.internal.Utils - [Utils] MethodGroupsHelper.collectMethodsByGroup() took 3 ms.
2026-04-23 15:03:11 INFO  org.testng.internal.Utils - [Utils] MethodGroupsHelper.sortMethods() took 10 ms.
2026-04-23 15:03:11 INFO  org.testng.internal.Utils - [Utils] MethodGroupsHelper.collectMethodsByGroup() took 0 ms.
2026-04-23 15:03:11 INFO  org.testng.internal.Utils - [Utils] MethodGroupsHelper.sortMethods() took 0 ms.
2026-04-23 15:03:11 INFO  org.testng.internal.Utils - [Utils] MethodGroupsHelper.collectMethodsByGroup() took 0 ms.
2026-04-23 15:03:11 INFO  org.testng.internal.Utils - [Utils] MethodGroupsHelper.sortMethods() took 0 ms.
2026-04-23 15:03:11 INFO  org.testng.internal.Utils - [Utils] MethodGroupsHelper.collectMethodsByGroup() took 0 ms.
2026-04-23 15:03:11 INFO  org.testng.internal.Utils - [Utils] MethodGroupsHelper.sortMethods() took 0 ms.
2026-04-23 15:03:11 INFO  org.testng.internal.Utils - [Utils] MethodGroupsHelper.collectMethodsByGroup() took 0 ms.
2026-04-23 15:03:11 INFO  org.testng.internal.Utils - [Utils] MethodGroupsHelper.sortMethods() took 1 ms.
2026-04-23 15:03:11 INFO  org.testng.internal.Utils - [Utils] MethodGroupsHelper.collectMethodsByGroup() took 0 ms.
2026-04-23 15:03:11 INFO  org.testng.internal.Utils - [Utils] MethodGroupsHelper.sortMethods() took 0 ms.
2026-04-23 15:03:11 INFO  org.testng.internal.Utils - [Utils] MethodGroupsHelper.collectMethodsByGroup() took 0 ms.
2026-04-23 15:03:11 INFO  org.testng.internal.Utils - [Utils] MethodGroupsHelper.sortMethods() took 0 ms.
2026-04-23 15:03:11 INFO  org.testng.internal.Utils - [Utils] MethodGroupsHelper.collectMethodsByGroup() took 0 ms.
2026-04-23 15:03:11 INFO  org.testng.internal.Utils - [Utils] MethodGroupsHelper.sortMethods() took 0 ms.
2026-04-23 15:03:11 INFO  org.testng.internal.Utils - [Utils] MethodGroupsHelper.collectMethodsByGroup() took 10 ms.
2026-04-23 15:03:11 INFO  org.testng.internal.Utils - [Utils] MethodGroupsHelper.sortMethods() took 0 ms.
2026-04-23 15:03:11 INFO  org.testng.internal.Utils - [Utils] MethodGroupsHelper.collectMethodsByGroup() took 0 ms.
2026-04-23 15:03:11 INFO  org.testng.internal.Utils - [Utils] MethodGroupsHelper.sortMethods() took 0 ms.
2026-04-23 15:03:11 INFO  org.testng.internal.Utils - [Utils] MethodGroupsHelper.collectMethodsByGroup() took 0 ms.
2026-04-23 15:03:11 INFO  org.testng.internal.Utils - [Utils] MethodGroupsHelper.sortMethods() took 0 ms.
2026-04-23 15:03:11 INFO  org.testng.internal.Utils - [TestNG] Running:
  C:\Users\Rahul\AppData\Local\Temp\testng-eclipse--1514395321\testng-customsuite.xml

2026-04-23 15:03:11 INFO  org.testng.internal.Utils - [Utils] DynamicGraphHelper.createDynamicGraph() took 3 ms.
2026-04-23 15:03:19 INFO  org.testng.internal.Utils - [TestNG] Time taken by org.testng.reporters.jq.Main@3ad4a7d6: 35 ms
2026-04-23 15:03:19 INFO  org.testng.internal.Utils - [TestNG] Time taken by org.testng.reporters.FailedReporter@10643593: 1 ms
2026-04-23 15:03:19 INFO  org.testng.internal.Utils - [TestNG] Time taken by org.testng.reporters.XMLReporter@7b6e5c12: 6 ms
2026-04-23 15:03:19 INFO  org.testng.internal.Utils - [TestNG] Time taken by org.testng.reporters.EmailableReporter2@a62c7cd: 3 ms
2026-04-23 15:03:19 INFO  org.testng.internal.Utils - [TestNG] Time taken by org.testng.reporters.JUnitReportReporter@1f0b3cfe: 4 ms
2026-04-23 15:03:19 INFO  org.testng.internal.Utils - [TestNG] Time taken by org.testng.internal.ExitCodeListener@14ef2482: 0 ms
2026-04-23 15:04:33 DEBUG org.testng.TestNG - suiteXmlPath: "C:\Users\Rahul\AppData\Local\Temp\testng-eclipse--152682476\testng-customsuite.xml"
2026-04-23 15:04:34 INFO  org.testng.internal.Utils - [Utils] MethodGroupsHelper.collectMethodsByGroup() took 0 ms.
2026-04-23 15:04:34 INFO  org.testng.internal.Utils - [Utils] MethodGroupsHelper.sortMethods() took 1 ms.
2026-04-23 15:04:34 INFO  org.testng.internal.Utils - [Utils] MethodGroupsHelper.collectMethodsByGroup() took 0 ms.
2026-04-23 15:04:34 INFO  org.testng.internal.Utils - [Utils] MethodGroupsHelper.sortMethods() took 0 ms.
2026-04-23 15:04:34 INFO  org.testng.internal.Utils - [Utils] MethodGroupsHelper.collectMethodsByGroup() took 0 ms.
2026-04-23 15:04:34 INFO  org.testng.internal.Utils - [Utils] MethodGroupsHelper.sortMethods() took 0 ms.
2026-04-23 15:04:34 INFO  org.testng.internal.Utils - [Utils] MethodGroupsHelper.collectMethodsByGroup() took 0 ms.
2026-04-23 15:04:34 INFO  org.testng.internal.Utils - [Utils] MethodGroupsHelper.sortMethods() took 0 ms.
2026-04-23 15:04:34 INFO  org.testng.internal.Utils - [Utils] MethodGroupsHelper.collectMethodsByGroup() took 6 ms.
2026-04-23 15:04:34 INFO  org.testng.internal.Utils - [Utils] MethodGroupsHelper.sortMethods() took 11 ms.
2026-04-23 15:04:34 INFO  org.testng.internal.Utils - [Utils] MethodGroupsHelper.collectMethodsByGroup() took 0 ms.
2026-04-23 15:04:34 INFO  org.testng.internal.Utils - [Utils] MethodGroupsHelper.sortMethods() took 0 ms.
2026-04-23 15:04:34 INFO  org.testng.internal.Utils - [Utils] MethodGroupsHelper.collectMethodsByGroup() took 0 ms.
2026-04-23 15:04:34 INFO  org.testng.internal.Utils - [Utils] MethodGroupsHelper.sortMethods() took 0 ms.
2026-04-23 15:04:34 INFO  org.testng.internal.Utils - [Utils] MethodGroupsHelper.collectMethodsByGroup() took 0 ms.
2026-04-23 15:04:34 INFO  org.testng.internal.Utils - [Utils] MethodGroupsHelper.sortMethods() took 0 ms.
2026-04-23 15:04:34 INFO  org.testng.internal.Utils - [Utils] MethodGroupsHelper.collectMethodsByGroup() took 0 ms.
2026-04-23 15:04:34 INFO  org.testng.internal.Utils - [Utils] MethodGroupsHelper.sortMethods() took 0 ms.
2026-04-23 15:04:34 INFO  org.testng.internal.Utils - [Utils] MethodGroupsHelper.collectMethodsByGroup() took 0 ms.
2026-04-23 15:04:34 INFO  org.testng.internal.Utils - [Utils] MethodGroupsHelper.sortMethods() took 0 ms.
2026-04-23 15:04:34 INFO  org.testng.internal.Utils - [Utils] MethodGroupsHelper.collectMethodsByGroup() took 0 ms.
2026-04-23 15:04:34 INFO  org.testng.internal.Utils - [Utils] MethodGroupsHelper.sortMethods() took 0 ms.
2026-04-23 15:04:34 INFO  org.testng.internal.Utils - [Utils] MethodGroupsHelper.collectMethodsByGroup() took 0 ms.
2026-04-23 15:04:34 INFO  org.testng.internal.Utils - [Utils] MethodGroupsHelper.sortMethods() took 0 ms.
2026-04-23 15:04:34 INFO  org.testng.internal.Utils - [Utils] MethodGroupsHelper.collectMethodsByGroup() took 1 ms.
2026-04-23 15:04:34 INFO  org.testng.internal.Utils - [Utils] MethodGroupsHelper.sortMethods() took 7 ms.
2026-04-23 15:04:34 INFO  org.testng.internal.Utils - [Utils] MethodGroupsHelper.collectMethodsByGroup() took 0 ms.
2026-04-23 15:04:34 INFO  org.testng.internal.Utils - [Utils] MethodGroupsHelper.sortMethods() took 0 ms.
2026-04-23 15:04:34 INFO  org.testng.internal.Utils - [Utils] MethodGroupsHelper.collectMethodsByGroup() took 0 ms.
2026-04-23 15:04:34 INFO  org.testng.internal.Utils - [Utils] MethodGroupsHelper.sortMethods() took 0 ms.
2026-04-23 15:04:34 INFO  org.testng.internal.Utils - [TestNG] Running:
  C:\Users\Rahul\AppData\Local\Temp\testng-eclipse--152682476\testng-customsuite.xml

2026-04-23 15:04:34 INFO  org.testng.internal.Utils - [Utils] DynamicGraphHelper.createDynamicGraph() took 5 ms.
2026-04-23 15:05:15 INFO  org.testng.internal.Utils - [TestNG] Time taken by org.testng.reporters.jq.Main@4288d98e: 78 ms
2026-04-23 15:05:15 INFO  org.testng.internal.Utils - [TestNG] Time taken by org.testng.reporters.FailedReporter@10db6131: 15 ms
2026-04-23 15:05:15 INFO  org.testng.internal.Utils - [TestNG] Time taken by org.testng.reporters.XMLReporter@642413d4: 36 ms
2026-04-23 15:05:15 INFO  org.testng.internal.Utils - [TestNG] Time taken by org.testng.reporters.EmailableReporter2@2f0bfe17: 10 ms
2026-04-23 15:05:15 INFO  org.testng.internal.Utils - [TestNG] Time taken by org.testng.reporters.JUnitReportReporter@54067fdc: 9 ms
2026-04-23 15:05:15 INFO  org.testng.internal.Utils - [TestNG] Time taken by org.testng.internal.ExitCodeListener@4098dd77: 0 ms
2026-04-23 15:05:36 DEBUG org.testng.TestNG - suiteXmlPath: "C:\Users\Rahul\AppData\Local\Temp\testng-eclipse--1261620751\testng-customsuite.xml"
2026-04-23 15:05:37 INFO  org.testng.internal.Utils - [Utils] MethodGroupsHelper.collectMethodsByGroup() took 0 ms.
2026-04-23 15:05:37 INFO  org.testng.internal.Utils - [Utils] MethodGroupsHelper.sortMethods() took 3 ms.
2026-04-23 15:05:37 INFO  org.testng.internal.Utils - [Utils] MethodGroupsHelper.collectMethodsByGroup() took 0 ms.
2026-04-23 15:05:37 INFO  org.testng.internal.Utils - [Utils] MethodGroupsHelper.sortMethods() took 0 ms.
2026-04-23 15:05:37 INFO  org.testng.internal.Utils - [Utils] MethodGroupsHelper.collectMethodsByGroup() took 0 ms.
2026-04-23 15:05:37 INFO  org.testng.internal.Utils - [Utils] MethodGroupsHelper.sortMethods() took 0 ms.
2026-04-23 15:05:37 INFO  org.testng.internal.Utils - [Utils] MethodGroupsHelper.collectMethodsByGroup() took 0 ms.
2026-04-23 15:05:37 INFO  org.testng.internal.Utils - [Utils] MethodGroupsHelper.sortMethods() took 0 ms.
2026-04-23 15:05:37 INFO  org.testng.internal.Utils - [Utils] MethodGroupsHelper.collectMethodsByGroup() took 6 ms.
2026-04-23 15:05:37 INFO  org.testng.internal.Utils - [Utils] MethodGroupsHelper.sortMethods() took 11 ms.
2026-04-23 15:05:37 INFO  org.testng.internal.Utils - [Utils] MethodGroupsHelper.collectMethodsByGroup() took 0 ms.
2026-04-23 15:05:37 INFO  org.testng.internal.Utils - [Utils] MethodGroupsHelper.sortMethods() took 0 ms.
2026-04-23 15:05:37 INFO  org.testng.internal.Utils - [Utils] MethodGroupsHelper.collectMethodsByGroup() took 0 ms.
2026-04-23 15:05:37 INFO  org.testng.internal.Utils - [Utils] MethodGroupsHelper.sortMethods() took 0 ms.
2026-04-23 15:05:37 INFO  org.testng.internal.Utils - [Utils] MethodGroupsHelper.collectMethodsByGroup() took 0 ms.
2026-04-23 15:05:37 INFO  org.testng.internal.Utils - [Utils] MethodGroupsHelper.sortMethods() took 0 ms.
2026-04-23 15:05:37 INFO  org.testng.internal.Utils - [Utils] MethodGroupsHelper.collectMethodsByGroup() took 0 ms.
2026-04-23 15:05:37 INFO  org.testng.internal.Utils - [Utils] MethodGroupsHelper.sortMethods() took 0 ms.
2026-04-23 15:05:37 INFO  org.testng.internal.Utils - [Utils] MethodGroupsHelper.collectMethodsByGroup() took 0 ms.
2026-04-23 15:05:37 INFO  org.testng.internal.Utils - [Utils] MethodGroupsHelper.sortMethods() took 0 ms.
2026-04-23 15:05:37 INFO  org.testng.internal.Utils - [Utils] MethodGroupsHelper.collectMethodsByGroup() took 0 ms.
2026-04-23 15:05:37 INFO  org.testng.internal.Utils - [Utils] MethodGroupsHelper.sortMethods() took 0 ms.
2026-04-23 15:05:37 INFO  org.testng.internal.Utils - [Utils] MethodGroupsHelper.collectMethodsByGroup() took 0 ms.
2026-04-23 15:05:37 INFO  org.testng.internal.Utils - [Utils] MethodGroupsHelper.sortMethods() took 0 ms.
2026-04-23 15:05:37 INFO  org.testng.internal.Utils - [Utils] MethodGroupsHelper.collectMethodsByGroup() took 10 ms.
2026-04-23 15:05:37 INFO  org.testng.internal.Utils - [Utils] MethodGroupsHelper.sortMethods() took 0 ms.
2026-04-23 15:05:37 INFO  org.testng.internal.Utils - [Utils] MethodGroupsHelper.collectMethodsByGroup() took 0 ms.
2026-04-23 15:05:37 INFO  org.testng.internal.Utils - [Utils] MethodGroupsHelper.sortMethods() took 0 ms.
2026-04-23 15:05:37 INFO  org.testng.internal.Utils - [Utils] MethodGroupsHelper.collectMethodsByGroup() took 0 ms.
2026-04-23 15:05:37 INFO  org.testng.internal.Utils - [Utils] MethodGroupsHelper.sortMethods() took 0 ms.
2026-04-23 15:05:37 INFO  org.testng.internal.Utils - [TestNG] Running:
  C:\Users\Rahul\AppData\Local\Temp\testng-eclipse--1261620751\testng-customsuite.xml

2026-04-23 15:05:37 INFO  org.testng.internal.Utils - [Utils] DynamicGraphHelper.createDynamicGraph() took 3 ms.
2026-04-23 15:05:46 INFO  org.testng.internal.Utils - [TestNG] Time taken by org.testng.reporters.jq.Main@4b200971: 43 ms
2026-04-23 15:05:46 INFO  org.testng.internal.Utils - [TestNG] Time taken by org.testng.reporters.FailedReporter@62dbe64e: 11 ms
2026-04-23 15:05:46 INFO  org.testng.internal.Utils - [TestNG] Time taken by org.testng.reporters.XMLReporter@799ed4e8: 6 ms
2026-04-23 15:05:46 INFO  org.testng.internal.Utils - [TestNG] Time taken by org.testng.reporters.EmailableReporter2@121bb45b: 7 ms
2026-04-23 15:05:46 INFO  org.testng.internal.Utils - [TestNG] Time taken by org.testng.reporters.JUnitReportReporter@733aa9d8: 6 ms
2026-04-23 15:05:46 INFO  org.testng.internal.Utils - [TestNG] Time taken by org.testng.internal.ExitCodeListener@6dcc40f5: 0 ms
2026-04-23 15:05:58 DEBUG org.testng.TestNG - suiteXmlPath: "C:\Users\Rahul\AppData\Local\Temp\testng-eclipse-967461135\testng-customsuite.xml"
2026-04-23 15:05:59 INFO  org.testng.internal.Utils - [Utils] MethodGroupsHelper.collectMethodsByGroup() took 1 ms.
2026-04-23 15:05:59 INFO  org.testng.internal.Utils - [Utils] MethodGroupsHelper.sortMethods() took 0 ms.
2026-04-23 15:05:59 INFO  org.testng.internal.Utils - [Utils] MethodGroupsHelper.collectMethodsByGroup() took 0 ms.
2026-04-23 15:05:59 INFO  org.testng.internal.Utils - [Utils] MethodGroupsHelper.sortMethods() took 0 ms.
2026-04-23 15:05:59 INFO  org.testng.internal.Utils - [Utils] MethodGroupsHelper.collectMethodsByGroup() took 0 ms.
2026-04-23 15:05:59 INFO  org.testng.internal.Utils - [Utils] MethodGroupsHelper.sortMethods() took 0 ms.
2026-04-23 15:05:59 INFO  org.testng.internal.Utils - [Utils] MethodGroupsHelper.collectMethodsByGroup() took 0 ms.
2026-04-23 15:05:59 INFO  org.testng.internal.Utils - [Utils] MethodGroupsHelper.sortMethods() took 0 ms.
2026-04-23 15:05:59 INFO  org.testng.internal.Utils - [Utils] MethodGroupsHelper.collectMethodsByGroup() took 4 ms.
2026-04-23 15:05:59 INFO  org.testng.internal.Utils - [Utils] MethodGroupsHelper.sortMethods() took 10 ms.
2026-04-23 15:05:59 INFO  org.testng.internal.Utils - [Utils] MethodGroupsHelper.collectMethodsByGroup() took 0 ms.
2026-04-23 15:05:59 INFO  org.testng.internal.Utils - [Utils] MethodGroupsHelper.sortMethods() took 0 ms.
2026-04-23 15:05:59 INFO  org.testng.internal.Utils - [Utils] MethodGroupsHelper.collectMethodsByGroup() took 0 ms.
2026-04-23 15:05:59 INFO  org.testng.internal.Utils - [Utils] MethodGroupsHelper.sortMethods() took 0 ms.
2026-04-23 15:05:59 INFO  org.testng.internal.Utils - [Utils] MethodGroupsHelper.collectMethodsByGroup() took 0 ms.
2026-04-23 15:05:59 INFO  org.testng.internal.Utils - [Utils] MethodGroupsHelper.sortMethods() took 0 ms.
2026-04-23 15:05:59 INFO  org.testng.internal.Utils - [Utils] MethodGroupsHelper.collectMethodsByGroup() took 0 ms.
2026-04-23 15:05:59 INFO  org.testng.internal.Utils - [Utils] MethodGroupsHelper.sortMethods() took 0 ms.
2026-04-23 15:05:59 INFO  org.testng.internal.Utils - [Utils] MethodGroupsHelper.collectMethodsByGroup() took 0 ms.
2026-04-23 15:05:59 INFO  org.testng.internal.Utils - [Utils] MethodGroupsHelper.sortMethods() took 0 ms.
2026-04-23 15:05:59 INFO  org.testng.internal.Utils - [Utils] MethodGroupsHelper.collectMethodsByGroup() took 0 ms.
2026-04-23 15:05:59 INFO  org.testng.internal.Utils - [Utils] MethodGroupsHelper.sortMethods() took 0 ms.
2026-04-23 15:05:59 INFO  org.testng.internal.Utils - [Utils] MethodGroupsHelper.collectMethodsByGroup() took 0 ms.
2026-04-23 15:05:59 INFO  org.testng.internal.Utils - [Utils] MethodGroupsHelper.sortMethods() took 0 ms.
2026-04-23 15:05:59 INFO  org.testng.internal.Utils - [Utils] MethodGroupsHelper.collectMethodsByGroup() took 8 ms.
2026-04-23 15:05:59 INFO  org.testng.internal.Utils - [Utils] MethodGroupsHelper.sortMethods() took 0 ms.
2026-04-23 15:05:59 INFO  org.testng.internal.Utils - [Utils] MethodGroupsHelper.collectMethodsByGroup() took 0 ms.
2026-04-23 15:05:59 INFO  org.testng.internal.Utils - [Utils] MethodGroupsHelper.sortMethods() took 0 ms.
2026-04-23 15:05:59 INFO  org.testng.internal.Utils - [Utils] MethodGroupsHelper.collectMethodsByGroup() took 0 ms.
2026-04-23 15:05:59 INFO  org.testng.internal.Utils - [Utils] MethodGroupsHelper.sortMethods() took 0 ms.
2026-04-23 15:05:59 INFO  org.testng.internal.Utils - [TestNG] Running:
  C:\Users\Rahul\AppData\Local\Temp\testng-eclipse-967461135\testng-customsuite.xml

2026-04-23 15:05:59 INFO  org.testng.internal.Utils - [Utils] DynamicGraphHelper.createDynamicGraph() took 2 ms.
2026-04-23 15:06:14 INFO  org.testng.internal.Utils - [TestNG] Time taken by org.testng.reporters.jq.Main@c27a3a2: 39 ms
2026-04-23 15:06:14 INFO  org.testng.internal.Utils - [TestNG] Time taken by org.testng.reporters.FailedReporter@5b5e7036: 9 ms
2026-04-23 15:06:14 INFO  org.testng.internal.Utils - [TestNG] Time taken by org.testng.reporters.XMLReporter@5af8bb51: 6 ms
2026-04-23 15:06:14 INFO  org.testng.internal.Utils - [TestNG] Time taken by org.testng.reporters.EmailableReporter2@15639440: 6 ms
2026-04-23 15:06:14 INFO  org.testng.internal.Utils - [TestNG] Time taken by org.testng.reporters.JUnitReportReporter@40e37b06: 4 ms
2026-04-23 15:06:14 INFO  org.testng.internal.Utils - [TestNG] Time taken by org.testng.internal.ExitCodeListener@733aa9d8: 0 ms
2026-04-23 15:06:36 DEBUG org.testng.TestNG - suiteXmlPath: "C:\Users\Rahul\AppData\Local\Temp\testng-eclipse-1906694496\testng-customsuite.xml"
2026-04-23 15:06:36 INFO  org.testng.internal.Utils - [Utils] MethodGroupsHelper.collectMethodsByGroup() took 0 ms.
2026-04-23 15:06:36 INFO  org.testng.internal.Utils - [Utils] MethodGroupsHelper.sortMethods() took 1 ms.
2026-04-23 15:06:36 INFO  org.testng.internal.Utils - [Utils] MethodGroupsHelper.collectMethodsByGroup() took 0 ms.
2026-04-23 15:06:36 INFO  org.testng.internal.Utils - [Utils] MethodGroupsHelper.sortMethods() took 0 ms.
2026-04-23 15:06:36 INFO  org.testng.internal.Utils - [Utils] MethodGroupsHelper.collectMethodsByGroup() took 0 ms.
2026-04-23 15:06:36 INFO  org.testng.internal.Utils - [Utils] MethodGroupsHelper.sortMethods() took 0 ms.
2026-04-23 15:06:36 INFO  org.testng.internal.Utils - [Utils] MethodGroupsHelper.collectMethodsByGroup() took 0 ms.
2026-04-23 15:06:36 INFO  org.testng.internal.Utils - [Utils] MethodGroupsHelper.sortMethods() took 0 ms.
2026-04-23 15:06:36 INFO  org.testng.internal.Utils - [Utils] MethodGroupsHelper.collectMethodsByGroup() took 4 ms.
2026-04-23 15:06:36 INFO  org.testng.internal.Utils - [Utils] MethodGroupsHelper.sortMethods() took 9 ms.
2026-04-23 15:06:36 INFO  org.testng.internal.Utils - [Utils] MethodGroupsHelper.collectMethodsByGroup() took 0 ms.
2026-04-23 15:06:36 INFO  org.testng.internal.Utils - [Utils] MethodGroupsHelper.sortMethods() took 0 ms.
2026-04-23 15:06:37 INFO  org.testng.internal.Utils - [Utils] MethodGroupsHelper.collectMethodsByGroup() took 0 ms.
2026-04-23 15:06:37 INFO  org.testng.internal.Utils - [Utils] MethodGroupsHelper.sortMethods() took 0 ms.
2026-04-23 15:06:37 INFO  org.testng.internal.Utils - [Utils] MethodGroupsHelper.collectMethodsByGroup() took 0 ms.
2026-04-23 15:06:37 INFO  org.testng.internal.Utils - [Utils] MethodGroupsHelper.sortMethods() took 0 ms.
2026-04-23 15:06:37 INFO  org.testng.internal.Utils - [Utils] MethodGroupsHelper.collectMethodsByGroup() took 1 ms.
2026-04-23 15:06:37 INFO  org.testng.internal.Utils - [Utils] MethodGroupsHelper.sortMethods() took 0 ms.
2026-04-23 15:06:37 INFO  org.testng.internal.Utils - [Utils] MethodGroupsHelper.collectMethodsByGroup() took 0 ms.
2026-04-23 15:06:37 INFO  org.testng.internal.Utils - [Utils] MethodGroupsHelper.sortMethods() took 0 ms.
2026-04-23 15:06:37 INFO  org.testng.internal.Utils - [Utils] MethodGroupsHelper.collectMethodsByGroup() took 0 ms.
2026-04-23 15:06:37 INFO  org.testng.internal.Utils - [Utils] MethodGroupsHelper.sortMethods() took 0 ms.
2026-04-23 15:06:37 INFO  org.testng.internal.Utils - [Utils] MethodGroupsHelper.collectMethodsByGroup() took 0 ms.
2026-04-23 15:06:37 INFO  org.testng.internal.Utils - [Utils] MethodGroupsHelper.sortMethods() took 0 ms.
2026-04-23 15:06:37 INFO  org.testng.internal.Utils - [Utils] MethodGroupsHelper.collectMethodsByGroup() took 9 ms.
2026-04-23 15:06:37 INFO  org.testng.internal.Utils - [Utils] MethodGroupsHelper.sortMethods() took 0 ms.
2026-04-23 15:06:37 INFO  org.testng.internal.Utils - [Utils] MethodGroupsHelper.collectMethodsByGroup() took 0 ms.
2026-04-23 15:06:37 INFO  org.testng.internal.Utils - [Utils] MethodGroupsHelper.sortMethods() took 0 ms.
2026-04-23 15:06:37 INFO  org.testng.internal.Utils - [Utils] MethodGroupsHelper.collectMethodsByGroup() took 0 ms.
2026-04-23 15:06:37 INFO  org.testng.internal.Utils - [Utils] MethodGroupsHelper.sortMethods() took 0 ms.
2026-04-23 15:06:37 INFO  org.testng.internal.Utils - [TestNG] Running:
  C:\Users\Rahul\AppData\Local\Temp\testng-eclipse-1906694496\testng-customsuite.xml

2026-04-23 15:06:37 INFO  org.testng.internal.Utils - [Utils] DynamicGraphHelper.createDynamicGraph() took 2 ms.
2026-04-23 15:06:46 INFO  org.testng.internal.Utils - [TestNG] Time taken by org.testng.reporters.jq.Main@c27a3a2: 38 ms
2026-04-23 15:06:46 INFO  org.testng.internal.Utils - [TestNG] Time taken by org.testng.reporters.FailedReporter@5b5e7036: 11 ms
2026-04-23 15:06:46 INFO  org.testng.internal.Utils - [TestNG] Time taken by org.testng.reporters.XMLReporter@5af8bb51: 6 ms
2026-04-23 15:06:46 INFO  org.testng.internal.Utils - [TestNG] Time taken by org.testng.reporters.EmailableReporter2@15639440: 6 ms
2026-04-23 15:06:46 INFO  org.testng.internal.Utils - [TestNG] Time taken by org.testng.reporters.JUnitReportReporter@40e37b06: 6 ms
2026-04-23 15:06:46 INFO  org.testng.internal.Utils - [TestNG] Time taken by org.testng.internal.ExitCodeListener@733aa9d8: 0 ms
2026-04-23 15:07:25 DEBUG org.testng.TestNG - suiteXmlPath: "C:\Users\Rahul\AppData\Local\Temp\testng-eclipse--932874980\testng-customsuite.xml"
2026-04-23 15:07:26 INFO  org.testng.internal.Utils - [Utils] MethodGroupsHelper.collectMethodsByGroup() took 0 ms.
2026-04-23 15:07:26 INFO  org.testng.internal.Utils - [Utils] MethodGroupsHelper.sortMethods() took 1 ms.
2026-04-23 15:07:26 INFO  org.testng.internal.Utils - [Utils] MethodGroupsHelper.collectMethodsByGroup() took 0 ms.
2026-04-23 15:07:26 INFO  org.testng.internal.Utils - [Utils] MethodGroupsHelper.sortMethods() took 0 ms.
2026-04-23 15:07:26 INFO  org.testng.internal.Utils - [Utils] MethodGroupsHelper.collectMethodsByGroup() took 0 ms.
2026-04-23 15:07:26 INFO  org.testng.internal.Utils - [Utils] MethodGroupsHelper.sortMethods() took 0 ms.
2026-04-23 15:07:26 INFO  org.testng.internal.Utils - [Utils] MethodGroupsHelper.collectMethodsByGroup() took 0 ms.
2026-04-23 15:07:26 INFO  org.testng.internal.Utils - [Utils] MethodGroupsHelper.sortMethods() took 0 ms.
2026-04-23 15:07:26 INFO  org.testng.internal.Utils - [Utils] MethodGroupsHelper.collectMethodsByGroup() took 3 ms.
2026-04-23 15:07:26 INFO  org.testng.internal.Utils - [Utils] MethodGroupsHelper.sortMethods() took 8 ms.
2026-04-23 15:07:26 INFO  org.testng.internal.Utils - [Utils] MethodGroupsHelper.collectMethodsByGroup() took 0 ms.
2026-04-23 15:07:26 INFO  org.testng.internal.Utils - [Utils] MethodGroupsHelper.sortMethods() took 0 ms.
2026-04-23 15:07:26 INFO  org.testng.internal.Utils - [Utils] MethodGroupsHelper.collectMethodsByGroup() took 0 ms.
2026-04-23 15:07:26 INFO  org.testng.internal.Utils - [Utils] MethodGroupsHelper.sortMethods() took 0 ms.
2026-04-23 15:07:26 INFO  org.testng.internal.Utils - [Utils] MethodGroupsHelper.collectMethodsByGroup() took 0 ms.
2026-04-23 15:07:26 INFO  org.testng.internal.Utils - [Utils] MethodGroupsHelper.sortMethods() took 0 ms.
2026-04-23 15:07:26 INFO  org.testng.internal.Utils - [Utils] MethodGroupsHelper.collectMethodsByGroup() took 0 ms.
2026-04-23 15:07:26 INFO  org.testng.internal.Utils - [Utils] MethodGroupsHelper.sortMethods() took 0 ms.
2026-04-23 15:07:26 INFO  org.testng.internal.Utils - [Utils] MethodGroupsHelper.collectMethodsByGroup() took 0 ms.
2026-04-23 15:07:26 INFO  org.testng.internal.Utils - [Utils] MethodGroupsHelper.sortMethods() took 1 ms.
2026-04-23 15:07:26 INFO  org.testng.internal.Utils - [Utils] MethodGroupsHelper.collectMethodsByGroup() took 0 ms.
2026-04-23 15:07:26 INFO  org.testng.internal.Utils - [Utils] MethodGroupsHelper.sortMethods() took 0 ms.
2026-04-23 15:07:26 INFO  org.testng.internal.Utils - [Utils] MethodGroupsHelper.collectMethodsByGroup() took 0 ms.
2026-04-23 15:07:26 INFO  org.testng.internal.Utils - [Utils] MethodGroupsHelper.sortMethods() took 0 ms.
2026-04-23 15:07:26 INFO  org.testng.internal.Utils - [Utils] MethodGroupsHelper.collectMethodsByGroup() took 11 ms.
2026-04-23 15:07:26 INFO  org.testng.internal.Utils - [Utils] MethodGroupsHelper.sortMethods() took 0 ms.
2026-04-23 15:07:26 INFO  org.testng.internal.Utils - [Utils] MethodGroupsHelper.collectMethodsByGroup() took 0 ms.
2026-04-23 15:07:26 INFO  org.testng.internal.Utils - [Utils] MethodGroupsHelper.sortMethods() took 0 ms.
2026-04-23 15:07:26 INFO  org.testng.internal.Utils - [Utils] MethodGroupsHelper.collectMethodsByGroup() took 0 ms.
2026-04-23 15:07:26 INFO  org.testng.internal.Utils - [Utils] MethodGroupsHelper.sortMethods() took 0 ms.
2026-04-23 15:07:26 INFO  org.testng.internal.Utils - [TestNG] Running:
  C:\Users\Rahul\AppData\Local\Temp\testng-eclipse--932874980\testng-customsuite.xml

2026-04-23 15:07:26 INFO  org.testng.internal.Utils - [Utils] DynamicGraphHelper.createDynamicGraph() took 1 ms.
2026-04-23 15:07:40 INFO  org.testng.internal.Utils - [TestNG] Time taken by org.testng.reporters.jq.Main@4b200971: 38 ms
2026-04-23 15:07:40 INFO  org.testng.internal.Utils - [TestNG] Time taken by org.testng.reporters.FailedReporter@62dbe64e: 9 ms
2026-04-23 15:07:40 INFO  org.testng.internal.Utils - [TestNG] Time taken by org.testng.reporters.XMLReporter@799ed4e8: 11 ms
2026-04-23 15:07:40 INFO  org.testng.internal.Utils - [TestNG] Time taken by org.testng.reporters.EmailableReporter2@121bb45b: 5 ms
2026-04-23 15:07:40 INFO  org.testng.internal.Utils - [TestNG] Time taken by org.testng.reporters.JUnitReportReporter@733aa9d8: 7 ms
2026-04-23 15:07:40 INFO  org.testng.internal.Utils - [TestNG] Time taken by org.testng.internal.ExitCodeListener@6dcc40f5: 0 ms
2026-04-23 15:08:19 DEBUG org.testng.TestNG - suiteXmlPath: "C:\Users\Rahul\AppData\Local\Temp\testng-eclipse-2112640783\testng-customsuite.xml"
2026-04-23 15:08:19 INFO  org.testng.internal.Utils - [Utils] MethodGroupsHelper.collectMethodsByGroup() took 0 ms.
2026-04-23 15:08:19 INFO  org.testng.internal.Utils - [Utils] MethodGroupsHelper.sortMethods() took 1 ms.
2026-04-23 15:08:19 INFO  org.testng.internal.Utils - [Utils] MethodGroupsHelper.collectMethodsByGroup() took 0 ms.
2026-04-23 15:08:19 INFO  org.testng.internal.Utils - [Utils] MethodGroupsHelper.sortMethods() took 0 ms.
2026-04-23 15:08:19 INFO  org.testng.internal.Utils - [Utils] MethodGroupsHelper.collectMethodsByGroup() took 0 ms.
2026-04-23 15:08:19 INFO  org.testng.internal.Utils - [Utils] MethodGroupsHelper.sortMethods() took 0 ms.
2026-04-23 15:08:19 INFO  org.testng.internal.Utils - [Utils] MethodGroupsHelper.collectMethodsByGroup() took 0 ms.
2026-04-23 15:08:19 INFO  org.testng.internal.Utils - [Utils] MethodGroupsHelper.sortMethods() took 0 ms.
2026-04-23 15:08:19 INFO  org.testng.internal.Utils - [Utils] MethodGroupsHelper.collectMethodsByGroup() took 4 ms.
2026-04-23 15:08:19 INFO  org.testng.internal.Utils - [Utils] MethodGroupsHelper.sortMethods() took 12 ms.
2026-04-23 15:08:19 INFO  org.testng.internal.Utils - [Utils] MethodGroupsHelper.collectMethodsByGroup() took 0 ms.
2026-04-23 15:08:19 INFO  org.testng.internal.Utils - [Utils] MethodGroupsHelper.sortMethods() took 0 ms.
2026-04-23 15:08:19 INFO  org.testng.internal.Utils - [Utils] MethodGroupsHelper.collectMethodsByGroup() took 0 ms.
2026-04-23 15:08:19 INFO  org.testng.internal.Utils - [Utils] MethodGroupsHelper.sortMethods() took 0 ms.
2026-04-23 15:08:19 INFO  org.testng.internal.Utils - [Utils] MethodGroupsHelper.collectMethodsByGroup() took 0 ms.
2026-04-23 15:08:19 INFO  org.testng.internal.Utils - [Utils] MethodGroupsHelper.sortMethods() took 0 ms.
2026-04-23 15:08:19 INFO  org.testng.internal.Utils - [Utils] MethodGroupsHelper.collectMethodsByGroup() took 0 ms.
2026-04-23 15:08:19 INFO  org.testng.internal.Utils - [Utils] MethodGroupsHelper.sortMethods() took 0 ms.
2026-04-23 15:08:19 INFO  org.testng.internal.Utils - [Utils] MethodGroupsHelper.collectMethodsByGroup() took 0 ms.
2026-04-23 15:08:19 INFO  org.testng.internal.Utils - [Utils] MethodGroupsHelper.sortMethods() took 0 ms.
2026-04-23 15:08:19 INFO  org.testng.internal.Utils - [Utils] MethodGroupsHelper.collectMethodsByGroup() took 0 ms.
2026-04-23 15:08:19 INFO  org.testng.internal.Utils - [Utils] MethodGroupsHelper.sortMethods() took 0 ms.
2026-04-23 15:08:19 INFO  org.testng.internal.Utils - [Utils] MethodGroupsHelper.collectMethodsByGroup() took 0 ms.
2026-04-23 15:08:19 INFO  org.testng.internal.Utils - [Utils] MethodGroupsHelper.sortMethods() took 0 ms.
2026-04-23 15:08:19 INFO  org.testng.internal.Utils - [Utils] MethodGroupsHelper.collectMethodsByGroup() took 11 ms.
2026-04-23 15:08:19 INFO  org.testng.internal.Utils - [Utils] MethodGroupsHelper.sortMethods() took 0 ms.
2026-04-23 15:08:19 INFO  org.testng.internal.Utils - [Utils] MethodGroupsHelper.collectMethodsByGroup() took 0 ms.
2026-04-23 15:08:19 INFO  org.testng.internal.Utils - [Utils] MethodGroupsHelper.sortMethods() took 0 ms.
2026-04-23 15:08:19 INFO  org.testng.internal.Utils - [Utils] MethodGroupsHelper.collectMethodsByGroup() took 0 ms.
2026-04-23 15:08:19 INFO  org.testng.internal.Utils - [Utils] MethodGroupsHelper.sortMethods() took 0 ms.
2026-04-23 15:08:19 INFO  org.testng.internal.Utils - [TestNG] Running:
  C:\Users\Rahul\AppData\Local\Temp\testng-eclipse-2112640783\testng-customsuite.xml

2026-04-23 15:08:20 INFO  org.testng.internal.Utils - [Utils] DynamicGraphHelper.createDynamicGraph() took 2 ms.
2026-04-23 15:08:30 INFO  org.testng.internal.Utils - [TestNG] Time taken by org.testng.reporters.jq.Main@4b200971: 34 ms
2026-04-23 15:08:30 INFO  org.testng.internal.Utils - [TestNG] Time taken by org.testng.reporters.FailedReporter@62dbe64e: 15 ms
2026-04-23 15:08:30 INFO  org.testng.internal.Utils - [TestNG] Time taken by org.testng.reporters.XMLReporter@799ed4e8: 5 ms
2026-04-23 15:08:30 INFO  org.testng.internal.Utils - [TestNG] Time taken by org.testng.reporters.EmailableReporter2@121bb45b: 4 ms
2026-04-23 15:08:30 INFO  org.testng.internal.Utils - [TestNG] Time taken by org.testng.reporters.JUnitReportReporter@733aa9d8: 5 ms
2026-04-23 15:08:30 INFO  org.testng.internal.Utils - [TestNG] Time taken by org.testng.internal.ExitCodeListener@6dcc40f5: 0 ms
2026-04-23 15:09:55 DEBUG org.testng.TestNG - suiteXmlPath: "C:\Users\Rahul\AppData\Local\Temp\testng-eclipse-717880047\testng-customsuite.xml"
2026-04-23 15:09:56 INFO  org.testng.internal.Utils - [Utils] MethodGroupsHelper.collectMethodsByGroup() took 0 ms.
2026-04-23 15:09:56 INFO  org.testng.internal.Utils - [Utils] MethodGroupsHelper.sortMethods() took 0 ms.
2026-04-23 15:09:56 INFO  org.testng.internal.Utils - [Utils] MethodGroupsHelper.collectMethodsByGroup() took 0 ms.
2026-04-23 15:09:56 INFO  org.testng.internal.Utils - [Utils] MethodGroupsHelper.sortMethods() took 0 ms.
2026-04-23 15:09:56 INFO  org.testng.internal.Utils - [Utils] MethodGroupsHelper.collectMethodsByGroup() took 0 ms.
2026-04-23 15:09:56 INFO  org.testng.internal.Utils - [Utils] MethodGroupsHelper.sortMethods() took 0 ms.
2026-04-23 15:09:56 INFO  org.testng.internal.Utils - [Utils] MethodGroupsHelper.collectMethodsByGroup() took 0 ms.
2026-04-23 15:09:56 INFO  org.testng.internal.Utils - [Utils] MethodGroupsHelper.sortMethods() took 0 ms.
2026-04-23 15:09:56 INFO  org.testng.internal.Utils - [Utils] MethodGroupsHelper.collectMethodsByGroup() took 4 ms.
2026-04-23 15:09:56 INFO  org.testng.internal.Utils - [Utils] MethodGroupsHelper.sortMethods() took 13 ms.
2026-04-23 15:09:56 INFO  org.testng.internal.Utils - [Utils] MethodGroupsHelper.collectMethodsByGroup() took 0 ms.
2026-04-23 15:09:56 INFO  org.testng.internal.Utils - [Utils] MethodGroupsHelper.sortMethods() took 0 ms.
2026-04-23 15:09:56 INFO  org.testng.internal.Utils - [Utils] MethodGroupsHelper.collectMethodsByGroup() took 0 ms.
2026-04-23 15:09:56 INFO  org.testng.internal.Utils - [Utils] MethodGroupsHelper.sortMethods() took 0 ms.
2026-04-23 15:09:56 INFO  org.testng.internal.Utils - [Utils] MethodGroupsHelper.collectMethodsByGroup() took 0 ms.
2026-04-23 15:09:56 INFO  org.testng.internal.Utils - [Utils] MethodGroupsHelper.sortMethods() took 0 ms.
2026-04-23 15:09:56 INFO  org.testng.internal.Utils - [Utils] MethodGroupsHelper.collectMethodsByGroup() took 0 ms.
2026-04-23 15:09:56 INFO  org.testng.internal.Utils - [Utils] MethodGroupsHelper.sortMethods() took 0 ms.
2026-04-23 15:09:56 INFO  org.testng.internal.Utils - [Utils] MethodGroupsHelper.collectMethodsByGroup() took 0 ms.
2026-04-23 15:09:56 INFO  org.testng.internal.Utils - [Utils] MethodGroupsHelper.sortMethods() took 1 ms.
2026-04-23 15:09:56 INFO  org.testng.internal.Utils - [Utils] MethodGroupsHelper.collectMethodsByGroup() took 0 ms.
2026-04-23 15:09:56 INFO  org.testng.internal.Utils - [Utils] MethodGroupsHelper.sortMethods() took 0 ms.
2026-04-23 15:09:56 INFO  org.testng.internal.Utils - [Utils] MethodGroupsHelper.collectMethodsByGroup() took 0 ms.
2026-04-23 15:09:56 INFO  org.testng.internal.Utils - [Utils] MethodGroupsHelper.sortMethods() took 0 ms.
2026-04-23 15:09:56 INFO  org.testng.internal.Utils - [Utils] MethodGroupsHelper.collectMethodsByGroup() took 11 ms.
2026-04-23 15:09:56 INFO  org.testng.internal.Utils - [Utils] MethodGroupsHelper.sortMethods() took 0 ms.
2026-04-23 15:09:56 INFO  org.testng.internal.Utils - [Utils] MethodGroupsHelper.collectMethodsByGroup() took 0 ms.
2026-04-23 15:09:56 INFO  org.testng.internal.Utils - [Utils] MethodGroupsHelper.sortMethods() took 0 ms.
2026-04-23 15:09:56 INFO  org.testng.internal.Utils - [Utils] MethodGroupsHelper.collectMethodsByGroup() took 0 ms.
2026-04-23 15:09:56 INFO  org.testng.internal.Utils - [Utils] MethodGroupsHelper.sortMethods() took 0 ms.
2026-04-23 15:09:56 INFO  org.testng.internal.Utils - [TestNG] Running:
  C:\Users\Rahul\AppData\Local\Temp\testng-eclipse-717880047\testng-customsuite.xml

2026-04-23 15:09:56 INFO  org.testng.internal.Utils - [Utils] DynamicGraphHelper.createDynamicGraph() took 1 ms.
2026-04-23 15:10:53 INFO  org.testng.internal.Utils - [TestNG] Time taken by org.testng.reporters.jq.Main@221a2068: 37 ms
2026-04-23 15:10:53 INFO  org.testng.internal.Utils - [TestNG] Time taken by org.testng.reporters.FailedReporter@31db34da: 11 ms
2026-04-23 15:10:53 INFO  org.testng.internal.Utils - [TestNG] Time taken by org.testng.reporters.XMLReporter@53c1179a: 7 ms
2026-04-23 15:10:53 INFO  org.testng.internal.Utils - [TestNG] Time taken by org.testng.reporters.EmailableReporter2@1084f78c: 8 ms
2026-04-23 15:10:53 INFO  org.testng.internal.Utils - [TestNG] Time taken by org.testng.reporters.JUnitReportReporter@27be17c8: 6 ms
2026-04-23 15:10:53 INFO  org.testng.internal.Utils - [TestNG] Time taken by org.testng.internal.ExitCodeListener@2c413ffc: 0 ms
2026-04-23 15:10:58 DEBUG org.testng.TestNG - suiteXmlPath: "C:\Users\Rahul\AppData\Local\Temp\testng-eclipse-57174241\testng-customsuite.xml"
2026-04-23 15:10:58 INFO  org.testng.internal.Utils - [Utils] MethodGroupsHelper.collectMethodsByGroup() took 1 ms.
2026-04-23 15:10:58 INFO  org.testng.internal.Utils - [Utils] MethodGroupsHelper.sortMethods() took 2 ms.
2026-04-23 15:10:58 INFO  org.testng.internal.Utils - [Utils] MethodGroupsHelper.collectMethodsByGroup() took 0 ms.
2026-04-23 15:10:58 INFO  org.testng.internal.Utils - [Utils] MethodGroupsHelper.sortMethods() took 0 ms.
2026-04-23 15:10:58 INFO  org.testng.internal.Utils - [Utils] MethodGroupsHelper.collectMethodsByGroup() took 0 ms.
2026-04-23 15:10:58 INFO  org.testng.internal.Utils - [Utils] MethodGroupsHelper.sortMethods() took 0 ms.
2026-04-23 15:10:58 INFO  org.testng.internal.Utils - [Utils] MethodGroupsHelper.collectMethodsByGroup() took 0 ms.
2026-04-23 15:10:58 INFO  org.testng.internal.Utils - [Utils] MethodGroupsHelper.sortMethods() took 0 ms.
2026-04-23 15:10:58 INFO  org.testng.internal.Utils - [Utils] MethodGroupsHelper.collectMethodsByGroup() took 3 ms.
2026-04-23 15:10:58 INFO  org.testng.internal.Utils - [Utils] MethodGroupsHelper.sortMethods() took 7 ms.
2026-04-23 15:10:58 INFO  org.testng.internal.Utils - [Utils] MethodGroupsHelper.collectMethodsByGroup() took 0 ms.
2026-04-23 15:10:58 INFO  org.testng.internal.Utils - [Utils] MethodGroupsHelper.sortMethods() took 0 ms.
2026-04-23 15:10:58 INFO  org.testng.internal.Utils - [Utils] MethodGroupsHelper.collectMethodsByGroup() took 0 ms.
2026-04-23 15:10:58 INFO  org.testng.internal.Utils - [Utils] MethodGroupsHelper.sortMethods() took 0 ms.
2026-04-23 15:10:58 INFO  org.testng.internal.Utils - [Utils] MethodGroupsHelper.collectMethodsByGroup() took 0 ms.
2026-04-23 15:10:58 INFO  org.testng.internal.Utils - [Utils] MethodGroupsHelper.sortMethods() took 0 ms.
2026-04-23 15:10:58 INFO  org.testng.internal.Utils - [Utils] MethodGroupsHelper.collectMethodsByGroup() took 0 ms.
2026-04-23 15:10:58 INFO  org.testng.internal.Utils - [Utils] MethodGroupsHelper.sortMethods() took 0 ms.
2026-04-23 15:10:58 INFO  org.testng.internal.Utils - [Utils] MethodGroupsHelper.collectMethodsByGroup() took 0 ms.
2026-04-23 15:10:58 INFO  org.testng.internal.Utils - [Utils] MethodGroupsHelper.sortMethods() took 0 ms.
2026-04-23 15:10:58 INFO  org.testng.internal.Utils - [Utils] MethodGroupsHelper.collectMethodsByGroup() took 0 ms.
2026-04-23 15:10:58 INFO  org.testng.internal.Utils - [Utils] MethodGroupsHelper.sortMethods() took 0 ms.
2026-04-23 15:10:58 INFO  org.testng.internal.Utils - [Utils] MethodGroupsHelper.collectMethodsByGroup() took 0 ms.
2026-04-23 15:10:58 INFO  org.testng.internal.Utils - [Utils] MethodGroupsHelper.sortMethods() took 0 ms.
2026-04-23 15:10:58 INFO  org.testng.internal.Utils - [Utils] MethodGroupsHelper.collectMethodsByGroup() took 9 ms.
2026-04-23 15:10:58 INFO  org.testng.internal.Utils - [Utils] MethodGroupsHelper.sortMethods() took 0 ms.
2026-04-23 15:10:58 INFO  org.testng.internal.Utils - [Utils] MethodGroupsHelper.collectMethodsByGroup() took 0 ms.
2026-04-23 15:10:58 INFO  org.testng.internal.Utils - [Utils] MethodGroupsHelper.sortMethods() took 0 ms.
2026-04-23 15:10:58 INFO  org.testng.internal.Utils - [Utils] MethodGroupsHelper.collectMethodsByGroup() took 0 ms.
2026-04-23 15:10:58 INFO  org.testng.internal.Utils - [Utils] MethodGroupsHelper.sortMethods() took 0 ms.
2026-04-23 15:10:58 INFO  org.testng.internal.Utils - [TestNG] Running:
  C:\Users\Rahul\AppData\Local\Temp\testng-eclipse-57174241\testng-customsuite.xml

2026-04-23 15:10:58 INFO  org.testng.internal.Utils - [Utils] DynamicGraphHelper.createDynamicGraph() took 2 ms.
2026-04-23 15:12:09 INFO  org.testng.internal.Utils - [TestNG] Time taken by org.testng.reporters.jq.Main@6968c1d6: 84 ms
2026-04-23 15:12:09 INFO  org.testng.internal.Utils - [TestNG] Time taken by org.testng.reporters.FailedReporter@31b82e0f: 32 ms
2026-04-23 15:12:09 INFO  org.testng.internal.Utils - [TestNG] Time taken by org.testng.reporters.XMLReporter@4b0bd001: 29 ms
2026-04-23 15:12:09 INFO  org.testng.internal.Utils - [TestNG] Time taken by org.testng.reporters.EmailableReporter2@fb0a08c: 20 ms
2026-04-23 15:12:09 INFO  org.testng.internal.Utils - [TestNG] Time taken by org.testng.reporters.JUnitReportReporter@e95595b: 9 ms
2026-04-23 15:12:09 INFO  org.testng.internal.Utils - [TestNG] Time taken by org.testng.internal.ExitCodeListener@5a917723: 0 ms
2026-04-23 15:14:57 DEBUG org.testng.TestNG - suiteXmlPath: "C:\Users\Rahul\AppData\Local\Temp\testng-eclipse--413051856\testng-customsuite.xml"
2026-04-23 15:14:58 INFO  org.testng.internal.Utils - [Utils] MethodGroupsHelper.collectMethodsByGroup() took 0 ms.
2026-04-23 15:14:58 INFO  org.testng.internal.Utils - [Utils] MethodGroupsHelper.sortMethods() took 1 ms.
2026-04-23 15:14:58 INFO  org.testng.internal.Utils - [Utils] MethodGroupsHelper.collectMethodsByGroup() took 0 ms.
2026-04-23 15:14:58 INFO  org.testng.internal.Utils - [Utils] MethodGroupsHelper.sortMethods() took 0 ms.
2026-04-23 15:14:58 INFO  org.testng.internal.Utils - [Utils] MethodGroupsHelper.collectMethodsByGroup() took 0 ms.
2026-04-23 15:14:58 INFO  org.testng.internal.Utils - [Utils] MethodGroupsHelper.sortMethods() took 0 ms.
2026-04-23 15:14:58 INFO  org.testng.internal.Utils - [Utils] MethodGroupsHelper.collectMethodsByGroup() took 0 ms.
2026-04-23 15:14:58 INFO  org.testng.internal.Utils - [Utils] MethodGroupsHelper.sortMethods() took 0 ms.
2026-04-23 15:14:58 INFO  org.testng.internal.Utils - [Utils] MethodGroupsHelper.collectMethodsByGroup() took 4 ms.
2026-04-23 15:14:58 INFO  org.testng.internal.Utils - [Utils] MethodGroupsHelper.sortMethods() took 8 ms.
2026-04-23 15:14:58 INFO  org.testng.internal.Utils - [Utils] MethodGroupsHelper.collectMethodsByGroup() took 0 ms.
2026-04-23 15:14:58 INFO  org.testng.internal.Utils - [Utils] MethodGroupsHelper.sortMethods() took 0 ms.
2026-04-23 15:14:58 INFO  org.testng.internal.Utils - [Utils] MethodGroupsHelper.collectMethodsByGroup() took 0 ms.
2026-04-23 15:14:58 INFO  org.testng.internal.Utils - [Utils] MethodGroupsHelper.sortMethods() took 0 ms.
2026-04-23 15:14:58 INFO  org.testng.internal.Utils - [Utils] MethodGroupsHelper.collectMethodsByGroup() took 0 ms.
2026-04-23 15:14:58 INFO  org.testng.internal.Utils - [Utils] MethodGroupsHelper.sortMethods() took 0 ms.
2026-04-23 15:14:58 INFO  org.testng.internal.Utils - [Utils] MethodGroupsHelper.collectMethodsByGroup() took 0 ms.
2026-04-23 15:14:58 INFO  org.testng.internal.Utils - [Utils] MethodGroupsHelper.sortMethods() took 1 ms.
2026-04-23 15:14:58 INFO  org.testng.internal.Utils - [Utils] MethodGroupsHelper.collectMethodsByGroup() took 0 ms.
2026-04-23 15:14:58 INFO  org.testng.internal.Utils - [Utils] MethodGroupsHelper.sortMethods() took 0 ms.
2026-04-23 15:14:58 INFO  org.testng.internal.Utils - [Utils] MethodGroupsHelper.collectMethodsByGroup() took 0 ms.
2026-04-23 15:14:58 INFO  org.testng.internal.Utils - [Utils] MethodGroupsHelper.sortMethods() took 0 ms.
2026-04-23 15:14:58 INFO  org.testng.internal.Utils - [Utils] MethodGroupsHelper.collectMethodsByGroup() took 0 ms.
2026-04-23 15:14:58 INFO  org.testng.internal.Utils - [Utils] MethodGroupsHelper.sortMethods() took 0 ms.
2026-04-23 15:14:58 INFO  org.testng.internal.Utils - [Utils] MethodGroupsHelper.collectMethodsByGroup() took 11 ms.
2026-04-23 15:14:58 INFO  org.testng.internal.Utils - [Utils] MethodGroupsHelper.sortMethods() took 1 ms.
2026-04-23 15:14:58 INFO  org.testng.internal.Utils - [Utils] MethodGroupsHelper.collectMethodsByGroup() took 0 ms.
2026-04-23 15:14:58 INFO  org.testng.internal.Utils - [Utils] MethodGroupsHelper.sortMethods() took 0 ms.
2026-04-23 15:14:58 INFO  org.testng.internal.Utils - [Utils] MethodGroupsHelper.collectMethodsByGroup() took 0 ms.
2026-04-23 15:14:58 INFO  org.testng.internal.Utils - [Utils] MethodGroupsHelper.sortMethods() took 0 ms.
2026-04-23 15:14:58 INFO  org.testng.internal.Utils - [TestNG] Running:
  C:\Users\Rahul\AppData\Local\Temp\testng-eclipse--413051856\testng-customsuite.xml

2026-04-23 15:14:58 INFO  org.testng.internal.Utils - [Utils] DynamicGraphHelper.createDynamicGraph() took 4 ms.
2026-04-23 15:16:11 INFO  org.testng.internal.Utils - [TestNG] Time taken by org.testng.reporters.jq.Main@6968c1d6: 36 ms
2026-04-23 15:16:11 INFO  org.testng.internal.Utils - [TestNG] Time taken by org.testng.reporters.FailedReporter@31b82e0f: 9 ms
2026-04-23 15:16:11 INFO  org.testng.internal.Utils - [TestNG] Time taken by org.testng.reporters.XMLReporter@4b0bd001: 6 ms
2026-04-23 15:16:11 INFO  org.testng.internal.Utils - [TestNG] Time taken by org.testng.reporters.EmailableReporter2@fb0a08c: 8 ms
2026-04-23 15:16:11 INFO  org.testng.internal.Utils - [TestNG] Time taken by org.testng.reporters.JUnitReportReporter@e95595b: 5 ms
2026-04-23 15:16:11 INFO  org.testng.internal.Utils - [TestNG] Time taken by org.testng.internal.ExitCodeListener@5a917723: 0 ms
2026-04-23 15:17:28 DEBUG org.testng.TestNG - suiteXmlPath: "C:\Users\Rahul\AppData\Local\Temp\testng-eclipse-1341200625\testng-customsuite.xml"
2026-04-23 15:17:28 INFO  org.testng.internal.Utils - [Utils] MethodGroupsHelper.collectMethodsByGroup() took 1 ms.
2026-04-23 15:17:28 INFO  org.testng.internal.Utils - [Utils] MethodGroupsHelper.sortMethods() took 0 ms.
2026-04-23 15:17:28 INFO  org.testng.internal.Utils - [Utils] MethodGroupsHelper.collectMethodsByGroup() took 0 ms.
2026-04-23 15:17:28 INFO  org.testng.internal.Utils - [Utils] MethodGroupsHelper.sortMethods() took 0 ms.
2026-04-23 15:17:28 INFO  org.testng.internal.Utils - [Utils] MethodGroupsHelper.collectMethodsByGroup() took 0 ms.
2026-04-23 15:17:28 INFO  org.testng.internal.Utils - [Utils] MethodGroupsHelper.sortMethods() took 0 ms.
2026-04-23 15:17:28 INFO  org.testng.internal.Utils - [Utils] MethodGroupsHelper.collectMethodsByGroup() took 0 ms.
2026-04-23 15:17:28 INFO  org.testng.internal.Utils - [Utils] MethodGroupsHelper.sortMethods() took 0 ms.
2026-04-23 15:17:28 INFO  org.testng.internal.Utils - [Utils] MethodGroupsHelper.collectMethodsByGroup() took 4 ms.
2026-04-23 15:17:28 INFO  org.testng.internal.Utils - [Utils] MethodGroupsHelper.sortMethods() took 9 ms.
2026-04-23 15:17:28 INFO  org.testng.internal.Utils - [Utils] MethodGroupsHelper.collectMethodsByGroup() took 0 ms.
2026-04-23 15:17:28 INFO  org.testng.internal.Utils - [Utils] MethodGroupsHelper.sortMethods() took 0 ms.
2026-04-23 15:17:28 INFO  org.testng.internal.Utils - [Utils] MethodGroupsHelper.collectMethodsByGroup() took 0 ms.
2026-04-23 15:17:28 INFO  org.testng.internal.Utils - [Utils] MethodGroupsHelper.sortMethods() took 0 ms.
2026-04-23 15:17:28 INFO  org.testng.internal.Utils - [Utils] MethodGroupsHelper.collectMethodsByGroup() took 0 ms.
2026-04-23 15:17:28 INFO  org.testng.internal.Utils - [Utils] MethodGroupsHelper.sortMethods() took 0 ms.
2026-04-23 15:17:28 INFO  org.testng.internal.Utils - [Utils] MethodGroupsHelper.collectMethodsByGroup() took 0 ms.
2026-04-23 15:17:28 INFO  org.testng.internal.Utils - [Utils] MethodGroupsHelper.sortMethods() took 0 ms.
2026-04-23 15:17:28 INFO  org.testng.internal.Utils - [Utils] MethodGroupsHelper.collectMethodsByGroup() took 0 ms.
2026-04-23 15:17:28 INFO  org.testng.internal.Utils - [Utils] MethodGroupsHelper.sortMethods() took 0 ms.
2026-04-23 15:17:28 INFO  org.testng.internal.Utils - [Utils] MethodGroupsHelper.collectMethodsByGroup() took 0 ms.
2026-04-23 15:17:28 INFO  org.testng.internal.Utils - [Utils] MethodGroupsHelper.sortMethods() took 0 ms.
2026-04-23 15:17:28 INFO  org.testng.internal.Utils - [Utils] MethodGroupsHelper.collectMethodsByGroup() took 0 ms.
2026-04-23 15:17:28 INFO  org.testng.internal.Utils - [Utils] MethodGroupsHelper.sortMethods() took 0 ms.
2026-04-23 15:17:28 INFO  org.testng.internal.Utils - [Utils] MethodGroupsHelper.collectMethodsByGroup() took 10 ms.
2026-04-23 15:17:28 INFO  org.testng.internal.Utils - [Utils] MethodGroupsHelper.sortMethods() took 0 ms.
2026-04-23 15:17:28 INFO  org.testng.internal.Utils - [Utils] MethodGroupsHelper.collectMethodsByGroup() took 0 ms.
2026-04-23 15:17:28 INFO  org.testng.internal.Utils - [Utils] MethodGroupsHelper.sortMethods() took 0 ms.
2026-04-23 15:17:28 INFO  org.testng.internal.Utils - [Utils] MethodGroupsHelper.collectMethodsByGroup() took 0 ms.
2026-04-23 15:17:28 INFO  org.testng.internal.Utils - [Utils] MethodGroupsHelper.sortMethods() took 0 ms.
2026-04-23 15:17:28 INFO  org.testng.internal.Utils - [TestNG] Running:
  C:\Users\Rahul\AppData\Local\Temp\testng-eclipse-1341200625\testng-customsuite.xml

2026-04-23 15:17:28 INFO  org.testng.internal.Utils - [Utils] DynamicGraphHelper.createDynamicGraph() took 4 ms.
2026-04-23 15:18:39 INFO  org.testng.internal.Utils - [TestNG] Time taken by org.testng.reporters.jq.Main@68e02f33: 53 ms
2026-04-23 15:18:39 INFO  org.testng.internal.Utils - [TestNG] Time taken by org.testng.reporters.FailedReporter@1b410308: 13 ms
2026-04-23 15:18:39 INFO  org.testng.internal.Utils - [TestNG] Time taken by org.testng.reporters.XMLReporter@fb0a08c: 12 ms
2026-04-23 15:18:39 INFO  org.testng.internal.Utils - [TestNG] Time taken by org.testng.reporters.EmailableReporter2@40c2ce52: 9 ms
2026-04-23 15:18:39 INFO  org.testng.internal.Utils - [TestNG] Time taken by org.testng.reporters.JUnitReportReporter@32d5279: 8 ms
2026-04-23 15:18:39 INFO  org.testng.internal.Utils - [TestNG] Time taken by org.testng.internal.ExitCodeListener@1c067c0d: 1 ms
2026-04-23 15:25:45 DEBUG org.testng.TestNG - suiteXmlPath: "C:\Users\Rahul\AppData\Local\Temp\testng-eclipse--1858663509\testng-customsuite.xml"
2026-04-23 15:25:46 INFO  org.testng.internal.Utils - [Utils] MethodGroupsHelper.collectMethodsByGroup() took 0 ms.
2026-04-23 15:25:46 INFO  org.testng.internal.Utils - [Utils] MethodGroupsHelper.sortMethods() took 1 ms.
2026-04-23 15:25:46 INFO  org.testng.internal.Utils - [Utils] MethodGroupsHelper.collectMethodsByGroup() took 0 ms.
2026-04-23 15:25:46 INFO  org.testng.internal.Utils - [Utils] MethodGroupsHelper.sortMethods() took 0 ms.
2026-04-23 15:25:46 INFO  org.testng.internal.Utils - [Utils] MethodGroupsHelper.collectMethodsByGroup() took 1 ms.
2026-04-23 15:25:46 INFO  org.testng.internal.Utils - [Utils] MethodGroupsHelper.sortMethods() took 0 ms.
2026-04-23 15:25:46 INFO  org.testng.internal.Utils - [Utils] MethodGroupsHelper.collectMethodsByGroup() took 0 ms.
2026-04-23 15:25:46 INFO  org.testng.internal.Utils - [Utils] MethodGroupsHelper.sortMethods() took 0 ms.
2026-04-23 15:25:46 INFO  org.testng.internal.Utils - [Utils] MethodGroupsHelper.collectMethodsByGroup() took 6 ms.
2026-04-23 15:25:46 INFO  org.testng.internal.Utils - [Utils] MethodGroupsHelper.sortMethods() took 16 ms.
2026-04-23 15:25:46 INFO  org.testng.internal.Utils - [Utils] MethodGroupsHelper.collectMethodsByGroup() took 0 ms.
2026-04-23 15:25:46 INFO  org.testng.internal.Utils - [Utils] MethodGroupsHelper.sortMethods() took 0 ms.
2026-04-23 15:25:46 INFO  org.testng.internal.Utils - [Utils] MethodGroupsHelper.collectMethodsByGroup() took 0 ms.
2026-04-23 15:25:46 INFO  org.testng.internal.Utils - [Utils] MethodGroupsHelper.sortMethods() took 0 ms.
2026-04-23 15:25:46 INFO  org.testng.internal.Utils - [Utils] MethodGroupsHelper.collectMethodsByGroup() took 0 ms.
2026-04-23 15:25:46 INFO  org.testng.internal.Utils - [Utils] MethodGroupsHelper.sortMethods() took 0 ms.
2026-04-23 15:25:46 INFO  org.testng.internal.Utils - [Utils] MethodGroupsHelper.collectMethodsByGroup() took 0 ms.
2026-04-23 15:25:46 INFO  org.testng.internal.Utils - [Utils] MethodGroupsHelper.sortMethods() took 0 ms.
2026-04-23 15:25:46 INFO  org.testng.internal.Utils - [Utils] MethodGroupsHelper.collectMethodsByGroup() took 0 ms.
2026-04-23 15:25:46 INFO  org.testng.internal.Utils - [Utils] MethodGroupsHelper.sortMethods() took 0 ms.
2026-04-23 15:25:46 INFO  org.testng.internal.Utils - [Utils] MethodGroupsHelper.collectMethodsByGroup() took 0 ms.
2026-04-23 15:25:46 INFO  org.testng.internal.Utils - [Utils] MethodGroupsHelper.sortMethods() took 0 ms.
2026-04-23 15:25:46 INFO  org.testng.internal.Utils - [Utils] MethodGroupsHelper.collectMethodsByGroup() took 0 ms.
2026-04-23 15:25:46 INFO  org.testng.internal.Utils - [Utils] MethodGroupsHelper.sortMethods() took 0 ms.
2026-04-23 15:25:46 INFO  org.testng.internal.Utils - [Utils] MethodGroupsHelper.collectMethodsByGroup() took 17 ms.
2026-04-23 15:25:46 INFO  org.testng.internal.Utils - [Utils] MethodGroupsHelper.sortMethods() took 1 ms.
2026-04-23 15:25:46 INFO  org.testng.internal.Utils - [Utils] MethodGroupsHelper.collectMethodsByGroup() took 0 ms.
2026-04-23 15:25:46 INFO  org.testng.internal.Utils - [Utils] MethodGroupsHelper.sortMethods() took 0 ms.
2026-04-23 15:25:46 INFO  org.testng.internal.Utils - [Utils] MethodGroupsHelper.collectMethodsByGroup() took 0 ms.
2026-04-23 15:25:46 INFO  org.testng.internal.Utils - [Utils] MethodGroupsHelper.sortMethods() took 0 ms.
2026-04-23 15:25:46 INFO  org.testng.internal.Utils - [TestNG] Running:
  C:\Users\Rahul\AppData\Local\Temp\testng-eclipse--1858663509\testng-customsuite.xml

2026-04-23 15:25:46 INFO  org.testng.internal.Utils - [Utils] DynamicGraphHelper.createDynamicGraph() took 9 ms.
2026-04-23 15:26:49 INFO  org.testng.internal.Utils - [TestNG] Time taken by org.testng.reporters.jq.Main@3bc4ef12: 70 ms
2026-04-23 15:26:49 INFO  org.testng.internal.Utils - [TestNG] Time taken by org.testng.reporters.FailedReporter@66f28a1f: 20 ms
2026-04-23 15:26:49 INFO  org.testng.internal.Utils - [TestNG] Time taken by org.testng.reporters.XMLReporter@51a18b21: 19 ms
2026-04-23 15:26:49 INFO  org.testng.internal.Utils - [TestNG] Time taken by org.testng.reporters.EmailableReporter2@52bf7bf6: 15 ms
2026-04-23 15:26:49 INFO  org.testng.internal.Utils - [TestNG] Time taken by org.testng.reporters.JUnitReportReporter@17410c07: 14 ms
2026-04-23 15:26:49 INFO  org.testng.internal.Utils - [TestNG] Time taken by org.testng.internal.ExitCodeListener@6ee99964: 0 ms
2026-04-23 15:27:16 INFO  Hooks.Hooks - Browser is opened..!
2026-04-23 15:27:21 INFO  Hooks.Hooks - url is launched..!
2026-04-23 15:27:21 INFO  StepDefinations.ProductListingPageStep - Searching product: Tshirts
2026-04-23 15:27:28 INFO  Hooks.Hooks - Driver is Quit successfully....!
2026-04-23 15:27:29 INFO  Hooks.Hooks - Browser is opened..!
2026-04-23 15:27:36 INFO  Hooks.Hooks - url is launched..!
2026-04-23 15:27:36 INFO  StepDefinations.ProductListingPageStep - Searching product: Tshirts
2026-04-23 15:27:39 INFO  Hooks.Hooks - Driver is Quit successfully....!
2026-04-23 15:27:41 INFO  Hooks.Hooks - Browser is opened..!
2026-04-23 15:27:41 INFO  Hooks.Hooks - url is launched..!
2026-04-23 15:27:41 INFO  StepDefinations.ProductListingPageStep - Searching product: Tshirts
2026-04-23 15:27:49 INFO  Hooks.Hooks - Driver is Quit successfully....!
2026-04-23 15:27:50 INFO  Hooks.Hooks - Browser is opened..!
2026-04-23 15:27:56 INFO  Hooks.Hooks - url is launched..!
2026-04-23 15:27:56 INFO  StepDefinations.ProductListingPageStep - Searching product: Tshirts
2026-04-23 15:27:59 INFO  Hooks.Hooks - Driver is Quit successfully....!
2026-04-23 15:28:00 INFO  Hooks.Hooks - Browser is opened..!
2026-04-23 15:28:13 INFO  Hooks.Hooks - url is launched..!
2026-04-23 15:28:13 INFO  StepDefinations.ProductListingPageStep - Searching product: Tshirts
2026-04-23 15:28:48 INFO  Hooks.Hooks - Driver is Quit successfully....!
2026-04-23 15:28:51 INFO  Hooks.Hooks - Browser is opened..!
2026-04-23 15:28:57 INFO  Hooks.Hooks - url is launched..!
2026-04-23 15:28:57 INFO  StepDefinations.ProductListingPageStep - Searching product: Tshirts
2026-04-23 15:29:37 INFO  Hooks.Hooks - Driver is Quit successfully....!
2026-04-23 15:29:38 INFO  Hooks.Hooks - Browser is opened..!
2026-04-23 15:29:44 INFO  Hooks.Hooks - url is launched..!
2026-04-23 15:29:44 INFO  StepDefinations.ProductListingPageStep - Searching product: Tshirts
2026-04-23 15:29:49 INFO  Hooks.Hooks - Driver is Quit successfully....!
2026-04-23 15:29:50 INFO  Hooks.Hooks - Browser is opened..!
2026-04-23 15:29:56 INFO  Hooks.Hooks - url is launched..!
2026-04-23 15:29:56 INFO  StepDefinations.ProductListingPageStep - Searching product: Tshirts
2026-04-23 15:30:00 INFO  Hooks.Hooks - Driver is Quit successfully....!
2026-04-23 15:30:01 INFO  Hooks.Hooks - Browser is opened..!
2026-04-23 15:30:02 INFO  Hooks.Hooks - url is launched..!
2026-04-23 15:30:02 INFO  StepDefinations.ProductListingPageStep - Searching product: Tshirts
2026-04-23 15:30:12 INFO  Hooks.Hooks - Driver is Quit successfully....!
2026-04-23 15:30:13 INFO  Hooks.Hooks - Browser is opened..!
2026-04-23 15:30:20 INFO  Hooks.Hooks - url is launched..!
2026-04-23 15:30:20 INFO  StepDefinations.ProductListingPageStep - Searching product: Tshirts
2026-04-23 15:30:25 INFO  Hooks.Hooks - Driver is Quit successfully....!
2026-04-23 15:30:27 INFO  Hooks.Hooks - Browser is opened..!
2026-04-23 15:30:27 INFO  Hooks.Hooks - url is launched..!
2026-04-23 15:30:27 INFO  StepDefinations.ProductListingPageStep - Searching product: Tshirts
2026-04-23 15:30:35 INFO  Hooks.Hooks - Driver is Quit successfully....!
2026-04-23 15:30:36 INFO  Hooks.Hooks - Browser is opened..!
2026-04-23 15:30:40 INFO  Hooks.Hooks - url is launched..!
2026-04-23 15:30:40 INFO  StepDefinations.ProductListingPageStep - Searching product: Tshirts
2026-04-23 15:30:44 INFO  Hooks.Hooks - Driver is Quit successfully....!
2026-04-23 15:30:45 INFO  Hooks.Hooks - Browser is opened..!
2026-04-23 15:31:17 INFO  Hooks.Hooks - url is launched..!
2026-04-23 15:31:17 INFO  StepDefinations.ProductListingPageStep - Searching product: Tshirts
2026-04-23 15:31:23 INFO  Hooks.Hooks - Driver is Quit successfully....!
2026-04-23 15:31:25 INFO  Hooks.Hooks - Browser is opened..!
2026-04-23 15:31:25 INFO  Hooks.Hooks - url is launched..!
2026-04-23 15:31:25 INFO  StepDefinations.ProductListingPageStep - Searching product: Tshirts
2026-04-23 15:31:33 INFO  Hooks.Hooks - Driver is Quit successfully....!
2026-04-23 15:31:34 INFO  Hooks.Hooks - Browser is opened..!
2026-04-23 15:31:36 INFO  Hooks.Hooks - url is launched..!
2026-04-23 15:31:36 INFO  StepDefinations.ProductListingPageStep - Searching product: Tshirts
2026-04-23 15:31:40 INFO  Hooks.Hooks - Driver is Quit successfully....!
2026-04-23 15:31:41 INFO  Hooks.Hooks - Browser is opened..!
2026-04-23 15:31:44 INFO  Hooks.Hooks - url is launched..!
2026-04-23 15:31:44 INFO  StepDefinations.ProductListingPageStep - Searching product: Tshirts
2026-04-23 15:31:49 INFO  Hooks.Hooks - Driver is Quit successfully....!
2026-04-23 15:31:50 INFO  Hooks.Hooks - Browser is opened..!
2026-04-23 15:31:54 INFO  Hooks.Hooks - url is launched..!
2026-04-23 15:31:54 INFO  StepDefinations.ProductListingPageStep - Searching product: Tshirts
2026-04-23 15:31:58 INFO  Hooks.Hooks - Driver is Quit successfully....!
2026-04-23 15:31:59 INFO  Hooks.Hooks - Browser is opened..!
2026-04-23 15:32:03 INFO  Hooks.Hooks - url is launched..!
2026-04-23 15:32:03 INFO  StepDefinations.ProductListingPageStep - Searching product: Tshirts
2026-04-23 15:32:08 INFO  Hooks.Hooks - Driver is Quit successfully....!
2026-04-23 15:32:09 INFO  Hooks.Hooks - Browser is opened..!
2026-04-23 15:32:13 INFO  Hooks.Hooks - url is launched..!
2026-04-23 15:32:13 INFO  StepDefinations.ProductListingPageStep - Searching product: Tshirts
2026-04-23 15:32:17 INFO  Hooks.Hooks - Driver is Quit successfully....!
2026-04-23 15:32:19 INFO  Hooks.Hooks - Browser is opened..!
2026-04-23 15:32:23 INFO  Hooks.Hooks - url is launched..!
2026-04-23 15:32:23 INFO  StepDefinations.ProductListingPageStep - Searching product: Tshirts
2026-04-23 15:32:27 INFO  Hooks.Hooks - Driver is Quit successfully....!
2026-04-23 15:32:29 INFO  Hooks.Hooks - Browser is opened..!
2026-04-23 15:32:33 INFO  Hooks.Hooks - url is launched..!
2026-04-23 15:32:33 INFO  StepDefinations.ProductListingPageStep - Searching product: Tshirts
2026-04-23 15:32:40 INFO  Hooks.Hooks - Driver is Quit successfully....!
2026-04-23 15:32:51 INFO  Hooks.Hooks - Browser is opened..!
2026-04-23 15:32:56 INFO  Hooks.Hooks - url is launched..!
2026-04-23 15:32:56 INFO  StepDefinations.ProductListingPageStep - Searching product: Tshirts
2026-04-23 15:33:02 INFO  Hooks.Hooks - Driver is Quit successfully....!
2026-04-23 15:33:05 INFO  Hooks.Hooks - Browser is opened..!
2026-04-23 15:33:08 INFO  Hooks.Hooks - url is launched..!
2026-04-23 15:33:08 INFO  StepDefinations.ProductListingPageStep - Searching product: Tshirts
2026-04-23 15:33:11 INFO  Hooks.Hooks - Driver is Quit successfully....!
2026-04-23 15:33:13 INFO  Hooks.Hooks - Browser is opened..!
2026-04-23 15:33:16 INFO  Hooks.Hooks - url is launched..!
2026-04-23 15:33:16 INFO  StepDefinations.ProductListingPageStep - Searching product: Tshirts
2026-04-23 15:33:22 INFO  Hooks.Hooks - Driver is Quit successfully....!
2026-04-23 15:35:33 INFO  Hooks.Hooks - Browser is opened..!
2026-04-23 15:35:37 INFO  Hooks.Hooks - url is launched..!
2026-04-23 15:35:38 INFO  StepDefinations.ProductListingPageStep - Searching product: Tshirts
2026-04-23 15:35:42 INFO  StepDefinations.ProductListingPageStep - Applying discount filter: 10% and above
2026-04-23 15:35:43 INFO  StepDefinations.ProductListingPageStep - URL after discount filter: https://www.myntra.com/tshirts?rf=Discount%20Range%3A10.0_100.0_10.0%20TO%20100.0&rawQuery=Tshirts
2026-04-23 15:35:43 INFO  Hooks.Hooks - Driver is Quit successfully....!
2026-04-23 15:35:45 INFO  Hooks.Hooks - Browser is opened..!
2026-04-23 15:35:45 INFO  Hooks.Hooks - url is launched..!
2026-04-23 15:35:45 INFO  StepDefinations.ProductListingPageStep - Searching product: Tshirts
2026-04-23 15:35:53 INFO  StepDefinations.ProductListingPageStep - Applying discount filter: 20% and above
2026-04-23 15:35:53 INFO  StepDefinations.ProductListingPageStep - URL after discount filter: https://www.myntra.com/tshirts?rf=Discount%20Range%3A20.0_100.0_20.0%20TO%20100.0&rawQuery=Tshirts
2026-04-23 15:35:54 INFO  Hooks.Hooks - Driver is Quit successfully....!
2026-04-23 15:35:56 INFO  Hooks.Hooks - Browser is opened..!
2026-04-23 15:36:02 INFO  Hooks.Hooks - url is launched..!
2026-04-23 15:36:02 INFO  StepDefinations.ProductListingPageStep - Searching product: Tshirts
2026-04-23 15:36:06 INFO  StepDefinations.ProductListingPageStep - Applying discount filter: 30% and above
2026-04-23 15:36:07 INFO  StepDefinations.ProductListingPageStep - URL after discount filter: https://www.myntra.com/tshirts?rf=Discount%20Range%3A30.0_100.0_30.0%20TO%20100.0&rawQuery=Tshirts
2026-04-23 15:36:07 INFO  Hooks.Hooks - Driver is Quit successfully....!
2026-04-23 15:36:08 INFO  Hooks.Hooks - Browser is opened..!
2026-04-23 15:36:13 INFO  Hooks.Hooks - url is launched..!
2026-04-23 15:36:13 INFO  StepDefinations.ProductListingPageStep - Searching product: Tshirts
2026-04-23 15:36:17 INFO  StepDefinations.ProductListingPageStep - Applying discount filter: 40% and above
2026-04-23 15:36:17 INFO  StepDefinations.ProductListingPageStep - URL after discount filter: https://www.myntra.com/tshirts?rf=Discount%20Range%3A40.0_100.0_40.0%20TO%20100.0&rawQuery=Tshirts
2026-04-23 15:36:17 INFO  Hooks.Hooks - Driver is Quit successfully....!
2026-04-23 15:36:19 INFO  Hooks.Hooks - Browser is opened..!
2026-04-23 15:36:24 INFO  Hooks.Hooks - url is launched..!
2026-04-23 15:36:24 INFO  StepDefinations.ProductListingPageStep - Searching product: Tshirts
2026-04-23 15:36:28 INFO  StepDefinations.ProductListingPageStep - Applying discount filter: 50% and above
2026-04-23 15:36:29 INFO  StepDefinations.ProductListingPageStep - URL after discount filter: https://www.myntra.com/tshirts?rf=Discount%20Range%3A50.0_100.0_50.0%20TO%20100.0&rawQuery=Tshirts
2026-04-23 15:36:29 INFO  Hooks.Hooks - Driver is Quit successfully....!
2026-04-23 15:36:30 INFO  Hooks.Hooks - Browser is opened..!
2026-04-23 15:36:32 INFO  Hooks.Hooks - url is launched..!
2026-04-23 15:36:32 INFO  StepDefinations.ProductListingPageStep - Searching product: Tshirts
2026-04-23 15:36:42 INFO  StepDefinations.ProductListingPageStep - Applying discount filter: 60% and above
2026-04-23 15:36:42 INFO  StepDefinations.ProductListingPageStep - URL after discount filter: https://www.myntra.com/tshirts?rf=Discount%20Range%3A60.0_100.0_60.0%20TO%20100.0&rawQuery=Tshirts
2026-04-23 15:36:43 INFO  Hooks.Hooks - Driver is Quit successfully....!
2026-04-23 15:36:44 INFO  Hooks.Hooks - Browser is opened..!
2026-04-23 15:36:46 INFO  Hooks.Hooks - url is launched..!
2026-04-23 15:36:46 INFO  StepDefinations.ProductListingPageStep - Searching product: Tshirts
2026-04-23 15:36:50 INFO  StepDefinations.ProductListingPageStep - Applying discount filter: 70% and above
2026-04-23 15:36:50 INFO  StepDefinations.ProductListingPageStep - URL after discount filter: https://www.myntra.com/tshirts?rf=Discount%20Range%3A70.0_100.0_70.0%20TO%20100.0&rawQuery=Tshirts
2026-04-23 15:36:51 INFO  Hooks.Hooks - Driver is Quit successfully....!
2026-04-23 15:36:52 INFO  Hooks.Hooks - Browser is opened..!
2026-04-23 15:36:56 INFO  Hooks.Hooks - url is launched..!
2026-04-23 15:36:56 INFO  StepDefinations.ProductListingPageStep - Searching product: Tshirts
2026-04-23 15:37:21 INFO  StepDefinations.ProductListingPageStep - Applying discount filter: 80% and above
2026-04-23 15:37:32 INFO  StepDefinations.ProductListingPageStep - URL after discount filter: https://www.myntra.com/tshirts?rf=Discount%20Range%3A80.0_100.0_80.0%20TO%20100.0&rawQuery=Tshirts
2026-04-23 15:37:37 INFO  Hooks.Hooks - Driver is Quit successfully....!
2026-04-23 15:37:38 INFO  Hooks.Hooks - Browser is opened..!
2026-04-23 15:37:40 INFO  Hooks.Hooks - url is launched..!
2026-04-23 15:37:40 INFO  StepDefinations.ProductListingPageStep - Searching product: Tshirts
2026-04-23 15:38:18 INFO  StepDefinations.ProductListingPageStep - Applying discount filter: 90% and above
2026-04-23 15:38:24 INFO  StepDefinations.ProductListingPageStep - URL after discount filter: https://www.myntra.com/tshirts?rf=Discount%20Range%3A90.0_100.0_90.0%20TO%20100.0&rawQuery=Tshirts
2026-04-23 16:06:02 INFO  Hooks.Hooks - Browser is opened..!
2026-04-23 16:06:02 INFO  Hooks.Hooks - Driver is Quit successfully....!
2026-04-23 16:07:24 INFO  Hooks.Hooks - Browser is opened..!
2026-04-23 16:07:29 INFO  Hooks.Hooks - url is launched..!
2026-04-23 16:07:29 INFO  StepDefinations.ProductListingPageStep - Searching product: Tshirts
2026-04-23 16:07:33 INFO  StepDefinations.ProductListingPageStep - Checking products visibility on PLP
2026-04-23 16:07:34 INFO  StepDefinations.ProductListingPageStep - Product count: 486407
2026-04-23 16:07:34 INFO  Hooks.Hooks - Driver is Quit successfully....!
2026-04-23 16:07:51 INFO  Hooks.Hooks - Browser is opened..!
2026-04-23 16:07:52 INFO  Hooks.Hooks - url is launched..!
2026-04-23 16:07:53 INFO  StepDefinations.ProductListingPageStep - Searching product: Tshirts
2026-04-23 16:07:57 INFO  Hooks.Hooks - Driver is Quit successfully....!
2026-04-23 16:07:59 INFO  Hooks.Hooks - Browser is opened..!
2026-04-23 16:08:03 INFO  Hooks.Hooks - url is launched..!
2026-04-23 16:08:03 INFO  StepDefinations.ProductListingPageStep - Searching product: Tshirts
2026-04-23 16:08:07 INFO  Hooks.Hooks - Driver is Quit successfully....!
2026-04-23 16:08:08 INFO  Hooks.Hooks - Browser is opened..!
2026-04-23 16:08:10 INFO  Hooks.Hooks - url is launched..!
2026-04-23 16:08:10 INFO  StepDefinations.ProductListingPageStep - Searching product: Tshirts
2026-04-23 16:08:16 INFO  Hooks.Hooks - Driver is Quit successfully....!
2026-04-23 16:08:18 INFO  Hooks.Hooks - Browser is opened..!
2026-04-23 16:08:22 INFO  Hooks.Hooks - url is launched..!
2026-04-23 16:08:22 INFO  StepDefinations.ProductListingPageStep - Searching product: Tshirts
2026-04-23 16:08:27 INFO  Hooks.Hooks - Driver is Quit successfully....!
2026-04-23 16:08:28 INFO  Hooks.Hooks - Browser is opened..!
2026-04-23 16:08:33 INFO  Hooks.Hooks - url is launched..!
2026-04-23 16:08:33 INFO  StepDefinations.ProductListingPageStep - Searching product: Tshirts
2026-04-23 16:08:37 INFO  Hooks.Hooks - Driver is Quit successfully....!
2026-04-23 16:08:38 INFO  Hooks.Hooks - Browser is opened..!
2026-04-23 16:08:43 INFO  Hooks.Hooks - url is launched..!
2026-04-23 16:08:43 INFO  StepDefinations.ProductListingPageStep - Searching product: Tshirts
2026-04-23 16:08:48 INFO  Hooks.Hooks - Driver is Quit successfully....!
2026-04-23 16:08:49 INFO  Hooks.Hooks - Browser is opened..!
2026-04-23 16:08:53 INFO  Hooks.Hooks - url is launched..!
2026-04-23 16:08:53 INFO  StepDefinations.ProductListingPageStep - Searching product: Tshirts
2026-04-23 16:08:58 INFO  Hooks.Hooks - Driver is Quit successfully....!
2026-04-23 16:08:59 INFO  Hooks.Hooks - Browser is opened..!
2026-04-23 16:09:04 INFO  Hooks.Hooks - url is launched..!
2026-04-23 16:09:04 INFO  StepDefinations.ProductListingPageStep - Searching product: Tshirts
2026-04-23 16:09:10 INFO  Hooks.Hooks - Driver is Quit successfully....!
2026-04-23 16:09:11 INFO  Hooks.Hooks - Browser is opened..!
2026-04-23 16:09:15 INFO  Hooks.Hooks - url is launched..!
2026-04-23 16:09:15 INFO  StepDefinations.ProductListingPageStep - Searching product: Tshirts
2026-04-23 16:09:20 INFO  Hooks.Hooks - Driver is Quit successfully....!
2026-04-23 16:09:21 INFO  Hooks.Hooks - Browser is opened..!
2026-04-23 16:09:26 INFO  Hooks.Hooks - url is launched..!
2026-04-23 16:09:26 INFO  StepDefinations.ProductListingPageStep - Searching product: Tshirts
2026-04-23 16:09:31 INFO  Hooks.Hooks - Driver is Quit successfully....!
2026-04-23 16:09:32 INFO  Hooks.Hooks - Browser is opened..!
2026-04-23 16:09:36 INFO  Hooks.Hooks - url is launched..!
2026-04-23 16:09:36 INFO  StepDefinations.ProductListingPageStep - Searching product: Tshirts
2026-04-23 16:09:41 INFO  Hooks.Hooks - Driver is Quit successfully....!
2026-04-23 16:09:42 INFO  Hooks.Hooks - Browser is opened..!
2026-04-23 16:09:44 INFO  Hooks.Hooks - url is launched..!
2026-04-23 16:09:44 INFO  StepDefinations.ProductListingPageStep - Searching product: Tshirts
2026-04-23 16:09:48 INFO  Hooks.Hooks - Driver is Quit successfully....!
2026-04-23 16:09:49 INFO  Hooks.Hooks - Browser is opened..!
2026-04-23 16:09:58 INFO  Hooks.Hooks - url is launched..!
2026-04-23 16:09:58 INFO  StepDefinations.ProductListingPageStep - Searching product: Tshirts
2026-04-23 16:10:04 INFO  Hooks.Hooks - Driver is Quit successfully....!
2026-04-23 16:10:05 INFO  Hooks.Hooks - Browser is opened..!
2026-04-23 16:10:38 INFO  Hooks.Hooks - url is launched..!
2026-04-23 16:10:38 INFO  StepDefinations.ProductListingPageStep - Searching product: Tshirts
2026-04-23 16:10:42 INFO  Hooks.Hooks - Driver is Quit successfully....!
2026-04-23 16:10:43 INFO  Hooks.Hooks - Browser is opened..!
2026-04-23 16:10:46 INFO  Hooks.Hooks - url is launched..!
2026-04-23 16:10:46 INFO  StepDefinations.ProductListingPageStep - Searching product: Tshirts
2026-04-23 16:10:54 INFO  Hooks.Hooks - Driver is Quit successfully....!
2026-04-23 16:10:55 INFO  Hooks.Hooks - Browser is opened..!
2026-04-23 16:10:58 INFO  Hooks.Hooks - url is launched..!
2026-04-23 16:10:58 INFO  StepDefinations.ProductListingPageStep - Searching product: Tshirts
2026-04-23 16:11:02 INFO  Hooks.Hooks - Driver is Quit successfully....!
2026-04-23 16:11:04 INFO  Hooks.Hooks - Browser is opened..!
2026-04-23 16:11:05 INFO  Hooks.Hooks - url is launched..!
2026-04-23 16:11:05 INFO  StepDefinations.ProductListingPageStep - Searching product: Tshirts
2026-04-23 16:11:10 INFO  Hooks.Hooks - Driver is Quit successfully....!
2026-04-23 16:11:11 INFO  Hooks.Hooks - Browser is opened..!
2026-04-23 16:11:15 INFO  Hooks.Hooks - url is launched..!
2026-04-23 16:11:15 INFO  StepDefinations.ProductListingPageStep - Searching product: Tshirts
2026-04-23 16:11:19 INFO  Hooks.Hooks - Driver is Quit successfully....!
2026-04-23 16:11:20 INFO  Hooks.Hooks - Browser is opened..!
2026-04-23 16:11:24 INFO  Hooks.Hooks - url is launched..!
2026-04-23 16:11:24 INFO  StepDefinations.ProductListingPageStep - Searching product: Tshirts
2026-04-23 16:11:29 INFO  Hooks.Hooks - Driver is Quit successfully....!
2026-04-23 16:11:30 INFO  Hooks.Hooks - Browser is opened..!
2026-04-23 16:11:32 INFO  Hooks.Hooks - url is launched..!
2026-04-23 16:11:32 INFO  StepDefinations.ProductListingPageStep - Searching product: Tshirts
2026-04-23 16:11:36 INFO  Hooks.Hooks - Driver is Quit successfully....!
2026-04-23 16:11:37 INFO  Hooks.Hooks - Browser is opened..!
2026-04-23 16:11:39 INFO  Hooks.Hooks - url is launched..!
2026-04-23 16:11:39 INFO  StepDefinations.ProductListingPageStep - Searching product: Tshirts
2026-04-23 16:11:44 INFO  Hooks.Hooks - Driver is Quit successfully....!
2026-04-23 16:11:45 INFO  Hooks.Hooks - Browser is opened..!
2026-04-23 16:11:49 INFO  Hooks.Hooks - url is launched..!
2026-04-23 16:11:49 INFO  StepDefinations.ProductListingPageStep - Searching product: Tshirts
2026-04-23 16:11:54 INFO  Hooks.Hooks - Driver is Quit successfully....!
2026-04-23 16:11:55 INFO  Hooks.Hooks - Browser is opened..!
2026-04-23 16:11:57 INFO  Hooks.Hooks - url is launched..!
2026-04-23 16:11:57 INFO  StepDefinations.ProductListingPageStep - Searching product: Tshirts
2026-04-23 16:12:01 INFO  Hooks.Hooks - Driver is Quit successfully....!
2026-04-23 16:12:03 INFO  Hooks.Hooks - Browser is opened..!
2026-04-23 16:12:04 INFO  Hooks.Hooks - url is launched..!
2026-04-23 16:12:04 INFO  StepDefinations.ProductListingPageStep - Searching product: Tshirts
2026-04-23 16:12:19 INFO  Hooks.Hooks - Driver is Quit successfully....!
2026-04-23 16:14:58 INFO  Hooks.Hooks - Browser is opened..!
2026-04-23 16:15:03 INFO  Hooks.Hooks - url is launched..!
2026-04-23 16:15:03 INFO  StepDefinations.ProductListingPageStep - Searching product: Tshirts
2026-04-23 16:15:07 INFO  StepDefinations.ProductListingPageStep - Applying color filter: Grey
2026-04-23 16:15:09 INFO  StepDefinations.ProductListingPageStep - URL after color filter: https://www.myntra.com/tshirts?f=Color%3AGrey_808080&rawQuery=Tshirts
2026-04-23 16:15:09 INFO  Hooks.Hooks - Driver is Quit successfully....!
2026-04-23 16:15:10 INFO  Hooks.Hooks - Browser is opened..!
2026-04-23 16:15:12 INFO  Hooks.Hooks - url is launched..!
2026-04-23 16:15:12 INFO  StepDefinations.ProductListingPageStep - Searching product: Tshirts
2026-04-23 16:15:16 INFO  StepDefinations.ProductListingPageStep - Applying color filter: White
2026-04-23 16:15:17 INFO  StepDefinations.ProductListingPageStep - URL after color filter: https://www.myntra.com/tshirts?f=Color%3AWhite_f2f2f2&rawQuery=Tshirts
2026-04-23 16:15:19 INFO  Hooks.Hooks - Driver is Quit successfully....!
2026-04-23 16:15:21 INFO  Hooks.Hooks - Browser is opened..!
2026-04-23 16:15:25 INFO  Hooks.Hooks - url is launched..!
2026-04-23 16:15:25 INFO  StepDefinations.ProductListingPageStep - Searching product: Tshirts
2026-04-23 16:15:29 INFO  StepDefinations.ProductListingPageStep - Applying color filter: Beige
2026-04-23 16:16:02 INFO  Hooks.Hooks - Driver is Quit successfully....!
2026-04-23 16:16:04 INFO  Hooks.Hooks - Browser is opened..!
2026-04-23 16:16:08 INFO  Hooks.Hooks - url is launched..!
2026-04-23 16:16:08 INFO  StepDefinations.ProductListingPageStep - Searching product: Tshirts
2026-04-23 16:16:16 INFO  StepDefinations.ProductListingPageStep - Applying color filter: Blue
2026-04-23 16:16:18 INFO  StepDefinations.ProductListingPageStep - URL after color filter: https://www.myntra.com/tshirts?f=Color%3ABlue_0074D9&rawQuery=Tshirts
2026-04-23 16:16:18 INFO  Hooks.Hooks - Driver is Quit successfully....!
2026-04-23 16:16:20 INFO  Hooks.Hooks - Browser is opened..!
2026-04-23 16:16:23 INFO  Hooks.Hooks - url is launched..!
2026-04-23 16:16:23 INFO  StepDefinations.ProductListingPageStep - Searching product: Tshirts
2026-04-23 16:16:28 INFO  StepDefinations.ProductListingPageStep - Applying color filter: Black
2026-04-23 16:16:30 INFO  StepDefinations.ProductListingPageStep - URL after color filter: https://www.myntra.com/tshirts?f=Color%3ABlack_36454f&rawQuery=Tshirts
2026-04-23 16:16:30 INFO  Hooks.Hooks - Driver is Quit successfully....!
2026-04-23 16:16:31 INFO  Hooks.Hooks - Browser is opened..!
2026-04-23 16:16:35 INFO  Hooks.Hooks - url is launched..!
2026-04-23 16:16:35 INFO  StepDefinations.ProductListingPageStep - Searching product: Tshirts
2026-04-23 16:16:40 INFO  StepDefinations.ProductListingPageStep - Applying color filter: Brown
2026-04-23 16:17:12 INFO  Hooks.Hooks - Driver is Quit successfully....!
2026-04-23 16:17:13 INFO  Hooks.Hooks - Browser is opened..!
2026-04-23 16:17:17 INFO  Hooks.Hooks - url is launched..!
2026-04-23 16:17:17 INFO  StepDefinations.ProductListingPageStep - Searching product: Tshirts
2026-04-23 16:17:21 INFO  StepDefinations.ProductListingPageStep - Applying color filter: Red
2026-04-23 16:17:22 INFO  StepDefinations.ProductListingPageStep - URL after color filter: https://www.myntra.com/tshirts?f=Color%3ARed_d34b56&rawQuery=Tshirts
2026-04-23 16:17:22 INFO  Hooks.Hooks - Driver is Quit successfully....!
2026-04-23 16:17:24 INFO  Hooks.Hooks - Browser is opened..!
2026-04-23 16:17:27 INFO  Hooks.Hooks - url is launched..!
2026-04-23 16:17:27 INFO  StepDefinations.ProductListingPageStep - Searching product: Tshirts
2026-04-23 16:17:34 INFO  StepDefinations.ProductListingPageStep - Applying color filter: Green
2026-04-23 16:17:36 INFO  StepDefinations.ProductListingPageStep - URL after color filter: https://www.myntra.com/tshirts?f=Color%3AGreen_5eb160&rawQuery=Tshirts
2026-04-23 16:17:37 INFO  Hooks.Hooks - Driver is Quit successfully....!
2026-04-23 16:17:39 INFO  Hooks.Hooks - Browser is opened..!
2026-04-23 16:17:43 INFO  Hooks.Hooks - url is launched..!
2026-04-23 16:17:43 INFO  StepDefinations.ProductListingPageStep - Searching product: Tshirts
2026-04-23 16:17:50 INFO  StepDefinations.ProductListingPageStep - Applying color filter: Multi
2026-04-23 16:18:22 INFO  Hooks.Hooks - Driver is Quit successfully....!
2026-04-23 16:18:23 INFO  Hooks.Hooks - Browser is opened..!
2026-04-23 16:18:26 INFO  Hooks.Hooks - url is launched..!
2026-04-23 16:18:26 INFO  StepDefinations.ProductListingPageStep - Searching product: Tshirts
2026-04-23 16:18:33 INFO  StepDefinations.ProductListingPageStep - Applying color filter: Navy Blue
2026-04-23 16:18:34 INFO  StepDefinations.ProductListingPageStep - URL after color filter: https://www.myntra.com/tshirts?f=Color%3ANavy%20Blue_3c4477&rawQuery=Tshirts
2026-04-23 16:18:35 INFO  Hooks.Hooks - Driver is Quit successfully....!
2026-04-23 16:18:36 INFO  Hooks.Hooks - Browser is opened..!
2026-04-23 16:18:36 INFO  Hooks.Hooks - url is launched..!
2026-04-23 16:18:36 INFO  StepDefinations.ProductListingPageStep - Searching product: Tshirts
2026-04-23 16:18:43 INFO  StepDefinations.ProductListingPageStep - Applying color filter: Pink
2026-04-23 16:19:14 INFO  Hooks.Hooks - Driver is Quit successfully....!
2026-04-23 16:19:16 INFO  Hooks.Hooks - Browser is opened..!
2026-04-23 16:19:19 INFO  Hooks.Hooks - url is launched..!
2026-04-23 16:19:19 INFO  StepDefinations.ProductListingPageStep - Searching product: Tshirts
2026-04-23 16:19:23 INFO  StepDefinations.ProductListingPageStep - Applying color filter: Charcoal
2026-04-23 16:19:29 INFO  Hooks.Hooks - Driver is Quit successfully....!
2026-04-23 16:19:31 INFO  Hooks.Hooks - Browser is opened..!
2026-04-23 16:19:34 INFO  Hooks.Hooks - url is launched..!
2026-04-23 16:19:34 INFO  StepDefinations.ProductListingPageStep - Searching product: Tshirts
2026-04-23 16:19:42 INFO  StepDefinations.ProductListingPageStep - Applying color filter: Olive
2026-04-23 16:20:15 INFO  Hooks.Hooks - Driver is Quit successfully....!
2026-04-23 16:20:17 INFO  Hooks.Hooks - Browser is opened..!
2026-04-23 16:20:21 INFO  Hooks.Hooks - url is launched..!
2026-04-23 16:20:21 INFO  StepDefinations.ProductListingPageStep - Searching product: Tshirts
2026-04-23 16:20:29 INFO  StepDefinations.ProductListingPageStep - Applying color filter: Grey Melange
2026-04-23 16:21:01 INFO  Hooks.Hooks - Driver is Quit successfully....!
2026-04-23 16:21:02 INFO  Hooks.Hooks - Browser is opened..!
2026-04-23 16:21:03 INFO  Hooks.Hooks - url is launched..!
2026-04-23 16:21:03 INFO  StepDefinations.ProductListingPageStep - Searching product: Tshirts
2026-04-23 16:21:11 INFO  StepDefinations.ProductListingPageStep - Applying color filter: Maroon
2026-04-23 16:21:43 INFO  Hooks.Hooks - Driver is Quit successfully....!
2026-04-23 16:21:44 INFO  Hooks.Hooks - Browser is opened..!
2026-04-23 16:21:48 INFO  Hooks.Hooks - url is launched..!
2026-04-23 16:21:48 INFO  StepDefinations.ProductListingPageStep - Searching product: Tshirts
2026-04-23 16:21:52 INFO  StepDefinations.ProductListingPageStep - Applying color filter: Khaki
2026-04-23 16:22:24 INFO  Hooks.Hooks - Driver is Quit successfully....!
2026-04-23 16:22:25 INFO  Hooks.Hooks - Browser is opened..!
2026-04-23 16:22:29 INFO  Hooks.Hooks - url is launched..!
2026-04-23 16:22:29 INFO  StepDefinations.ProductListingPageStep - Searching product: Tshirts
2026-04-23 16:22:33 INFO  StepDefinations.ProductListingPageStep - Applying color filter: Sea Green
2026-04-23 16:23:04 INFO  Hooks.Hooks - Driver is Quit successfully....!
2026-04-23 16:23:05 INFO  Hooks.Hooks - Browser is opened..!
2026-04-23 16:23:09 INFO  Hooks.Hooks - url is launched..!
2026-04-23 16:23:09 INFO  StepDefinations.ProductListingPageStep - Searching product: Tshirts
2026-04-23 16:23:12 INFO  StepDefinations.ProductListingPageStep - Applying color filter: Yellow
2026-04-23 16:23:27 INFO  Hooks.Hooks - Driver is Quit successfully....!
2026-04-23 16:23:28 INFO  Hooks.Hooks - Browser is opened..!
2026-04-23 16:23:30 INFO  Hooks.Hooks - url is launched..!
2026-04-23 16:23:30 INFO  StepDefinations.ProductListingPageStep - Searching product: Tshirts
2026-04-23 16:23:30 INFO  Hooks.Hooks - Driver is Quit successfully....!
2026-04-23 16:23:32 INFO  Hooks.Hooks - Browser is opened..!
2026-04-23 16:23:37 INFO  Hooks.Hooks - url is launched..!
2026-04-23 16:23:37 INFO  StepDefinations.ProductListingPageStep - Searching product: Tshirts
2026-04-23 16:23:44 INFO  StepDefinations.ProductListingPageStep - Applying color filter: Purple
2026-04-23 16:24:08 INFO  Hooks.Hooks - Browser is opened..!
2026-04-23 16:24:10 INFO  Hooks.Hooks - url is launched..!
2026-04-23 16:24:10 INFO  StepDefinations.ProductListingPageStep - Searching product: Tshirts
2026-04-23 16:24:14 INFO  Hooks.Hooks - Browser is opened..!
2026-04-23 16:24:14 INFO  StepDefinations.ProductListingPageStep - Applying color filter: Grey
2026-04-23 16:24:15 INFO  Hooks.Hooks - url is launched..!
2026-04-23 16:24:15 INFO  StepDefinations.ProductListingPageStep - Searching product: Tshirts
2026-04-23 16:24:16 INFO  StepDefinations.ProductListingPageStep - URL after color filter: https://www.myntra.com/tshirts?f=Color%3AGrey_808080&rawQuery=Tshirts
2026-04-23 16:24:16 INFO  Hooks.Hooks - Driver is Quit successfully....!
2026-04-23 16:24:17 INFO  Hooks.Hooks - Driver is Quit successfully....!
2026-04-23 16:24:17 INFO  Hooks.Hooks - Browser is opened..!
2026-04-23 16:24:28 INFO  Hooks.Hooks - Browser is opened..!
2026-04-23 16:24:33 INFO  Hooks.Hooks - url is launched..!
2026-04-23 16:24:33 INFO  StepDefinations.ProductListingPageStep - Searching product: Tshirts
2026-04-23 16:24:50 INFO  StepDefinations.ProductListingPageStep - Applying color filter: Grey
2026-04-23 16:24:51 INFO  Hooks.Hooks - url is launched..!
2026-04-23 16:24:51 INFO  StepDefinations.ProductListingPageStep - Searching product: Tshirts
2026-04-23 16:24:51 INFO  StepDefinations.ProductListingPageStep - Applying color filter: Orange
2026-04-23 16:24:53 INFO  StepDefinations.ProductListingPageStep - URL after color filter: https://www.myntra.com/tshirts?f=Color%3AGrey_808080&rawQuery=Tshirts
2026-04-23 16:24:58 INFO  StepDefinations.ProductListingPageStep - Applying color filter: White
2026-04-23 16:25:00 INFO  StepDefinations.ProductListingPageStep - URL after color filter: https://www.myntra.com/tshirts?f=Color%3AWhite_f2f2f2&rawQuery=Tshirts
2026-04-23 16:25:01 INFO  Hooks.Hooks - Driver is Quit successfully....!
2026-04-23 16:25:02 INFO  Hooks.Hooks - Browser is opened..!
2026-04-23 16:25:04 INFO  Hooks.Hooks - url is launched..!
2026-04-23 16:25:04 INFO  StepDefinations.ProductListingPageStep - Searching product: Tshirts
2026-04-23 16:25:24 INFO  Hooks.Hooks - Driver is Quit successfully....!
2026-04-23 16:25:25 INFO  Hooks.Hooks - Browser is opened..!
2026-04-23 16:25:27 INFO  Hooks.Hooks - url is launched..!
2026-04-23 16:25:27 INFO  StepDefinations.ProductListingPageStep - Searching product: Tshirts
2026-04-23 16:25:31 INFO  StepDefinations.ProductListingPageStep - Applying color filter: Lavender
2026-04-23 16:25:35 INFO  Hooks.Hooks - Driver is Quit successfully....!
2026-04-23 16:25:36 INFO  Hooks.Hooks - Browser is opened..!
2026-04-23 16:25:42 INFO  Hooks.Hooks - url is launched..!
2026-04-23 16:25:42 INFO  StepDefinations.ProductListingPageStep - Searching product: Tshirts
2026-04-23 16:26:03 INFO  Hooks.Hooks - Driver is Quit successfully....!
2026-04-23 16:26:04 INFO  Hooks.Hooks - Browser is opened..!
2026-04-23 16:26:06 INFO  Hooks.Hooks - url is launched..!
2026-04-23 16:26:06 INFO  StepDefinations.ProductListingPageStep - Searching product: Tshirts
2026-04-23 16:26:17 INFO  StepDefinations.ProductListingPageStep - Applying color filter: Blue
2026-04-23 16:26:19 INFO  StepDefinations.ProductListingPageStep - URL after color filter: https://www.myntra.com/tshirts?f=Color%3ABlue_0074D9&rawQuery=Tshirts
2026-04-23 16:26:20 INFO  Hooks.Hooks - Driver is Quit successfully....!
2026-04-23 16:26:21 INFO  Hooks.Hooks - Browser is opened..!
2026-04-23 16:26:22 INFO  Hooks.Hooks - url is launched..!
2026-04-23 16:26:22 INFO  StepDefinations.ProductListingPageStep - Searching product: Tshirts
2026-04-23 16:33:44 DEBUG org.testng.TestNG - suiteXmlPath: "C:\Users\Rahul\AppData\Local\Temp\testng-eclipse-2050534377\testng-customsuite.xml"
2026-04-23 16:33:45 INFO  org.testng.internal.Utils - [Utils] MethodGroupsHelper.collectMethodsByGroup() took 2 ms.
2026-04-23 16:33:45 INFO  org.testng.internal.Utils - [Utils] MethodGroupsHelper.sortMethods() took 2 ms.
2026-04-23 16:33:45 INFO  org.testng.internal.Utils - [Utils] MethodGroupsHelper.collectMethodsByGroup() took 0 ms.
2026-04-23 16:33:45 INFO  org.testng.internal.Utils - [Utils] MethodGroupsHelper.sortMethods() took 0 ms.
2026-04-23 16:33:45 INFO  org.testng.internal.Utils - [Utils] MethodGroupsHelper.collectMethodsByGroup() took 0 ms.
2026-04-23 16:33:45 INFO  org.testng.internal.Utils - [Utils] MethodGroupsHelper.sortMethods() took 0 ms.
2026-04-23 16:33:45 INFO  org.testng.internal.Utils - [Utils] MethodGroupsHelper.collectMethodsByGroup() took 0 ms.
2026-04-23 16:33:45 INFO  org.testng.internal.Utils - [Utils] MethodGroupsHelper.sortMethods() took 0 ms.
2026-04-23 16:33:45 INFO  org.testng.internal.Utils - [Utils] MethodGroupsHelper.collectMethodsByGroup() took 11 ms.
2026-04-23 16:33:45 INFO  org.testng.internal.Utils - [Utils] MethodGroupsHelper.sortMethods() took 18 ms.
2026-04-23 16:33:45 INFO  org.testng.internal.Utils - [Utils] MethodGroupsHelper.collectMethodsByGroup() took 0 ms.
2026-04-23 16:33:45 INFO  org.testng.internal.Utils - [Utils] MethodGroupsHelper.sortMethods() took 0 ms.
2026-04-23 16:33:45 INFO  org.testng.internal.Utils - [Utils] MethodGroupsHelper.collectMethodsByGroup() took 0 ms.
2026-04-23 16:33:45 INFO  org.testng.internal.Utils - [Utils] MethodGroupsHelper.sortMethods() took 0 ms.
2026-04-23 16:33:45 INFO  org.testng.internal.Utils - [Utils] MethodGroupsHelper.collectMethodsByGroup() took 0 ms.
2026-04-23 16:33:45 INFO  org.testng.internal.Utils - [Utils] MethodGroupsHelper.sortMethods() took 0 ms.
2026-04-23 16:33:45 INFO  org.testng.internal.Utils - [Utils] MethodGroupsHelper.collectMethodsByGroup() took 0 ms.
2026-04-23 16:33:45 INFO  org.testng.internal.Utils - [Utils] MethodGroupsHelper.sortMethods() took 1 ms.
2026-04-23 16:33:45 INFO  org.testng.internal.Utils - [Utils] MethodGroupsHelper.collectMethodsByGroup() took 0 ms.
2026-04-23 16:33:45 INFO  org.testng.internal.Utils - [Utils] MethodGroupsHelper.sortMethods() took 0 ms.
2026-04-23 16:33:45 INFO  org.testng.internal.Utils - [Utils] MethodGroupsHelper.collectMethodsByGroup() took 1 ms.
2026-04-23 16:33:45 INFO  org.testng.internal.Utils - [Utils] MethodGroupsHelper.sortMethods() took 0 ms.
2026-04-23 16:33:45 INFO  org.testng.internal.Utils - [Utils] MethodGroupsHelper.collectMethodsByGroup() took 0 ms.
2026-04-23 16:33:45 INFO  org.testng.internal.Utils - [Utils] MethodGroupsHelper.sortMethods() took 0 ms.
2026-04-23 16:33:45 INFO  org.testng.internal.Utils - [Utils] MethodGroupsHelper.collectMethodsByGroup() took 16 ms.
2026-04-23 16:33:45 INFO  org.testng.internal.Utils - [Utils] MethodGroupsHelper.sortMethods() took 0 ms.
2026-04-23 16:33:45 INFO  org.testng.internal.Utils - [Utils] MethodGroupsHelper.collectMethodsByGroup() took 0 ms.
2026-04-23 16:33:45 INFO  org.testng.internal.Utils - [Utils] MethodGroupsHelper.sortMethods() took 0 ms.
2026-04-23 16:33:45 INFO  org.testng.internal.Utils - [Utils] MethodGroupsHelper.collectMethodsByGroup() took 0 ms.
2026-04-23 16:33:45 INFO  org.testng.internal.Utils - [Utils] MethodGroupsHelper.sortMethods() took 0 ms.
2026-04-23 16:33:45 INFO  org.testng.internal.Utils - [TestNG] Running:
  C:\Users\Rahul\AppData\Local\Temp\testng-eclipse-2050534377\testng-customsuite.xml

2026-04-23 16:33:45 INFO  org.testng.internal.Utils - [Utils] DynamicGraphHelper.createDynamicGraph() took 5 ms.
2026-04-23 16:40:05 INFO  org.testng.internal.Utils - [TestNG] Time taken by org.testng.reporters.jq.Main@5ba26eb0: 93 ms
2026-04-23 16:40:05 INFO  org.testng.internal.Utils - [TestNG] Time taken by org.testng.reporters.FailedReporter@4d3ca6c7: 22 ms
2026-04-23 16:40:05 INFO  org.testng.internal.Utils - [TestNG] Time taken by org.testng.reporters.XMLReporter@4195105b: 16 ms
2026-04-23 16:40:05 INFO  org.testng.internal.Utils - [TestNG] Time taken by org.testng.reporters.EmailableReporter2@7342e05d: 11 ms
2026-04-23 16:40:05 INFO  org.testng.internal.Utils - [TestNG] Time taken by org.testng.reporters.JUnitReportReporter@304d0259: 16 ms
2026-04-23 16:40:05 INFO  org.testng.internal.Utils - [TestNG] Time taken by org.testng.internal.ExitCodeListener@1d23ff23: 0 ms
2026-04-23 16:56:38 DEBUG org.testng.TestNG - suiteXmlPath: "C:\Users\Rahul\AppData\Local\Temp\testng-eclipse--1572286981\testng-customsuite.xml"
2026-04-23 16:56:39 INFO  org.testng.internal.Utils - [Utils] MethodGroupsHelper.collectMethodsByGroup() took 0 ms.
2026-04-23 16:56:39 INFO  org.testng.internal.Utils - [Utils] MethodGroupsHelper.sortMethods() took 1 ms.
2026-04-23 16:56:39 INFO  org.testng.internal.Utils - [Utils] MethodGroupsHelper.collectMethodsByGroup() took 0 ms.
2026-04-23 16:56:39 INFO  org.testng.internal.Utils - [Utils] MethodGroupsHelper.sortMethods() took 0 ms.
2026-04-23 16:56:39 INFO  org.testng.internal.Utils - [Utils] MethodGroupsHelper.collectMethodsByGroup() took 0 ms.
2026-04-23 16:56:39 INFO  org.testng.internal.Utils - [Utils] MethodGroupsHelper.sortMethods() took 0 ms.
2026-04-23 16:56:39 INFO  org.testng.internal.Utils - [Utils] MethodGroupsHelper.collectMethodsByGroup() took 0 ms.
2026-04-23 16:56:39 INFO  org.testng.internal.Utils - [Utils] MethodGroupsHelper.sortMethods() took 0 ms.
2026-04-23 16:56:39 INFO  org.testng.internal.Utils - [Utils] MethodGroupsHelper.collectMethodsByGroup() took 10 ms.
2026-04-23 16:56:39 INFO  org.testng.internal.Utils - [Utils] MethodGroupsHelper.sortMethods() took 12 ms.
2026-04-23 16:56:39 INFO  org.testng.internal.Utils - [Utils] MethodGroupsHelper.collectMethodsByGroup() took 0 ms.
2026-04-23 16:56:39 INFO  org.testng.internal.Utils - [Utils] MethodGroupsHelper.sortMethods() took 0 ms.
2026-04-23 16:56:39 INFO  org.testng.internal.Utils - [Utils] MethodGroupsHelper.collectMethodsByGroup() took 0 ms.
2026-04-23 16:56:39 INFO  org.testng.internal.Utils - [Utils] MethodGroupsHelper.sortMethods() took 0 ms.
2026-04-23 16:56:39 INFO  org.testng.internal.Utils - [Utils] MethodGroupsHelper.collectMethodsByGroup() took 0 ms.
2026-04-23 16:56:39 INFO  org.testng.internal.Utils - [Utils] MethodGroupsHelper.sortMethods() took 0 ms.
2026-04-23 16:56:39 INFO  org.testng.internal.Utils - [Utils] MethodGroupsHelper.collectMethodsByGroup() took 0 ms.
2026-04-23 16:56:39 INFO  org.testng.internal.Utils - [Utils] MethodGroupsHelper.sortMethods() took 0 ms.
2026-04-23 16:56:39 INFO  org.testng.internal.Utils - [Utils] MethodGroupsHelper.collectMethodsByGroup() took 0 ms.
2026-04-23 16:56:39 INFO  org.testng.internal.Utils - [Utils] MethodGroupsHelper.sortMethods() took 0 ms.
2026-04-23 16:56:39 INFO  org.testng.internal.Utils - [Utils] MethodGroupsHelper.collectMethodsByGroup() took 0 ms.
2026-04-23 16:56:39 INFO  org.testng.internal.Utils - [Utils] MethodGroupsHelper.sortMethods() took 0 ms.
2026-04-23 16:56:39 INFO  org.testng.internal.Utils - [Utils] MethodGroupsHelper.collectMethodsByGroup() took 0 ms.
2026-04-23 16:56:39 INFO  org.testng.internal.Utils - [Utils] MethodGroupsHelper.sortMethods() took 0 ms.
2026-04-23 16:56:39 INFO  org.testng.internal.Utils - [Utils] MethodGroupsHelper.collectMethodsByGroup() took 13 ms.
2026-04-23 16:56:39 INFO  org.testng.internal.Utils - [Utils] MethodGroupsHelper.sortMethods() took 0 ms.
2026-04-23 16:56:39 INFO  org.testng.internal.Utils - [Utils] MethodGroupsHelper.collectMethodsByGroup() took 0 ms.
2026-04-23 16:56:39 INFO  org.testng.internal.Utils - [Utils] MethodGroupsHelper.sortMethods() took 0 ms.
2026-04-23 16:56:39 INFO  org.testng.internal.Utils - [Utils] MethodGroupsHelper.collectMethodsByGroup() took 0 ms.
2026-04-23 16:56:39 INFO  org.testng.internal.Utils - [Utils] MethodGroupsHelper.sortMethods() took 0 ms.
2026-04-23 16:56:39 INFO  org.testng.internal.Utils - [TestNG] Running:
  C:\Users\Rahul\AppData\Local\Temp\testng-eclipse--1572286981\testng-customsuite.xml

2026-04-23 16:56:39 INFO  org.testng.internal.Utils - [Utils] DynamicGraphHelper.createDynamicGraph() took 3 ms.
2026-04-23 16:57:59 INFO  org.testng.internal.Utils - [TestNG] Time taken by org.testng.reporters.jq.Main@4a67b4ec: 65 ms
2026-04-23 16:57:59 INFO  org.testng.internal.Utils - [TestNG] Time taken by org.testng.reporters.FailedReporter@eca6a74: 1 ms
2026-04-23 16:57:59 INFO  org.testng.internal.Utils - [TestNG] Time taken by org.testng.reporters.XMLReporter@124ac145: 8 ms
2026-04-23 16:57:59 INFO  org.testng.internal.Utils - [TestNG] Time taken by org.testng.reporters.EmailableReporter2@7c36db44: 6 ms
2026-04-23 16:57:59 INFO  org.testng.internal.Utils - [TestNG] Time taken by org.testng.reporters.JUnitReportReporter@65a48602: 9 ms
2026-04-23 16:57:59 INFO  org.testng.internal.Utils - [TestNG] Time taken by org.testng.internal.ExitCodeListener@75483843: 0 ms
2026-04-23 19:19:30 DEBUG org.testng.TestNG - suiteXmlPath: "C:\Users\Rahul\AppData\Local\Temp\testng-eclipse-1974738771\testng-customsuite.xml"
2026-04-23 19:19:30 INFO  org.testng.internal.Utils - [Utils] MethodGroupsHelper.collectMethodsByGroup() took 0 ms.
2026-04-23 19:19:30 INFO  org.testng.internal.Utils - [Utils] MethodGroupsHelper.sortMethods() took 4 ms.
2026-04-23 19:19:30 INFO  org.testng.internal.Utils - [Utils] MethodGroupsHelper.collectMethodsByGroup() took 0 ms.
2026-04-23 19:19:30 INFO  org.testng.internal.Utils - [Utils] MethodGroupsHelper.sortMethods() took 0 ms.
2026-04-23 19:19:30 INFO  org.testng.internal.Utils - [Utils] MethodGroupsHelper.collectMethodsByGroup() took 0 ms.
2026-04-23 19:19:30 INFO  org.testng.internal.Utils - [Utils] MethodGroupsHelper.sortMethods() took 0 ms.
2026-04-23 19:19:30 INFO  org.testng.internal.Utils - [Utils] MethodGroupsHelper.collectMethodsByGroup() took 0 ms.
2026-04-23 19:19:30 INFO  org.testng.internal.Utils - [Utils] MethodGroupsHelper.sortMethods() took 0 ms.
2026-04-23 19:19:30 INFO  org.testng.internal.Utils - [Utils] MethodGroupsHelper.collectMethodsByGroup() took 8 ms.
2026-04-23 19:19:30 INFO  org.testng.internal.Utils - [Utils] MethodGroupsHelper.sortMethods() took 21 ms.
2026-04-23 19:19:30 INFO  org.testng.internal.Utils - [Utils] MethodGroupsHelper.collectMethodsByGroup() took 0 ms.
2026-04-23 19:19:30 INFO  org.testng.internal.Utils - [Utils] MethodGroupsHelper.sortMethods() took 0 ms.
2026-04-23 19:19:30 INFO  org.testng.internal.Utils - [Utils] MethodGroupsHelper.collectMethodsByGroup() took 0 ms.
2026-04-23 19:19:30 INFO  org.testng.internal.Utils - [Utils] MethodGroupsHelper.sortMethods() took 0 ms.
2026-04-23 19:19:30 INFO  org.testng.internal.Utils - [Utils] MethodGroupsHelper.collectMethodsByGroup() took 0 ms.
2026-04-23 19:19:30 INFO  org.testng.internal.Utils - [Utils] MethodGroupsHelper.sortMethods() took 0 ms.
2026-04-23 19:19:30 INFO  org.testng.internal.Utils - [Utils] MethodGroupsHelper.collectMethodsByGroup() took 0 ms.
2026-04-23 19:19:30 INFO  org.testng.internal.Utils - [Utils] MethodGroupsHelper.sortMethods() took 1 ms.
2026-04-23 19:19:30 INFO  org.testng.internal.Utils - [Utils] MethodGroupsHelper.collectMethodsByGroup() took 0 ms.
2026-04-23 19:19:30 INFO  org.testng.internal.Utils - [Utils] MethodGroupsHelper.sortMethods() took 0 ms.
2026-04-23 19:19:30 INFO  org.testng.internal.Utils - [Utils] MethodGroupsHelper.collectMethodsByGroup() took 1 ms.
2026-04-23 19:19:30 INFO  org.testng.internal.Utils - [Utils] MethodGroupsHelper.sortMethods() took 0 ms.
2026-04-23 19:19:30 INFO  org.testng.internal.Utils - [Utils] MethodGroupsHelper.collectMethodsByGroup() took 0 ms.
2026-04-23 19:19:30 INFO  org.testng.internal.Utils - [Utils] MethodGroupsHelper.sortMethods() took 0 ms.
2026-04-23 19:19:30 INFO  org.testng.internal.Utils - [Utils] MethodGroupsHelper.collectMethodsByGroup() took 28 ms.
2026-04-23 19:19:30 INFO  org.testng.internal.Utils - [Utils] MethodGroupsHelper.sortMethods() took 0 ms.
2026-04-23 19:19:30 INFO  org.testng.internal.Utils - [Utils] MethodGroupsHelper.collectMethodsByGroup() took 0 ms.
2026-04-23 19:19:30 INFO  org.testng.internal.Utils - [Utils] MethodGroupsHelper.sortMethods() took 0 ms.
2026-04-23 19:19:30 INFO  org.testng.internal.Utils - [Utils] MethodGroupsHelper.collectMethodsByGroup() took 0 ms.
2026-04-23 19:19:30 INFO  org.testng.internal.Utils - [Utils] MethodGroupsHelper.sortMethods() took 0 ms.
2026-04-23 19:19:30 INFO  org.testng.internal.Utils - [TestNG] Running:
  C:\Users\Rahul\AppData\Local\Temp\testng-eclipse-1974738771\testng-customsuite.xml

2026-04-23 19:19:30 INFO  org.testng.internal.Utils - [Utils] DynamicGraphHelper.createDynamicGraph() took 6 ms.
2026-04-23 19:19:44 INFO  org.testng.internal.Utils - [TestNG] Time taken by org.testng.reporters.jq.Main@6ecdbab8: 85 ms
2026-04-23 19:19:44 INFO  org.testng.internal.Utils - [TestNG] Time taken by org.testng.reporters.FailedReporter@5d7ca698: 14 ms
2026-04-23 19:19:45 INFO  org.testng.internal.Utils - [TestNG] Time taken by org.testng.reporters.XMLReporter@49122b8f: 12 ms
2026-04-23 19:19:45 INFO  org.testng.internal.Utils - [TestNG] Time taken by org.testng.reporters.EmailableReporter2@14fa92af: 13 ms
2026-04-23 19:19:45 INFO  org.testng.internal.Utils - [TestNG] Time taken by org.testng.reporters.JUnitReportReporter@4edef76c: 11 ms
2026-04-23 19:19:45 INFO  org.testng.internal.Utils - [TestNG] Time taken by org.testng.internal.ExitCodeListener@5d51e129: 0 ms
2026-04-23 19:33:30 DEBUG org.testng.TestNG - suiteXmlPath: "C:\Users\Rahul\AppData\Local\Temp\testng-eclipse--837407385\testng-customsuite.xml"
2026-04-23 19:33:31 INFO  org.testng.internal.Utils - [Utils] MethodGroupsHelper.collectMethodsByGroup() took 1 ms.
2026-04-23 19:33:31 INFO  org.testng.internal.Utils - [Utils] MethodGroupsHelper.sortMethods() took 3 ms.
2026-04-23 19:33:31 INFO  org.testng.internal.Utils - [Utils] MethodGroupsHelper.collectMethodsByGroup() took 0 ms.
2026-04-23 19:33:31 INFO  org.testng.internal.Utils - [Utils] MethodGroupsHelper.sortMethods() took 0 ms.
2026-04-23 19:33:31 INFO  org.testng.internal.Utils - [Utils] MethodGroupsHelper.collectMethodsByGroup() took 0 ms.
2026-04-23 19:33:31 INFO  org.testng.internal.Utils - [Utils] MethodGroupsHelper.sortMethods() took 0 ms.
2026-04-23 19:33:31 INFO  org.testng.internal.Utils - [Utils] MethodGroupsHelper.collectMethodsByGroup() took 0 ms.
2026-04-23 19:33:31 INFO  org.testng.internal.Utils - [Utils] MethodGroupsHelper.sortMethods() took 0 ms.
2026-04-23 19:33:31 INFO  org.testng.internal.Utils - [Utils] MethodGroupsHelper.collectMethodsByGroup() took 14 ms.
2026-04-23 19:33:31 INFO  org.testng.internal.Utils - [Utils] MethodGroupsHelper.sortMethods() took 28 ms.
2026-04-23 19:33:31 INFO  org.testng.internal.Utils - [Utils] MethodGroupsHelper.collectMethodsByGroup() took 0 ms.
2026-04-23 19:33:31 INFO  org.testng.internal.Utils - [Utils] MethodGroupsHelper.sortMethods() took 0 ms.
2026-04-23 19:33:31 INFO  org.testng.internal.Utils - [Utils] MethodGroupsHelper.collectMethodsByGroup() took 0 ms.
2026-04-23 19:33:31 INFO  org.testng.internal.Utils - [Utils] MethodGroupsHelper.sortMethods() took 0 ms.
2026-04-23 19:33:31 INFO  org.testng.internal.Utils - [Utils] MethodGroupsHelper.collectMethodsByGroup() took 0 ms.
2026-04-23 19:33:31 INFO  org.testng.internal.Utils - [Utils] MethodGroupsHelper.sortMethods() took 0 ms.
2026-04-23 19:33:31 INFO  org.testng.internal.Utils - [Utils] MethodGroupsHelper.collectMethodsByGroup() took 1 ms.
2026-04-23 19:33:31 INFO  org.testng.internal.Utils - [Utils] MethodGroupsHelper.sortMethods() took 0 ms.
2026-04-23 19:33:31 INFO  org.testng.internal.Utils - [Utils] MethodGroupsHelper.collectMethodsByGroup() took 0 ms.
2026-04-23 19:33:31 INFO  org.testng.internal.Utils - [Utils] MethodGroupsHelper.sortMethods() took 0 ms.
2026-04-23 19:33:31 INFO  org.testng.internal.Utils - [Utils] MethodGroupsHelper.collectMethodsByGroup() took 0 ms.
2026-04-23 19:33:31 INFO  org.testng.internal.Utils - [Utils] MethodGroupsHelper.sortMethods() took 0 ms.
2026-04-23 19:33:31 INFO  org.testng.internal.Utils - [Utils] MethodGroupsHelper.collectMethodsByGroup() took 0 ms.
2026-04-23 19:33:31 INFO  org.testng.internal.Utils - [Utils] MethodGroupsHelper.sortMethods() took 0 ms.
2026-04-23 19:33:31 INFO  org.testng.internal.Utils - [Utils] MethodGroupsHelper.collectMethodsByGroup() took 24 ms.
2026-04-23 19:33:31 INFO  org.testng.internal.Utils - [Utils] MethodGroupsHelper.sortMethods() took 0 ms.
2026-04-23 19:33:31 INFO  org.testng.internal.Utils - [Utils] MethodGroupsHelper.collectMethodsByGroup() took 0 ms.
2026-04-23 19:33:31 INFO  org.testng.internal.Utils - [Utils] MethodGroupsHelper.sortMethods() took 0 ms.
2026-04-23 19:33:31 INFO  org.testng.internal.Utils - [Utils] MethodGroupsHelper.collectMethodsByGroup() took 0 ms.
2026-04-23 19:33:31 INFO  org.testng.internal.Utils - [Utils] MethodGroupsHelper.sortMethods() took 0 ms.
2026-04-23 19:33:31 INFO  org.testng.internal.Utils - [TestNG] Running:
  C:\Users\Rahul\AppData\Local\Temp\testng-eclipse--837407385\testng-customsuite.xml

2026-04-23 19:33:31 INFO  org.testng.internal.Utils - [Utils] DynamicGraphHelper.createDynamicGraph() took 7 ms.
2026-04-23 19:33:48 INFO  org.testng.internal.Utils - [TestNG] Time taken by org.testng.reporters.jq.Main@6ecdbab8: 60 ms
2026-04-23 19:33:48 INFO  org.testng.internal.Utils - [TestNG] Time taken by org.testng.reporters.FailedReporter@5d7ca698: 16 ms
2026-04-23 19:33:48 INFO  org.testng.internal.Utils - [TestNG] Time taken by org.testng.reporters.XMLReporter@49122b8f: 10 ms
2026-04-23 19:33:48 INFO  org.testng.internal.Utils - [TestNG] Time taken by org.testng.reporters.EmailableReporter2@14fa92af: 7 ms
2026-04-23 19:33:48 INFO  org.testng.internal.Utils - [TestNG] Time taken by org.testng.reporters.JUnitReportReporter@4edef76c: 11 ms
2026-04-23 19:33:48 INFO  org.testng.internal.Utils - [TestNG] Time taken by org.testng.internal.ExitCodeListener@5d51e129: 0 ms
2026-04-23 19:34:28 DEBUG org.testng.TestNG - suiteXmlPath: "C:\Users\Rahul\AppData\Local\Temp\testng-eclipse-1074668766\testng-customsuite.xml"
2026-04-23 19:34:28 INFO  org.testng.internal.Utils - [Utils] MethodGroupsHelper.collectMethodsByGroup() took 2 ms.
2026-04-23 19:34:28 INFO  org.testng.internal.Utils - [Utils] MethodGroupsHelper.sortMethods() took 2 ms.
2026-04-23 19:34:28 INFO  org.testng.internal.Utils - [Utils] MethodGroupsHelper.collectMethodsByGroup() took 0 ms.
2026-04-23 19:34:28 INFO  org.testng.internal.Utils - [Utils] MethodGroupsHelper.sortMethods() took 0 ms.
2026-04-23 19:34:28 INFO  org.testng.internal.Utils - [Utils] MethodGroupsHelper.collectMethodsByGroup() took 0 ms.
2026-04-23 19:34:28 INFO  org.testng.internal.Utils - [Utils] MethodGroupsHelper.sortMethods() took 0 ms.
2026-04-23 19:34:28 INFO  org.testng.internal.Utils - [Utils] MethodGroupsHelper.collectMethodsByGroup() took 0 ms.
2026-04-23 19:34:28 INFO  org.testng.internal.Utils - [Utils] MethodGroupsHelper.sortMethods() took 0 ms.
2026-04-23 19:34:28 INFO  org.testng.internal.Utils - [Utils] MethodGroupsHelper.collectMethodsByGroup() took 9 ms.
2026-04-23 19:34:28 INFO  org.testng.internal.Utils - [Utils] MethodGroupsHelper.sortMethods() took 15 ms.
2026-04-23 19:34:28 INFO  org.testng.internal.Utils - [Utils] MethodGroupsHelper.collectMethodsByGroup() took 0 ms.
2026-04-23 19:34:28 INFO  org.testng.internal.Utils - [Utils] MethodGroupsHelper.sortMethods() took 0 ms.
2026-04-23 19:34:28 INFO  org.testng.internal.Utils - [Utils] MethodGroupsHelper.collectMethodsByGroup() took 0 ms.
2026-04-23 19:34:28 INFO  org.testng.internal.Utils - [Utils] MethodGroupsHelper.sortMethods() took 0 ms.
2026-04-23 19:34:28 INFO  org.testng.internal.Utils - [Utils] MethodGroupsHelper.collectMethodsByGroup() took 0 ms.
2026-04-23 19:34:28 INFO  org.testng.internal.Utils - [Utils] MethodGroupsHelper.sortMethods() took 0 ms.
2026-04-23 19:34:29 INFO  org.testng.internal.Utils - [Utils] MethodGroupsHelper.collectMethodsByGroup() took 1 ms.
2026-04-23 19:34:29 INFO  org.testng.internal.Utils - [Utils] MethodGroupsHelper.sortMethods() took 0 ms.
2026-04-23 19:34:29 INFO  org.testng.internal.Utils - [Utils] MethodGroupsHelper.collectMethodsByGroup() took 0 ms.
2026-04-23 19:34:29 INFO  org.testng.internal.Utils - [Utils] MethodGroupsHelper.sortMethods() took 0 ms.
2026-04-23 19:34:29 INFO  org.testng.internal.Utils - [Utils] MethodGroupsHelper.collectMethodsByGroup() took 0 ms.
2026-04-23 19:34:29 INFO  org.testng.internal.Utils - [Utils] MethodGroupsHelper.sortMethods() took 0 ms.
2026-04-23 19:34:29 INFO  org.testng.internal.Utils - [Utils] MethodGroupsHelper.collectMethodsByGroup() took 0 ms.
2026-04-23 19:34:29 INFO  org.testng.internal.Utils - [Utils] MethodGroupsHelper.sortMethods() took 0 ms.
2026-04-23 19:34:29 INFO  org.testng.internal.Utils - [Utils] MethodGroupsHelper.collectMethodsByGroup() took 19 ms.
2026-04-23 19:34:29 INFO  org.testng.internal.Utils - [Utils] MethodGroupsHelper.sortMethods() took 0 ms.
2026-04-23 19:34:29 INFO  org.testng.internal.Utils - [Utils] MethodGroupsHelper.collectMethodsByGroup() took 0 ms.
2026-04-23 19:34:29 INFO  org.testng.internal.Utils - [Utils] MethodGroupsHelper.sortMethods() took 0 ms.
2026-04-23 19:34:29 INFO  org.testng.internal.Utils - [Utils] MethodGroupsHelper.collectMethodsByGroup() took 0 ms.
2026-04-23 19:34:29 INFO  org.testng.internal.Utils - [Utils] MethodGroupsHelper.sortMethods() took 0 ms.
2026-04-23 19:34:29 INFO  org.testng.internal.Utils - [TestNG] Running:
  C:\Users\Rahul\AppData\Local\Temp\testng-eclipse-1074668766\testng-customsuite.xml

2026-04-23 19:34:29 INFO  org.testng.internal.Utils - [Utils] DynamicGraphHelper.createDynamicGraph() took 5 ms.
2026-04-23 19:34:41 INFO  org.testng.internal.Utils - [TestNG] Time taken by org.testng.reporters.jq.Main@2e6f610d: 52 ms
2026-04-23 19:34:41 INFO  org.testng.internal.Utils - [TestNG] Time taken by org.testng.reporters.FailedReporter@44b194fe: 13 ms
2026-04-23 19:34:41 INFO  org.testng.internal.Utils - [TestNG] Time taken by org.testng.reporters.XMLReporter@14fa92af: 11 ms
2026-04-23 19:34:41 INFO  org.testng.internal.Utils - [TestNG] Time taken by org.testng.reporters.EmailableReporter2@109a2025: 12 ms
2026-04-23 19:34:41 INFO  org.testng.internal.Utils - [TestNG] Time taken by org.testng.reporters.JUnitReportReporter@3414a8c3: 8 ms
2026-04-23 19:34:41 INFO  org.testng.internal.Utils - [TestNG] Time taken by org.testng.internal.ExitCodeListener@36cc9385: 0 ms
2026-04-23 19:39:49 DEBUG org.testng.TestNG - suiteXmlPath: "C:\Users\Rahul\AppData\Local\Temp\testng-eclipse--651655221\testng-customsuite.xml"
2026-04-23 19:39:49 INFO  org.testng.internal.Utils - [Utils] MethodGroupsHelper.collectMethodsByGroup() took 0 ms.
2026-04-23 19:39:49 INFO  org.testng.internal.Utils - [Utils] MethodGroupsHelper.sortMethods() took 3 ms.
2026-04-23 19:39:49 INFO  org.testng.internal.Utils - [Utils] MethodGroupsHelper.collectMethodsByGroup() took 0 ms.
2026-04-23 19:39:49 INFO  org.testng.internal.Utils - [Utils] MethodGroupsHelper.sortMethods() took 0 ms.
2026-04-23 19:39:49 INFO  org.testng.internal.Utils - [Utils] MethodGroupsHelper.collectMethodsByGroup() took 0 ms.
2026-04-23 19:39:49 INFO  org.testng.internal.Utils - [Utils] MethodGroupsHelper.sortMethods() took 0 ms.
2026-04-23 19:39:49 INFO  org.testng.internal.Utils - [Utils] MethodGroupsHelper.collectMethodsByGroup() took 0 ms.
2026-04-23 19:39:49 INFO  org.testng.internal.Utils - [Utils] MethodGroupsHelper.sortMethods() took 0 ms.
2026-04-23 19:39:49 INFO  org.testng.internal.Utils - [Utils] MethodGroupsHelper.collectMethodsByGroup() took 7 ms.
2026-04-23 19:39:49 INFO  org.testng.internal.Utils - [Utils] MethodGroupsHelper.sortMethods() took 20 ms.
2026-04-23 19:39:49 INFO  org.testng.internal.Utils - [Utils] MethodGroupsHelper.collectMethodsByGroup() took 0 ms.
2026-04-23 19:39:49 INFO  org.testng.internal.Utils - [Utils] MethodGroupsHelper.sortMethods() took 0 ms.
2026-04-23 19:39:49 INFO  org.testng.internal.Utils - [Utils] MethodGroupsHelper.collectMethodsByGroup() took 0 ms.
2026-04-23 19:39:49 INFO  org.testng.internal.Utils - [Utils] MethodGroupsHelper.sortMethods() took 0 ms.
2026-04-23 19:39:49 INFO  org.testng.internal.Utils - [Utils] MethodGroupsHelper.collectMethodsByGroup() took 0 ms.
2026-04-23 19:39:49 INFO  org.testng.internal.Utils - [Utils] MethodGroupsHelper.sortMethods() took 0 ms.
2026-04-23 19:39:49 INFO  org.testng.internal.Utils - [Utils] MethodGroupsHelper.collectMethodsByGroup() took 0 ms.
2026-04-23 19:39:49 INFO  org.testng.internal.Utils - [Utils] MethodGroupsHelper.sortMethods() took 0 ms.
2026-04-23 19:39:49 INFO  org.testng.internal.Utils - [Utils] MethodGroupsHelper.collectMethodsByGroup() took 0 ms.
2026-04-23 19:39:49 INFO  org.testng.internal.Utils - [Utils] MethodGroupsHelper.sortMethods() took 0 ms.
2026-04-23 19:39:49 INFO  org.testng.internal.Utils - [Utils] MethodGroupsHelper.collectMethodsByGroup() took 0 ms.
2026-04-23 19:39:49 INFO  org.testng.internal.Utils - [Utils] MethodGroupsHelper.sortMethods() took 0 ms.
2026-04-23 19:39:49 INFO  org.testng.internal.Utils - [Utils] MethodGroupsHelper.collectMethodsByGroup() took 0 ms.
2026-04-23 19:39:49 INFO  org.testng.internal.Utils - [Utils] MethodGroupsHelper.sortMethods() took 0 ms.
2026-04-23 19:39:49 INFO  org.testng.internal.Utils - [Utils] MethodGroupsHelper.collectMethodsByGroup() took 15 ms.
2026-04-23 19:39:49 INFO  org.testng.internal.Utils - [Utils] MethodGroupsHelper.sortMethods() took 0 ms.
2026-04-23 19:39:49 INFO  org.testng.internal.Utils - [Utils] MethodGroupsHelper.collectMethodsByGroup() took 0 ms.
2026-04-23 19:39:49 INFO  org.testng.internal.Utils - [Utils] MethodGroupsHelper.sortMethods() took 0 ms.
2026-04-23 19:39:49 INFO  org.testng.internal.Utils - [Utils] MethodGroupsHelper.collectMethodsByGroup() took 0 ms.
2026-04-23 19:39:49 INFO  org.testng.internal.Utils - [Utils] MethodGroupsHelper.sortMethods() took 0 ms.
2026-04-23 19:39:49 INFO  org.testng.internal.Utils - [TestNG] Running:
  C:\Users\Rahul\AppData\Local\Temp\testng-eclipse--651655221\testng-customsuite.xml

2026-04-23 19:39:49 INFO  org.testng.internal.Utils - [Utils] DynamicGraphHelper.createDynamicGraph() took 5 ms.
2026-04-23 19:39:53 INFO  org.testng.internal.Utils - [TestNG] Time taken by org.testng.reporters.jq.Main@59901c4d: 38 ms
2026-04-23 19:39:53 INFO  org.testng.internal.Utils - [TestNG] Time taken by org.testng.reporters.FailedReporter@2f61d591: 8 ms
2026-04-23 19:39:53 INFO  org.testng.internal.Utils - [TestNG] Time taken by org.testng.reporters.XMLReporter@6d303498: 6 ms
2026-04-23 19:39:53 INFO  org.testng.internal.Utils - [TestNG] Time taken by org.testng.reporters.EmailableReporter2@a18649a: 7 ms
2026-04-23 19:39:53 INFO  org.testng.internal.Utils - [TestNG] Time taken by org.testng.reporters.JUnitReportReporter@7158daf2: 6 ms
2026-04-23 19:39:53 INFO  org.testng.internal.Utils - [TestNG] Time taken by org.testng.internal.ExitCodeListener@10f19647: 1 ms
2026-04-23 19:43:14 DEBUG org.testng.TestNG - suiteXmlPath: "C:\Users\Rahul\AppData\Local\Temp\testng-eclipse-1501887829\testng-customsuite.xml"
2026-04-23 19:43:15 INFO  org.testng.internal.Utils - [Utils] MethodGroupsHelper.collectMethodsByGroup() took 0 ms.
2026-04-23 19:43:15 INFO  org.testng.internal.Utils - [Utils] MethodGroupsHelper.sortMethods() took 2 ms.
2026-04-23 19:43:15 INFO  org.testng.internal.Utils - [Utils] MethodGroupsHelper.collectMethodsByGroup() took 0 ms.
2026-04-23 19:43:15 INFO  org.testng.internal.Utils - [Utils] MethodGroupsHelper.sortMethods() took 0 ms.
2026-04-23 19:43:15 INFO  org.testng.internal.Utils - [Utils] MethodGroupsHelper.collectMethodsByGroup() took 0 ms.
2026-04-23 19:43:15 INFO  org.testng.internal.Utils - [Utils] MethodGroupsHelper.sortMethods() took 0 ms.
2026-04-23 19:43:15 INFO  org.testng.internal.Utils - [Utils] MethodGroupsHelper.collectMethodsByGroup() took 0 ms.
2026-04-23 19:43:15 INFO  org.testng.internal.Utils - [Utils] MethodGroupsHelper.sortMethods() took 0 ms.
2026-04-23 19:43:15 INFO  org.testng.internal.Utils - [Utils] MethodGroupsHelper.collectMethodsByGroup() took 9 ms.
2026-04-23 19:43:15 INFO  org.testng.internal.Utils - [Utils] MethodGroupsHelper.sortMethods() took 17 ms.
2026-04-23 19:43:15 INFO  org.testng.internal.Utils - [Utils] MethodGroupsHelper.collectMethodsByGroup() took 0 ms.
2026-04-23 19:43:15 INFO  org.testng.internal.Utils - [Utils] MethodGroupsHelper.sortMethods() took 0 ms.
2026-04-23 19:43:15 INFO  org.testng.internal.Utils - [Utils] MethodGroupsHelper.collectMethodsByGroup() took 0 ms.
2026-04-23 19:43:15 INFO  org.testng.internal.Utils - [Utils] MethodGroupsHelper.sortMethods() took 0 ms.
2026-04-23 19:43:15 INFO  org.testng.internal.Utils - [Utils] MethodGroupsHelper.collectMethodsByGroup() took 0 ms.
2026-04-23 19:43:15 INFO  org.testng.internal.Utils - [Utils] MethodGroupsHelper.sortMethods() took 0 ms.
2026-04-23 19:43:15 INFO  org.testng.internal.Utils - [Utils] MethodGroupsHelper.collectMethodsByGroup() took 0 ms.
2026-04-23 19:43:15 INFO  org.testng.internal.Utils - [Utils] MethodGroupsHelper.sortMethods() took 0 ms.
2026-04-23 19:43:15 INFO  org.testng.internal.Utils - [Utils] MethodGroupsHelper.collectMethodsByGroup() took 0 ms.
2026-04-23 19:43:15 INFO  org.testng.internal.Utils - [Utils] MethodGroupsHelper.sortMethods() took 1 ms.
2026-04-23 19:43:15 INFO  org.testng.internal.Utils - [Utils] MethodGroupsHelper.collectMethodsByGroup() took 0 ms.
2026-04-23 19:43:15 INFO  org.testng.internal.Utils - [Utils] MethodGroupsHelper.sortMethods() took 0 ms.
2026-04-23 19:43:15 INFO  org.testng.internal.Utils - [Utils] MethodGroupsHelper.collectMethodsByGroup() took 0 ms.
2026-04-23 19:43:15 INFO  org.testng.internal.Utils - [Utils] MethodGroupsHelper.sortMethods() took 0 ms.
2026-04-23 19:43:15 INFO  org.testng.internal.Utils - [Utils] MethodGroupsHelper.collectMethodsByGroup() took 22 ms.
2026-04-23 19:43:15 INFO  org.testng.internal.Utils - [Utils] MethodGroupsHelper.sortMethods() took 1 ms.
2026-04-23 19:43:15 INFO  org.testng.internal.Utils - [Utils] MethodGroupsHelper.collectMethodsByGroup() took 0 ms.
2026-04-23 19:43:15 INFO  org.testng.internal.Utils - [Utils] MethodGroupsHelper.sortMethods() took 0 ms.
2026-04-23 19:43:15 INFO  org.testng.internal.Utils - [Utils] MethodGroupsHelper.collectMethodsByGroup() took 0 ms.
2026-04-23 19:43:15 INFO  org.testng.internal.Utils - [Utils] MethodGroupsHelper.sortMethods() took 0 ms.
2026-04-23 19:43:15 INFO  org.testng.internal.Utils - [TestNG] Running:
  C:\Users\Rahul\AppData\Local\Temp\testng-eclipse-1501887829\testng-customsuite.xml

2026-04-23 19:43:15 INFO  org.testng.internal.Utils - [Utils] DynamicGraphHelper.createDynamicGraph() took 2 ms.
2026-04-23 19:43:26 INFO  org.testng.internal.Utils - [TestNG] Time taken by org.testng.reporters.jq.Main@6a4ccef7: 63 ms
2026-04-23 19:43:26 INFO  org.testng.internal.Utils - [TestNG] Time taken by org.testng.reporters.FailedReporter@64b3b1ce: 2 ms
2026-04-23 19:43:26 INFO  org.testng.internal.Utils - [TestNG] Time taken by org.testng.reporters.XMLReporter@36bf84e: 10 ms
2026-04-23 19:43:26 INFO  org.testng.internal.Utils - [TestNG] Time taken by org.testng.reporters.EmailableReporter2@2123064f: 8 ms
2026-04-23 19:43:26 INFO  org.testng.internal.Utils - [TestNG] Time taken by org.testng.reporters.JUnitReportReporter@73d4066e: 7 ms
2026-04-23 19:43:26 INFO  org.testng.internal.Utils - [TestNG] Time taken by org.testng.internal.ExitCodeListener@25d2f66: 0 ms
2026-04-23 19:49:40 DEBUG org.testng.TestNG - suiteXmlPath: "C:\Users\Rahul\AppData\Local\Temp\testng-eclipse--1937430206\testng-customsuite.xml"
2026-04-23 19:49:40 INFO  org.testng.internal.Utils - [Utils] MethodGroupsHelper.collectMethodsByGroup() took 2 ms.
2026-04-23 19:49:40 INFO  org.testng.internal.Utils - [Utils] MethodGroupsHelper.sortMethods() took 1 ms.
2026-04-23 19:49:40 INFO  org.testng.internal.Utils - [Utils] MethodGroupsHelper.collectMethodsByGroup() took 0 ms.
2026-04-23 19:49:40 INFO  org.testng.internal.Utils - [Utils] MethodGroupsHelper.sortMethods() took 0 ms.
2026-04-23 19:49:40 INFO  org.testng.internal.Utils - [Utils] MethodGroupsHelper.collectMethodsByGroup() took 0 ms.
2026-04-23 19:49:40 INFO  org.testng.internal.Utils - [Utils] MethodGroupsHelper.sortMethods() took 0 ms.
2026-04-23 19:49:40 INFO  org.testng.internal.Utils - [Utils] MethodGroupsHelper.collectMethodsByGroup() took 0 ms.
2026-04-23 19:49:40 INFO  org.testng.internal.Utils - [Utils] MethodGroupsHelper.sortMethods() took 0 ms.
2026-04-23 19:49:40 INFO  org.testng.internal.Utils - [Utils] MethodGroupsHelper.collectMethodsByGroup() took 9 ms.
2026-04-23 19:49:41 INFO  org.testng.internal.Utils - [Utils] MethodGroupsHelper.sortMethods() took 17 ms.
2026-04-23 19:49:41 INFO  org.testng.internal.Utils - [Utils] MethodGroupsHelper.collectMethodsByGroup() took 0 ms.
2026-04-23 19:49:41 INFO  org.testng.internal.Utils - [Utils] MethodGroupsHelper.sortMethods() took 0 ms.
2026-04-23 19:49:41 INFO  org.testng.internal.Utils - [Utils] MethodGroupsHelper.collectMethodsByGroup() took 0 ms.
2026-04-23 19:49:41 INFO  org.testng.internal.Utils - [Utils] MethodGroupsHelper.sortMethods() took 0 ms.
2026-04-23 19:49:41 INFO  org.testng.internal.Utils - [Utils] MethodGroupsHelper.collectMethodsByGroup() took 0 ms.
2026-04-23 19:49:41 INFO  org.testng.internal.Utils - [Utils] MethodGroupsHelper.sortMethods() took 0 ms.
2026-04-23 19:49:41 INFO  org.testng.internal.Utils - [Utils] MethodGroupsHelper.collectMethodsByGroup() took 0 ms.
2026-04-23 19:49:41 INFO  org.testng.internal.Utils - [Utils] MethodGroupsHelper.sortMethods() took 0 ms.
2026-04-23 19:49:41 INFO  org.testng.internal.Utils - [Utils] MethodGroupsHelper.collectMethodsByGroup() took 0 ms.
2026-04-23 19:49:41 INFO  org.testng.internal.Utils - [Utils] MethodGroupsHelper.sortMethods() took 0 ms.
2026-04-23 19:49:41 INFO  org.testng.internal.Utils - [Utils] MethodGroupsHelper.collectMethodsByGroup() took 0 ms.
2026-04-23 19:49:41 INFO  org.testng.internal.Utils - [Utils] MethodGroupsHelper.sortMethods() took 0 ms.
2026-04-23 19:49:41 INFO  org.testng.internal.Utils - [Utils] MethodGroupsHelper.collectMethodsByGroup() took 0 ms.
2026-04-23 19:49:41 INFO  org.testng.internal.Utils - [Utils] MethodGroupsHelper.sortMethods() took 0 ms.
2026-04-23 19:49:41 INFO  org.testng.internal.Utils - [Utils] MethodGroupsHelper.collectMethodsByGroup() took 14 ms.
2026-04-23 19:49:41 INFO  org.testng.internal.Utils - [Utils] MethodGroupsHelper.sortMethods() took 1 ms.
2026-04-23 19:49:41 INFO  org.testng.internal.Utils - [Utils] MethodGroupsHelper.collectMethodsByGroup() took 0 ms.
2026-04-23 19:49:41 INFO  org.testng.internal.Utils - [Utils] MethodGroupsHelper.sortMethods() took 0 ms.
2026-04-23 19:49:41 INFO  org.testng.internal.Utils - [Utils] MethodGroupsHelper.collectMethodsByGroup() took 0 ms.
2026-04-23 19:49:41 INFO  org.testng.internal.Utils - [Utils] MethodGroupsHelper.sortMethods() took 0 ms.
2026-04-23 19:49:41 INFO  org.testng.internal.Utils - [TestNG] Running:
  C:\Users\Rahul\AppData\Local\Temp\testng-eclipse--1937430206\testng-customsuite.xml

2026-04-23 19:49:41 INFO  org.testng.internal.Utils - [Utils] DynamicGraphHelper.createDynamicGraph() took 5 ms.
2026-04-23 19:49:54 INFO  org.testng.internal.Utils - [TestNG] Time taken by org.testng.reporters.jq.Main@10fda3d0: 48 ms
2026-04-23 19:49:54 INFO  org.testng.internal.Utils - [TestNG] Time taken by org.testng.reporters.FailedReporter@28cb3a25: 1 ms
2026-04-23 19:49:54 INFO  org.testng.internal.Utils - [TestNG] Time taken by org.testng.reporters.XMLReporter@3f725306: 9 ms
2026-04-23 19:49:54 INFO  org.testng.internal.Utils - [TestNG] Time taken by org.testng.reporters.EmailableReporter2@741f8dbe: 5 ms
2026-04-23 19:49:54 INFO  org.testng.internal.Utils - [TestNG] Time taken by org.testng.reporters.JUnitReportReporter@1fac1d5c: 7 ms
2026-04-23 19:49:54 INFO  org.testng.internal.Utils - [TestNG] Time taken by org.testng.internal.ExitCodeListener@108a46d6: 0 ms
2026-04-23 19:50:02 DEBUG org.testng.TestNG - suiteXmlPath: "C:\Users\Rahul\AppData\Local\Temp\testng-eclipse--529771898\testng-customsuite.xml"
2026-04-23 19:50:03 INFO  org.testng.internal.Utils - [Utils] MethodGroupsHelper.collectMethodsByGroup() took 0 ms.
2026-04-23 19:50:03 INFO  org.testng.internal.Utils - [Utils] MethodGroupsHelper.sortMethods() took 2 ms.
2026-04-23 19:50:03 INFO  org.testng.internal.Utils - [Utils] MethodGroupsHelper.collectMethodsByGroup() took 0 ms.
2026-04-23 19:50:03 INFO  org.testng.internal.Utils - [Utils] MethodGroupsHelper.sortMethods() took 0 ms.
2026-04-23 19:50:03 INFO  org.testng.internal.Utils - [Utils] MethodGroupsHelper.collectMethodsByGroup() took 0 ms.
2026-04-23 19:50:03 INFO  org.testng.internal.Utils - [Utils] MethodGroupsHelper.sortMethods() took 0 ms.
2026-04-23 19:50:03 INFO  org.testng.internal.Utils - [Utils] MethodGroupsHelper.collectMethodsByGroup() took 0 ms.
2026-04-23 19:50:03 INFO  org.testng.internal.Utils - [Utils] MethodGroupsHelper.sortMethods() took 0 ms.
2026-04-23 19:50:03 INFO  org.testng.internal.Utils - [Utils] MethodGroupsHelper.collectMethodsByGroup() took 9 ms.
2026-04-23 19:50:03 INFO  org.testng.internal.Utils - [Utils] MethodGroupsHelper.sortMethods() took 18 ms.
2026-04-23 19:50:03 INFO  org.testng.internal.Utils - [Utils] MethodGroupsHelper.collectMethodsByGroup() took 0 ms.
2026-04-23 19:50:03 INFO  org.testng.internal.Utils - [Utils] MethodGroupsHelper.sortMethods() took 0 ms.
2026-04-23 19:50:03 INFO  org.testng.internal.Utils - [Utils] MethodGroupsHelper.collectMethodsByGroup() took 0 ms.
2026-04-23 19:50:03 INFO  org.testng.internal.Utils - [Utils] MethodGroupsHelper.sortMethods() took 0 ms.
2026-04-23 19:50:03 INFO  org.testng.internal.Utils - [Utils] MethodGroupsHelper.collectMethodsByGroup() took 0 ms.
2026-04-23 19:50:03 INFO  org.testng.internal.Utils - [Utils] MethodGroupsHelper.sortMethods() took 0 ms.
2026-04-23 19:50:03 INFO  org.testng.internal.Utils - [Utils] MethodGroupsHelper.collectMethodsByGroup() took 0 ms.
2026-04-23 19:50:03 INFO  org.testng.internal.Utils - [Utils] MethodGroupsHelper.sortMethods() took 0 ms.
2026-04-23 19:50:03 INFO  org.testng.internal.Utils - [Utils] MethodGroupsHelper.collectMethodsByGroup() took 0 ms.
2026-04-23 19:50:03 INFO  org.testng.internal.Utils - [Utils] MethodGroupsHelper.sortMethods() took 0 ms.
2026-04-23 19:50:03 INFO  org.testng.internal.Utils - [Utils] MethodGroupsHelper.collectMethodsByGroup() took 0 ms.
2026-04-23 19:50:03 INFO  org.testng.internal.Utils - [Utils] MethodGroupsHelper.sortMethods() took 0 ms.
2026-04-23 19:50:03 INFO  org.testng.internal.Utils - [Utils] MethodGroupsHelper.collectMethodsByGroup() took 0 ms.
2026-04-23 19:50:03 INFO  org.testng.internal.Utils - [Utils] MethodGroupsHelper.sortMethods() took 0 ms.
2026-04-23 19:50:03 INFO  org.testng.internal.Utils - [Utils] MethodGroupsHelper.collectMethodsByGroup() took 17 ms.
2026-04-23 19:50:03 INFO  org.testng.internal.Utils - [Utils] MethodGroupsHelper.sortMethods() took 0 ms.
2026-04-23 19:50:03 INFO  org.testng.internal.Utils - [Utils] MethodGroupsHelper.collectMethodsByGroup() took 0 ms.
2026-04-23 19:50:03 INFO  org.testng.internal.Utils - [Utils] MethodGroupsHelper.sortMethods() took 0 ms.
2026-04-23 19:50:03 INFO  org.testng.internal.Utils - [Utils] MethodGroupsHelper.collectMethodsByGroup() took 0 ms.
2026-04-23 19:50:03 INFO  org.testng.internal.Utils - [Utils] MethodGroupsHelper.sortMethods() took 0 ms.
2026-04-23 19:50:03 INFO  org.testng.internal.Utils - [TestNG] Running:
  C:\Users\Rahul\AppData\Local\Temp\testng-eclipse--529771898\testng-customsuite.xml

2026-04-23 19:50:03 INFO  org.testng.internal.Utils - [Utils] DynamicGraphHelper.createDynamicGraph() took 4 ms.
2026-04-23 19:50:15 INFO  org.testng.internal.Utils - [TestNG] Time taken by org.testng.reporters.jq.Main@19f7222e: 71 ms
2026-04-23 19:50:15 INFO  org.testng.internal.Utils - [TestNG] Time taken by org.testng.reporters.FailedReporter@2412a42b: 2 ms
2026-04-23 19:50:15 INFO  org.testng.internal.Utils - [TestNG] Time taken by org.testng.reporters.XMLReporter@741f8dbe: 11 ms
2026-04-23 19:50:15 INFO  org.testng.internal.Utils - [TestNG] Time taken by org.testng.reporters.EmailableReporter2@1f77b5cc: 10 ms
2026-04-23 19:50:15 INFO  org.testng.internal.Utils - [TestNG] Time taken by org.testng.reporters.JUnitReportReporter@29a1505c: 11 ms
2026-04-23 19:50:15 INFO  org.testng.internal.Utils - [TestNG] Time taken by org.testng.internal.ExitCodeListener@24db6ce: 0 ms
2026-04-23 19:52:54 DEBUG org.testng.TestNG - suiteXmlPath: "C:\Users\Rahul\AppData\Local\Temp\testng-eclipse-80268003\testng-customsuite.xml"
2026-04-23 19:52:55 INFO  org.testng.internal.Utils - [Utils] MethodGroupsHelper.collectMethodsByGroup() took 2 ms.
2026-04-23 19:52:55 INFO  org.testng.internal.Utils - [Utils] MethodGroupsHelper.sortMethods() took 3 ms.
2026-04-23 19:52:55 INFO  org.testng.internal.Utils - [Utils] MethodGroupsHelper.collectMethodsByGroup() took 0 ms.
2026-04-23 19:52:55 INFO  org.testng.internal.Utils - [Utils] MethodGroupsHelper.sortMethods() took 0 ms.
2026-04-23 19:52:55 INFO  org.testng.internal.Utils - [Utils] MethodGroupsHelper.collectMethodsByGroup() took 0 ms.
2026-04-23 19:52:55 INFO  org.testng.internal.Utils - [Utils] MethodGroupsHelper.sortMethods() took 0 ms.
2026-04-23 19:52:55 INFO  org.testng.internal.Utils - [Utils] MethodGroupsHelper.collectMethodsByGroup() took 0 ms.
2026-04-23 19:52:55 INFO  org.testng.internal.Utils - [Utils] MethodGroupsHelper.sortMethods() took 0 ms.
2026-04-23 19:52:55 INFO  org.testng.internal.Utils - [Utils] MethodGroupsHelper.collectMethodsByGroup() took 6 ms.
2026-04-23 19:52:55 INFO  org.testng.internal.Utils - [Utils] MethodGroupsHelper.sortMethods() took 13 ms.
2026-04-23 19:52:55 INFO  org.testng.internal.Utils - [Utils] MethodGroupsHelper.collectMethodsByGroup() took 0 ms.
2026-04-23 19:52:55 INFO  org.testng.internal.Utils - [Utils] MethodGroupsHelper.sortMethods() took 0 ms.
2026-04-23 19:52:55 INFO  org.testng.internal.Utils - [Utils] MethodGroupsHelper.collectMethodsByGroup() took 0 ms.
2026-04-23 19:52:55 INFO  org.testng.internal.Utils - [Utils] MethodGroupsHelper.sortMethods() took 0 ms.
2026-04-23 19:52:55 INFO  org.testng.internal.Utils - [Utils] MethodGroupsHelper.collectMethodsByGroup() took 0 ms.
2026-04-23 19:52:55 INFO  org.testng.internal.Utils - [Utils] MethodGroupsHelper.sortMethods() took 0 ms.
2026-04-23 19:52:55 INFO  org.testng.internal.Utils - [Utils] MethodGroupsHelper.collectMethodsByGroup() took 0 ms.
2026-04-23 19:52:55 INFO  org.testng.internal.Utils - [Utils] MethodGroupsHelper.sortMethods() took 1 ms.
2026-04-23 19:52:55 INFO  org.testng.internal.Utils - [Utils] MethodGroupsHelper.collectMethodsByGroup() took 0 ms.
2026-04-23 19:52:55 INFO  org.testng.internal.Utils - [Utils] MethodGroupsHelper.sortMethods() took 1 ms.
2026-04-23 19:52:55 INFO  org.testng.internal.Utils - [Utils] MethodGroupsHelper.collectMethodsByGroup() took 0 ms.
2026-04-23 19:52:55 INFO  org.testng.internal.Utils - [Utils] MethodGroupsHelper.sortMethods() took 0 ms.
2026-04-23 19:52:55 INFO  org.testng.internal.Utils - [Utils] MethodGroupsHelper.collectMethodsByGroup() took 0 ms.
2026-04-23 19:52:55 INFO  org.testng.internal.Utils - [Utils] MethodGroupsHelper.sortMethods() took 0 ms.
2026-04-23 19:52:55 INFO  org.testng.internal.Utils - [Utils] MethodGroupsHelper.collectMethodsByGroup() took 15 ms.
2026-04-23 19:52:55 INFO  org.testng.internal.Utils - [Utils] MethodGroupsHelper.sortMethods() took 0 ms.
2026-04-23 19:52:55 INFO  org.testng.internal.Utils - [Utils] MethodGroupsHelper.collectMethodsByGroup() took 0 ms.
2026-04-23 19:52:55 INFO  org.testng.internal.Utils - [Utils] MethodGroupsHelper.sortMethods() took 0 ms.
2026-04-23 19:52:55 INFO  org.testng.internal.Utils - [Utils] MethodGroupsHelper.collectMethodsByGroup() took 0 ms.
2026-04-23 19:52:55 INFO  org.testng.internal.Utils - [Utils] MethodGroupsHelper.sortMethods() took 0 ms.
2026-04-23 19:52:55 INFO  org.testng.internal.Utils - [TestNG] Running:
  C:\Users\Rahul\AppData\Local\Temp\testng-eclipse-80268003\testng-customsuite.xml

2026-04-23 19:52:55 INFO  org.testng.internal.Utils - [Utils] DynamicGraphHelper.createDynamicGraph() took 4 ms.
2026-04-23 19:53:05 INFO  com.Tests.ProductListingPageTest - Total products count: 603108
2026-04-23 19:53:09 INFO  org.testng.internal.Utils - [TestNG] Time taken by org.testng.reporters.jq.Main@45404d5: 49 ms
2026-04-23 19:53:09 INFO  org.testng.internal.Utils - [TestNG] Time taken by org.testng.reporters.FailedReporter@6dbcf214: 1 ms
2026-04-23 19:53:09 INFO  org.testng.internal.Utils - [TestNG] Time taken by org.testng.reporters.XMLReporter@6daf7d37: 6 ms
2026-04-23 19:53:09 INFO  org.testng.internal.Utils - [TestNG] Time taken by org.testng.reporters.EmailableReporter2@2e179f3e: 4 ms
2026-04-23 19:53:09 INFO  org.testng.internal.Utils - [TestNG] Time taken by org.testng.reporters.JUnitReportReporter@44b18fe4: 8 ms
2026-04-23 19:53:09 INFO  org.testng.internal.Utils - [TestNG] Time taken by org.testng.internal.ExitCodeListener@2ba5aa7a: 0 ms
2026-04-23 19:53:59 DEBUG org.testng.TestNG - suiteXmlPath: "C:\Users\Rahul\AppData\Local\Temp\testng-eclipse--404607556\testng-customsuite.xml"
2026-04-23 19:54:00 INFO  org.testng.internal.Utils - [Utils] MethodGroupsHelper.collectMethodsByGroup() took 1 ms.
2026-04-23 19:54:00 INFO  org.testng.internal.Utils - [Utils] MethodGroupsHelper.sortMethods() took 0 ms.
2026-04-23 19:54:00 INFO  org.testng.internal.Utils - [Utils] MethodGroupsHelper.collectMethodsByGroup() took 0 ms.
2026-04-23 19:54:00 INFO  org.testng.internal.Utils - [Utils] MethodGroupsHelper.sortMethods() took 0 ms.
2026-04-23 19:54:00 INFO  org.testng.internal.Utils - [Utils] MethodGroupsHelper.collectMethodsByGroup() took 0 ms.
2026-04-23 19:54:00 INFO  org.testng.internal.Utils - [Utils] MethodGroupsHelper.sortMethods() took 0 ms.
2026-04-23 19:54:00 INFO  org.testng.internal.Utils - [Utils] MethodGroupsHelper.collectMethodsByGroup() took 0 ms.
2026-04-23 19:54:00 INFO  org.testng.internal.Utils - [Utils] MethodGroupsHelper.sortMethods() took 0 ms.
2026-04-23 19:54:00 INFO  org.testng.internal.Utils - [Utils] MethodGroupsHelper.collectMethodsByGroup() took 6 ms.
2026-04-23 19:54:00 INFO  org.testng.internal.Utils - [Utils] MethodGroupsHelper.sortMethods() took 16 ms.
2026-04-23 19:54:00 INFO  org.testng.internal.Utils - [Utils] MethodGroupsHelper.collectMethodsByGroup() took 0 ms.
2026-04-23 19:54:00 INFO  org.testng.internal.Utils - [Utils] MethodGroupsHelper.sortMethods() took 0 ms.
2026-04-23 19:54:00 INFO  org.testng.internal.Utils - [Utils] MethodGroupsHelper.collectMethodsByGroup() took 0 ms.
2026-04-23 19:54:00 INFO  org.testng.internal.Utils - [Utils] MethodGroupsHelper.sortMethods() took 0 ms.
2026-04-23 19:54:00 INFO  org.testng.internal.Utils - [Utils] MethodGroupsHelper.collectMethodsByGroup() took 0 ms.
2026-04-23 19:54:00 INFO  org.testng.internal.Utils - [Utils] MethodGroupsHelper.sortMethods() took 0 ms.
2026-04-23 19:54:00 INFO  org.testng.internal.Utils - [Utils] MethodGroupsHelper.collectMethodsByGroup() took 0 ms.
2026-04-23 19:54:00 INFO  org.testng.internal.Utils - [Utils] MethodGroupsHelper.sortMethods() took 0 ms.
2026-04-23 19:54:00 INFO  org.testng.internal.Utils - [Utils] MethodGroupsHelper.collectMethodsByGroup() took 0 ms.
2026-04-23 19:54:00 INFO  org.testng.internal.Utils - [Utils] MethodGroupsHelper.sortMethods() took 0 ms.
2026-04-23 19:54:00 INFO  org.testng.internal.Utils - [Utils] MethodGroupsHelper.collectMethodsByGroup() took 0 ms.
2026-04-23 19:54:00 INFO  org.testng.internal.Utils - [Utils] MethodGroupsHelper.sortMethods() took 0 ms.
2026-04-23 19:54:00 INFO  org.testng.internal.Utils - [Utils] MethodGroupsHelper.collectMethodsByGroup() took 0 ms.
2026-04-23 19:54:00 INFO  org.testng.internal.Utils - [Utils] MethodGroupsHelper.sortMethods() took 0 ms.
2026-04-23 19:54:00 INFO  org.testng.internal.Utils - [Utils] MethodGroupsHelper.collectMethodsByGroup() took 17 ms.
2026-04-23 19:54:00 INFO  org.testng.internal.Utils - [Utils] MethodGroupsHelper.sortMethods() took 1 ms.
2026-04-23 19:54:00 INFO  org.testng.internal.Utils - [Utils] MethodGroupsHelper.collectMethodsByGroup() took 0 ms.
2026-04-23 19:54:00 INFO  org.testng.internal.Utils - [Utils] MethodGroupsHelper.sortMethods() took 0 ms.
2026-04-23 19:54:00 INFO  org.testng.internal.Utils - [Utils] MethodGroupsHelper.collectMethodsByGroup() took 0 ms.
2026-04-23 19:54:00 INFO  org.testng.internal.Utils - [Utils] MethodGroupsHelper.sortMethods() took 0 ms.
2026-04-23 19:54:00 INFO  org.testng.internal.Utils - [TestNG] Running:
  C:\Users\Rahul\AppData\Local\Temp\testng-eclipse--404607556\testng-customsuite.xml

2026-04-23 19:54:00 INFO  org.testng.internal.Utils - [Utils] DynamicGraphHelper.createDynamicGraph() took 2 ms.
2026-04-23 19:54:13 INFO  com.Tests.ProductListingPageTest - products count before filter:603108
2026-04-23 19:54:14 INFO  com.Tests.ProductListingPageTest - products count after filter:603108
2026-04-23 19:54:16 INFO  org.testng.internal.Utils - [TestNG] Time taken by org.testng.reporters.jq.Main@2241f05b: 56 ms
2026-04-23 19:54:16 INFO  org.testng.internal.Utils - [TestNG] Time taken by org.testng.reporters.FailedReporter@304d0259: 1 ms
2026-04-23 19:54:16 INFO  org.testng.internal.Utils - [TestNG] Time taken by org.testng.reporters.XMLReporter@79fd6f95: 7 ms
2026-04-23 19:54:16 INFO  org.testng.internal.Utils - [TestNG] Time taken by org.testng.reporters.EmailableReporter2@5c080ef3: 9 ms
2026-04-23 19:54:16 INFO  org.testng.internal.Utils - [TestNG] Time taken by org.testng.reporters.JUnitReportReporter@36a6bea6: 6 ms
2026-04-23 19:54:16 INFO  org.testng.internal.Utils - [TestNG] Time taken by org.testng.internal.ExitCodeListener@44e93c1f: 0 ms
2026-04-23 19:55:26 DEBUG org.testng.TestNG - suiteXmlPath: "C:\Users\Rahul\AppData\Local\Temp\testng-eclipse-1630084190\testng-customsuite.xml"
2026-04-23 19:55:26 INFO  org.testng.internal.Utils - [Utils] MethodGroupsHelper.collectMethodsByGroup() took 0 ms.
2026-04-23 19:55:26 INFO  org.testng.internal.Utils - [Utils] MethodGroupsHelper.sortMethods() took 3 ms.
2026-04-23 19:55:26 INFO  org.testng.internal.Utils - [Utils] MethodGroupsHelper.collectMethodsByGroup() took 0 ms.
2026-04-23 19:55:26 INFO  org.testng.internal.Utils - [Utils] MethodGroupsHelper.sortMethods() took 0 ms.
2026-04-23 19:55:26 INFO  org.testng.internal.Utils - [Utils] MethodGroupsHelper.collectMethodsByGroup() took 0 ms.
2026-04-23 19:55:26 INFO  org.testng.internal.Utils - [Utils] MethodGroupsHelper.sortMethods() took 0 ms.
2026-04-23 19:55:26 INFO  org.testng.internal.Utils - [Utils] MethodGroupsHelper.collectMethodsByGroup() took 0 ms.
2026-04-23 19:55:26 INFO  org.testng.internal.Utils - [Utils] MethodGroupsHelper.sortMethods() took 0 ms.
2026-04-23 19:55:26 INFO  org.testng.internal.Utils - [Utils] MethodGroupsHelper.collectMethodsByGroup() took 7 ms.
2026-04-23 19:55:26 INFO  org.testng.internal.Utils - [Utils] MethodGroupsHelper.sortMethods() took 15 ms.
2026-04-23 19:55:26 INFO  org.testng.internal.Utils - [Utils] MethodGroupsHelper.collectMethodsByGroup() took 0 ms.
2026-04-23 19:55:26 INFO  org.testng.internal.Utils - [Utils] MethodGroupsHelper.sortMethods() took 0 ms.
2026-04-23 19:55:26 INFO  org.testng.internal.Utils - [Utils] MethodGroupsHelper.collectMethodsByGroup() took 0 ms.
2026-04-23 19:55:26 INFO  org.testng.internal.Utils - [Utils] MethodGroupsHelper.sortMethods() took 0 ms.
2026-04-23 19:55:26 INFO  org.testng.internal.Utils - [Utils] MethodGroupsHelper.collectMethodsByGroup() took 0 ms.
2026-04-23 19:55:26 INFO  org.testng.internal.Utils - [Utils] MethodGroupsHelper.sortMethods() took 0 ms.
2026-04-23 19:55:26 INFO  org.testng.internal.Utils - [Utils] MethodGroupsHelper.collectMethodsByGroup() took 0 ms.
2026-04-23 19:55:26 INFO  org.testng.internal.Utils - [Utils] MethodGroupsHelper.sortMethods() took 0 ms.
2026-04-23 19:55:26 INFO  org.testng.internal.Utils - [Utils] MethodGroupsHelper.collectMethodsByGroup() took 0 ms.
2026-04-23 19:55:26 INFO  org.testng.internal.Utils - [Utils] MethodGroupsHelper.sortMethods() took 1 ms.
2026-04-23 19:55:26 INFO  org.testng.internal.Utils - [Utils] MethodGroupsHelper.collectMethodsByGroup() took 0 ms.
2026-04-23 19:55:26 INFO  org.testng.internal.Utils - [Utils] MethodGroupsHelper.sortMethods() took 0 ms.
2026-04-23 19:55:26 INFO  org.testng.internal.Utils - [Utils] MethodGroupsHelper.collectMethodsByGroup() took 0 ms.
2026-04-23 19:55:26 INFO  org.testng.internal.Utils - [Utils] MethodGroupsHelper.sortMethods() took 0 ms.
2026-04-23 19:55:26 INFO  org.testng.internal.Utils - [Utils] MethodGroupsHelper.collectMethodsByGroup() took 12 ms.
2026-04-23 19:55:26 INFO  org.testng.internal.Utils - [Utils] MethodGroupsHelper.sortMethods() took 0 ms.
2026-04-23 19:55:26 INFO  org.testng.internal.Utils - [Utils] MethodGroupsHelper.collectMethodsByGroup() took 0 ms.
2026-04-23 19:55:26 INFO  org.testng.internal.Utils - [Utils] MethodGroupsHelper.sortMethods() took 0 ms.
2026-04-23 19:55:26 INFO  org.testng.internal.Utils - [Utils] MethodGroupsHelper.collectMethodsByGroup() took 0 ms.
2026-04-23 19:55:26 INFO  org.testng.internal.Utils - [Utils] MethodGroupsHelper.sortMethods() took 0 ms.
2026-04-23 19:55:26 INFO  org.testng.internal.Utils - [TestNG] Running:
  C:\Users\Rahul\AppData\Local\Temp\testng-eclipse-1630084190\testng-customsuite.xml

2026-04-23 19:55:26 INFO  org.testng.internal.Utils - [Utils] DynamicGraphHelper.createDynamicGraph() took 4 ms.
2026-04-23 19:56:04 INFO  com.Tests.ProductListingPageTest - products count before filter:603102
2026-04-23 19:56:04 INFO  com.Tests.ProductListingPageTest - products count after filter:603102
2026-04-23 19:56:05 INFO  org.testng.internal.Utils - [TestNG] Time taken by org.testng.reporters.jq.Main@2241f05b: 33 ms
2026-04-23 19:56:05 INFO  org.testng.internal.Utils - [TestNG] Time taken by org.testng.reporters.FailedReporter@304d0259: 1 ms
2026-04-23 19:56:05 INFO  org.testng.internal.Utils - [TestNG] Time taken by org.testng.reporters.XMLReporter@79fd6f95: 5 ms
2026-04-23 19:56:05 INFO  org.testng.internal.Utils - [TestNG] Time taken by org.testng.reporters.EmailableReporter2@5c080ef3: 4 ms
2026-04-23 19:56:05 INFO  org.testng.internal.Utils - [TestNG] Time taken by org.testng.reporters.JUnitReportReporter@36a6bea6: 3 ms
2026-04-23 19:56:05 INFO  org.testng.internal.Utils - [TestNG] Time taken by org.testng.internal.ExitCodeListener@44e93c1f: 0 ms
2026-04-23 19:57:04 DEBUG org.testng.TestNG - suiteXmlPath: "C:\Users\Rahul\AppData\Local\Temp\testng-eclipse--1643854760\testng-customsuite.xml"
2026-04-23 19:57:04 INFO  org.testng.internal.Utils - [Utils] MethodGroupsHelper.collectMethodsByGroup() took 0 ms.
2026-04-23 19:57:04 INFO  org.testng.internal.Utils - [Utils] MethodGroupsHelper.sortMethods() took 2 ms.
2026-04-23 19:57:04 INFO  org.testng.internal.Utils - [Utils] MethodGroupsHelper.collectMethodsByGroup() took 0 ms.
2026-04-23 19:57:04 INFO  org.testng.internal.Utils - [Utils] MethodGroupsHelper.sortMethods() took 0 ms.
2026-04-23 19:57:04 INFO  org.testng.internal.Utils - [Utils] MethodGroupsHelper.collectMethodsByGroup() took 0 ms.
2026-04-23 19:57:04 INFO  org.testng.internal.Utils - [Utils] MethodGroupsHelper.sortMethods() took 0 ms.
2026-04-23 19:57:04 INFO  org.testng.internal.Utils - [Utils] MethodGroupsHelper.collectMethodsByGroup() took 0 ms.
2026-04-23 19:57:04 INFO  org.testng.internal.Utils - [Utils] MethodGroupsHelper.sortMethods() took 0 ms.
2026-04-23 19:57:04 INFO  org.testng.internal.Utils - [Utils] MethodGroupsHelper.collectMethodsByGroup() took 4 ms.
2026-04-23 19:57:04 INFO  org.testng.internal.Utils - [Utils] MethodGroupsHelper.sortMethods() took 13 ms.
2026-04-23 19:57:04 INFO  org.testng.internal.Utils - [Utils] MethodGroupsHelper.collectMethodsByGroup() took 0 ms.
2026-04-23 19:57:04 INFO  org.testng.internal.Utils - [Utils] MethodGroupsHelper.sortMethods() took 0 ms.
2026-04-23 19:57:04 INFO  org.testng.internal.Utils - [Utils] MethodGroupsHelper.collectMethodsByGroup() took 0 ms.
2026-04-23 19:57:04 INFO  org.testng.internal.Utils - [Utils] MethodGroupsHelper.sortMethods() took 0 ms.
2026-04-23 19:57:04 INFO  org.testng.internal.Utils - [Utils] MethodGroupsHelper.collectMethodsByGroup() took 0 ms.
2026-04-23 19:57:04 INFO  org.testng.internal.Utils - [Utils] MethodGroupsHelper.sortMethods() took 0 ms.
2026-04-23 19:57:04 INFO  org.testng.internal.Utils - [Utils] MethodGroupsHelper.collectMethodsByGroup() took 1 ms.
2026-04-23 19:57:04 INFO  org.testng.internal.Utils - [Utils] MethodGroupsHelper.sortMethods() took 0 ms.
2026-04-23 19:57:04 INFO  org.testng.internal.Utils - [Utils] MethodGroupsHelper.collectMethodsByGroup() took 0 ms.
2026-04-23 19:57:04 INFO  org.testng.internal.Utils - [Utils] MethodGroupsHelper.sortMethods() took 0 ms.
2026-04-23 19:57:04 INFO  org.testng.internal.Utils - [Utils] MethodGroupsHelper.collectMethodsByGroup() took 0 ms.
2026-04-23 19:57:04 INFO  org.testng.internal.Utils - [Utils] MethodGroupsHelper.sortMethods() took 0 ms.
2026-04-23 19:57:04 INFO  org.testng.internal.Utils - [Utils] MethodGroupsHelper.collectMethodsByGroup() took 0 ms.
2026-04-23 19:57:04 INFO  org.testng.internal.Utils - [Utils] MethodGroupsHelper.sortMethods() took 0 ms.
2026-04-23 19:57:04 INFO  org.testng.internal.Utils - [Utils] MethodGroupsHelper.collectMethodsByGroup() took 10 ms.
2026-04-23 19:57:04 INFO  org.testng.internal.Utils - [Utils] MethodGroupsHelper.sortMethods() took 1 ms.
2026-04-23 19:57:04 INFO  org.testng.internal.Utils - [Utils] MethodGroupsHelper.collectMethodsByGroup() took 0 ms.
2026-04-23 19:57:04 INFO  org.testng.internal.Utils - [Utils] MethodGroupsHelper.sortMethods() took 0 ms.
2026-04-23 19:57:04 INFO  org.testng.internal.Utils - [Utils] MethodGroupsHelper.collectMethodsByGroup() took 0 ms.
2026-04-23 19:57:04 INFO  org.testng.internal.Utils - [Utils] MethodGroupsHelper.sortMethods() took 0 ms.
2026-04-23 19:57:04 INFO  org.testng.internal.Utils - [TestNG] Running:
  C:\Users\Rahul\AppData\Local\Temp\testng-eclipse--1643854760\testng-customsuite.xml

2026-04-23 19:57:04 INFO  org.testng.internal.Utils - [Utils] DynamicGraphHelper.createDynamicGraph() took 2 ms.
2026-04-23 19:57:13 INFO  org.testng.internal.Utils - [TestNG] Time taken by org.testng.reporters.jq.Main@4ac86d6a: 30 ms
2026-04-23 19:57:13 INFO  org.testng.internal.Utils - [TestNG] Time taken by org.testng.reporters.FailedReporter@17f2dd85: 1 ms
2026-04-23 19:57:13 INFO  org.testng.internal.Utils - [TestNG] Time taken by org.testng.reporters.XMLReporter@4fc3c165: 6 ms
2026-04-23 19:57:13 INFO  org.testng.internal.Utils - [TestNG] Time taken by org.testng.reporters.EmailableReporter2@252dc8c4: 3 ms
2026-04-23 19:57:13 INFO  org.testng.internal.Utils - [TestNG] Time taken by org.testng.reporters.JUnitReportReporter@3968bc60: 4 ms
2026-04-23 19:57:13 INFO  org.testng.internal.Utils - [TestNG] Time taken by org.testng.internal.ExitCodeListener@26f46fa6: 0 ms
2026-04-23 19:59:31 DEBUG org.testng.TestNG - suiteXmlPath: "C:\Users\Rahul\AppData\Local\Temp\testng-eclipse--1538202054\testng-customsuite.xml"
2026-04-23 19:59:31 INFO  org.testng.internal.Utils - [Utils] MethodGroupsHelper.collectMethodsByGroup() took 1 ms.
2026-04-23 19:59:31 INFO  org.testng.internal.Utils - [Utils] MethodGroupsHelper.sortMethods() took 1 ms.
2026-04-23 19:59:31 INFO  org.testng.internal.Utils - [Utils] MethodGroupsHelper.collectMethodsByGroup() took 0 ms.
2026-04-23 19:59:31 INFO  org.testng.internal.Utils - [Utils] MethodGroupsHelper.sortMethods() took 0 ms.
2026-04-23 19:59:31 INFO  org.testng.internal.Utils - [Utils] MethodGroupsHelper.collectMethodsByGroup() took 0 ms.
2026-04-23 19:59:31 INFO  org.testng.internal.Utils - [Utils] MethodGroupsHelper.sortMethods() took 0 ms.
2026-04-23 19:59:31 INFO  org.testng.internal.Utils - [Utils] MethodGroupsHelper.collectMethodsByGroup() took 0 ms.
2026-04-23 19:59:31 INFO  org.testng.internal.Utils - [Utils] MethodGroupsHelper.sortMethods() took 0 ms.
2026-04-23 19:59:31 INFO  org.testng.internal.Utils - [Utils] MethodGroupsHelper.collectMethodsByGroup() took 4 ms.
2026-04-23 19:59:31 INFO  org.testng.internal.Utils - [Utils] MethodGroupsHelper.sortMethods() took 10 ms.
2026-04-23 19:59:31 INFO  org.testng.internal.Utils - [Utils] MethodGroupsHelper.collectMethodsByGroup() took 0 ms.
2026-04-23 19:59:31 INFO  org.testng.internal.Utils - [Utils] MethodGroupsHelper.sortMethods() took 0 ms.
2026-04-23 19:59:31 INFO  org.testng.internal.Utils - [Utils] MethodGroupsHelper.collectMethodsByGroup() took 0 ms.
2026-04-23 19:59:31 INFO  org.testng.internal.Utils - [Utils] MethodGroupsHelper.sortMethods() took 0 ms.
2026-04-23 19:59:31 INFO  org.testng.internal.Utils - [Utils] MethodGroupsHelper.collectMethodsByGroup() took 0 ms.
2026-04-23 19:59:31 INFO  org.testng.internal.Utils - [Utils] MethodGroupsHelper.sortMethods() took 0 ms.
2026-04-23 19:59:31 INFO  org.testng.internal.Utils - [Utils] MethodGroupsHelper.collectMethodsByGroup() took 0 ms.
2026-04-23 19:59:31 INFO  org.testng.internal.Utils - [Utils] MethodGroupsHelper.sortMethods() took 0 ms.
2026-04-23 19:59:31 INFO  org.testng.internal.Utils - [Utils] MethodGroupsHelper.collectMethodsByGroup() took 0 ms.
2026-04-23 19:59:31 INFO  org.testng.internal.Utils - [Utils] MethodGroupsHelper.sortMethods() took 0 ms.
2026-04-23 19:59:31 INFO  org.testng.internal.Utils - [Utils] MethodGroupsHelper.collectMethodsByGroup() took 0 ms.
2026-04-23 19:59:31 INFO  org.testng.internal.Utils - [Utils] MethodGroupsHelper.sortMethods() took 0 ms.
2026-04-23 19:59:31 INFO  org.testng.internal.Utils - [Utils] MethodGroupsHelper.collectMethodsByGroup() took 0 ms.
2026-04-23 19:59:31 INFO  org.testng.internal.Utils - [Utils] MethodGroupsHelper.sortMethods() took 0 ms.
2026-04-23 19:59:31 INFO  org.testng.internal.Utils - [Utils] MethodGroupsHelper.collectMethodsByGroup() took 7 ms.
2026-04-23 19:59:31 INFO  org.testng.internal.Utils - [Utils] MethodGroupsHelper.sortMethods() took 0 ms.
2026-04-23 19:59:31 INFO  org.testng.internal.Utils - [Utils] MethodGroupsHelper.collectMethodsByGroup() took 0 ms.
2026-04-23 19:59:31 INFO  org.testng.internal.Utils - [Utils] MethodGroupsHelper.sortMethods() took 0 ms.
2026-04-23 19:59:31 INFO  org.testng.internal.Utils - [Utils] MethodGroupsHelper.collectMethodsByGroup() took 0 ms.
2026-04-23 19:59:31 INFO  org.testng.internal.Utils - [Utils] MethodGroupsHelper.sortMethods() took 0 ms.
2026-04-23 19:59:31 INFO  org.testng.internal.Utils - [TestNG] Running:
  C:\Users\Rahul\AppData\Local\Temp\testng-eclipse--1538202054\testng-customsuite.xml

2026-04-23 19:59:31 INFO  org.testng.internal.Utils - [Utils] DynamicGraphHelper.createDynamicGraph() took 3 ms.
2026-04-23 19:59:38 INFO  org.testng.internal.Utils - [TestNG] Time taken by org.testng.reporters.jq.Main@5fa23c: 43 ms
2026-04-23 19:59:38 INFO  org.testng.internal.Utils - [TestNG] Time taken by org.testng.reporters.FailedReporter@cdb2d95: 10 ms
2026-04-23 19:59:38 INFO  org.testng.internal.Utils - [TestNG] Time taken by org.testng.reporters.XMLReporter@5f7989fa: 6 ms
2026-04-23 19:59:38 INFO  org.testng.internal.Utils - [TestNG] Time taken by org.testng.reporters.EmailableReporter2@18d910b3: 7 ms
2026-04-23 19:59:38 INFO  org.testng.internal.Utils - [TestNG] Time taken by org.testng.reporters.JUnitReportReporter@5460b754: 11 ms
2026-04-23 19:59:38 INFO  org.testng.internal.Utils - [TestNG] Time taken by org.testng.internal.ExitCodeListener@a9f023e: 0 ms
2026-04-23 20:01:29 DEBUG org.testng.TestNG - suiteXmlPath: "C:\Users\Rahul\AppData\Local\Temp\testng-eclipse--182392379\testng-customsuite.xml"
2026-04-23 20:01:29 INFO  org.testng.internal.Utils - [Utils] MethodGroupsHelper.collectMethodsByGroup() took 1 ms.
2026-04-23 20:01:29 INFO  org.testng.internal.Utils - [Utils] MethodGroupsHelper.sortMethods() took 0 ms.
2026-04-23 20:01:29 INFO  org.testng.internal.Utils - [Utils] MethodGroupsHelper.collectMethodsByGroup() took 0 ms.
2026-04-23 20:01:29 INFO  org.testng.internal.Utils - [Utils] MethodGroupsHelper.sortMethods() took 0 ms.
2026-04-23 20:01:29 INFO  org.testng.internal.Utils - [Utils] MethodGroupsHelper.collectMethodsByGroup() took 0 ms.
2026-04-23 20:01:29 INFO  org.testng.internal.Utils - [Utils] MethodGroupsHelper.sortMethods() took 0 ms.
2026-04-23 20:01:29 INFO  org.testng.internal.Utils - [Utils] MethodGroupsHelper.collectMethodsByGroup() took 0 ms.
2026-04-23 20:01:29 INFO  org.testng.internal.Utils - [Utils] MethodGroupsHelper.sortMethods() took 0 ms.
2026-04-23 20:01:29 INFO  org.testng.internal.Utils - [Utils] MethodGroupsHelper.collectMethodsByGroup() took 5 ms.
2026-04-23 20:01:29 INFO  org.testng.internal.Utils - [Utils] MethodGroupsHelper.sortMethods() took 15 ms.
2026-04-23 20:01:29 INFO  org.testng.internal.Utils - [Utils] MethodGroupsHelper.collectMethodsByGroup() took 0 ms.
2026-04-23 20:01:29 INFO  org.testng.internal.Utils - [Utils] MethodGroupsHelper.sortMethods() took 0 ms.
2026-04-23 20:01:29 INFO  org.testng.internal.Utils - [Utils] MethodGroupsHelper.collectMethodsByGroup() took 0 ms.
2026-04-23 20:01:29 INFO  org.testng.internal.Utils - [Utils] MethodGroupsHelper.sortMethods() took 0 ms.
2026-04-23 20:01:30 INFO  org.testng.internal.Utils - [Utils] MethodGroupsHelper.collectMethodsByGroup() took 0 ms.
2026-04-23 20:01:30 INFO  org.testng.internal.Utils - [Utils] MethodGroupsHelper.sortMethods() took 0 ms.
2026-04-23 20:01:30 INFO  org.testng.internal.Utils - [Utils] MethodGroupsHelper.collectMethodsByGroup() took 0 ms.
2026-04-23 20:01:30 INFO  org.testng.internal.Utils - [Utils] MethodGroupsHelper.sortMethods() took 0 ms.
2026-04-23 20:01:30 INFO  org.testng.internal.Utils - [Utils] MethodGroupsHelper.collectMethodsByGroup() took 0 ms.
2026-04-23 20:01:30 INFO  org.testng.internal.Utils - [Utils] MethodGroupsHelper.sortMethods() took 0 ms.
2026-04-23 20:01:30 INFO  org.testng.internal.Utils - [Utils] MethodGroupsHelper.collectMethodsByGroup() took 0 ms.
2026-04-23 20:01:30 INFO  org.testng.internal.Utils - [Utils] MethodGroupsHelper.sortMethods() took 0 ms.
2026-04-23 20:01:30 INFO  org.testng.internal.Utils - [Utils] MethodGroupsHelper.collectMethodsByGroup() took 0 ms.
2026-04-23 20:01:30 INFO  org.testng.internal.Utils - [Utils] MethodGroupsHelper.sortMethods() took 0 ms.
2026-04-23 20:01:30 INFO  org.testng.internal.Utils - [Utils] MethodGroupsHelper.collectMethodsByGroup() took 12 ms.
2026-04-23 20:01:30 INFO  org.testng.internal.Utils - [Utils] MethodGroupsHelper.sortMethods() took 0 ms.
2026-04-23 20:01:30 INFO  org.testng.internal.Utils - [Utils] MethodGroupsHelper.collectMethodsByGroup() took 0 ms.
2026-04-23 20:01:30 INFO  org.testng.internal.Utils - [Utils] MethodGroupsHelper.sortMethods() took 0 ms.
2026-04-23 20:01:30 INFO  org.testng.internal.Utils - [Utils] MethodGroupsHelper.collectMethodsByGroup() took 0 ms.
2026-04-23 20:01:30 INFO  org.testng.internal.Utils - [Utils] MethodGroupsHelper.sortMethods() took 0 ms.
2026-04-23 20:01:30 INFO  org.testng.internal.Utils - [TestNG] Running:
  C:\Users\Rahul\AppData\Local\Temp\testng-eclipse--182392379\testng-customsuite.xml

2026-04-23 20:01:30 INFO  org.testng.internal.Utils - [Utils] DynamicGraphHelper.createDynamicGraph() took 4 ms.
2026-04-23 20:01:37 INFO  org.testng.internal.Utils - [TestNG] Time taken by org.testng.reporters.jq.Main@9596ce8: 35 ms
2026-04-23 20:01:37 INFO  org.testng.internal.Utils - [TestNG] Time taken by org.testng.reporters.FailedReporter@5f7989fa: 9 ms
2026-04-23 20:01:37 INFO  org.testng.internal.Utils - [TestNG] Time taken by org.testng.reporters.XMLReporter@1e7ab390: 5 ms
2026-04-23 20:01:37 INFO  org.testng.internal.Utils - [TestNG] Time taken by org.testng.reporters.EmailableReporter2@3bbf841e: 4 ms
2026-04-23 20:01:37 INFO  org.testng.internal.Utils - [TestNG] Time taken by org.testng.reporters.JUnitReportReporter@3c3a0032: 4 ms
2026-04-23 20:01:37 INFO  org.testng.internal.Utils - [TestNG] Time taken by org.testng.internal.ExitCodeListener@7ceb4478: 0 ms
2026-04-23 20:02:45 DEBUG org.testng.TestNG - suiteXmlPath: "C:\Users\Rahul\AppData\Local\Temp\testng-eclipse-901753401\testng-customsuite.xml"
2026-04-23 20:02:45 INFO  org.testng.internal.Utils - [Utils] MethodGroupsHelper.collectMethodsByGroup() took 0 ms.
2026-04-23 20:02:45 INFO  org.testng.internal.Utils - [Utils] MethodGroupsHelper.sortMethods() took 2 ms.
2026-04-23 20:02:45 INFO  org.testng.internal.Utils - [Utils] MethodGroupsHelper.collectMethodsByGroup() took 0 ms.
2026-04-23 20:02:45 INFO  org.testng.internal.Utils - [Utils] MethodGroupsHelper.sortMethods() took 0 ms.
2026-04-23 20:02:45 INFO  org.testng.internal.Utils - [Utils] MethodGroupsHelper.collectMethodsByGroup() took 0 ms.
2026-04-23 20:02:45 INFO  org.testng.internal.Utils - [Utils] MethodGroupsHelper.sortMethods() took 0 ms.
2026-04-23 20:02:45 INFO  org.testng.internal.Utils - [Utils] MethodGroupsHelper.collectMethodsByGroup() took 0 ms.
2026-04-23 20:02:45 INFO  org.testng.internal.Utils - [Utils] MethodGroupsHelper.sortMethods() took 0 ms.
2026-04-23 20:02:45 INFO  org.testng.internal.Utils - [Utils] MethodGroupsHelper.collectMethodsByGroup() took 6 ms.
2026-04-23 20:02:45 INFO  org.testng.internal.Utils - [Utils] MethodGroupsHelper.sortMethods() took 10 ms.
2026-04-23 20:02:45 INFO  org.testng.internal.Utils - [Utils] MethodGroupsHelper.collectMethodsByGroup() took 0 ms.
2026-04-23 20:02:45 INFO  org.testng.internal.Utils - [Utils] MethodGroupsHelper.sortMethods() took 0 ms.
2026-04-23 20:02:45 INFO  org.testng.internal.Utils - [Utils] MethodGroupsHelper.collectMethodsByGroup() took 0 ms.
2026-04-23 20:02:45 INFO  org.testng.internal.Utils - [Utils] MethodGroupsHelper.sortMethods() took 0 ms.
2026-04-23 20:02:45 INFO  org.testng.internal.Utils - [Utils] MethodGroupsHelper.collectMethodsByGroup() took 0 ms.
2026-04-23 20:02:45 INFO  org.testng.internal.Utils - [Utils] MethodGroupsHelper.sortMethods() took 0 ms.
2026-04-23 20:02:45 INFO  org.testng.internal.Utils - [Utils] MethodGroupsHelper.collectMethodsByGroup() took 0 ms.
2026-04-23 20:02:45 INFO  org.testng.internal.Utils - [Utils] MethodGroupsHelper.sortMethods() took 0 ms.
2026-04-23 20:02:45 INFO  org.testng.internal.Utils - [Utils] MethodGroupsHelper.collectMethodsByGroup() took 0 ms.
2026-04-23 20:02:45 INFO  org.testng.internal.Utils - [Utils] MethodGroupsHelper.sortMethods() took 0 ms.
2026-04-23 20:02:45 INFO  org.testng.internal.Utils - [Utils] MethodGroupsHelper.collectMethodsByGroup() took 0 ms.
2026-04-23 20:02:45 INFO  org.testng.internal.Utils - [Utils] MethodGroupsHelper.sortMethods() took 0 ms.
2026-04-23 20:02:45 INFO  org.testng.internal.Utils - [Utils] MethodGroupsHelper.collectMethodsByGroup() took 0 ms.
2026-04-23 20:02:45 INFO  org.testng.internal.Utils - [Utils] MethodGroupsHelper.sortMethods() took 0 ms.
2026-04-23 20:02:45 INFO  org.testng.internal.Utils - [Utils] MethodGroupsHelper.collectMethodsByGroup() took 15 ms.
2026-04-23 20:02:45 INFO  org.testng.internal.Utils - [Utils] MethodGroupsHelper.sortMethods() took 1 ms.
2026-04-23 20:02:45 INFO  org.testng.internal.Utils - [Utils] MethodGroupsHelper.collectMethodsByGroup() took 0 ms.
2026-04-23 20:02:45 INFO  org.testng.internal.Utils - [Utils] MethodGroupsHelper.sortMethods() took 0 ms.
2026-04-23 20:02:45 INFO  org.testng.internal.Utils - [Utils] MethodGroupsHelper.collectMethodsByGroup() took 0 ms.
2026-04-23 20:02:45 INFO  org.testng.internal.Utils - [Utils] MethodGroupsHelper.sortMethods() took 0 ms.
2026-04-23 20:02:45 INFO  org.testng.internal.Utils - [TestNG] Running:
  C:\Users\Rahul\AppData\Local\Temp\testng-eclipse-901753401\testng-customsuite.xml

2026-04-23 20:02:45 INFO  org.testng.internal.Utils - [Utils] DynamicGraphHelper.createDynamicGraph() took 5 ms.
2026-04-23 20:02:53 INFO  org.testng.internal.Utils - [TestNG] Time taken by org.testng.reporters.jq.Main@558756be: 36 ms
2026-04-23 20:02:53 INFO  org.testng.internal.Utils - [TestNG] Time taken by org.testng.reporters.FailedReporter@122d6c22: 10 ms
2026-04-23 20:02:53 INFO  org.testng.internal.Utils - [TestNG] Time taken by org.testng.reporters.XMLReporter@5bc28f40: 6 ms
2026-04-23 20:02:53 INFO  org.testng.internal.Utils - [TestNG] Time taken by org.testng.reporters.EmailableReporter2@1e7ab390: 7 ms
2026-04-23 20:02:53 INFO  org.testng.internal.Utils - [TestNG] Time taken by org.testng.reporters.JUnitReportReporter@a9f023e: 5 ms
2026-04-23 20:02:53 INFO  org.testng.internal.Utils - [TestNG] Time taken by org.testng.internal.ExitCodeListener@c27a3a2: 0 ms
2026-04-23 20:04:15 DEBUG org.testng.TestNG - suiteXmlPath: "C:\Users\Rahul\AppData\Local\Temp\testng-eclipse--1582815434\testng-customsuite.xml"
2026-04-23 20:04:16 INFO  org.testng.internal.Utils - [Utils] MethodGroupsHelper.collectMethodsByGroup() took 0 ms.
2026-04-23 20:04:16 INFO  org.testng.internal.Utils - [Utils] MethodGroupsHelper.sortMethods() took 1 ms.
2026-04-23 20:04:16 INFO  org.testng.internal.Utils - [Utils] MethodGroupsHelper.collectMethodsByGroup() took 0 ms.
2026-04-23 20:04:16 INFO  org.testng.internal.Utils - [Utils] MethodGroupsHelper.sortMethods() took 0 ms.
2026-04-23 20:04:16 INFO  org.testng.internal.Utils - [Utils] MethodGroupsHelper.collectMethodsByGroup() took 0 ms.
2026-04-23 20:04:16 INFO  org.testng.internal.Utils - [Utils] MethodGroupsHelper.sortMethods() took 0 ms.
2026-04-23 20:04:16 INFO  org.testng.internal.Utils - [Utils] MethodGroupsHelper.collectMethodsByGroup() took 0 ms.
2026-04-23 20:04:16 INFO  org.testng.internal.Utils - [Utils] MethodGroupsHelper.sortMethods() took 0 ms.
2026-04-23 20:04:16 INFO  org.testng.internal.Utils - [Utils] MethodGroupsHelper.collectMethodsByGroup() took 4 ms.
2026-04-23 20:04:16 INFO  org.testng.internal.Utils - [Utils] MethodGroupsHelper.sortMethods() took 10 ms.
2026-04-23 20:04:16 INFO  org.testng.internal.Utils - [Utils] MethodGroupsHelper.collectMethodsByGroup() took 0 ms.
2026-04-23 20:04:16 INFO  org.testng.internal.Utils - [Utils] MethodGroupsHelper.sortMethods() took 0 ms.
2026-04-23 20:04:16 INFO  org.testng.internal.Utils - [Utils] MethodGroupsHelper.collectMethodsByGroup() took 0 ms.
2026-04-23 20:04:16 INFO  org.testng.internal.Utils - [Utils] MethodGroupsHelper.sortMethods() took 0 ms.
2026-04-23 20:04:16 INFO  org.testng.internal.Utils - [Utils] MethodGroupsHelper.collectMethodsByGroup() took 0 ms.
2026-04-23 20:04:16 INFO  org.testng.internal.Utils - [Utils] MethodGroupsHelper.sortMethods() took 0 ms.
2026-04-23 20:04:16 INFO  org.testng.internal.Utils - [Utils] MethodGroupsHelper.collectMethodsByGroup() took 0 ms.
2026-04-23 20:04:16 INFO  org.testng.internal.Utils - [Utils] MethodGroupsHelper.sortMethods() took 0 ms.
2026-04-23 20:04:16 INFO  org.testng.internal.Utils - [Utils] MethodGroupsHelper.collectMethodsByGroup() took 0 ms.
2026-04-23 20:04:16 INFO  org.testng.internal.Utils - [Utils] MethodGroupsHelper.sortMethods() took 0 ms.
2026-04-23 20:04:16 INFO  org.testng.internal.Utils - [Utils] MethodGroupsHelper.collectMethodsByGroup() took 0 ms.
2026-04-23 20:04:16 INFO  org.testng.internal.Utils - [Utils] MethodGroupsHelper.sortMethods() took 0 ms.
2026-04-23 20:04:16 INFO  org.testng.internal.Utils - [Utils] MethodGroupsHelper.collectMethodsByGroup() took 0 ms.
2026-04-23 20:04:16 INFO  org.testng.internal.Utils - [Utils] MethodGroupsHelper.sortMethods() took 0 ms.
2026-04-23 20:04:16 INFO  org.testng.internal.Utils - [Utils] MethodGroupsHelper.collectMethodsByGroup() took 10 ms.
2026-04-23 20:04:16 INFO  org.testng.internal.Utils - [Utils] MethodGroupsHelper.sortMethods() took 1 ms.
2026-04-23 20:04:16 INFO  org.testng.internal.Utils - [Utils] MethodGroupsHelper.collectMethodsByGroup() took 0 ms.
2026-04-23 20:04:16 INFO  org.testng.internal.Utils - [Utils] MethodGroupsHelper.sortMethods() took 0 ms.
2026-04-23 20:04:16 INFO  org.testng.internal.Utils - [Utils] MethodGroupsHelper.collectMethodsByGroup() took 0 ms.
2026-04-23 20:04:16 INFO  org.testng.internal.Utils - [Utils] MethodGroupsHelper.sortMethods() took 0 ms.
2026-04-23 20:04:16 INFO  org.testng.internal.Utils - [TestNG] Running:
  C:\Users\Rahul\AppData\Local\Temp\testng-eclipse--1582815434\testng-customsuite.xml

2026-04-23 20:04:16 INFO  org.testng.internal.Utils - [Utils] DynamicGraphHelper.createDynamicGraph() took 3 ms.
2026-04-23 20:04:26 INFO  org.testng.internal.Utils - [TestNG] Time taken by org.testng.reporters.jq.Main@227a47: 41 ms
2026-04-23 20:04:26 INFO  org.testng.internal.Utils - [TestNG] Time taken by org.testng.reporters.FailedReporter@117525fe: 8 ms
2026-04-23 20:04:26 INFO  org.testng.internal.Utils - [TestNG] Time taken by org.testng.reporters.XMLReporter@18d910b3: 7 ms
2026-04-23 20:04:26 INFO  org.testng.internal.Utils - [TestNG] Time taken by org.testng.reporters.EmailableReporter2@3ed7821: 6 ms
2026-04-23 20:04:26 INFO  org.testng.internal.Utils - [TestNG] Time taken by org.testng.reporters.JUnitReportReporter@77bbadc: 6 ms
2026-04-23 20:04:26 INFO  org.testng.internal.Utils - [TestNG] Time taken by org.testng.internal.ExitCodeListener@3c3a0032: 0 ms
2026-04-23 20:09:40 DEBUG org.testng.TestNG - suiteXmlPath: "C:\Users\Rahul\AppData\Local\Temp\testng-eclipse-525819788\testng-customsuite.xml"
2026-04-23 20:09:40 INFO  org.testng.internal.Utils - [Utils] MethodGroupsHelper.collectMethodsByGroup() took 0 ms.
2026-04-23 20:09:40 INFO  org.testng.internal.Utils - [Utils] MethodGroupsHelper.sortMethods() took 2 ms.
2026-04-23 20:09:40 INFO  org.testng.internal.Utils - [Utils] MethodGroupsHelper.collectMethodsByGroup() took 0 ms.
2026-04-23 20:09:40 INFO  org.testng.internal.Utils - [Utils] MethodGroupsHelper.sortMethods() took 0 ms.
2026-04-23 20:09:40 INFO  org.testng.internal.Utils - [Utils] MethodGroupsHelper.collectMethodsByGroup() took 0 ms.
2026-04-23 20:09:40 INFO  org.testng.internal.Utils - [Utils] MethodGroupsHelper.sortMethods() took 0 ms.
2026-04-23 20:09:40 INFO  org.testng.internal.Utils - [Utils] MethodGroupsHelper.collectMethodsByGroup() took 0 ms.
2026-04-23 20:09:40 INFO  org.testng.internal.Utils - [Utils] MethodGroupsHelper.sortMethods() took 0 ms.
2026-04-23 20:09:40 INFO  org.testng.internal.Utils - [Utils] MethodGroupsHelper.collectMethodsByGroup() took 3 ms.
2026-04-23 20:09:40 INFO  org.testng.internal.Utils - [Utils] MethodGroupsHelper.sortMethods() took 10 ms.
2026-04-23 20:09:40 INFO  org.testng.internal.Utils - [Utils] MethodGroupsHelper.collectMethodsByGroup() took 0 ms.
2026-04-23 20:09:40 INFO  org.testng.internal.Utils - [Utils] MethodGroupsHelper.sortMethods() took 0 ms.
2026-04-23 20:09:40 INFO  org.testng.internal.Utils - [Utils] MethodGroupsHelper.collectMethodsByGroup() took 0 ms.
2026-04-23 20:09:40 INFO  org.testng.internal.Utils - [Utils] MethodGroupsHelper.sortMethods() took 0 ms.
2026-04-23 20:09:40 INFO  org.testng.internal.Utils - [Utils] MethodGroupsHelper.collectMethodsByGroup() took 0 ms.
2026-04-23 20:09:40 INFO  org.testng.internal.Utils - [Utils] MethodGroupsHelper.sortMethods() took 0 ms.
2026-04-23 20:09:40 INFO  org.testng.internal.Utils - [Utils] MethodGroupsHelper.collectMethodsByGroup() took 0 ms.
2026-04-23 20:09:40 INFO  org.testng.internal.Utils - [Utils] MethodGroupsHelper.sortMethods() took 1 ms.
2026-04-23 20:09:40 INFO  org.testng.internal.Utils - [Utils] MethodGroupsHelper.collectMethodsByGroup() took 1 ms.
2026-04-23 20:09:40 INFO  org.testng.internal.Utils - [Utils] MethodGroupsHelper.sortMethods() took 0 ms.
2026-04-23 20:09:40 INFO  org.testng.internal.Utils - [Utils] MethodGroupsHelper.collectMethodsByGroup() took 0 ms.
2026-04-23 20:09:40 INFO  org.testng.internal.Utils - [Utils] MethodGroupsHelper.sortMethods() took 0 ms.
2026-04-23 20:09:40 INFO  org.testng.internal.Utils - [Utils] MethodGroupsHelper.collectMethodsByGroup() took 0 ms.
2026-04-23 20:09:40 INFO  org.testng.internal.Utils - [Utils] MethodGroupsHelper.sortMethods() took 0 ms.
2026-04-23 20:09:40 INFO  org.testng.internal.Utils - [Utils] MethodGroupsHelper.collectMethodsByGroup() took 9 ms.
2026-04-23 20:09:40 INFO  org.testng.internal.Utils - [Utils] MethodGroupsHelper.sortMethods() took 1 ms.
2026-04-23 20:09:40 INFO  org.testng.internal.Utils - [Utils] MethodGroupsHelper.collectMethodsByGroup() took 0 ms.
2026-04-23 20:09:40 INFO  org.testng.internal.Utils - [Utils] MethodGroupsHelper.sortMethods() took 0 ms.
2026-04-23 20:09:40 INFO  org.testng.internal.Utils - [Utils] MethodGroupsHelper.collectMethodsByGroup() took 0 ms.
2026-04-23 20:09:40 INFO  org.testng.internal.Utils - [Utils] MethodGroupsHelper.sortMethods() took 0 ms.
2026-04-23 20:09:40 INFO  org.testng.internal.Utils - [TestNG] Running:
  C:\Users\Rahul\AppData\Local\Temp\testng-eclipse-525819788\testng-customsuite.xml

2026-04-23 20:09:40 INFO  org.testng.internal.Utils - [Utils] DynamicGraphHelper.createDynamicGraph() took 2 ms.
2026-04-23 20:09:47 INFO  com.Tests.ProductListingPageTest - searched category: Tshirts
2026-04-23 20:09:47 INFO  org.testng.internal.Utils - [TestNG] Time taken by org.testng.reporters.jq.Main@6d1dcdff: 36 ms
2026-04-23 20:09:47 INFO  org.testng.internal.Utils - [TestNG] Time taken by org.testng.reporters.FailedReporter@5df778c3: 9 ms
2026-04-23 20:09:47 INFO  org.testng.internal.Utils - [TestNG] Time taken by org.testng.reporters.XMLReporter@7e74a380: 7 ms
2026-04-23 20:09:47 INFO  org.testng.internal.Utils - [TestNG] Time taken by org.testng.reporters.EmailableReporter2@77774571: 5 ms
2026-04-23 20:09:47 INFO  org.testng.internal.Utils - [TestNG] Time taken by org.testng.reporters.JUnitReportReporter@4b200971: 6 ms
2026-04-23 20:09:47 INFO  org.testng.internal.Utils - [TestNG] Time taken by org.testng.internal.ExitCodeListener@1a2bcd56: 0 ms
2026-04-23 20:15:13 DEBUG org.testng.TestNG - suiteXmlPath: "C:\Users\Rahul\AppData\Local\Temp\testng-eclipse--1656200138\testng-customsuite.xml"
2026-04-23 20:15:13 INFO  org.testng.internal.Utils - [Utils] MethodGroupsHelper.collectMethodsByGroup() took 0 ms.
2026-04-23 20:15:13 INFO  org.testng.internal.Utils - [Utils] MethodGroupsHelper.sortMethods() took 1 ms.
2026-04-23 20:15:13 INFO  org.testng.internal.Utils - [Utils] MethodGroupsHelper.collectMethodsByGroup() took 0 ms.
2026-04-23 20:15:13 INFO  org.testng.internal.Utils - [Utils] MethodGroupsHelper.sortMethods() took 0 ms.
2026-04-23 20:15:13 INFO  org.testng.internal.Utils - [Utils] MethodGroupsHelper.collectMethodsByGroup() took 0 ms.
2026-04-23 20:15:13 INFO  org.testng.internal.Utils - [Utils] MethodGroupsHelper.sortMethods() took 0 ms.
2026-04-23 20:15:13 INFO  org.testng.internal.Utils - [Utils] MethodGroupsHelper.collectMethodsByGroup() took 0 ms.
2026-04-23 20:15:13 INFO  org.testng.internal.Utils - [Utils] MethodGroupsHelper.sortMethods() took 0 ms.
2026-04-23 20:15:13 INFO  org.testng.internal.Utils - [Utils] MethodGroupsHelper.collectMethodsByGroup() took 7 ms.
2026-04-23 20:15:13 INFO  org.testng.internal.Utils - [Utils] MethodGroupsHelper.sortMethods() took 9 ms.
2026-04-23 20:15:13 INFO  org.testng.internal.Utils - [Utils] MethodGroupsHelper.collectMethodsByGroup() took 0 ms.
2026-04-23 20:15:13 INFO  org.testng.internal.Utils - [Utils] MethodGroupsHelper.sortMethods() took 0 ms.
2026-04-23 20:15:13 INFO  org.testng.internal.Utils - [Utils] MethodGroupsHelper.collectMethodsByGroup() took 0 ms.
2026-04-23 20:15:13 INFO  org.testng.internal.Utils - [Utils] MethodGroupsHelper.sortMethods() took 0 ms.
2026-04-23 20:15:13 INFO  org.testng.internal.Utils - [Utils] MethodGroupsHelper.collectMethodsByGroup() took 0 ms.
2026-04-23 20:15:13 INFO  org.testng.internal.Utils - [Utils] MethodGroupsHelper.sortMethods() took 0 ms.
2026-04-23 20:15:13 INFO  org.testng.internal.Utils - [Utils] MethodGroupsHelper.collectMethodsByGroup() took 0 ms.
2026-04-23 20:15:13 INFO  org.testng.internal.Utils - [Utils] MethodGroupsHelper.sortMethods() took 0 ms.
2026-04-23 20:15:13 INFO  org.testng.internal.Utils - [Utils] MethodGroupsHelper.collectMethodsByGroup() took 0 ms.
2026-04-23 20:15:13 INFO  org.testng.internal.Utils - [Utils] MethodGroupsHelper.sortMethods() took 1 ms.
2026-04-23 20:15:13 INFO  org.testng.internal.Utils - [Utils] MethodGroupsHelper.collectMethodsByGroup() took 0 ms.
2026-04-23 20:15:13 INFO  org.testng.internal.Utils - [Utils] MethodGroupsHelper.sortMethods() took 0 ms.
2026-04-23 20:15:13 INFO  org.testng.internal.Utils - [Utils] MethodGroupsHelper.collectMethodsByGroup() took 0 ms.
2026-04-23 20:15:13 INFO  org.testng.internal.Utils - [Utils] MethodGroupsHelper.sortMethods() took 0 ms.
2026-04-23 20:15:13 INFO  org.testng.internal.Utils - [Utils] MethodGroupsHelper.collectMethodsByGroup() took 14 ms.
2026-04-23 20:15:13 INFO  org.testng.internal.Utils - [Utils] MethodGroupsHelper.sortMethods() took 0 ms.
2026-04-23 20:15:13 INFO  org.testng.internal.Utils - [Utils] MethodGroupsHelper.collectMethodsByGroup() took 0 ms.
2026-04-23 20:15:13 INFO  org.testng.internal.Utils - [Utils] MethodGroupsHelper.sortMethods() took 0 ms.
2026-04-23 20:15:13 INFO  org.testng.internal.Utils - [Utils] MethodGroupsHelper.collectMethodsByGroup() took 0 ms.
2026-04-23 20:15:13 INFO  org.testng.internal.Utils - [Utils] MethodGroupsHelper.sortMethods() took 0 ms.
2026-04-23 20:15:13 INFO  org.testng.internal.Utils - [TestNG] Running:
  C:\Users\Rahul\AppData\Local\Temp\testng-eclipse--1656200138\testng-customsuite.xml

2026-04-23 20:15:13 INFO  org.testng.internal.Utils - [Utils] DynamicGraphHelper.createDynamicGraph() took 5 ms.
2026-04-23 20:15:20 INFO  com.Tests.ProductListingPageTest - searched category: Tshirts
2026-04-23 20:15:21 INFO  org.testng.internal.Utils - [TestNG] Time taken by org.testng.reporters.jq.Main@cdb2d95: 37 ms
2026-04-23 20:15:21 INFO  org.testng.internal.Utils - [TestNG] Time taken by org.testng.reporters.FailedReporter@77774571: 8 ms
2026-04-23 20:15:21 INFO  org.testng.internal.Utils - [TestNG] Time taken by org.testng.reporters.XMLReporter@3ee0b4f7: 6 ms
2026-04-23 20:15:21 INFO  org.testng.internal.Utils - [TestNG] Time taken by org.testng.reporters.EmailableReporter2@58472096: 6 ms
2026-04-23 20:15:21 INFO  org.testng.internal.Utils - [TestNG] Time taken by org.testng.reporters.JUnitReportReporter@2924f1d8: 5 ms
2026-04-23 20:15:21 INFO  org.testng.internal.Utils - [TestNG] Time taken by org.testng.internal.ExitCodeListener@524a076e: 0 ms
2026-04-23 20:20:13 DEBUG org.testng.TestNG - suiteXmlPath: "C:\Users\Rahul\AppData\Local\Temp\testng-eclipse-776808531\testng-customsuite.xml"
2026-04-23 20:20:13 INFO  org.testng.internal.Utils - [Utils] MethodGroupsHelper.collectMethodsByGroup() took 1 ms.
2026-04-23 20:20:13 INFO  org.testng.internal.Utils - [Utils] MethodGroupsHelper.sortMethods() took 1 ms.
2026-04-23 20:20:13 INFO  org.testng.internal.Utils - [Utils] MethodGroupsHelper.collectMethodsByGroup() took 0 ms.
2026-04-23 20:20:13 INFO  org.testng.internal.Utils - [Utils] MethodGroupsHelper.sortMethods() took 0 ms.
2026-04-23 20:20:13 INFO  org.testng.internal.Utils - [Utils] MethodGroupsHelper.collectMethodsByGroup() took 0 ms.
2026-04-23 20:20:13 INFO  org.testng.internal.Utils - [Utils] MethodGroupsHelper.sortMethods() took 0 ms.
2026-04-23 20:20:13 INFO  org.testng.internal.Utils - [Utils] MethodGroupsHelper.collectMethodsByGroup() took 0 ms.
2026-04-23 20:20:13 INFO  org.testng.internal.Utils - [Utils] MethodGroupsHelper.sortMethods() took 0 ms.
2026-04-23 20:20:13 INFO  org.testng.internal.Utils - [Utils] MethodGroupsHelper.collectMethodsByGroup() took 5 ms.
2026-04-23 20:20:13 INFO  org.testng.internal.Utils - [Utils] MethodGroupsHelper.sortMethods() took 10 ms.
2026-04-23 20:20:13 INFO  org.testng.internal.Utils - [Utils] MethodGroupsHelper.collectMethodsByGroup() took 0 ms.
2026-04-23 20:20:13 INFO  org.testng.internal.Utils - [Utils] MethodGroupsHelper.sortMethods() took 0 ms.
2026-04-23 20:20:13 INFO  org.testng.internal.Utils - [Utils] MethodGroupsHelper.collectMethodsByGroup() took 0 ms.
2026-04-23 20:20:13 INFO  org.testng.internal.Utils - [Utils] MethodGroupsHelper.sortMethods() took 0 ms.
2026-04-23 20:20:13 INFO  org.testng.internal.Utils - [Utils] MethodGroupsHelper.collectMethodsByGroup() took 0 ms.
2026-04-23 20:20:13 INFO  org.testng.internal.Utils - [Utils] MethodGroupsHelper.sortMethods() took 0 ms.
2026-04-23 20:20:13 INFO  org.testng.internal.Utils - [Utils] MethodGroupsHelper.collectMethodsByGroup() took 0 ms.
2026-04-23 20:20:13 INFO  org.testng.internal.Utils - [Utils] MethodGroupsHelper.sortMethods() took 0 ms.
2026-04-23 20:20:13 INFO  org.testng.internal.Utils - [Utils] MethodGroupsHelper.collectMethodsByGroup() took 0 ms.
2026-04-23 20:20:13 INFO  org.testng.internal.Utils - [Utils] MethodGroupsHelper.sortMethods() took 0 ms.
2026-04-23 20:20:13 INFO  org.testng.internal.Utils - [Utils] MethodGroupsHelper.collectMethodsByGroup() took 0 ms.
2026-04-23 20:20:13 INFO  org.testng.internal.Utils - [Utils] MethodGroupsHelper.sortMethods() took 0 ms.
2026-04-23 20:20:13 INFO  org.testng.internal.Utils - [Utils] MethodGroupsHelper.collectMethodsByGroup() took 0 ms.
2026-04-23 20:20:13 INFO  org.testng.internal.Utils - [Utils] MethodGroupsHelper.sortMethods() took 0 ms.
2026-04-23 20:20:13 INFO  org.testng.internal.Utils - [Utils] MethodGroupsHelper.collectMethodsByGroup() took 15 ms.
2026-04-23 20:20:13 INFO  org.testng.internal.Utils - [Utils] MethodGroupsHelper.sortMethods() took 1 ms.
2026-04-23 20:20:13 INFO  org.testng.internal.Utils - [Utils] MethodGroupsHelper.collectMethodsByGroup() took 0 ms.
2026-04-23 20:20:13 INFO  org.testng.internal.Utils - [Utils] MethodGroupsHelper.sortMethods() took 0 ms.
2026-04-23 20:20:13 INFO  org.testng.internal.Utils - [Utils] MethodGroupsHelper.collectMethodsByGroup() took 0 ms.
2026-04-23 20:20:13 INFO  org.testng.internal.Utils - [Utils] MethodGroupsHelper.sortMethods() took 0 ms.
2026-04-23 20:20:13 INFO  org.testng.internal.Utils - [TestNG] Running:
  C:\Users\Rahul\AppData\Local\Temp\testng-eclipse-776808531\testng-customsuite.xml

2026-04-23 20:20:13 INFO  org.testng.internal.Utils - [Utils] DynamicGraphHelper.createDynamicGraph() took 3 ms.
2026-04-23 20:20:21 INFO  com.Tests.ProductListingPageTest - searched category: Tshirts
2026-04-23 20:20:21 INFO  org.testng.internal.Utils - [TestNG] Time taken by org.testng.reporters.jq.Main@122d6c22: 33 ms
2026-04-23 20:20:21 INFO  org.testng.internal.Utils - [TestNG] Time taken by org.testng.reporters.FailedReporter@277b8fa4: 9 ms
2026-04-23 20:20:21 INFO  org.testng.internal.Utils - [TestNG] Time taken by org.testng.reporters.XMLReporter@79b84841: 6 ms
2026-04-23 20:20:21 INFO  org.testng.internal.Utils - [TestNG] Time taken by org.testng.reporters.EmailableReporter2@a92be4f: 5 ms
2026-04-23 20:20:21 INFO  org.testng.internal.Utils - [TestNG] Time taken by org.testng.reporters.JUnitReportReporter@524a076e: 5 ms
2026-04-23 20:20:21 INFO  org.testng.internal.Utils - [TestNG] Time taken by org.testng.internal.ExitCodeListener@5b5e7036: 0 ms
2026-04-23 20:20:38 DEBUG org.testng.TestNG - suiteXmlPath: "C:\Users\Rahul\AppData\Local\Temp\testng-eclipse--1120156788\testng-customsuite.xml"
2026-04-23 20:20:38 INFO  org.testng.internal.Utils - [Utils] MethodGroupsHelper.collectMethodsByGroup() took 1 ms.
2026-04-23 20:20:38 INFO  org.testng.internal.Utils - [Utils] MethodGroupsHelper.sortMethods() took 0 ms.
2026-04-23 20:20:38 INFO  org.testng.internal.Utils - [Utils] MethodGroupsHelper.collectMethodsByGroup() took 0 ms.
2026-04-23 20:20:38 INFO  org.testng.internal.Utils - [Utils] MethodGroupsHelper.sortMethods() took 0 ms.
2026-04-23 20:20:38 INFO  org.testng.internal.Utils - [Utils] MethodGroupsHelper.collectMethodsByGroup() took 0 ms.
2026-04-23 20:20:38 INFO  org.testng.internal.Utils - [Utils] MethodGroupsHelper.sortMethods() took 0 ms.
2026-04-23 20:20:38 INFO  org.testng.internal.Utils - [Utils] MethodGroupsHelper.collectMethodsByGroup() took 0 ms.
2026-04-23 20:20:38 INFO  org.testng.internal.Utils - [Utils] MethodGroupsHelper.sortMethods() took 0 ms.
2026-04-23 20:20:38 INFO  org.testng.internal.Utils - [Utils] MethodGroupsHelper.collectMethodsByGroup() took 5 ms.
2026-04-23 20:20:38 INFO  org.testng.internal.Utils - [Utils] MethodGroupsHelper.sortMethods() took 9 ms.
2026-04-23 20:20:38 INFO  org.testng.internal.Utils - [Utils] MethodGroupsHelper.collectMethodsByGroup() took 0 ms.
2026-04-23 20:20:38 INFO  org.testng.internal.Utils - [Utils] MethodGroupsHelper.sortMethods() took 0 ms.
2026-04-23 20:20:38 INFO  org.testng.internal.Utils - [Utils] MethodGroupsHelper.collectMethodsByGroup() took 0 ms.
2026-04-23 20:20:38 INFO  org.testng.internal.Utils - [Utils] MethodGroupsHelper.sortMethods() took 0 ms.
2026-04-23 20:20:38 INFO  org.testng.internal.Utils - [Utils] MethodGroupsHelper.collectMethodsByGroup() took 0 ms.
2026-04-23 20:20:38 INFO  org.testng.internal.Utils - [Utils] MethodGroupsHelper.sortMethods() took 0 ms.
2026-04-23 20:20:38 INFO  org.testng.internal.Utils - [Utils] MethodGroupsHelper.collectMethodsByGroup() took 0 ms.
2026-04-23 20:20:38 INFO  org.testng.internal.Utils - [Utils] MethodGroupsHelper.sortMethods() took 1 ms.
2026-04-23 20:20:38 INFO  org.testng.internal.Utils - [Utils] MethodGroupsHelper.collectMethodsByGroup() took 0 ms.
2026-04-23 20:20:38 INFO  org.testng.internal.Utils - [Utils] MethodGroupsHelper.sortMethods() took 0 ms.
2026-04-23 20:20:38 INFO  org.testng.internal.Utils - [Utils] MethodGroupsHelper.collectMethodsByGroup() took 0 ms.
2026-04-23 20:20:38 INFO  org.testng.internal.Utils - [Utils] MethodGroupsHelper.sortMethods() took 0 ms.
2026-04-23 20:20:38 INFO  org.testng.internal.Utils - [Utils] MethodGroupsHelper.collectMethodsByGroup() took 0 ms.
2026-04-23 20:20:38 INFO  org.testng.internal.Utils - [Utils] MethodGroupsHelper.sortMethods() took 0 ms.
2026-04-23 20:20:38 INFO  org.testng.internal.Utils - [Utils] MethodGroupsHelper.collectMethodsByGroup() took 8 ms.
2026-04-23 20:20:38 INFO  org.testng.internal.Utils - [Utils] MethodGroupsHelper.sortMethods() took 0 ms.
2026-04-23 20:20:38 INFO  org.testng.internal.Utils - [Utils] MethodGroupsHelper.collectMethodsByGroup() took 0 ms.
2026-04-23 20:20:38 INFO  org.testng.internal.Utils - [Utils] MethodGroupsHelper.sortMethods() took 0 ms.
2026-04-23 20:20:38 INFO  org.testng.internal.Utils - [Utils] MethodGroupsHelper.collectMethodsByGroup() took 0 ms.
2026-04-23 20:20:38 INFO  org.testng.internal.Utils - [Utils] MethodGroupsHelper.sortMethods() took 0 ms.
2026-04-23 20:20:38 INFO  org.testng.internal.Utils - [TestNG] Running:
  C:\Users\Rahul\AppData\Local\Temp\testng-eclipse--1120156788\testng-customsuite.xml

2026-04-23 20:20:38 INFO  org.testng.internal.Utils - [Utils] DynamicGraphHelper.createDynamicGraph() took 2 ms.
2026-04-23 20:21:16 INFO  com.Tests.ProductListingPageTest - searched category: Tshirts
2026-04-23 20:21:16 INFO  org.testng.internal.Utils - [TestNG] Time taken by org.testng.reporters.jq.Main@4fc3c165: 33 ms
2026-04-23 20:21:16 INFO  org.testng.internal.Utils - [TestNG] Time taken by org.testng.reporters.FailedReporter@60f70249: 1 ms
2026-04-23 20:21:16 INFO  org.testng.internal.Utils - [TestNG] Time taken by org.testng.reporters.XMLReporter@43045f9f: 5 ms
2026-04-23 20:21:16 INFO  org.testng.internal.Utils - [TestNG] Time taken by org.testng.reporters.EmailableReporter2@2849434b: 3 ms
2026-04-23 20:21:16 INFO  org.testng.internal.Utils - [TestNG] Time taken by org.testng.reporters.JUnitReportReporter@3c5dbdf8: 5 ms
2026-04-23 20:21:16 INFO  org.testng.internal.Utils - [TestNG] Time taken by org.testng.internal.ExitCodeListener@352c44a8: 0 ms
2026-04-23 20:21:25 DEBUG org.testng.TestNG - suiteXmlPath: "C:\Users\Rahul\AppData\Local\Temp\testng-eclipse--647022910\testng-customsuite.xml"
2026-04-23 20:21:26 INFO  org.testng.internal.Utils - [Utils] MethodGroupsHelper.collectMethodsByGroup() took 0 ms.
2026-04-23 20:21:26 INFO  org.testng.internal.Utils - [Utils] MethodGroupsHelper.sortMethods() took 1 ms.
2026-04-23 20:21:26 INFO  org.testng.internal.Utils - [Utils] MethodGroupsHelper.collectMethodsByGroup() took 0 ms.
2026-04-23 20:21:26 INFO  org.testng.internal.Utils - [Utils] MethodGroupsHelper.sortMethods() took 0 ms.
2026-04-23 20:21:26 INFO  org.testng.internal.Utils - [Utils] MethodGroupsHelper.collectMethodsByGroup() took 0 ms.
2026-04-23 20:21:26 INFO  org.testng.internal.Utils - [Utils] MethodGroupsHelper.sortMethods() took 0 ms.
2026-04-23 20:21:26 INFO  org.testng.internal.Utils - [Utils] MethodGroupsHelper.collectMethodsByGroup() took 0 ms.
2026-04-23 20:21:26 INFO  org.testng.internal.Utils - [Utils] MethodGroupsHelper.sortMethods() took 0 ms.
2026-04-23 20:21:26 INFO  org.testng.internal.Utils - [Utils] MethodGroupsHelper.collectMethodsByGroup() took 6 ms.
2026-04-23 20:21:26 INFO  org.testng.internal.Utils - [Utils] MethodGroupsHelper.sortMethods() took 11 ms.
2026-04-23 20:21:26 INFO  org.testng.internal.Utils - [Utils] MethodGroupsHelper.collectMethodsByGroup() took 0 ms.
2026-04-23 20:21:26 INFO  org.testng.internal.Utils - [Utils] MethodGroupsHelper.sortMethods() took 0 ms.
2026-04-23 20:21:26 INFO  org.testng.internal.Utils - [Utils] MethodGroupsHelper.collectMethodsByGroup() took 0 ms.
2026-04-23 20:21:26 INFO  org.testng.internal.Utils - [Utils] MethodGroupsHelper.sortMethods() took 0 ms.
2026-04-23 20:21:26 INFO  org.testng.internal.Utils - [Utils] MethodGroupsHelper.collectMethodsByGroup() took 0 ms.
2026-04-23 20:21:26 INFO  org.testng.internal.Utils - [Utils] MethodGroupsHelper.sortMethods() took 0 ms.
2026-04-23 20:21:26 INFO  org.testng.internal.Utils - [Utils] MethodGroupsHelper.collectMethodsByGroup() took 0 ms.
2026-04-23 20:21:26 INFO  org.testng.internal.Utils - [Utils] MethodGroupsHelper.sortMethods() took 0 ms.
2026-04-23 20:21:26 INFO  org.testng.internal.Utils - [Utils] MethodGroupsHelper.collectMethodsByGroup() took 0 ms.
2026-04-23 20:21:26 INFO  org.testng.internal.Utils - [Utils] MethodGroupsHelper.sortMethods() took 0 ms.
2026-04-23 20:21:26 INFO  org.testng.internal.Utils - [Utils] MethodGroupsHelper.collectMethodsByGroup() took 0 ms.
2026-04-23 20:21:26 INFO  org.testng.internal.Utils - [Utils] MethodGroupsHelper.sortMethods() took 0 ms.
2026-04-23 20:21:26 INFO  org.testng.internal.Utils - [Utils] MethodGroupsHelper.collectMethodsByGroup() took 0 ms.
2026-04-23 20:21:26 INFO  org.testng.internal.Utils - [Utils] MethodGroupsHelper.sortMethods() took 0 ms.
2026-04-23 20:21:26 INFO  org.testng.internal.Utils - [Utils] MethodGroupsHelper.collectMethodsByGroup() took 9 ms.
2026-04-23 20:21:26 INFO  org.testng.internal.Utils - [Utils] MethodGroupsHelper.sortMethods() took 0 ms.
2026-04-23 20:21:26 INFO  org.testng.internal.Utils - [Utils] MethodGroupsHelper.collectMethodsByGroup() took 0 ms.
2026-04-23 20:21:26 INFO  org.testng.internal.Utils - [Utils] MethodGroupsHelper.sortMethods() took 0 ms.
2026-04-23 20:21:26 INFO  org.testng.internal.Utils - [Utils] MethodGroupsHelper.collectMethodsByGroup() took 0 ms.
2026-04-23 20:21:26 INFO  org.testng.internal.Utils - [Utils] MethodGroupsHelper.sortMethods() took 0 ms.
2026-04-23 20:21:26 INFO  org.testng.internal.Utils - [TestNG] Running:
  C:\Users\Rahul\AppData\Local\Temp\testng-eclipse--647022910\testng-customsuite.xml

2026-04-23 20:21:26 INFO  org.testng.internal.Utils - [Utils] DynamicGraphHelper.createDynamicGraph() took 1 ms.
2026-04-23 20:21:37 INFO  com.Tests.ProductListingPageTest - searched category: Tshirts
2026-04-23 20:21:37 INFO  org.testng.internal.Utils - [TestNG] Time taken by org.testng.reporters.jq.Main@60f70249: 32 ms
2026-04-23 20:21:37 INFO  org.testng.internal.Utils - [TestNG] Time taken by org.testng.reporters.FailedReporter@1effd53c: 1 ms
2026-04-23 20:21:37 INFO  org.testng.internal.Utils - [TestNG] Time taken by org.testng.reporters.XMLReporter@2f236de0: 5 ms
2026-04-23 20:21:37 INFO  org.testng.internal.Utils - [TestNG] Time taken by org.testng.reporters.EmailableReporter2@255eaa6b: 4 ms
2026-04-23 20:21:37 INFO  org.testng.internal.Utils - [TestNG] Time taken by org.testng.reporters.JUnitReportReporter@a66e580: 4 ms
2026-04-23 20:21:37 INFO  org.testng.internal.Utils - [TestNG] Time taken by org.testng.internal.ExitCodeListener@5b852b49: 0 ms
2026-04-23 20:22:29 DEBUG org.testng.TestNG - suiteXmlPath: "C:\Users\Rahul\AppData\Local\Temp\testng-eclipse-1024018184\testng-customsuite.xml"
2026-04-23 20:22:29 INFO  org.testng.internal.Utils - [Utils] MethodGroupsHelper.collectMethodsByGroup() took 1 ms.
2026-04-23 20:22:29 INFO  org.testng.internal.Utils - [Utils] MethodGroupsHelper.sortMethods() took 0 ms.
2026-04-23 20:22:29 INFO  org.testng.internal.Utils - [Utils] MethodGroupsHelper.collectMethodsByGroup() took 0 ms.
2026-04-23 20:22:29 INFO  org.testng.internal.Utils - [Utils] MethodGroupsHelper.sortMethods() took 0 ms.
2026-04-23 20:22:29 INFO  org.testng.internal.Utils - [Utils] MethodGroupsHelper.collectMethodsByGroup() took 0 ms.
2026-04-23 20:22:29 INFO  org.testng.internal.Utils - [Utils] MethodGroupsHelper.sortMethods() took 0 ms.
2026-04-23 20:22:29 INFO  org.testng.internal.Utils - [Utils] MethodGroupsHelper.collectMethodsByGroup() took 0 ms.
2026-04-23 20:22:29 INFO  org.testng.internal.Utils - [Utils] MethodGroupsHelper.sortMethods() took 0 ms.
2026-04-23 20:22:29 INFO  org.testng.internal.Utils - [Utils] MethodGroupsHelper.collectMethodsByGroup() took 5 ms.
2026-04-23 20:22:29 INFO  org.testng.internal.Utils - [Utils] MethodGroupsHelper.sortMethods() took 7 ms.
2026-04-23 20:22:29 INFO  org.testng.internal.Utils - [Utils] MethodGroupsHelper.collectMethodsByGroup() took 0 ms.
2026-04-23 20:22:29 INFO  org.testng.internal.Utils - [Utils] MethodGroupsHelper.sortMethods() took 0 ms.
2026-04-23 20:22:29 INFO  org.testng.internal.Utils - [Utils] MethodGroupsHelper.collectMethodsByGroup() took 0 ms.
2026-04-23 20:22:29 INFO  org.testng.internal.Utils - [Utils] MethodGroupsHelper.sortMethods() took 0 ms.
2026-04-23 20:22:29 INFO  org.testng.internal.Utils - [Utils] MethodGroupsHelper.collectMethodsByGroup() took 0 ms.
2026-04-23 20:22:29 INFO  org.testng.internal.Utils - [Utils] MethodGroupsHelper.sortMethods() took 0 ms.
2026-04-23 20:22:29 INFO  org.testng.internal.Utils - [Utils] MethodGroupsHelper.collectMethodsByGroup() took 0 ms.
2026-04-23 20:22:29 INFO  org.testng.internal.Utils - [Utils] MethodGroupsHelper.sortMethods() took 0 ms.
2026-04-23 20:22:29 INFO  org.testng.internal.Utils - [Utils] MethodGroupsHelper.collectMethodsByGroup() took 0 ms.
2026-04-23 20:22:29 INFO  org.testng.internal.Utils - [Utils] MethodGroupsHelper.sortMethods() took 1 ms.
2026-04-23 20:22:29 INFO  org.testng.internal.Utils - [Utils] MethodGroupsHelper.collectMethodsByGroup() took 0 ms.
2026-04-23 20:22:29 INFO  org.testng.internal.Utils - [Utils] MethodGroupsHelper.sortMethods() took 0 ms.
2026-04-23 20:22:29 INFO  org.testng.internal.Utils - [Utils] MethodGroupsHelper.collectMethodsByGroup() took 0 ms.
2026-04-23 20:22:29 INFO  org.testng.internal.Utils - [Utils] MethodGroupsHelper.sortMethods() took 0 ms.
2026-04-23 20:22:29 INFO  org.testng.internal.Utils - [Utils] MethodGroupsHelper.collectMethodsByGroup() took 12 ms.
2026-04-23 20:22:29 INFO  org.testng.internal.Utils - [Utils] MethodGroupsHelper.sortMethods() took 0 ms.
2026-04-23 20:22:29 INFO  org.testng.internal.Utils - [Utils] MethodGroupsHelper.collectMethodsByGroup() took 0 ms.
2026-04-23 20:22:29 INFO  org.testng.internal.Utils - [Utils] MethodGroupsHelper.sortMethods() took 0 ms.
2026-04-23 20:22:29 INFO  org.testng.internal.Utils - [Utils] MethodGroupsHelper.collectMethodsByGroup() took 0 ms.
2026-04-23 20:22:29 INFO  org.testng.internal.Utils - [Utils] MethodGroupsHelper.sortMethods() took 0 ms.
2026-04-23 20:22:29 INFO  org.testng.internal.Utils - [TestNG] Running:
  C:\Users\Rahul\AppData\Local\Temp\testng-eclipse-1024018184\testng-customsuite.xml

2026-04-23 20:22:29 INFO  org.testng.internal.Utils - [Utils] DynamicGraphHelper.createDynamicGraph() took 2 ms.
2026-04-23 20:22:36 INFO  com.Tests.ProductListingPageTest - searched category: Tshirts
2026-04-23 20:22:36 INFO  org.testng.internal.Utils - [TestNG] Time taken by org.testng.reporters.jq.Main@122d6c22: 31 ms
2026-04-23 20:22:36 INFO  org.testng.internal.Utils - [TestNG] Time taken by org.testng.reporters.FailedReporter@277b8fa4: 7 ms
2026-04-23 20:22:36 INFO  org.testng.internal.Utils - [TestNG] Time taken by org.testng.reporters.XMLReporter@79b84841: 7 ms
2026-04-23 20:22:36 INFO  org.testng.internal.Utils - [TestNG] Time taken by org.testng.reporters.EmailableReporter2@a92be4f: 5 ms
2026-04-23 20:22:36 INFO  org.testng.internal.Utils - [TestNG] Time taken by org.testng.reporters.JUnitReportReporter@524a076e: 5 ms
2026-04-23 20:22:36 INFO  org.testng.internal.Utils - [TestNG] Time taken by org.testng.internal.ExitCodeListener@5b5e7036: 0 ms
2026-04-23 20:23:19 DEBUG org.testng.TestNG - suiteXmlPath: "C:\Users\Rahul\AppData\Local\Temp\testng-eclipse-1942657351\testng-customsuite.xml"
2026-04-23 20:23:20 INFO  org.testng.internal.Utils - [Utils] MethodGroupsHelper.collectMethodsByGroup() took 1 ms.
2026-04-23 20:23:20 INFO  org.testng.internal.Utils - [Utils] MethodGroupsHelper.sortMethods() took 0 ms.
2026-04-23 20:23:20 INFO  org.testng.internal.Utils - [Utils] MethodGroupsHelper.collectMethodsByGroup() took 0 ms.
2026-04-23 20:23:20 INFO  org.testng.internal.Utils - [Utils] MethodGroupsHelper.sortMethods() took 0 ms.
2026-04-23 20:23:20 INFO  org.testng.internal.Utils - [Utils] MethodGroupsHelper.collectMethodsByGroup() took 0 ms.
2026-04-23 20:23:20 INFO  org.testng.internal.Utils - [Utils] MethodGroupsHelper.sortMethods() took 0 ms.
2026-04-23 20:23:20 INFO  org.testng.internal.Utils - [Utils] MethodGroupsHelper.collectMethodsByGroup() took 0 ms.
2026-04-23 20:23:20 INFO  org.testng.internal.Utils - [Utils] MethodGroupsHelper.sortMethods() took 0 ms.
2026-04-23 20:23:20 INFO  org.testng.internal.Utils - [Utils] MethodGroupsHelper.collectMethodsByGroup() took 6 ms.
2026-04-23 20:23:20 INFO  org.testng.internal.Utils - [Utils] MethodGroupsHelper.sortMethods() took 10 ms.
2026-04-23 20:23:20 INFO  org.testng.internal.Utils - [Utils] MethodGroupsHelper.collectMethodsByGroup() took 0 ms.
2026-04-23 20:23:20 INFO  org.testng.internal.Utils - [Utils] MethodGroupsHelper.sortMethods() took 0 ms.
2026-04-23 20:23:20 INFO  org.testng.internal.Utils - [Utils] MethodGroupsHelper.collectMethodsByGroup() took 0 ms.
2026-04-23 20:23:20 INFO  org.testng.internal.Utils - [Utils] MethodGroupsHelper.sortMethods() took 0 ms.
2026-04-23 20:23:20 INFO  org.testng.internal.Utils - [Utils] MethodGroupsHelper.collectMethodsByGroup() took 0 ms.
2026-04-23 20:23:20 INFO  org.testng.internal.Utils - [Utils] MethodGroupsHelper.sortMethods() took 0 ms.
2026-04-23 20:23:20 INFO  org.testng.internal.Utils - [Utils] MethodGroupsHelper.collectMethodsByGroup() took 0 ms.
2026-04-23 20:23:20 INFO  org.testng.internal.Utils - [Utils] MethodGroupsHelper.sortMethods() took 0 ms.
2026-04-23 20:23:20 INFO  org.testng.internal.Utils - [Utils] MethodGroupsHelper.collectMethodsByGroup() took 0 ms.
2026-04-23 20:23:20 INFO  org.testng.internal.Utils - [Utils] MethodGroupsHelper.sortMethods() took 0 ms.
2026-04-23 20:23:20 INFO  org.testng.internal.Utils - [Utils] MethodGroupsHelper.collectMethodsByGroup() took 0 ms.
2026-04-23 20:23:20 INFO  org.testng.internal.Utils - [Utils] MethodGroupsHelper.sortMethods() took 0 ms.
2026-04-23 20:23:20 INFO  org.testng.internal.Utils - [Utils] MethodGroupsHelper.collectMethodsByGroup() took 0 ms.
2026-04-23 20:23:20 INFO  org.testng.internal.Utils - [Utils] MethodGroupsHelper.sortMethods() took 0 ms.
2026-04-23 20:23:20 INFO  org.testng.internal.Utils - [Utils] MethodGroupsHelper.collectMethodsByGroup() took 11 ms.
2026-04-23 20:23:20 INFO  org.testng.internal.Utils - [Utils] MethodGroupsHelper.sortMethods() took 0 ms.
2026-04-23 20:23:20 INFO  org.testng.internal.Utils - [Utils] MethodGroupsHelper.collectMethodsByGroup() took 0 ms.
2026-04-23 20:23:20 INFO  org.testng.internal.Utils - [Utils] MethodGroupsHelper.sortMethods() took 0 ms.
2026-04-23 20:23:20 INFO  org.testng.internal.Utils - [Utils] MethodGroupsHelper.collectMethodsByGroup() took 0 ms.
2026-04-23 20:23:20 INFO  org.testng.internal.Utils - [Utils] MethodGroupsHelper.sortMethods() took 0 ms.
2026-04-23 20:23:20 INFO  org.testng.internal.Utils - [TestNG] Running:
  C:\Users\Rahul\AppData\Local\Temp\testng-eclipse-1942657351\testng-customsuite.xml

2026-04-23 20:23:20 INFO  org.testng.internal.Utils - [Utils] DynamicGraphHelper.createDynamicGraph() took 3 ms.
2026-04-23 20:23:27 INFO  org.testng.internal.Utils - [TestNG] Time taken by org.testng.reporters.jq.Main@7ecec90d: 65 ms
2026-04-23 20:23:27 INFO  org.testng.internal.Utils - [TestNG] Time taken by org.testng.reporters.FailedReporter@1305c126: 9 ms
2026-04-23 20:23:27 INFO  org.testng.internal.Utils - [TestNG] Time taken by org.testng.reporters.XMLReporter@709ed6f3: 37 ms
2026-04-23 20:23:27 INFO  org.testng.internal.Utils - [TestNG] Time taken by org.testng.reporters.EmailableReporter2@1e253c9d: 14 ms
2026-04-23 20:23:27 INFO  org.testng.internal.Utils - [TestNG] Time taken by org.testng.reporters.JUnitReportReporter@411c6d44: 7 ms
2026-04-23 20:23:27 INFO  org.testng.internal.Utils - [TestNG] Time taken by org.testng.internal.ExitCodeListener@1687eb01: 0 ms
2026-04-23 20:24:21 DEBUG org.testng.TestNG - suiteXmlPath: "C:\Users\Rahul\AppData\Local\Temp\testng-eclipse-1530868758\testng-customsuite.xml"
2026-04-23 20:24:21 INFO  org.testng.internal.Utils - [Utils] MethodGroupsHelper.collectMethodsByGroup() took 0 ms.
2026-04-23 20:24:21 INFO  org.testng.internal.Utils - [Utils] MethodGroupsHelper.sortMethods() took 2 ms.
2026-04-23 20:24:21 INFO  org.testng.internal.Utils - [Utils] MethodGroupsHelper.collectMethodsByGroup() took 0 ms.
2026-04-23 20:24:21 INFO  org.testng.internal.Utils - [Utils] MethodGroupsHelper.sortMethods() took 0 ms.
2026-04-23 20:24:21 INFO  org.testng.internal.Utils - [Utils] MethodGroupsHelper.collectMethodsByGroup() took 0 ms.
2026-04-23 20:24:21 INFO  org.testng.internal.Utils - [Utils] MethodGroupsHelper.sortMethods() took 0 ms.
2026-04-23 20:24:21 INFO  org.testng.internal.Utils - [Utils] MethodGroupsHelper.collectMethodsByGroup() took 0 ms.
2026-04-23 20:24:21 INFO  org.testng.internal.Utils - [Utils] MethodGroupsHelper.sortMethods() took 0 ms.
2026-04-23 20:24:21 INFO  org.testng.internal.Utils - [Utils] MethodGroupsHelper.collectMethodsByGroup() took 4 ms.
2026-04-23 20:24:21 INFO  org.testng.internal.Utils - [Utils] MethodGroupsHelper.sortMethods() took 9 ms.
2026-04-23 20:24:21 INFO  org.testng.internal.Utils - [Utils] MethodGroupsHelper.collectMethodsByGroup() took 0 ms.
2026-04-23 20:24:21 INFO  org.testng.internal.Utils - [Utils] MethodGroupsHelper.sortMethods() took 0 ms.
2026-04-23 20:24:21 INFO  org.testng.internal.Utils - [Utils] MethodGroupsHelper.collectMethodsByGroup() took 0 ms.
2026-04-23 20:24:21 INFO  org.testng.internal.Utils - [Utils] MethodGroupsHelper.sortMethods() took 0 ms.
2026-04-23 20:24:21 INFO  org.testng.internal.Utils - [Utils] MethodGroupsHelper.collectMethodsByGroup() took 0 ms.
2026-04-23 20:24:21 INFO  org.testng.internal.Utils - [Utils] MethodGroupsHelper.sortMethods() took 0 ms.
2026-04-23 20:24:21 INFO  org.testng.internal.Utils - [Utils] MethodGroupsHelper.collectMethodsByGroup() took 0 ms.
2026-04-23 20:24:21 INFO  org.testng.internal.Utils - [Utils] MethodGroupsHelper.sortMethods() took 0 ms.
2026-04-23 20:24:21 INFO  org.testng.internal.Utils - [Utils] MethodGroupsHelper.collectMethodsByGroup() took 0 ms.
2026-04-23 20:24:21 INFO  org.testng.internal.Utils - [Utils] MethodGroupsHelper.sortMethods() took 1 ms.
2026-04-23 20:24:21 INFO  org.testng.internal.Utils - [Utils] MethodGroupsHelper.collectMethodsByGroup() took 0 ms.
2026-04-23 20:24:21 INFO  org.testng.internal.Utils - [Utils] MethodGroupsHelper.sortMethods() took 0 ms.
2026-04-23 20:24:21 INFO  org.testng.internal.Utils - [Utils] MethodGroupsHelper.collectMethodsByGroup() took 0 ms.
2026-04-23 20:24:21 INFO  org.testng.internal.Utils - [Utils] MethodGroupsHelper.sortMethods() took 0 ms.
2026-04-23 20:24:21 INFO  org.testng.internal.Utils - [Utils] MethodGroupsHelper.collectMethodsByGroup() took 10 ms.
2026-04-23 20:24:21 INFO  org.testng.internal.Utils - [Utils] MethodGroupsHelper.sortMethods() took 0 ms.
2026-04-23 20:24:21 INFO  org.testng.internal.Utils - [Utils] MethodGroupsHelper.collectMethodsByGroup() took 0 ms.
2026-04-23 20:24:21 INFO  org.testng.internal.Utils - [Utils] MethodGroupsHelper.sortMethods() took 0 ms.
2026-04-23 20:24:21 INFO  org.testng.internal.Utils - [Utils] MethodGroupsHelper.collectMethodsByGroup() took 0 ms.
2026-04-23 20:24:21 INFO  org.testng.internal.Utils - [Utils] MethodGroupsHelper.sortMethods() took 0 ms.
2026-04-23 20:24:21 INFO  org.testng.internal.Utils - [TestNG] Running:
  C:\Users\Rahul\AppData\Local\Temp\testng-eclipse-1530868758\testng-customsuite.xml

2026-04-23 20:24:21 INFO  org.testng.internal.Utils - [Utils] DynamicGraphHelper.createDynamicGraph() took 1 ms.
2026-04-23 20:24:30 INFO  org.testng.internal.Utils - [TestNG] Time taken by org.testng.reporters.jq.Main@70887727: 59 ms
2026-04-23 20:24:30 INFO  org.testng.internal.Utils - [TestNG] Time taken by org.testng.reporters.FailedReporter@4ce94d2f: 8 ms
2026-04-23 20:24:30 INFO  org.testng.internal.Utils - [TestNG] Time taken by org.testng.reporters.XMLReporter@4c1bdcc2: 39 ms
2026-04-23 20:24:30 INFO  org.testng.internal.Utils - [TestNG] Time taken by org.testng.reporters.EmailableReporter2@698fee9a: 8 ms
2026-04-23 20:24:30 INFO  org.testng.internal.Utils - [TestNG] Time taken by org.testng.reporters.JUnitReportReporter@38eb0f4d: 7 ms
2026-04-23 20:24:30 INFO  org.testng.internal.Utils - [TestNG] Time taken by org.testng.internal.ExitCodeListener@437486cd: 0 ms
2026-04-23 20:24:42 DEBUG org.testng.TestNG - suiteXmlPath: "C:\Users\Rahul\AppData\Local\Temp\testng-eclipse-1967036094\testng-customsuite.xml"
2026-04-23 20:24:43 INFO  org.testng.internal.Utils - [Utils] MethodGroupsHelper.collectMethodsByGroup() took 0 ms.
2026-04-23 20:24:43 INFO  org.testng.internal.Utils - [Utils] MethodGroupsHelper.sortMethods() took 1 ms.
2026-04-23 20:24:43 INFO  org.testng.internal.Utils - [Utils] MethodGroupsHelper.collectMethodsByGroup() took 0 ms.
2026-04-23 20:24:43 INFO  org.testng.internal.Utils - [Utils] MethodGroupsHelper.sortMethods() took 0 ms.
2026-04-23 20:24:43 INFO  org.testng.internal.Utils - [Utils] MethodGroupsHelper.collectMethodsByGroup() took 0 ms.
2026-04-23 20:24:43 INFO  org.testng.internal.Utils - [Utils] MethodGroupsHelper.sortMethods() took 0 ms.
2026-04-23 20:24:43 INFO  org.testng.internal.Utils - [Utils] MethodGroupsHelper.collectMethodsByGroup() took 0 ms.
2026-04-23 20:24:43 INFO  org.testng.internal.Utils - [Utils] MethodGroupsHelper.sortMethods() took 0 ms.
2026-04-23 20:24:43 INFO  org.testng.internal.Utils - [Utils] MethodGroupsHelper.collectMethodsByGroup() took 5 ms.
2026-04-23 20:24:43 INFO  org.testng.internal.Utils - [Utils] MethodGroupsHelper.sortMethods() took 10 ms.
2026-04-23 20:24:43 INFO  org.testng.internal.Utils - [Utils] MethodGroupsHelper.collectMethodsByGroup() took 0 ms.
2026-04-23 20:24:43 INFO  org.testng.internal.Utils - [Utils] MethodGroupsHelper.sortMethods() took 0 ms.
2026-04-23 20:24:43 INFO  org.testng.internal.Utils - [Utils] MethodGroupsHelper.collectMethodsByGroup() took 0 ms.
2026-04-23 20:24:43 INFO  org.testng.internal.Utils - [Utils] MethodGroupsHelper.sortMethods() took 0 ms.
2026-04-23 20:24:43 INFO  org.testng.internal.Utils - [Utils] MethodGroupsHelper.collectMethodsByGroup() took 0 ms.
2026-04-23 20:24:43 INFO  org.testng.internal.Utils - [Utils] MethodGroupsHelper.sortMethods() took 0 ms.
2026-04-23 20:24:43 INFO  org.testng.internal.Utils - [Utils] MethodGroupsHelper.collectMethodsByGroup() took 0 ms.
2026-04-23 20:24:43 INFO  org.testng.internal.Utils - [Utils] MethodGroupsHelper.sortMethods() took 0 ms.
2026-04-23 20:24:43 INFO  org.testng.internal.Utils - [Utils] MethodGroupsHelper.collectMethodsByGroup() took 0 ms.
2026-04-23 20:24:43 INFO  org.testng.internal.Utils - [Utils] MethodGroupsHelper.sortMethods() took 0 ms.
2026-04-23 20:24:43 INFO  org.testng.internal.Utils - [Utils] MethodGroupsHelper.collectMethodsByGroup() took 0 ms.
2026-04-23 20:24:43 INFO  org.testng.internal.Utils - [Utils] MethodGroupsHelper.sortMethods() took 0 ms.
2026-04-23 20:24:43 INFO  org.testng.internal.Utils - [Utils] MethodGroupsHelper.collectMethodsByGroup() took 0 ms.
2026-04-23 20:24:43 INFO  org.testng.internal.Utils - [Utils] MethodGroupsHelper.sortMethods() took 0 ms.
2026-04-23 20:24:43 INFO  org.testng.internal.Utils - [Utils] MethodGroupsHelper.collectMethodsByGroup() took 15 ms.
2026-04-23 20:24:43 INFO  org.testng.internal.Utils - [Utils] MethodGroupsHelper.sortMethods() took 1 ms.
2026-04-23 20:24:43 INFO  org.testng.internal.Utils - [Utils] MethodGroupsHelper.collectMethodsByGroup() took 0 ms.
2026-04-23 20:24:43 INFO  org.testng.internal.Utils - [Utils] MethodGroupsHelper.sortMethods() took 0 ms.
2026-04-23 20:24:43 INFO  org.testng.internal.Utils - [Utils] MethodGroupsHelper.collectMethodsByGroup() took 0 ms.
2026-04-23 20:24:43 INFO  org.testng.internal.Utils - [Utils] MethodGroupsHelper.sortMethods() took 0 ms.
2026-04-23 20:24:43 INFO  org.testng.internal.Utils - [TestNG] Running:
  C:\Users\Rahul\AppData\Local\Temp\testng-eclipse-1967036094\testng-customsuite.xml

2026-04-23 20:24:43 INFO  org.testng.internal.Utils - [Utils] DynamicGraphHelper.createDynamicGraph() took 2 ms.
2026-04-23 20:24:52 INFO  org.testng.internal.Utils - [TestNG] Time taken by org.testng.reporters.jq.Main@2b680207: 89 ms
2026-04-23 20:24:52 INFO  org.testng.internal.Utils - [TestNG] Time taken by org.testng.reporters.FailedReporter@3dfa819: 13 ms
2026-04-23 20:24:52 INFO  org.testng.internal.Utils - [TestNG] Time taken by org.testng.reporters.XMLReporter@72f9f27c: 51 ms
2026-04-23 20:24:52 INFO  org.testng.internal.Utils - [TestNG] Time taken by org.testng.reporters.EmailableReporter2@709ed6f3: 11 ms
2026-04-23 20:24:52 INFO  org.testng.internal.Utils - [TestNG] Time taken by org.testng.reporters.JUnitReportReporter@181b8c4b: 17 ms
2026-04-23 20:24:52 INFO  org.testng.internal.Utils - [TestNG] Time taken by org.testng.internal.ExitCodeListener@38eb0f4d: 0 ms
2026-04-23 20:25:32 DEBUG org.testng.TestNG - suiteXmlPath: "C:\Users\Rahul\AppData\Local\Temp\testng-eclipse-1557724561\testng-customsuite.xml"
2026-04-23 20:25:32 INFO  org.testng.internal.Utils - [Utils] MethodGroupsHelper.collectMethodsByGroup() took 1 ms.
2026-04-23 20:25:32 INFO  org.testng.internal.Utils - [Utils] MethodGroupsHelper.sortMethods() took 2 ms.
2026-04-23 20:25:32 INFO  org.testng.internal.Utils - [Utils] MethodGroupsHelper.collectMethodsByGroup() took 0 ms.
2026-04-23 20:25:32 INFO  org.testng.internal.Utils - [Utils] MethodGroupsHelper.sortMethods() took 0 ms.
2026-04-23 20:25:32 INFO  org.testng.internal.Utils - [Utils] MethodGroupsHelper.collectMethodsByGroup() took 0 ms.
2026-04-23 20:25:32 INFO  org.testng.internal.Utils - [Utils] MethodGroupsHelper.sortMethods() took 0 ms.
2026-04-23 20:25:32 INFO  org.testng.internal.Utils - [Utils] MethodGroupsHelper.collectMethodsByGroup() took 0 ms.
2026-04-23 20:25:32 INFO  org.testng.internal.Utils - [Utils] MethodGroupsHelper.sortMethods() took 0 ms.
2026-04-23 20:25:32 INFO  org.testng.internal.Utils - [Utils] MethodGroupsHelper.collectMethodsByGroup() took 4 ms.
2026-04-23 20:25:32 INFO  org.testng.internal.Utils - [Utils] MethodGroupsHelper.sortMethods() took 9 ms.
2026-04-23 20:25:32 INFO  org.testng.internal.Utils - [Utils] MethodGroupsHelper.collectMethodsByGroup() took 0 ms.
2026-04-23 20:25:32 INFO  org.testng.internal.Utils - [Utils] MethodGroupsHelper.sortMethods() took 0 ms.
2026-04-23 20:25:32 INFO  org.testng.internal.Utils - [Utils] MethodGroupsHelper.collectMethodsByGroup() took 0 ms.
2026-04-23 20:25:32 INFO  org.testng.internal.Utils - [Utils] MethodGroupsHelper.sortMethods() took 0 ms.
2026-04-23 20:25:32 INFO  org.testng.internal.Utils - [Utils] MethodGroupsHelper.collectMethodsByGroup() took 0 ms.
2026-04-23 20:25:32 INFO  org.testng.internal.Utils - [Utils] MethodGroupsHelper.sortMethods() took 0 ms.
2026-04-23 20:25:32 INFO  org.testng.internal.Utils - [Utils] MethodGroupsHelper.collectMethodsByGroup() took 0 ms.
2026-04-23 20:25:32 INFO  org.testng.internal.Utils - [Utils] MethodGroupsHelper.sortMethods() took 0 ms.
2026-04-23 20:25:32 INFO  org.testng.internal.Utils - [Utils] MethodGroupsHelper.collectMethodsByGroup() took 0 ms.
2026-04-23 20:25:32 INFO  org.testng.internal.Utils - [Utils] MethodGroupsHelper.sortMethods() took 0 ms.
2026-04-23 20:25:32 INFO  org.testng.internal.Utils - [Utils] MethodGroupsHelper.collectMethodsByGroup() took 0 ms.
2026-04-23 20:25:32 INFO  org.testng.internal.Utils - [Utils] MethodGroupsHelper.sortMethods() took 0 ms.
2026-04-23 20:25:32 INFO  org.testng.internal.Utils - [Utils] MethodGroupsHelper.collectMethodsByGroup() took 0 ms.
2026-04-23 20:25:32 INFO  org.testng.internal.Utils - [Utils] MethodGroupsHelper.sortMethods() took 0 ms.
2026-04-23 20:25:32 INFO  org.testng.internal.Utils - [Utils] MethodGroupsHelper.collectMethodsByGroup() took 17 ms.
2026-04-23 20:25:32 INFO  org.testng.internal.Utils - [Utils] MethodGroupsHelper.sortMethods() took 0 ms.
2026-04-23 20:25:32 INFO  org.testng.internal.Utils - [Utils] MethodGroupsHelper.collectMethodsByGroup() took 0 ms.
2026-04-23 20:25:32 INFO  org.testng.internal.Utils - [Utils] MethodGroupsHelper.sortMethods() took 0 ms.
2026-04-23 20:25:32 INFO  org.testng.internal.Utils - [Utils] MethodGroupsHelper.collectMethodsByGroup() took 0 ms.
2026-04-23 20:25:32 INFO  org.testng.internal.Utils - [Utils] MethodGroupsHelper.sortMethods() took 0 ms.
2026-04-23 20:25:32 INFO  org.testng.internal.Utils - [TestNG] Running:
  C:\Users\Rahul\AppData\Local\Temp\testng-eclipse-1557724561\testng-customsuite.xml

2026-04-23 20:25:32 INFO  org.testng.internal.Utils - [Utils] DynamicGraphHelper.createDynamicGraph() took 2 ms.
2026-04-23 20:25:40 INFO  org.testng.internal.Utils - [TestNG] Time taken by org.testng.reporters.jq.Main@5a6fa56e: 97 ms
2026-04-23 20:25:40 INFO  org.testng.internal.Utils - [TestNG] Time taken by org.testng.reporters.FailedReporter@4c1bdcc2: 16 ms
2026-04-23 20:25:40 INFO  org.testng.internal.Utils - [TestNG] Time taken by org.testng.reporters.XMLReporter@102c577f: 81 ms
2026-04-23 20:25:40 INFO  org.testng.internal.Utils - [TestNG] Time taken by org.testng.reporters.EmailableReporter2@18b8d173: 14 ms
2026-04-23 20:25:40 INFO  org.testng.internal.Utils - [TestNG] Time taken by org.testng.reporters.JUnitReportReporter@748d2277: 9 ms
2026-04-23 20:25:40 INFO  org.testng.internal.Utils - [TestNG] Time taken by org.testng.internal.ExitCodeListener@2f897dab: 1 ms
2026-04-23 20:30:27 DEBUG org.testng.TestNG - suiteXmlPath: "C:\Users\Rahul\AppData\Local\Temp\testng-eclipse--1321521669\testng-customsuite.xml"
2026-04-23 20:30:27 INFO  org.testng.internal.Utils - [Utils] MethodGroupsHelper.collectMethodsByGroup() took 1 ms.
2026-04-23 20:30:27 INFO  org.testng.internal.Utils - [Utils] MethodGroupsHelper.sortMethods() took 1 ms.
2026-04-23 20:30:27 INFO  org.testng.internal.Utils - [Utils] MethodGroupsHelper.collectMethodsByGroup() took 0 ms.
2026-04-23 20:30:27 INFO  org.testng.internal.Utils - [Utils] MethodGroupsHelper.sortMethods() took 0 ms.
2026-04-23 20:30:27 INFO  org.testng.internal.Utils - [Utils] MethodGroupsHelper.collectMethodsByGroup() took 0 ms.
2026-04-23 20:30:27 INFO  org.testng.internal.Utils - [Utils] MethodGroupsHelper.sortMethods() took 0 ms.
2026-04-23 20:30:27 INFO  org.testng.internal.Utils - [Utils] MethodGroupsHelper.collectMethodsByGroup() took 0 ms.
2026-04-23 20:30:27 INFO  org.testng.internal.Utils - [Utils] MethodGroupsHelper.sortMethods() took 0 ms.
2026-04-23 20:30:27 INFO  org.testng.internal.Utils - [Utils] MethodGroupsHelper.collectMethodsByGroup() took 0 ms.
2026-04-23 20:30:27 INFO  org.testng.internal.Utils - [Utils] MethodGroupsHelper.sortMethods() took 0 ms.
2026-04-23 20:30:27 INFO  org.testng.internal.Utils - [Utils] MethodGroupsHelper.collectMethodsByGroup() took 0 ms.
2026-04-23 20:30:27 INFO  org.testng.internal.Utils - [Utils] MethodGroupsHelper.sortMethods() took 0 ms.
2026-04-23 20:30:27 INFO  org.testng.internal.Utils - [Utils] MethodGroupsHelper.collectMethodsByGroup() took 0 ms.
2026-04-23 20:30:27 INFO  org.testng.internal.Utils - [Utils] MethodGroupsHelper.sortMethods() took 0 ms.
2026-04-23 20:30:27 INFO  org.testng.internal.Utils - [Utils] MethodGroupsHelper.collectMethodsByGroup() took 0 ms.
2026-04-23 20:30:27 INFO  org.testng.internal.Utils - [Utils] MethodGroupsHelper.sortMethods() took 0 ms.
2026-04-23 20:30:27 INFO  org.testng.internal.Utils - [Utils] MethodGroupsHelper.collectMethodsByGroup() took 5 ms.
2026-04-23 20:30:27 INFO  org.testng.internal.Utils - [Utils] MethodGroupsHelper.sortMethods() took 8 ms.
2026-04-23 20:30:27 INFO  org.testng.internal.Utils - [Utils] MethodGroupsHelper.collectMethodsByGroup() took 0 ms.
2026-04-23 20:30:27 INFO  org.testng.internal.Utils - [Utils] MethodGroupsHelper.sortMethods() took 1 ms.
2026-04-23 20:30:27 INFO  org.testng.internal.Utils - [Utils] MethodGroupsHelper.collectMethodsByGroup() took 0 ms.
2026-04-23 20:30:27 INFO  org.testng.internal.Utils - [Utils] MethodGroupsHelper.sortMethods() took 0 ms.
2026-04-23 20:30:27 INFO  org.testng.internal.Utils - [Utils] MethodGroupsHelper.collectMethodsByGroup() took 0 ms.
2026-04-23 20:30:27 INFO  org.testng.internal.Utils - [Utils] MethodGroupsHelper.sortMethods() took 0 ms.
2026-04-23 20:30:27 INFO  org.testng.internal.Utils - [Utils] MethodGroupsHelper.collectMethodsByGroup() took 8 ms.
2026-04-23 20:30:27 INFO  org.testng.internal.Utils - [Utils] MethodGroupsHelper.sortMethods() took 0 ms.
2026-04-23 20:30:27 INFO  org.testng.internal.Utils - [Utils] MethodGroupsHelper.collectMethodsByGroup() took 0 ms.
2026-04-23 20:30:27 INFO  org.testng.internal.Utils - [Utils] MethodGroupsHelper.sortMethods() took 0 ms.
2026-04-23 20:30:27 INFO  org.testng.internal.Utils - [Utils] MethodGroupsHelper.collectMethodsByGroup() took 0 ms.
2026-04-23 20:30:27 INFO  org.testng.internal.Utils - [Utils] MethodGroupsHelper.sortMethods() took 0 ms.
2026-04-23 20:30:27 INFO  org.testng.internal.Utils - [TestNG] Running:
  C:\Users\Rahul\AppData\Local\Temp\testng-eclipse--1321521669\testng-customsuite.xml

2026-04-23 20:30:27 INFO  org.testng.internal.Utils - [Utils] DynamicGraphHelper.createDynamicGraph() took 3 ms.
2026-04-23 20:33:10 INFO  org.testng.internal.Utils - [TestNG] Time taken by org.testng.reporters.jq.Main@656c0eae: 59 ms
2026-04-23 20:33:10 INFO  org.testng.internal.Utils - [TestNG] Time taken by org.testng.reporters.FailedReporter@736f2fb8: 9 ms
2026-04-23 20:33:10 INFO  org.testng.internal.Utils - [TestNG] Time taken by org.testng.reporters.XMLReporter@4e1104f4: 15 ms
2026-04-23 20:33:10 INFO  org.testng.internal.Utils - [TestNG] Time taken by org.testng.reporters.EmailableReporter2@468646ea: 9 ms
2026-04-23 20:33:10 INFO  org.testng.internal.Utils - [TestNG] Time taken by org.testng.reporters.JUnitReportReporter@67baa05: 8 ms
2026-04-23 20:33:10 INFO  org.testng.internal.Utils - [TestNG] Time taken by org.testng.internal.ExitCodeListener@5b5a89d1: 1 ms
2026-04-23 20:41:17 DEBUG org.testng.TestNG - suiteXmlPath: "C:\Users\Rahul\AppData\Local\Temp\testng-eclipse-2076485906\testng-customsuite.xml"
2026-04-23 20:41:18 INFO  org.testng.internal.Utils - [Utils] MethodGroupsHelper.collectMethodsByGroup() took 2 ms.
2026-04-23 20:41:18 INFO  org.testng.internal.Utils - [Utils] MethodGroupsHelper.sortMethods() took 2 ms.
2026-04-23 20:41:18 INFO  org.testng.internal.Utils - [Utils] MethodGroupsHelper.collectMethodsByGroup() took 0 ms.
2026-04-23 20:41:18 INFO  org.testng.internal.Utils - [Utils] MethodGroupsHelper.sortMethods() took 0 ms.
2026-04-23 20:41:18 INFO  org.testng.internal.Utils - [Utils] MethodGroupsHelper.collectMethodsByGroup() took 0 ms.
2026-04-23 20:41:18 INFO  org.testng.internal.Utils - [Utils] MethodGroupsHelper.sortMethods() took 0 ms.
2026-04-23 20:41:18 INFO  org.testng.internal.Utils - [Utils] MethodGroupsHelper.collectMethodsByGroup() took 0 ms.
2026-04-23 20:41:18 INFO  org.testng.internal.Utils - [Utils] MethodGroupsHelper.sortMethods() took 0 ms.
2026-04-23 20:41:18 INFO  org.testng.internal.Utils - [Utils] MethodGroupsHelper.collectMethodsByGroup() took 0 ms.
2026-04-23 20:41:18 INFO  org.testng.internal.Utils - [Utils] MethodGroupsHelper.sortMethods() took 0 ms.
2026-04-23 20:41:18 INFO  org.testng.internal.Utils - [Utils] MethodGroupsHelper.collectMethodsByGroup() took 0 ms.
2026-04-23 20:41:18 INFO  org.testng.internal.Utils - [Utils] MethodGroupsHelper.sortMethods() took 0 ms.
2026-04-23 20:41:18 INFO  org.testng.internal.Utils - [Utils] MethodGroupsHelper.collectMethodsByGroup() took 0 ms.
2026-04-23 20:41:18 INFO  org.testng.internal.Utils - [Utils] MethodGroupsHelper.sortMethods() took 0 ms.
2026-04-23 20:41:18 INFO  org.testng.internal.Utils - [Utils] MethodGroupsHelper.collectMethodsByGroup() took 0 ms.
2026-04-23 20:41:18 INFO  org.testng.internal.Utils - [Utils] MethodGroupsHelper.sortMethods() took 0 ms.
2026-04-23 20:41:18 INFO  org.testng.internal.Utils - [Utils] MethodGroupsHelper.collectMethodsByGroup() took 9 ms.
2026-04-23 20:41:18 INFO  org.testng.internal.Utils - [Utils] MethodGroupsHelper.sortMethods() took 17 ms.
2026-04-23 20:41:18 INFO  org.testng.internal.Utils - [Utils] MethodGroupsHelper.collectMethodsByGroup() took 0 ms.
2026-04-23 20:41:18 INFO  org.testng.internal.Utils - [Utils] MethodGroupsHelper.sortMethods() took 1 ms.
2026-04-23 20:41:18 INFO  org.testng.internal.Utils - [Utils] MethodGroupsHelper.collectMethodsByGroup() took 1 ms.
2026-04-23 20:41:18 INFO  org.testng.internal.Utils - [Utils] MethodGroupsHelper.sortMethods() took 0 ms.
2026-04-23 20:41:18 INFO  org.testng.internal.Utils - [Utils] MethodGroupsHelper.collectMethodsByGroup() took 0 ms.
2026-04-23 20:41:18 INFO  org.testng.internal.Utils - [Utils] MethodGroupsHelper.sortMethods() took 0 ms.
2026-04-23 20:41:18 INFO  org.testng.internal.Utils - [Utils] MethodGroupsHelper.collectMethodsByGroup() took 18 ms.
2026-04-23 20:41:18 INFO  org.testng.internal.Utils - [Utils] MethodGroupsHelper.sortMethods() took 1 ms.
2026-04-23 20:41:18 INFO  org.testng.internal.Utils - [Utils] MethodGroupsHelper.collectMethodsByGroup() took 0 ms.
2026-04-23 20:41:18 INFO  org.testng.internal.Utils - [Utils] MethodGroupsHelper.sortMethods() took 0 ms.
2026-04-23 20:41:18 INFO  org.testng.internal.Utils - [Utils] MethodGroupsHelper.collectMethodsByGroup() took 0 ms.
2026-04-23 20:41:18 INFO  org.testng.internal.Utils - [Utils] MethodGroupsHelper.sortMethods() took 0 ms.
2026-04-23 20:41:18 INFO  org.testng.internal.Utils - [TestNG] Running:
  C:\Users\Rahul\AppData\Local\Temp\testng-eclipse-2076485906\testng-customsuite.xml

2026-04-23 20:41:18 INFO  org.testng.internal.Utils - [Utils] DynamicGraphHelper.createDynamicGraph() took 3 ms.
2026-04-23 20:58:27 DEBUG org.testng.TestNG - suiteXmlPath: "C:\Users\Rahul\AppData\Local\Temp\testng-eclipse-81814624\testng-customsuite.xml"
2026-04-23 20:58:28 INFO  org.testng.internal.Utils - [Utils] MethodGroupsHelper.collectMethodsByGroup() took 1 ms.
2026-04-23 20:58:28 INFO  org.testng.internal.Utils - [Utils] MethodGroupsHelper.sortMethods() took 0 ms.
2026-04-23 20:58:28 INFO  org.testng.internal.Utils - [Utils] MethodGroupsHelper.collectMethodsByGroup() took 0 ms.
2026-04-23 20:58:28 INFO  org.testng.internal.Utils - [Utils] MethodGroupsHelper.sortMethods() took 0 ms.
2026-04-23 20:58:28 INFO  org.testng.internal.Utils - [Utils] MethodGroupsHelper.collectMethodsByGroup() took 0 ms.
2026-04-23 20:58:28 INFO  org.testng.internal.Utils - [Utils] MethodGroupsHelper.sortMethods() took 0 ms.
2026-04-23 20:58:28 INFO  org.testng.internal.Utils - [Utils] MethodGroupsHelper.collectMethodsByGroup() took 0 ms.
2026-04-23 20:58:28 INFO  org.testng.internal.Utils - [Utils] MethodGroupsHelper.sortMethods() took 0 ms.
2026-04-23 20:58:28 INFO  org.testng.internal.Utils - [Utils] MethodGroupsHelper.collectMethodsByGroup() took 0 ms.
2026-04-23 20:58:28 INFO  org.testng.internal.Utils - [Utils] MethodGroupsHelper.sortMethods() took 0 ms.
2026-04-23 20:58:28 INFO  org.testng.internal.Utils - [Utils] MethodGroupsHelper.collectMethodsByGroup() took 0 ms.
2026-04-23 20:58:28 INFO  org.testng.internal.Utils - [Utils] MethodGroupsHelper.sortMethods() took 0 ms.
2026-04-23 20:58:28 INFO  org.testng.internal.Utils - [Utils] MethodGroupsHelper.collectMethodsByGroup() took 0 ms.
2026-04-23 20:58:28 INFO  org.testng.internal.Utils - [Utils] MethodGroupsHelper.sortMethods() took 0 ms.
2026-04-23 20:58:28 INFO  org.testng.internal.Utils - [Utils] MethodGroupsHelper.collectMethodsByGroup() took 0 ms.
2026-04-23 20:58:28 INFO  org.testng.internal.Utils - [Utils] MethodGroupsHelper.sortMethods() took 0 ms.
2026-04-23 20:58:28 INFO  org.testng.internal.Utils - [Utils] MethodGroupsHelper.collectMethodsByGroup() took 7 ms.
2026-04-23 20:58:28 INFO  org.testng.internal.Utils - [Utils] MethodGroupsHelper.sortMethods() took 15 ms.
2026-04-23 20:58:28 INFO  org.testng.internal.Utils - [Utils] MethodGroupsHelper.collectMethodsByGroup() took 0 ms.
2026-04-23 20:58:28 INFO  org.testng.internal.Utils - [Utils] MethodGroupsHelper.sortMethods() took 1 ms.
2026-04-23 20:58:28 INFO  org.testng.internal.Utils - [Utils] MethodGroupsHelper.collectMethodsByGroup() took 0 ms.
2026-04-23 20:58:28 INFO  org.testng.internal.Utils - [Utils] MethodGroupsHelper.sortMethods() took 0 ms.
2026-04-23 20:58:28 INFO  org.testng.internal.Utils - [Utils] MethodGroupsHelper.collectMethodsByGroup() took 0 ms.
2026-04-23 20:58:28 INFO  org.testng.internal.Utils - [Utils] MethodGroupsHelper.sortMethods() took 0 ms.
2026-04-23 20:58:28 INFO  org.testng.internal.Utils - [Utils] MethodGroupsHelper.collectMethodsByGroup() took 15 ms.
2026-04-23 20:58:28 INFO  org.testng.internal.Utils - [Utils] MethodGroupsHelper.sortMethods() took 1 ms.
2026-04-23 20:58:28 INFO  org.testng.internal.Utils - [Utils] MethodGroupsHelper.collectMethodsByGroup() took 0 ms.
2026-04-23 20:58:28 INFO  org.testng.internal.Utils - [Utils] MethodGroupsHelper.sortMethods() took 0 ms.
2026-04-23 20:58:28 INFO  org.testng.internal.Utils - [Utils] MethodGroupsHelper.collectMethodsByGroup() took 0 ms.
2026-04-23 20:58:28 INFO  org.testng.internal.Utils - [Utils] MethodGroupsHelper.sortMethods() took 0 ms.
2026-04-23 20:58:28 INFO  org.testng.internal.Utils - [TestNG] Running:
  C:\Users\Rahul\AppData\Local\Temp\testng-eclipse-81814624\testng-customsuite.xml

2026-04-23 20:58:28 INFO  org.testng.internal.Utils - [Utils] DynamicGraphHelper.createDynamicGraph() took 4 ms.
2026-04-23 20:58:40 INFO  com.Tests.ProductListingPageTest - Category  filter applied successfully..
2026-04-23 20:59:04 INFO  com.Tests.ProductListingPageTest - Category  filter applied successfully..
2026-04-23 20:59:32 INFO  org.testng.internal.Utils - [TestNG] Time taken by org.testng.reporters.jq.Main@74606204: 88 ms
2026-04-23 20:59:32 INFO  org.testng.internal.Utils - [TestNG] Time taken by org.testng.reporters.FailedReporter@889a8a8: 17 ms
2026-04-23 20:59:32 INFO  org.testng.internal.Utils - [TestNG] Time taken by org.testng.reporters.XMLReporter@4a8ffd75: 61 ms
2026-04-23 20:59:32 INFO  org.testng.internal.Utils - [TestNG] Time taken by org.testng.reporters.EmailableReporter2@2703d91: 14 ms
2026-04-23 20:59:32 INFO  org.testng.internal.Utils - [TestNG] Time taken by org.testng.reporters.JUnitReportReporter@37348491: 13 ms
2026-04-23 20:59:32 INFO  org.testng.internal.Utils - [TestNG] Time taken by org.testng.internal.ExitCodeListener@76e3b45b: 0 ms
2026-04-23 21:02:10 DEBUG org.testng.TestNG - suiteXmlPath: "C:\Users\Rahul\AppData\Local\Temp\testng-eclipse-1688063016\testng-customsuite.xml"
2026-04-23 21:02:11 INFO  org.testng.internal.Utils - [Utils] MethodGroupsHelper.collectMethodsByGroup() took 0 ms.
2026-04-23 21:02:11 INFO  org.testng.internal.Utils - [Utils] MethodGroupsHelper.sortMethods() took 1 ms.
2026-04-23 21:02:11 INFO  org.testng.internal.Utils - [Utils] MethodGroupsHelper.collectMethodsByGroup() took 0 ms.
2026-04-23 21:02:11 INFO  org.testng.internal.Utils - [Utils] MethodGroupsHelper.sortMethods() took 0 ms.
2026-04-23 21:02:11 INFO  org.testng.internal.Utils - [Utils] MethodGroupsHelper.collectMethodsByGroup() took 0 ms.
2026-04-23 21:02:11 INFO  org.testng.internal.Utils - [Utils] MethodGroupsHelper.sortMethods() took 0 ms.
2026-04-23 21:02:11 INFO  org.testng.internal.Utils - [Utils] MethodGroupsHelper.collectMethodsByGroup() took 0 ms.
2026-04-23 21:02:11 INFO  org.testng.internal.Utils - [Utils] MethodGroupsHelper.sortMethods() took 0 ms.
2026-04-23 21:02:11 INFO  org.testng.internal.Utils - [Utils] MethodGroupsHelper.collectMethodsByGroup() took 0 ms.
2026-04-23 21:02:11 INFO  org.testng.internal.Utils - [Utils] MethodGroupsHelper.sortMethods() took 0 ms.
2026-04-23 21:02:11 INFO  org.testng.internal.Utils - [Utils] MethodGroupsHelper.collectMethodsByGroup() took 0 ms.
2026-04-23 21:02:11 INFO  org.testng.internal.Utils - [Utils] MethodGroupsHelper.sortMethods() took 0 ms.
2026-04-23 21:02:11 INFO  org.testng.internal.Utils - [Utils] MethodGroupsHelper.collectMethodsByGroup() took 0 ms.
2026-04-23 21:02:11 INFO  org.testng.internal.Utils - [Utils] MethodGroupsHelper.sortMethods() took 0 ms.
2026-04-23 21:02:11 INFO  org.testng.internal.Utils - [Utils] MethodGroupsHelper.collectMethodsByGroup() took 0 ms.
2026-04-23 21:02:11 INFO  org.testng.internal.Utils - [Utils] MethodGroupsHelper.sortMethods() took 0 ms.
2026-04-23 21:02:11 INFO  org.testng.internal.Utils - [Utils] MethodGroupsHelper.collectMethodsByGroup() took 8 ms.
2026-04-23 21:02:11 INFO  org.testng.internal.Utils - [Utils] MethodGroupsHelper.sortMethods() took 15 ms.
2026-04-23 21:02:11 INFO  org.testng.internal.Utils - [Utils] MethodGroupsHelper.collectMethodsByGroup() took 0 ms.
2026-04-23 21:02:11 INFO  org.testng.internal.Utils - [Utils] MethodGroupsHelper.sortMethods() took 1 ms.
2026-04-23 21:02:11 INFO  org.testng.internal.Utils - [Utils] MethodGroupsHelper.collectMethodsByGroup() took 0 ms.
2026-04-23 21:02:11 INFO  org.testng.internal.Utils - [Utils] MethodGroupsHelper.sortMethods() took 0 ms.
2026-04-23 21:02:11 INFO  org.testng.internal.Utils - [Utils] MethodGroupsHelper.collectMethodsByGroup() took 0 ms.
2026-04-23 21:02:11 INFO  org.testng.internal.Utils - [Utils] MethodGroupsHelper.sortMethods() took 0 ms.
2026-04-23 21:02:11 INFO  org.testng.internal.Utils - [Utils] MethodGroupsHelper.collectMethodsByGroup() took 15 ms.
2026-04-23 21:02:11 INFO  org.testng.internal.Utils - [Utils] MethodGroupsHelper.sortMethods() took 0 ms.
2026-04-23 21:02:11 INFO  org.testng.internal.Utils - [Utils] MethodGroupsHelper.collectMethodsByGroup() took 0 ms.
2026-04-23 21:02:11 INFO  org.testng.internal.Utils - [Utils] MethodGroupsHelper.sortMethods() took 0 ms.
2026-04-23 21:02:11 INFO  org.testng.internal.Utils - [Utils] MethodGroupsHelper.collectMethodsByGroup() took 0 ms.
2026-04-23 21:02:11 INFO  org.testng.internal.Utils - [Utils] MethodGroupsHelper.sortMethods() took 0 ms.
2026-04-23 21:02:11 INFO  org.testng.internal.Utils - [TestNG] Running:
  C:\Users\Rahul\AppData\Local\Temp\testng-eclipse-1688063016\testng-customsuite.xml

2026-04-23 21:02:11 INFO  org.testng.internal.Utils - [Utils] DynamicGraphHelper.createDynamicGraph() took 5 ms.
2026-04-23 21:05:02 DEBUG org.testng.TestNG - suiteXmlPath: "C:\Users\Rahul\AppData\Local\Temp\testng-eclipse-662584604\testng-customsuite.xml"
2026-04-23 21:05:03 INFO  org.testng.internal.Utils - [Utils] MethodGroupsHelper.collectMethodsByGroup() took 0 ms.
2026-04-23 21:05:03 INFO  org.testng.internal.Utils - [Utils] MethodGroupsHelper.sortMethods() took 2 ms.
2026-04-23 21:05:03 INFO  org.testng.internal.Utils - [Utils] MethodGroupsHelper.collectMethodsByGroup() took 0 ms.
2026-04-23 21:05:03 INFO  org.testng.internal.Utils - [Utils] MethodGroupsHelper.sortMethods() took 0 ms.
2026-04-23 21:05:03 INFO  org.testng.internal.Utils - [Utils] MethodGroupsHelper.collectMethodsByGroup() took 0 ms.
2026-04-23 21:05:03 INFO  org.testng.internal.Utils - [Utils] MethodGroupsHelper.sortMethods() took 0 ms.
2026-04-23 21:05:03 INFO  org.testng.internal.Utils - [Utils] MethodGroupsHelper.collectMethodsByGroup() took 0 ms.
2026-04-23 21:05:03 INFO  org.testng.internal.Utils - [Utils] MethodGroupsHelper.sortMethods() took 0 ms.
2026-04-23 21:05:03 INFO  org.testng.internal.Utils - [Utils] MethodGroupsHelper.collectMethodsByGroup() took 0 ms.
2026-04-23 21:05:03 INFO  org.testng.internal.Utils - [Utils] MethodGroupsHelper.sortMethods() took 0 ms.
2026-04-23 21:05:03 INFO  org.testng.internal.Utils - [Utils] MethodGroupsHelper.collectMethodsByGroup() took 0 ms.
2026-04-23 21:05:03 INFO  org.testng.internal.Utils - [Utils] MethodGroupsHelper.sortMethods() took 0 ms.
2026-04-23 21:05:03 INFO  org.testng.internal.Utils - [Utils] MethodGroupsHelper.collectMethodsByGroup() took 0 ms.
2026-04-23 21:05:03 INFO  org.testng.internal.Utils - [Utils] MethodGroupsHelper.sortMethods() took 0 ms.
2026-04-23 21:05:03 INFO  org.testng.internal.Utils - [Utils] MethodGroupsHelper.collectMethodsByGroup() took 0 ms.
2026-04-23 21:05:03 INFO  org.testng.internal.Utils - [Utils] MethodGroupsHelper.sortMethods() took 0 ms.
2026-04-23 21:05:03 INFO  org.testng.internal.Utils - [Utils] MethodGroupsHelper.collectMethodsByGroup() took 8 ms.
2026-04-23 21:05:03 INFO  org.testng.internal.Utils - [Utils] MethodGroupsHelper.sortMethods() took 14 ms.
2026-04-23 21:05:03 INFO  org.testng.internal.Utils - [Utils] MethodGroupsHelper.collectMethodsByGroup() took 0 ms.
2026-04-23 21:05:03 INFO  org.testng.internal.Utils - [Utils] MethodGroupsHelper.sortMethods() took 0 ms.
2026-04-23 21:05:03 INFO  org.testng.internal.Utils - [Utils] MethodGroupsHelper.collectMethodsByGroup() took 0 ms.
2026-04-23 21:05:03 INFO  org.testng.internal.Utils - [Utils] MethodGroupsHelper.sortMethods() took 0 ms.
2026-04-23 21:05:03 INFO  org.testng.internal.Utils - [Utils] MethodGroupsHelper.collectMethodsByGroup() took 0 ms.
2026-04-23 21:05:03 INFO  org.testng.internal.Utils - [Utils] MethodGroupsHelper.sortMethods() took 0 ms.
2026-04-23 21:05:03 INFO  org.testng.internal.Utils - [Utils] MethodGroupsHelper.collectMethodsByGroup() took 16 ms.
2026-04-23 21:05:03 INFO  org.testng.internal.Utils - [Utils] MethodGroupsHelper.sortMethods() took 0 ms.
2026-04-23 21:05:03 INFO  org.testng.internal.Utils - [Utils] MethodGroupsHelper.collectMethodsByGroup() took 0 ms.
2026-04-23 21:05:03 INFO  org.testng.internal.Utils - [Utils] MethodGroupsHelper.sortMethods() took 0 ms.
2026-04-23 21:05:03 INFO  org.testng.internal.Utils - [Utils] MethodGroupsHelper.collectMethodsByGroup() took 0 ms.
2026-04-23 21:05:03 INFO  org.testng.internal.Utils - [Utils] MethodGroupsHelper.sortMethods() took 0 ms.
2026-04-23 21:05:03 INFO  org.testng.internal.Utils - [TestNG] Running:
  C:\Users\Rahul\AppData\Local\Temp\testng-eclipse-662584604\testng-customsuite.xml

2026-04-23 21:05:03 INFO  org.testng.internal.Utils - [Utils] DynamicGraphHelper.createDynamicGraph() took 8 ms.
2026-04-23 21:09:55 INFO  org.testng.internal.Utils - [TestNG] Time taken by org.testng.reporters.jq.Main@1e749235: 96 ms
2026-04-23 21:09:55 INFO  org.testng.internal.Utils - [TestNG] Time taken by org.testng.reporters.FailedReporter@1b5d1d9: 28 ms
2026-04-23 21:09:55 INFO  org.testng.internal.Utils - [TestNG] Time taken by org.testng.reporters.XMLReporter@2cb53bfc: 37 ms
2026-04-23 21:09:55 INFO  org.testng.internal.Utils - [TestNG] Time taken by org.testng.reporters.EmailableReporter2@1a7437d8: 13 ms
2026-04-23 21:09:55 INFO  org.testng.internal.Utils - [TestNG] Time taken by org.testng.reporters.JUnitReportReporter@7a14ab66: 17 ms
2026-04-23 21:09:55 INFO  org.testng.internal.Utils - [TestNG] Time taken by org.testng.internal.ExitCodeListener@54780c40: 0 ms
2026-04-23 21:13:18 DEBUG org.testng.TestNG - suiteXmlPath: "C:\Users\Rahul\AppData\Local\Temp\testng-eclipse-1286091011\testng-customsuite.xml"
2026-04-23 21:13:18 INFO  org.testng.internal.Utils - [Utils] MethodGroupsHelper.collectMethodsByGroup() took 0 ms.
2026-04-23 21:13:18 INFO  org.testng.internal.Utils - [Utils] MethodGroupsHelper.sortMethods() took 2 ms.
2026-04-23 21:13:18 INFO  org.testng.internal.Utils - [Utils] MethodGroupsHelper.collectMethodsByGroup() took 0 ms.
2026-04-23 21:13:18 INFO  org.testng.internal.Utils - [Utils] MethodGroupsHelper.sortMethods() took 0 ms.
2026-04-23 21:13:18 INFO  org.testng.internal.Utils - [Utils] MethodGroupsHelper.collectMethodsByGroup() took 0 ms.
2026-04-23 21:13:18 INFO  org.testng.internal.Utils - [Utils] MethodGroupsHelper.sortMethods() took 0 ms.
2026-04-23 21:13:18 INFO  org.testng.internal.Utils - [Utils] MethodGroupsHelper.collectMethodsByGroup() took 0 ms.
2026-04-23 21:13:18 INFO  org.testng.internal.Utils - [Utils] MethodGroupsHelper.sortMethods() took 0 ms.
2026-04-23 21:13:18 INFO  org.testng.internal.Utils - [Utils] MethodGroupsHelper.collectMethodsByGroup() took 0 ms.
2026-04-23 21:13:18 INFO  org.testng.internal.Utils - [Utils] MethodGroupsHelper.sortMethods() took 0 ms.
2026-04-23 21:13:18 INFO  org.testng.internal.Utils - [Utils] MethodGroupsHelper.collectMethodsByGroup() took 0 ms.
2026-04-23 21:13:18 INFO  org.testng.internal.Utils - [Utils] MethodGroupsHelper.sortMethods() took 0 ms.
2026-04-23 21:13:18 INFO  org.testng.internal.Utils - [Utils] MethodGroupsHelper.collectMethodsByGroup() took 0 ms.
2026-04-23 21:13:18 INFO  org.testng.internal.Utils - [Utils] MethodGroupsHelper.sortMethods() took 0 ms.
2026-04-23 21:13:18 INFO  org.testng.internal.Utils - [Utils] MethodGroupsHelper.collectMethodsByGroup() took 0 ms.
2026-04-23 21:13:18 INFO  org.testng.internal.Utils - [Utils] MethodGroupsHelper.sortMethods() took 0 ms.
2026-04-23 21:13:18 INFO  org.testng.internal.Utils - [Utils] MethodGroupsHelper.collectMethodsByGroup() took 5 ms.
2026-04-23 21:13:18 INFO  org.testng.internal.Utils - [Utils] MethodGroupsHelper.sortMethods() took 12 ms.
2026-04-23 21:13:18 INFO  org.testng.internal.Utils - [Utils] MethodGroupsHelper.collectMethodsByGroup() took 0 ms.
2026-04-23 21:13:18 INFO  org.testng.internal.Utils - [Utils] MethodGroupsHelper.sortMethods() took 1 ms.
2026-04-23 21:13:18 INFO  org.testng.internal.Utils - [Utils] MethodGroupsHelper.collectMethodsByGroup() took 0 ms.
2026-04-23 21:13:18 INFO  org.testng.internal.Utils - [Utils] MethodGroupsHelper.sortMethods() took 0 ms.
2026-04-23 21:13:18 INFO  org.testng.internal.Utils - [Utils] MethodGroupsHelper.collectMethodsByGroup() took 0 ms.
2026-04-23 21:13:18 INFO  org.testng.internal.Utils - [Utils] MethodGroupsHelper.sortMethods() took 0 ms.
2026-04-23 21:13:18 INFO  org.testng.internal.Utils - [Utils] MethodGroupsHelper.collectMethodsByGroup() took 14 ms.
2026-04-23 21:13:18 INFO  org.testng.internal.Utils - [Utils] MethodGroupsHelper.sortMethods() took 0 ms.
2026-04-23 21:13:18 INFO  org.testng.internal.Utils - [Utils] MethodGroupsHelper.collectMethodsByGroup() took 0 ms.
2026-04-23 21:13:18 INFO  org.testng.internal.Utils - [Utils] MethodGroupsHelper.sortMethods() took 0 ms.
2026-04-23 21:13:18 INFO  org.testng.internal.Utils - [Utils] MethodGroupsHelper.collectMethodsByGroup() took 0 ms.
2026-04-23 21:13:18 INFO  org.testng.internal.Utils - [Utils] MethodGroupsHelper.sortMethods() took 0 ms.
2026-04-23 21:13:18 INFO  org.testng.internal.Utils - [TestNG] Running:
  C:\Users\Rahul\AppData\Local\Temp\testng-eclipse-1286091011\testng-customsuite.xml

2026-04-23 21:13:19 INFO  org.testng.internal.Utils - [Utils] DynamicGraphHelper.createDynamicGraph() took 7 ms.
2026-04-23 21:14:48 DEBUG org.testng.TestNG - suiteXmlPath: "C:\Users\Rahul\AppData\Local\Temp\testng-eclipse--59052441\testng-customsuite.xml"
2026-04-23 21:15:13 DEBUG org.testng.TestNG - suiteXmlPath: "C:\Users\Rahul\AppData\Local\Temp\testng-eclipse--2044944017\testng-customsuite.xml"
2026-04-23 21:15:14 INFO  org.testng.internal.Utils - [Utils] MethodGroupsHelper.collectMethodsByGroup() took 1 ms.
2026-04-23 21:15:14 INFO  org.testng.internal.Utils - [Utils] MethodGroupsHelper.sortMethods() took 2 ms.
2026-04-23 21:15:14 INFO  org.testng.internal.Utils - [Utils] MethodGroupsHelper.collectMethodsByGroup() took 0 ms.
2026-04-23 21:15:14 INFO  org.testng.internal.Utils - [Utils] MethodGroupsHelper.sortMethods() took 0 ms.
2026-04-23 21:15:14 INFO  org.testng.internal.Utils - [Utils] MethodGroupsHelper.collectMethodsByGroup() took 0 ms.
2026-04-23 21:15:14 INFO  org.testng.internal.Utils - [Utils] MethodGroupsHelper.sortMethods() took 0 ms.
2026-04-23 21:15:14 INFO  org.testng.internal.Utils - [Utils] MethodGroupsHelper.collectMethodsByGroup() took 0 ms.
2026-04-23 21:15:14 INFO  org.testng.internal.Utils - [Utils] MethodGroupsHelper.sortMethods() took 0 ms.
2026-04-23 21:15:14 INFO  org.testng.internal.Utils - [Utils] MethodGroupsHelper.collectMethodsByGroup() took 0 ms.
2026-04-23 21:15:14 INFO  org.testng.internal.Utils - [Utils] MethodGroupsHelper.sortMethods() took 0 ms.
2026-04-23 21:15:14 INFO  org.testng.internal.Utils - [Utils] MethodGroupsHelper.collectMethodsByGroup() took 0 ms.
2026-04-23 21:15:14 INFO  org.testng.internal.Utils - [Utils] MethodGroupsHelper.sortMethods() took 0 ms.
2026-04-23 21:15:14 INFO  org.testng.internal.Utils - [Utils] MethodGroupsHelper.collectMethodsByGroup() took 0 ms.
2026-04-23 21:15:14 INFO  org.testng.internal.Utils - [Utils] MethodGroupsHelper.sortMethods() took 0 ms.
2026-04-23 21:15:14 INFO  org.testng.internal.Utils - [Utils] MethodGroupsHelper.collectMethodsByGroup() took 0 ms.
2026-04-23 21:15:14 INFO  org.testng.internal.Utils - [Utils] MethodGroupsHelper.sortMethods() took 0 ms.
2026-04-23 21:15:14 INFO  org.testng.internal.Utils - [Utils] MethodGroupsHelper.collectMethodsByGroup() took 5 ms.
2026-04-23 21:15:14 INFO  org.testng.internal.Utils - [Utils] MethodGroupsHelper.sortMethods() took 13 ms.
2026-04-23 21:15:14 INFO  org.testng.internal.Utils - [Utils] MethodGroupsHelper.collectMethodsByGroup() took 0 ms.
2026-04-23 21:15:14 INFO  org.testng.internal.Utils - [Utils] MethodGroupsHelper.sortMethods() took 0 ms.
2026-04-23 21:15:14 INFO  org.testng.internal.Utils - [Utils] MethodGroupsHelper.collectMethodsByGroup() took 0 ms.
2026-04-23 21:15:14 INFO  org.testng.internal.Utils - [Utils] MethodGroupsHelper.sortMethods() took 0 ms.
2026-04-23 21:15:14 INFO  org.testng.internal.Utils - [Utils] MethodGroupsHelper.collectMethodsByGroup() took 0 ms.
2026-04-23 21:15:14 INFO  org.testng.internal.Utils - [Utils] MethodGroupsHelper.sortMethods() took 0 ms.
2026-04-23 21:15:14 INFO  org.testng.internal.Utils - [Utils] MethodGroupsHelper.collectMethodsByGroup() took 15 ms.
2026-04-23 21:15:14 INFO  org.testng.internal.Utils - [Utils] MethodGroupsHelper.sortMethods() took 1 ms.
2026-04-23 21:15:14 INFO  org.testng.internal.Utils - [Utils] MethodGroupsHelper.collectMethodsByGroup() took 0 ms.
2026-04-23 21:15:14 INFO  org.testng.internal.Utils - [Utils] MethodGroupsHelper.sortMethods() took 0 ms.
2026-04-23 21:15:14 INFO  org.testng.internal.Utils - [Utils] MethodGroupsHelper.collectMethodsByGroup() took 0 ms.
2026-04-23 21:15:14 INFO  org.testng.internal.Utils - [Utils] MethodGroupsHelper.sortMethods() took 0 ms.
2026-04-23 21:15:14 INFO  org.testng.internal.Utils - [TestNG] Running:
  C:\Users\Rahul\AppData\Local\Temp\testng-eclipse--2044944017\testng-customsuite.xml

2026-04-23 21:15:14 INFO  org.testng.internal.Utils - [Utils] DynamicGraphHelper.createDynamicGraph() took 4 ms.
2026-04-23 21:15:40 INFO  org.testng.internal.Utils - [TestNG] Time taken by org.testng.reporters.jq.Main@718dbd79: 116 ms
2026-04-23 21:15:40 INFO  org.testng.internal.Utils - [TestNG] Time taken by org.testng.reporters.FailedReporter@5c8e67b9: 17 ms
2026-04-23 21:15:40 INFO  org.testng.internal.Utils - [TestNG] Time taken by org.testng.reporters.XMLReporter@61c42416: 85 ms
2026-04-23 21:15:40 INFO  org.testng.internal.Utils - [TestNG] Time taken by org.testng.reporters.EmailableReporter2@20de05e5: 15 ms
2026-04-23 21:15:40 INFO  org.testng.internal.Utils - [TestNG] Time taken by org.testng.reporters.JUnitReportReporter@760245e1: 12 ms
2026-04-23 21:15:40 INFO  org.testng.internal.Utils - [TestNG] Time taken by org.testng.internal.ExitCodeListener@31ceba99: 0 ms
2026-04-23 21:16:00 DEBUG org.testng.TestNG - suiteXmlPath: "C:\Users\Rahul\AppData\Local\Temp\testng-eclipse-1900717250\testng-customsuite.xml"
2026-04-23 21:16:00 INFO  org.testng.internal.Utils - [Utils] MethodGroupsHelper.collectMethodsByGroup() took 1 ms.
2026-04-23 21:16:00 INFO  org.testng.internal.Utils - [Utils] MethodGroupsHelper.sortMethods() took 2 ms.
2026-04-23 21:16:00 INFO  org.testng.internal.Utils - [Utils] MethodGroupsHelper.collectMethodsByGroup() took 0 ms.
2026-04-23 21:16:00 INFO  org.testng.internal.Utils - [Utils] MethodGroupsHelper.sortMethods() took 0 ms.
2026-04-23 21:16:00 INFO  org.testng.internal.Utils - [Utils] MethodGroupsHelper.collectMethodsByGroup() took 0 ms.
2026-04-23 21:16:00 INFO  org.testng.internal.Utils - [Utils] MethodGroupsHelper.sortMethods() took 0 ms.
2026-04-23 21:16:00 INFO  org.testng.internal.Utils - [Utils] MethodGroupsHelper.collectMethodsByGroup() took 0 ms.
2026-04-23 21:16:00 INFO  org.testng.internal.Utils - [Utils] MethodGroupsHelper.sortMethods() took 0 ms.
2026-04-23 21:16:00 INFO  org.testng.internal.Utils - [Utils] MethodGroupsHelper.collectMethodsByGroup() took 0 ms.
2026-04-23 21:16:00 INFO  org.testng.internal.Utils - [Utils] MethodGroupsHelper.sortMethods() took 0 ms.
2026-04-23 21:16:00 INFO  org.testng.internal.Utils - [Utils] MethodGroupsHelper.collectMethodsByGroup() took 0 ms.
2026-04-23 21:16:00 INFO  org.testng.internal.Utils - [Utils] MethodGroupsHelper.sortMethods() took 0 ms.
2026-04-23 21:16:00 INFO  org.testng.internal.Utils - [Utils] MethodGroupsHelper.collectMethodsByGroup() took 0 ms.
2026-04-23 21:16:00 INFO  org.testng.internal.Utils - [Utils] MethodGroupsHelper.sortMethods() took 0 ms.
2026-04-23 21:16:00 INFO  org.testng.internal.Utils - [Utils] MethodGroupsHelper.collectMethodsByGroup() took 0 ms.
2026-04-23 21:16:00 INFO  org.testng.internal.Utils - [Utils] MethodGroupsHelper.sortMethods() took 0 ms.
2026-04-23 21:16:00 INFO  org.testng.internal.Utils - [Utils] MethodGroupsHelper.collectMethodsByGroup() took 10 ms.
2026-04-23 21:16:00 INFO  org.testng.internal.Utils - [Utils] MethodGroupsHelper.sortMethods() took 19 ms.
2026-04-23 21:16:00 INFO  org.testng.internal.Utils - [Utils] MethodGroupsHelper.collectMethodsByGroup() took 0 ms.
2026-04-23 21:16:00 INFO  org.testng.internal.Utils - [Utils] MethodGroupsHelper.sortMethods() took 0 ms.
2026-04-23 21:16:00 INFO  org.testng.internal.Utils - [Utils] MethodGroupsHelper.collectMethodsByGroup() took 0 ms.
2026-04-23 21:16:00 INFO  org.testng.internal.Utils - [Utils] MethodGroupsHelper.sortMethods() took 0 ms.
2026-04-23 21:16:00 INFO  org.testng.internal.Utils - [Utils] MethodGroupsHelper.collectMethodsByGroup() took 0 ms.
2026-04-23 21:16:00 INFO  org.testng.internal.Utils - [Utils] MethodGroupsHelper.sortMethods() took 0 ms.
2026-04-23 21:16:01 INFO  org.testng.internal.Utils - [Utils] MethodGroupsHelper.collectMethodsByGroup() took 15 ms.
2026-04-23 21:16:01 INFO  org.testng.internal.Utils - [Utils] MethodGroupsHelper.sortMethods() took 0 ms.
2026-04-23 21:16:01 INFO  org.testng.internal.Utils - [Utils] MethodGroupsHelper.collectMethodsByGroup() took 0 ms.
2026-04-23 21:16:01 INFO  org.testng.internal.Utils - [Utils] MethodGroupsHelper.sortMethods() took 0 ms.
2026-04-23 21:16:01 INFO  org.testng.internal.Utils - [Utils] MethodGroupsHelper.collectMethodsByGroup() took 0 ms.
2026-04-23 21:16:01 INFO  org.testng.internal.Utils - [Utils] MethodGroupsHelper.sortMethods() took 0 ms.
2026-04-23 21:16:01 INFO  org.testng.internal.Utils - [TestNG] Running:
  C:\Users\Rahul\AppData\Local\Temp\testng-eclipse-1900717250\testng-customsuite.xml

2026-04-23 21:16:01 INFO  org.testng.internal.Utils - [Utils] DynamicGraphHelper.createDynamicGraph() took 7 ms.
2026-04-23 21:16:39 INFO  org.testng.internal.Utils - [TestNG] Time taken by org.testng.reporters.jq.Main@3a8d467e: 47 ms
2026-04-23 21:16:39 INFO  org.testng.internal.Utils - [TestNG] Time taken by org.testng.reporters.FailedReporter@28237492: 8 ms
2026-04-23 21:16:39 INFO  org.testng.internal.Utils - [TestNG] Time taken by org.testng.reporters.XMLReporter@2596d7f4: 12 ms
2026-04-23 21:16:39 INFO  org.testng.internal.Utils - [TestNG] Time taken by org.testng.reporters.EmailableReporter2@1d61a348: 6 ms
2026-04-23 21:16:39 INFO  org.testng.internal.Utils - [TestNG] Time taken by org.testng.reporters.JUnitReportReporter@44fff386: 7 ms
2026-04-23 21:16:39 INFO  org.testng.internal.Utils - [TestNG] Time taken by org.testng.internal.ExitCodeListener@1fc713c9: 0 ms
2026-04-23 21:20:57 DEBUG org.testng.TestNG - suiteXmlPath: "C:\Users\Rahul\AppData\Local\Temp\testng-eclipse-2039472041\testng-customsuite.xml"
2026-04-23 21:20:58 INFO  org.testng.internal.Utils - [Utils] MethodGroupsHelper.collectMethodsByGroup() took 1 ms.
2026-04-23 21:20:58 INFO  org.testng.internal.Utils - [Utils] MethodGroupsHelper.sortMethods() took 3 ms.
2026-04-23 21:20:58 INFO  org.testng.internal.Utils - [Utils] MethodGroupsHelper.collectMethodsByGroup() took 0 ms.
2026-04-23 21:20:58 INFO  org.testng.internal.Utils - [Utils] MethodGroupsHelper.sortMethods() took 0 ms.
2026-04-23 21:20:58 INFO  org.testng.internal.Utils - [Utils] MethodGroupsHelper.collectMethodsByGroup() took 0 ms.
2026-04-23 21:20:58 INFO  org.testng.internal.Utils - [Utils] MethodGroupsHelper.sortMethods() took 0 ms.
2026-04-23 21:20:58 INFO  org.testng.internal.Utils - [Utils] MethodGroupsHelper.collectMethodsByGroup() took 0 ms.
2026-04-23 21:20:58 INFO  org.testng.internal.Utils - [Utils] MethodGroupsHelper.sortMethods() took 0 ms.
2026-04-23 21:20:58 INFO  org.testng.internal.Utils - [Utils] MethodGroupsHelper.collectMethodsByGroup() took 0 ms.
2026-04-23 21:20:58 INFO  org.testng.internal.Utils - [Utils] MethodGroupsHelper.sortMethods() took 0 ms.
2026-04-23 21:20:58 INFO  org.testng.internal.Utils - [Utils] MethodGroupsHelper.collectMethodsByGroup() took 0 ms.
2026-04-23 21:20:58 INFO  org.testng.internal.Utils - [Utils] MethodGroupsHelper.sortMethods() took 0 ms.
2026-04-23 21:20:58 INFO  org.testng.internal.Utils - [Utils] MethodGroupsHelper.collectMethodsByGroup() took 0 ms.
2026-04-23 21:20:58 INFO  org.testng.internal.Utils - [Utils] MethodGroupsHelper.sortMethods() took 0 ms.
2026-04-23 21:20:58 INFO  org.testng.internal.Utils - [Utils] MethodGroupsHelper.collectMethodsByGroup() took 0 ms.
2026-04-23 21:20:58 INFO  org.testng.internal.Utils - [Utils] MethodGroupsHelper.sortMethods() took 0 ms.
2026-04-23 21:20:58 INFO  org.testng.internal.Utils - [Utils] MethodGroupsHelper.collectMethodsByGroup() took 14 ms.
2026-04-23 21:20:58 INFO  org.testng.internal.Utils - [Utils] MethodGroupsHelper.sortMethods() took 29 ms.
2026-04-23 21:20:58 INFO  org.testng.internal.Utils - [Utils] MethodGroupsHelper.collectMethodsByGroup() took 1 ms.
2026-04-23 21:20:58 INFO  org.testng.internal.Utils - [Utils] MethodGroupsHelper.sortMethods() took 0 ms.
2026-04-23 21:20:58 INFO  org.testng.internal.Utils - [Utils] MethodGroupsHelper.collectMethodsByGroup() took 0 ms.
2026-04-23 21:20:58 INFO  org.testng.internal.Utils - [Utils] MethodGroupsHelper.sortMethods() took 0 ms.
2026-04-23 21:20:58 INFO  org.testng.internal.Utils - [Utils] MethodGroupsHelper.collectMethodsByGroup() took 0 ms.
2026-04-23 21:20:58 INFO  org.testng.internal.Utils - [Utils] MethodGroupsHelper.sortMethods() took 0 ms.
2026-04-23 21:20:58 INFO  org.testng.internal.Utils - [Utils] MethodGroupsHelper.collectMethodsByGroup() took 21 ms.
2026-04-23 21:20:58 INFO  org.testng.internal.Utils - [Utils] MethodGroupsHelper.sortMethods() took 0 ms.
2026-04-23 21:20:58 INFO  org.testng.internal.Utils - [Utils] MethodGroupsHelper.collectMethodsByGroup() took 0 ms.
2026-04-23 21:20:58 INFO  org.testng.internal.Utils - [Utils] MethodGroupsHelper.sortMethods() took 0 ms.
2026-04-23 21:20:58 INFO  org.testng.internal.Utils - [Utils] MethodGroupsHelper.collectMethodsByGroup() took 0 ms.
2026-04-23 21:20:58 INFO  org.testng.internal.Utils - [Utils] MethodGroupsHelper.sortMethods() took 0 ms.
2026-04-23 21:20:58 INFO  org.testng.internal.Utils - [TestNG] Running:
  C:\Users\Rahul\AppData\Local\Temp\testng-eclipse-2039472041\testng-customsuite.xml

2026-04-23 21:20:58 INFO  org.testng.internal.Utils - [Utils] DynamicGraphHelper.createDynamicGraph() took 6 ms.
2026-04-23 21:22:53 DEBUG org.testng.TestNG - suiteXmlPath: "C:\Users\Rahul\AppData\Local\Temp\testng-eclipse--608584428\testng-customsuite.xml"
2026-04-23 21:22:54 INFO  org.testng.internal.Utils - [Utils] MethodGroupsHelper.collectMethodsByGroup() took 1 ms.
2026-04-23 21:22:54 INFO  org.testng.internal.Utils - [Utils] MethodGroupsHelper.sortMethods() took 2 ms.
2026-04-23 21:22:54 INFO  org.testng.internal.Utils - [Utils] MethodGroupsHelper.collectMethodsByGroup() took 0 ms.
2026-04-23 21:22:54 INFO  org.testng.internal.Utils - [Utils] MethodGroupsHelper.sortMethods() took 0 ms.
2026-04-23 21:22:54 INFO  org.testng.internal.Utils - [Utils] MethodGroupsHelper.collectMethodsByGroup() took 0 ms.
2026-04-23 21:22:54 INFO  org.testng.internal.Utils - [Utils] MethodGroupsHelper.sortMethods() took 0 ms.
2026-04-23 21:22:54 INFO  org.testng.internal.Utils - [Utils] MethodGroupsHelper.collectMethodsByGroup() took 0 ms.
2026-04-23 21:22:54 INFO  org.testng.internal.Utils - [Utils] MethodGroupsHelper.sortMethods() took 0 ms.
2026-04-23 21:22:54 INFO  org.testng.internal.Utils - [Utils] MethodGroupsHelper.collectMethodsByGroup() took 0 ms.
2026-04-23 21:22:54 INFO  org.testng.internal.Utils - [Utils] MethodGroupsHelper.sortMethods() took 0 ms.
2026-04-23 21:22:54 INFO  org.testng.internal.Utils - [Utils] MethodGroupsHelper.collectMethodsByGroup() took 0 ms.
2026-04-23 21:22:54 INFO  org.testng.internal.Utils - [Utils] MethodGroupsHelper.sortMethods() took 0 ms.
2026-04-23 21:22:54 INFO  org.testng.internal.Utils - [Utils] MethodGroupsHelper.collectMethodsByGroup() took 0 ms.
2026-04-23 21:22:54 INFO  org.testng.internal.Utils - [Utils] MethodGroupsHelper.sortMethods() took 0 ms.
2026-04-23 21:22:54 INFO  org.testng.internal.Utils - [Utils] MethodGroupsHelper.collectMethodsByGroup() took 0 ms.
2026-04-23 21:22:54 INFO  org.testng.internal.Utils - [Utils] MethodGroupsHelper.sortMethods() took 0 ms.
2026-04-23 21:22:54 INFO  org.testng.internal.Utils - [Utils] MethodGroupsHelper.collectMethodsByGroup() took 9 ms.
2026-04-23 21:22:54 INFO  org.testng.internal.Utils - [Utils] MethodGroupsHelper.sortMethods() took 18 ms.
2026-04-23 21:22:54 INFO  org.testng.internal.Utils - [Utils] MethodGroupsHelper.collectMethodsByGroup() took 1 ms.
2026-04-23 21:22:54 INFO  org.testng.internal.Utils - [Utils] MethodGroupsHelper.sortMethods() took 0 ms.
2026-04-23 21:22:54 INFO  org.testng.internal.Utils - [Utils] MethodGroupsHelper.collectMethodsByGroup() took 0 ms.
2026-04-23 21:22:54 INFO  org.testng.internal.Utils - [Utils] MethodGroupsHelper.sortMethods() took 0 ms.
2026-04-23 21:22:54 INFO  org.testng.internal.Utils - [Utils] MethodGroupsHelper.collectMethodsByGroup() took 0 ms.
2026-04-23 21:22:54 INFO  org.testng.internal.Utils - [Utils] MethodGroupsHelper.sortMethods() took 0 ms.
2026-04-23 21:22:54 INFO  org.testng.internal.Utils - [Utils] MethodGroupsHelper.collectMethodsByGroup() took 17 ms.
2026-04-23 21:22:54 INFO  org.testng.internal.Utils - [Utils] MethodGroupsHelper.sortMethods() took 0 ms.
2026-04-23 21:22:54 INFO  org.testng.internal.Utils - [Utils] MethodGroupsHelper.collectMethodsByGroup() took 0 ms.
2026-04-23 21:22:54 INFO  org.testng.internal.Utils - [Utils] MethodGroupsHelper.sortMethods() took 0 ms.
2026-04-23 21:22:54 INFO  org.testng.internal.Utils - [Utils] MethodGroupsHelper.collectMethodsByGroup() took 0 ms.
2026-04-23 21:22:54 INFO  org.testng.internal.Utils - [Utils] MethodGroupsHelper.sortMethods() took 0 ms.
2026-04-23 21:22:54 INFO  org.testng.internal.Utils - [TestNG] Running:
  C:\Users\Rahul\AppData\Local\Temp\testng-eclipse--608584428\testng-customsuite.xml

2026-04-23 21:22:54 INFO  org.testng.internal.Utils - [Utils] DynamicGraphHelper.createDynamicGraph() took 7 ms.
2026-04-23 21:23:08 INFO  com.Tests.ProductListingPageTest - Category  filter applied successfully..
2026-04-23 21:23:30 DEBUG org.testng.TestNG - suiteXmlPath: "C:\Users\Rahul\AppData\Local\Temp\testng-eclipse-215593688\testng-customsuite.xml"
2026-04-23 21:23:31 INFO  org.testng.internal.Utils - [Utils] MethodGroupsHelper.collectMethodsByGroup() took 0 ms.
2026-04-23 21:23:31 INFO  org.testng.internal.Utils - [Utils] MethodGroupsHelper.sortMethods() took 3 ms.
2026-04-23 21:23:31 INFO  org.testng.internal.Utils - [Utils] MethodGroupsHelper.collectMethodsByGroup() took 0 ms.
2026-04-23 21:23:31 INFO  org.testng.internal.Utils - [Utils] MethodGroupsHelper.sortMethods() took 0 ms.
2026-04-23 21:23:31 INFO  org.testng.internal.Utils - [Utils] MethodGroupsHelper.collectMethodsByGroup() took 0 ms.
2026-04-23 21:23:31 INFO  org.testng.internal.Utils - [Utils] MethodGroupsHelper.sortMethods() took 0 ms.
2026-04-23 21:23:31 INFO  org.testng.internal.Utils - [Utils] MethodGroupsHelper.collectMethodsByGroup() took 0 ms.
2026-04-23 21:23:31 INFO  org.testng.internal.Utils - [Utils] MethodGroupsHelper.sortMethods() took 0 ms.
2026-04-23 21:23:31 INFO  org.testng.internal.Utils - [Utils] MethodGroupsHelper.collectMethodsByGroup() took 0 ms.
2026-04-23 21:23:31 INFO  org.testng.internal.Utils - [Utils] MethodGroupsHelper.sortMethods() took 0 ms.
2026-04-23 21:23:31 INFO  org.testng.internal.Utils - [Utils] MethodGroupsHelper.collectMethodsByGroup() took 0 ms.
2026-04-23 21:23:31 INFO  org.testng.internal.Utils - [Utils] MethodGroupsHelper.sortMethods() took 0 ms.
2026-04-23 21:23:31 INFO  org.testng.internal.Utils - [Utils] MethodGroupsHelper.collectMethodsByGroup() took 0 ms.
2026-04-23 21:23:31 INFO  org.testng.internal.Utils - [Utils] MethodGroupsHelper.sortMethods() took 0 ms.
2026-04-23 21:23:31 INFO  org.testng.internal.Utils - [Utils] MethodGroupsHelper.collectMethodsByGroup() took 0 ms.
2026-04-23 21:23:31 INFO  org.testng.internal.Utils - [Utils] MethodGroupsHelper.sortMethods() took 0 ms.
2026-04-23 21:23:31 INFO  org.testng.internal.Utils - [Utils] MethodGroupsHelper.collectMethodsByGroup() took 14 ms.
2026-04-23 21:23:31 INFO  org.testng.internal.Utils - [Utils] MethodGroupsHelper.sortMethods() took 42 ms.
2026-04-23 21:23:31 INFO  org.testng.internal.Utils - [Utils] MethodGroupsHelper.collectMethodsByGroup() took 0 ms.
2026-04-23 21:23:31 INFO  org.testng.internal.Utils - [Utils] MethodGroupsHelper.sortMethods() took 0 ms.
2026-04-23 21:23:31 INFO  org.testng.internal.Utils - [Utils] MethodGroupsHelper.collectMethodsByGroup() took 0 ms.
2026-04-23 21:23:31 INFO  org.testng.internal.Utils - [Utils] MethodGroupsHelper.sortMethods() took 0 ms.
2026-04-23 21:23:31 INFO  org.testng.internal.Utils - [Utils] MethodGroupsHelper.collectMethodsByGroup() took 0 ms.
2026-04-23 21:23:31 INFO  org.testng.internal.Utils - [Utils] MethodGroupsHelper.sortMethods() took 0 ms.
2026-04-23 21:23:31 INFO  org.testng.internal.Utils - [Utils] MethodGroupsHelper.collectMethodsByGroup() took 88 ms.
2026-04-23 21:23:31 INFO  org.testng.internal.Utils - [Utils] MethodGroupsHelper.sortMethods() took 1 ms.
2026-04-23 21:23:31 INFO  org.testng.internal.Utils - [Utils] MethodGroupsHelper.collectMethodsByGroup() took 0 ms.
2026-04-23 21:23:31 INFO  org.testng.internal.Utils - [Utils] MethodGroupsHelper.sortMethods() took 0 ms.
2026-04-23 21:23:31 INFO  org.testng.internal.Utils - [Utils] MethodGroupsHelper.collectMethodsByGroup() took 0 ms.
2026-04-23 21:23:31 INFO  org.testng.internal.Utils - [Utils] MethodGroupsHelper.sortMethods() took 0 ms.
2026-04-23 21:23:31 INFO  org.testng.internal.Utils - [TestNG] Running:
  C:\Users\Rahul\AppData\Local\Temp\testng-eclipse-215593688\testng-customsuite.xml

2026-04-23 21:23:31 INFO  org.testng.internal.Utils - [Utils] DynamicGraphHelper.createDynamicGraph() took 7 ms.
2026-04-23 21:23:44 INFO  org.testng.internal.Utils - [TestNG] Time taken by org.testng.reporters.jq.Main@d5556bf: 150 ms
2026-04-23 21:23:44 INFO  org.testng.internal.Utils - [TestNG] Time taken by org.testng.reporters.FailedReporter@532e27ab: 16 ms
2026-04-23 21:23:44 INFO  org.testng.internal.Utils - [TestNG] Time taken by org.testng.reporters.XMLReporter@51b01550: 89 ms
2026-04-23 21:23:44 INFO  org.testng.internal.Utils - [TestNG] Time taken by org.testng.reporters.EmailableReporter2@31e76a8d: 16 ms
2026-04-23 21:23:44 INFO  org.testng.internal.Utils - [TestNG] Time taken by org.testng.reporters.JUnitReportReporter@4693a9ef: 14 ms
2026-04-23 21:23:44 INFO  org.testng.internal.Utils - [TestNG] Time taken by org.testng.internal.ExitCodeListener@310aee0b: 0 ms
2026-04-23 21:23:44 INFO  org.testng.internal.Utils - [TestNG] Time taken by org.testng.reporters.jq.Main@25a5c7db: 162 ms
2026-04-23 21:23:44 INFO  org.testng.internal.Utils - [TestNG] Time taken by org.testng.reporters.FailedReporter@3f985a86: 30 ms
2026-04-23 21:23:44 INFO  org.testng.internal.Utils - [TestNG] Time taken by org.testng.reporters.XMLReporter@205bed61: 78 ms
2026-04-23 21:23:44 INFO  org.testng.internal.Utils - [TestNG] Time taken by org.testng.reporters.EmailableReporter2@31ff6309: 20 ms
2026-04-23 21:23:45 INFO  org.testng.internal.Utils - [TestNG] Time taken by org.testng.reporters.JUnitReportReporter@e4b6f47: 12 ms
2026-04-23 21:23:45 INFO  org.testng.internal.Utils - [TestNG] Time taken by org.testng.internal.ExitCodeListener@763cf5b9: 0 ms
2026-04-23 21:24:31 DEBUG org.testng.TestNG - suiteXmlPath: "C:\Users\Rahul\AppData\Local\Temp\testng-eclipse--2115356355\testng-customsuite.xml"
2026-04-23 21:24:32 INFO  org.testng.internal.Utils - [Utils] MethodGroupsHelper.collectMethodsByGroup() took 1 ms.
2026-04-23 21:24:32 INFO  org.testng.internal.Utils - [Utils] MethodGroupsHelper.sortMethods() took 3 ms.
2026-04-23 21:24:32 INFO  org.testng.internal.Utils - [Utils] MethodGroupsHelper.collectMethodsByGroup() took 0 ms.
2026-04-23 21:24:32 INFO  org.testng.internal.Utils - [Utils] MethodGroupsHelper.sortMethods() took 0 ms.
2026-04-23 21:24:32 INFO  org.testng.internal.Utils - [Utils] MethodGroupsHelper.collectMethodsByGroup() took 0 ms.
2026-04-23 21:24:32 INFO  org.testng.internal.Utils - [Utils] MethodGroupsHelper.sortMethods() took 0 ms.
2026-04-23 21:24:32 INFO  org.testng.internal.Utils - [Utils] MethodGroupsHelper.collectMethodsByGroup() took 0 ms.
2026-04-23 21:24:32 INFO  org.testng.internal.Utils - [Utils] MethodGroupsHelper.sortMethods() took 0 ms.
2026-04-23 21:24:32 INFO  org.testng.internal.Utils - [Utils] MethodGroupsHelper.collectMethodsByGroup() took 0 ms.
2026-04-23 21:24:32 INFO  org.testng.internal.Utils - [Utils] MethodGroupsHelper.sortMethods() took 0 ms.
2026-04-23 21:24:32 INFO  org.testng.internal.Utils - [Utils] MethodGroupsHelper.collectMethodsByGroup() took 0 ms.
2026-04-23 21:24:32 INFO  org.testng.internal.Utils - [Utils] MethodGroupsHelper.sortMethods() took 0 ms.
2026-04-23 21:24:32 INFO  org.testng.internal.Utils - [Utils] MethodGroupsHelper.collectMethodsByGroup() took 0 ms.
2026-04-23 21:24:32 INFO  org.testng.internal.Utils - [Utils] MethodGroupsHelper.sortMethods() took 0 ms.
2026-04-23 21:24:32 INFO  org.testng.internal.Utils - [Utils] MethodGroupsHelper.collectMethodsByGroup() took 0 ms.
2026-04-23 21:24:32 INFO  org.testng.internal.Utils - [Utils] MethodGroupsHelper.sortMethods() took 0 ms.
2026-04-23 21:24:32 INFO  org.testng.internal.Utils - [Utils] MethodGroupsHelper.collectMethodsByGroup() took 9 ms.
2026-04-23 21:24:32 INFO  org.testng.internal.Utils - [Utils] MethodGroupsHelper.sortMethods() took 22 ms.
2026-04-23 21:24:32 INFO  org.testng.internal.Utils - [Utils] MethodGroupsHelper.collectMethodsByGroup() took 0 ms.
2026-04-23 21:24:32 INFO  org.testng.internal.Utils - [Utils] MethodGroupsHelper.sortMethods() took 0 ms.
2026-04-23 21:24:32 INFO  org.testng.internal.Utils - [Utils] MethodGroupsHelper.collectMethodsByGroup() took 0 ms.
2026-04-23 21:24:32 INFO  org.testng.internal.Utils - [Utils] MethodGroupsHelper.sortMethods() took 0 ms.
2026-04-23 21:24:32 INFO  org.testng.internal.Utils - [Utils] MethodGroupsHelper.collectMethodsByGroup() took 0 ms.
2026-04-23 21:24:32 INFO  org.testng.internal.Utils - [Utils] MethodGroupsHelper.sortMethods() took 0 ms.
2026-04-23 21:24:32 INFO  org.testng.internal.Utils - [Utils] MethodGroupsHelper.collectMethodsByGroup() took 17 ms.
2026-04-23 21:24:32 INFO  org.testng.internal.Utils - [Utils] MethodGroupsHelper.sortMethods() took 0 ms.
2026-04-23 21:24:32 INFO  org.testng.internal.Utils - [Utils] MethodGroupsHelper.collectMethodsByGroup() took 0 ms.
2026-04-23 21:24:32 INFO  org.testng.internal.Utils - [Utils] MethodGroupsHelper.sortMethods() took 0 ms.
2026-04-23 21:24:32 INFO  org.testng.internal.Utils - [Utils] MethodGroupsHelper.collectMethodsByGroup() took 0 ms.
2026-04-23 21:24:32 INFO  org.testng.internal.Utils - [Utils] MethodGroupsHelper.sortMethods() took 0 ms.
2026-04-23 21:24:32 INFO  org.testng.internal.Utils - [TestNG] Running:
  C:\Users\Rahul\AppData\Local\Temp\testng-eclipse--2115356355\testng-customsuite.xml

2026-04-23 21:24:32 INFO  org.testng.internal.Utils - [Utils] DynamicGraphHelper.createDynamicGraph() took 5 ms.
2026-04-23 21:24:45 INFO  com.Tests.ProductListingPageTest - Category  filter applied successfully..
2026-04-23 21:25:15 INFO  com.Tests.ProductListingPageTest - Category  filter applied successfully..
2026-04-23 21:25:43 INFO  com.Tests.ProductListingPageTest - Category  filter applied successfully..
2026-04-23 21:25:55 INFO  com.Tests.ProductListingPageTest - Category  filter applied successfully..
2026-04-23 21:26:09 INFO  com.Tests.ProductListingPageTest - Category  filter applied successfully..
2026-04-23 21:26:21 INFO  com.Tests.ProductListingPageTest - Category  filter applied successfully..
2026-04-23 21:26:34 INFO  com.Tests.ProductListingPageTest - Category  filter applied successfully..
2026-04-23 21:27:35 INFO  com.Tests.ProductListingPageTest - Category  filter applied successfully..
2026-04-23 21:27:46 INFO  com.Tests.ProductListingPageTest - Category  filter applied successfully..
2026-04-23 21:27:58 INFO  com.Tests.ProductListingPageTest - Category  filter applied successfully..
2026-04-23 21:29:17 INFO  com.Tests.ProductListingPageTest - Category  filter applied successfully..
2026-04-23 21:29:31 INFO  com.Tests.ProductListingPageTest - Category  filter applied successfully..
2026-04-23 21:29:53 INFO  com.Tests.ProductListingPageTest - Category  filter applied successfully..
2026-04-23 21:30:02 INFO  com.Tests.ProductListingPageTest - Category  filter applied successfully..
2026-04-23 21:30:03 INFO  org.testng.internal.Utils - [TestNG] Time taken by org.testng.reporters.jq.Main@58647985: 96 ms
2026-04-23 21:30:03 INFO  org.testng.internal.Utils - [TestNG] Time taken by org.testng.reporters.FailedReporter@746da54f: 19 ms
2026-04-23 21:30:03 INFO  org.testng.internal.Utils - [TestNG] Time taken by org.testng.reporters.XMLReporter@4a8bf1dc: 37 ms
2026-04-23 21:30:03 INFO  org.testng.internal.Utils - [TestNG] Time taken by org.testng.reporters.EmailableReporter2@6a2057e: 20 ms
2026-04-23 21:30:03 INFO  org.testng.internal.Utils - [TestNG] Time taken by org.testng.reporters.JUnitReportReporter@1d6a0962: 17 ms
2026-04-23 21:30:03 INFO  org.testng.internal.Utils - [TestNG] Time taken by org.testng.internal.ExitCodeListener@1ec4fdcf: 0 ms
2026-04-23 22:17:45 DEBUG org.testng.TestNG - suiteXmlPath: "C:\Users\Rahul\AppData\Local\Temp\testng-eclipse-971262954\testng-customsuite.xml"
2026-04-23 22:17:45 INFO  org.testng.internal.Utils - [Utils] MethodGroupsHelper.collectMethodsByGroup() took 1 ms.
2026-04-23 22:17:45 INFO  org.testng.internal.Utils - [Utils] MethodGroupsHelper.sortMethods() took 1 ms.
2026-04-23 22:17:45 INFO  org.testng.internal.Utils - [Utils] MethodGroupsHelper.collectMethodsByGroup() took 0 ms.
2026-04-23 22:17:45 INFO  org.testng.internal.Utils - [Utils] MethodGroupsHelper.sortMethods() took 0 ms.
2026-04-23 22:17:45 INFO  org.testng.internal.Utils - [Utils] MethodGroupsHelper.collectMethodsByGroup() took 0 ms.
2026-04-23 22:17:45 INFO  org.testng.internal.Utils - [Utils] MethodGroupsHelper.sortMethods() took 0 ms.
2026-04-23 22:17:45 INFO  org.testng.internal.Utils - [Utils] MethodGroupsHelper.collectMethodsByGroup() took 0 ms.
2026-04-23 22:17:45 INFO  org.testng.internal.Utils - [Utils] MethodGroupsHelper.sortMethods() took 0 ms.
2026-04-23 22:17:45 INFO  org.testng.internal.Utils - [Utils] MethodGroupsHelper.collectMethodsByGroup() took 0 ms.
2026-04-23 22:17:45 INFO  org.testng.internal.Utils - [Utils] MethodGroupsHelper.sortMethods() took 0 ms.
2026-04-23 22:17:45 INFO  org.testng.internal.Utils - [Utils] MethodGroupsHelper.collectMethodsByGroup() took 0 ms.
2026-04-23 22:17:45 INFO  org.testng.internal.Utils - [Utils] MethodGroupsHelper.sortMethods() took 0 ms.
2026-04-23 22:17:45 INFO  org.testng.internal.Utils - [Utils] MethodGroupsHelper.collectMethodsByGroup() took 0 ms.
2026-04-23 22:17:45 INFO  org.testng.internal.Utils - [Utils] MethodGroupsHelper.sortMethods() took 0 ms.
2026-04-23 22:17:45 INFO  org.testng.internal.Utils - [Utils] MethodGroupsHelper.collectMethodsByGroup() took 0 ms.
2026-04-23 22:17:45 INFO  org.testng.internal.Utils - [Utils] MethodGroupsHelper.sortMethods() took 0 ms.
2026-04-23 22:17:45 INFO  org.testng.internal.Utils - [Utils] MethodGroupsHelper.collectMethodsByGroup() took 11 ms.
2026-04-23 22:17:45 INFO  org.testng.internal.Utils - [Utils] MethodGroupsHelper.sortMethods() took 21 ms.
2026-04-23 22:17:45 INFO  org.testng.internal.Utils - [Utils] MethodGroupsHelper.collectMethodsByGroup() took 0 ms.
2026-04-23 22:17:45 INFO  org.testng.internal.Utils - [Utils] MethodGroupsHelper.sortMethods() took 0 ms.
2026-04-23 22:17:45 INFO  org.testng.internal.Utils - [Utils] MethodGroupsHelper.collectMethodsByGroup() took 0 ms.
2026-04-23 22:17:45 INFO  org.testng.internal.Utils - [Utils] MethodGroupsHelper.sortMethods() took 0 ms.
2026-04-23 22:17:45 INFO  org.testng.internal.Utils - [Utils] MethodGroupsHelper.collectMethodsByGroup() took 0 ms.
2026-04-23 22:17:45 INFO  org.testng.internal.Utils - [Utils] MethodGroupsHelper.sortMethods() took 0 ms.
2026-04-23 22:17:45 INFO  org.testng.internal.Utils - [Utils] MethodGroupsHelper.collectMethodsByGroup() took 19 ms.
2026-04-23 22:17:45 INFO  org.testng.internal.Utils - [Utils] MethodGroupsHelper.sortMethods() took 2 ms.
2026-04-23 22:17:45 INFO  org.testng.internal.Utils - [Utils] MethodGroupsHelper.collectMethodsByGroup() took 0 ms.
2026-04-23 22:17:45 INFO  org.testng.internal.Utils - [Utils] MethodGroupsHelper.sortMethods() took 0 ms.
2026-04-23 22:17:45 INFO  org.testng.internal.Utils - [Utils] MethodGroupsHelper.collectMethodsByGroup() took 0 ms.
2026-04-23 22:17:45 INFO  org.testng.internal.Utils - [Utils] MethodGroupsHelper.sortMethods() took 0 ms.
2026-04-23 22:17:45 INFO  org.testng.internal.Utils - [TestNG] Running:
  C:\Users\Rahul\AppData\Local\Temp\testng-eclipse-971262954\testng-customsuite.xml

2026-04-23 22:17:45 INFO  org.testng.internal.Utils - [Utils] DynamicGraphHelper.createDynamicGraph() took 6 ms.
2026-04-23 22:18:06 INFO  com.Tests.ProductListingPageTest - Category  filter applied successfully..
2026-04-23 22:18:39 INFO  com.Tests.ProductListingPageTest - Category  filter applied successfully..
2026-04-23 22:19:44 INFO  com.Tests.ProductListingPageTest - Category  filter applied successfully..
2026-04-23 22:20:05 INFO  com.Tests.ProductListingPageTest - Category  filter applied successfully..
2026-04-23 22:20:28 INFO  com.Tests.ProductListingPageTest - Category  filter applied successfully..
2026-04-23 22:20:43 INFO  com.Tests.ProductListingPageTest - Category  filter applied successfully..
2026-04-23 22:20:56 INFO  com.Tests.ProductListingPageTest - Category  filter applied successfully..
2026-04-23 22:21:14 INFO  com.Tests.ProductListingPageTest - Category  filter applied successfully..
2026-04-23 22:21:33 INFO  com.Tests.ProductListingPageTest - Category  filter applied successfully..
2026-04-23 22:21:44 INFO  com.Tests.ProductListingPageTest - Category  filter applied successfully..
2026-04-23 22:22:38 INFO  com.Tests.ProductListingPageTest - Category  filter applied successfully..
2026-04-23 22:22:51 INFO  com.Tests.ProductListingPageTest - Category  filter applied successfully..
2026-04-23 22:23:19 INFO  com.Tests.ProductListingPageTest - Category  filter applied successfully..
2026-04-23 22:23:31 INFO  com.Tests.ProductListingPageTest - Category  filter applied successfully..
2026-04-23 22:23:32 INFO  org.testng.internal.Utils - [TestNG] Time taken by org.testng.reporters.jq.Main@7cd25bf5: 188 ms
2026-04-23 22:23:32 INFO  org.testng.internal.Utils - [TestNG] Time taken by org.testng.reporters.FailedReporter@323b0632: 31 ms
2026-04-23 22:23:32 INFO  org.testng.internal.Utils - [TestNG] Time taken by org.testng.reporters.XMLReporter@6821c63c: 190 ms
2026-04-23 22:23:32 INFO  org.testng.internal.Utils - [TestNG] Time taken by org.testng.reporters.EmailableReporter2@3180aee: 71 ms
2026-04-23 22:23:33 INFO  org.testng.internal.Utils - [TestNG] Time taken by org.testng.reporters.JUnitReportReporter@7abcc0da: 47 ms
2026-04-23 22:23:33 INFO  org.testng.internal.Utils - [TestNG] Time taken by org.testng.internal.ExitCodeListener@174cb0d8: 0 ms
2026-04-23 22:29:39 DEBUG org.testng.TestNG - suiteXmlPath: "C:\Users\Rahul\AppData\Local\Temp\testng-eclipse--2049587316\testng-customsuite.xml"
2026-04-23 22:29:40 INFO  org.testng.internal.Utils - [Utils] MethodGroupsHelper.collectMethodsByGroup() took 2 ms.
2026-04-23 22:29:40 INFO  org.testng.internal.Utils - [Utils] MethodGroupsHelper.sortMethods() took 2 ms.
2026-04-23 22:29:40 INFO  org.testng.internal.Utils - [Utils] MethodGroupsHelper.collectMethodsByGroup() took 0 ms.
2026-04-23 22:29:40 INFO  org.testng.internal.Utils - [Utils] MethodGroupsHelper.sortMethods() took 0 ms.
2026-04-23 22:29:40 INFO  org.testng.internal.Utils - [Utils] MethodGroupsHelper.collectMethodsByGroup() took 0 ms.
2026-04-23 22:29:40 INFO  org.testng.internal.Utils - [Utils] MethodGroupsHelper.sortMethods() took 0 ms.
2026-04-23 22:29:40 INFO  org.testng.internal.Utils - [Utils] MethodGroupsHelper.collectMethodsByGroup() took 0 ms.
2026-04-23 22:29:40 INFO  org.testng.internal.Utils - [Utils] MethodGroupsHelper.sortMethods() took 0 ms.
2026-04-23 22:29:40 INFO  org.testng.internal.Utils - [Utils] MethodGroupsHelper.collectMethodsByGroup() took 0 ms.
2026-04-23 22:29:40 INFO  org.testng.internal.Utils - [Utils] MethodGroupsHelper.sortMethods() took 0 ms.
2026-04-23 22:29:40 INFO  org.testng.internal.Utils - [Utils] MethodGroupsHelper.collectMethodsByGroup() took 0 ms.
2026-04-23 22:29:40 INFO  org.testng.internal.Utils - [Utils] MethodGroupsHelper.sortMethods() took 0 ms.
2026-04-23 22:29:40 INFO  org.testng.internal.Utils - [Utils] MethodGroupsHelper.collectMethodsByGroup() took 0 ms.
2026-04-23 22:29:40 INFO  org.testng.internal.Utils - [Utils] MethodGroupsHelper.sortMethods() took 0 ms.
2026-04-23 22:29:40 INFO  org.testng.internal.Utils - [Utils] MethodGroupsHelper.collectMethodsByGroup() took 0 ms.
2026-04-23 22:29:40 INFO  org.testng.internal.Utils - [Utils] MethodGroupsHelper.sortMethods() took 0 ms.
2026-04-23 22:29:40 INFO  org.testng.internal.Utils - [Utils] MethodGroupsHelper.collectMethodsByGroup() took 9 ms.
2026-04-23 22:29:40 INFO  org.testng.internal.Utils - [Utils] MethodGroupsHelper.sortMethods() took 17 ms.
2026-04-23 22:29:40 INFO  org.testng.internal.Utils - [Utils] MethodGroupsHelper.collectMethodsByGroup() took 0 ms.
2026-04-23 22:29:40 INFO  org.testng.internal.Utils - [Utils] MethodGroupsHelper.sortMethods() took 0 ms.
2026-04-23 22:29:40 INFO  org.testng.internal.Utils - [Utils] MethodGroupsHelper.collectMethodsByGroup() took 0 ms.
2026-04-23 22:29:40 INFO  org.testng.internal.Utils - [Utils] MethodGroupsHelper.sortMethods() took 0 ms.
2026-04-23 22:29:40 INFO  org.testng.internal.Utils - [Utils] MethodGroupsHelper.collectMethodsByGroup() took 0 ms.
2026-04-23 22:29:40 INFO  org.testng.internal.Utils - [Utils] MethodGroupsHelper.sortMethods() took 0 ms.
2026-04-23 22:29:40 INFO  org.testng.internal.Utils - [Utils] MethodGroupsHelper.collectMethodsByGroup() took 17 ms.
2026-04-23 22:29:40 INFO  org.testng.internal.Utils - [Utils] MethodGroupsHelper.sortMethods() took 0 ms.
2026-04-23 22:29:40 INFO  org.testng.internal.Utils - [Utils] MethodGroupsHelper.collectMethodsByGroup() took 0 ms.
2026-04-23 22:29:40 INFO  org.testng.internal.Utils - [Utils] MethodGroupsHelper.sortMethods() took 1 ms.
2026-04-23 22:29:40 INFO  org.testng.internal.Utils - [Utils] MethodGroupsHelper.collectMethodsByGroup() took 0 ms.
2026-04-23 22:29:40 INFO  org.testng.internal.Utils - [Utils] MethodGroupsHelper.sortMethods() took 0 ms.
2026-04-23 22:29:40 INFO  org.testng.internal.Utils - [TestNG] Running:
  C:\Users\Rahul\AppData\Local\Temp\testng-eclipse--2049587316\testng-customsuite.xml

2026-04-23 22:29:40 INFO  org.testng.internal.Utils - [Utils] DynamicGraphHelper.createDynamicGraph() took 3 ms.
2026-04-23 22:29:58 INFO  com.Tests.ProductListingPageTest - Category  filter applied successfully..
2026-04-23 22:30:11 INFO  com.Tests.ProductListingPageTest - Category  filter applied successfully..
2026-04-23 22:30:26 INFO  com.Tests.ProductListingPageTest - Category  filter applied successfully..
2026-04-23 22:30:31 INFO  org.testng.internal.Utils - [TestNG] Time taken by org.testng.reporters.jq.Main@69afa141: 127 ms
2026-04-23 22:30:31 INFO  org.testng.internal.Utils - [TestNG] Time taken by org.testng.reporters.FailedReporter@6fbb4061: 28 ms
2026-04-23 22:30:31 INFO  org.testng.internal.Utils - [TestNG] Time taken by org.testng.reporters.XMLReporter@3a8d467e: 46 ms
2026-04-23 22:30:31 INFO  org.testng.internal.Utils - [TestNG] Time taken by org.testng.reporters.EmailableReporter2@58015e56: 33 ms
2026-04-23 22:30:31 INFO  org.testng.internal.Utils - [TestNG] Time taken by org.testng.reporters.JUnitReportReporter@3679d92e: 14 ms
2026-04-23 22:30:31 INFO  org.testng.internal.Utils - [TestNG] Time taken by org.testng.internal.ExitCodeListener@47b11ec7: 0 ms
2026-04-23 22:31:16 DEBUG org.testng.TestNG - suiteXmlPath: "C:\Users\Rahul\AppData\Local\Temp\testng-eclipse--1846101121\testng-customsuite.xml"
2026-04-23 22:31:17 INFO  org.testng.internal.Utils - [Utils] MethodGroupsHelper.collectMethodsByGroup() took 1 ms.
2026-04-23 22:31:17 INFO  org.testng.internal.Utils - [Utils] MethodGroupsHelper.sortMethods() took 4 ms.
2026-04-23 22:31:17 INFO  org.testng.internal.Utils - [Utils] MethodGroupsHelper.collectMethodsByGroup() took 0 ms.
2026-04-23 22:31:17 INFO  org.testng.internal.Utils - [Utils] MethodGroupsHelper.sortMethods() took 0 ms.
2026-04-23 22:31:17 INFO  org.testng.internal.Utils - [Utils] MethodGroupsHelper.collectMethodsByGroup() took 0 ms.
2026-04-23 22:31:17 INFO  org.testng.internal.Utils - [Utils] MethodGroupsHelper.sortMethods() took 0 ms.
2026-04-23 22:31:17 INFO  org.testng.internal.Utils - [Utils] MethodGroupsHelper.collectMethodsByGroup() took 0 ms.
2026-04-23 22:31:17 INFO  org.testng.internal.Utils - [Utils] MethodGroupsHelper.sortMethods() took 0 ms.
2026-04-23 22:31:17 INFO  org.testng.internal.Utils - [Utils] MethodGroupsHelper.collectMethodsByGroup() took 0 ms.
2026-04-23 22:31:17 INFO  org.testng.internal.Utils - [Utils] MethodGroupsHelper.sortMethods() took 0 ms.
2026-04-23 22:31:17 INFO  org.testng.internal.Utils - [Utils] MethodGroupsHelper.collectMethodsByGroup() took 0 ms.
2026-04-23 22:31:17 INFO  org.testng.internal.Utils - [Utils] MethodGroupsHelper.sortMethods() took 0 ms.
2026-04-23 22:31:17 INFO  org.testng.internal.Utils - [Utils] MethodGroupsHelper.collectMethodsByGroup() took 0 ms.
2026-04-23 22:31:17 INFO  org.testng.internal.Utils - [Utils] MethodGroupsHelper.sortMethods() took 0 ms.
2026-04-23 22:31:17 INFO  org.testng.internal.Utils - [Utils] MethodGroupsHelper.collectMethodsByGroup() took 0 ms.
2026-04-23 22:31:17 INFO  org.testng.internal.Utils - [Utils] MethodGroupsHelper.sortMethods() took 0 ms.
2026-04-23 22:31:17 INFO  org.testng.internal.Utils - [Utils] MethodGroupsHelper.collectMethodsByGroup() took 7 ms.
2026-04-23 22:31:17 INFO  org.testng.internal.Utils - [Utils] MethodGroupsHelper.sortMethods() took 14 ms.
2026-04-23 22:31:17 INFO  org.testng.internal.Utils - [Utils] MethodGroupsHelper.collectMethodsByGroup() took 0 ms.
2026-04-23 22:31:17 INFO  org.testng.internal.Utils - [Utils] MethodGroupsHelper.sortMethods() took 0 ms.
2026-04-23 22:31:17 INFO  org.testng.internal.Utils - [Utils] MethodGroupsHelper.collectMethodsByGroup() took 0 ms.
2026-04-23 22:31:17 INFO  org.testng.internal.Utils - [Utils] MethodGroupsHelper.sortMethods() took 0 ms.
2026-04-23 22:31:17 INFO  org.testng.internal.Utils - [Utils] MethodGroupsHelper.collectMethodsByGroup() took 0 ms.
2026-04-23 22:31:17 INFO  org.testng.internal.Utils - [Utils] MethodGroupsHelper.sortMethods() took 0 ms.
2026-04-23 22:31:17 INFO  org.testng.internal.Utils - [Utils] MethodGroupsHelper.collectMethodsByGroup() took 13 ms.
2026-04-23 22:31:17 INFO  org.testng.internal.Utils - [Utils] MethodGroupsHelper.sortMethods() took 1 ms.
2026-04-23 22:31:17 INFO  org.testng.internal.Utils - [Utils] MethodGroupsHelper.collectMethodsByGroup() took 0 ms.
2026-04-23 22:31:17 INFO  org.testng.internal.Utils - [Utils] MethodGroupsHelper.sortMethods() took 0 ms.
2026-04-23 22:31:17 INFO  org.testng.internal.Utils - [Utils] MethodGroupsHelper.collectMethodsByGroup() took 0 ms.
2026-04-23 22:31:17 INFO  org.testng.internal.Utils - [Utils] MethodGroupsHelper.sortMethods() took 0 ms.
2026-04-23 22:31:17 INFO  org.testng.internal.Utils - [TestNG] Running:
  C:\Users\Rahul\AppData\Local\Temp\testng-eclipse--1846101121\testng-customsuite.xml

2026-04-23 22:31:17 INFO  org.testng.internal.Utils - [Utils] DynamicGraphHelper.createDynamicGraph() took 3 ms.
2026-04-23 22:31:38 INFO  com.Tests.ProductListingPageTest - Category  filter applied successfully..
2026-04-23 22:31:51 INFO  com.Tests.ProductListingPageTest - Category  filter applied successfully..
2026-04-23 22:32:08 INFO  com.Tests.ProductListingPageTest - Category  filter applied successfully..
2026-04-23 22:32:46 INFO  com.Tests.ProductListingPageTest - Category  filter applied successfully..
2026-04-23 22:32:58 INFO  org.testng.internal.Utils - [TestNG] Time taken by org.testng.reporters.jq.Main@3f6f3cc: 75 ms
2026-04-23 22:32:58 INFO  org.testng.internal.Utils - [TestNG] Time taken by org.testng.reporters.FailedReporter@32d418a9: 14 ms
2026-04-23 22:32:58 INFO  org.testng.internal.Utils - [TestNG] Time taken by org.testng.reporters.XMLReporter@5b000fe6: 17 ms
2026-04-23 22:32:58 INFO  org.testng.internal.Utils - [TestNG] Time taken by org.testng.reporters.EmailableReporter2@7e1ffe70: 10 ms
2026-04-23 22:32:58 INFO  org.testng.internal.Utils - [TestNG] Time taken by org.testng.reporters.JUnitReportReporter@72906e: 13 ms
2026-04-23 22:32:58 INFO  org.testng.internal.Utils - [TestNG] Time taken by org.testng.internal.ExitCodeListener@5529ff44: 1 ms
2026-04-23 22:35:01 DEBUG org.testng.TestNG - suiteXmlPath: "C:\Users\Rahul\AppData\Local\Temp\testng-eclipse-176445582\testng-customsuite.xml"
2026-04-23 22:35:02 INFO  org.testng.internal.Utils - [Utils] MethodGroupsHelper.collectMethodsByGroup() took 1 ms.
2026-04-23 22:35:02 INFO  org.testng.internal.Utils - [Utils] MethodGroupsHelper.sortMethods() took 0 ms.
2026-04-23 22:35:02 INFO  org.testng.internal.Utils - [Utils] MethodGroupsHelper.collectMethodsByGroup() took 0 ms.
2026-04-23 22:35:02 INFO  org.testng.internal.Utils - [Utils] MethodGroupsHelper.sortMethods() took 0 ms.
2026-04-23 22:35:02 INFO  org.testng.internal.Utils - [Utils] MethodGroupsHelper.collectMethodsByGroup() took 0 ms.
2026-04-23 22:35:02 INFO  org.testng.internal.Utils - [Utils] MethodGroupsHelper.sortMethods() took 0 ms.
2026-04-23 22:35:02 INFO  org.testng.internal.Utils - [Utils] MethodGroupsHelper.collectMethodsByGroup() took 0 ms.
2026-04-23 22:35:02 INFO  org.testng.internal.Utils - [Utils] MethodGroupsHelper.sortMethods() took 0 ms.
2026-04-23 22:35:02 INFO  org.testng.internal.Utils - [Utils] MethodGroupsHelper.collectMethodsByGroup() took 0 ms.
2026-04-23 22:35:02 INFO  org.testng.internal.Utils - [Utils] MethodGroupsHelper.sortMethods() took 0 ms.
2026-04-23 22:35:02 INFO  org.testng.internal.Utils - [Utils] MethodGroupsHelper.collectMethodsByGroup() took 0 ms.
2026-04-23 22:35:02 INFO  org.testng.internal.Utils - [Utils] MethodGroupsHelper.sortMethods() took 0 ms.
2026-04-23 22:35:02 INFO  org.testng.internal.Utils - [Utils] MethodGroupsHelper.collectMethodsByGroup() took 0 ms.
2026-04-23 22:35:02 INFO  org.testng.internal.Utils - [Utils] MethodGroupsHelper.sortMethods() took 0 ms.
2026-04-23 22:35:02 INFO  org.testng.internal.Utils - [Utils] MethodGroupsHelper.collectMethodsByGroup() took 0 ms.
2026-04-23 22:35:02 INFO  org.testng.internal.Utils - [Utils] MethodGroupsHelper.sortMethods() took 0 ms.
2026-04-23 22:35:02 INFO  org.testng.internal.Utils - [Utils] MethodGroupsHelper.collectMethodsByGroup() took 10 ms.
2026-04-23 22:35:02 INFO  org.testng.internal.Utils - [Utils] MethodGroupsHelper.sortMethods() took 13 ms.
2026-04-23 22:35:02 INFO  org.testng.internal.Utils - [Utils] MethodGroupsHelper.collectMethodsByGroup() took 1 ms.
2026-04-23 22:35:02 INFO  org.testng.internal.Utils - [Utils] MethodGroupsHelper.sortMethods() took 0 ms.
2026-04-23 22:35:02 INFO  org.testng.internal.Utils - [Utils] MethodGroupsHelper.collectMethodsByGroup() took 0 ms.
2026-04-23 22:35:02 INFO  org.testng.internal.Utils - [Utils] MethodGroupsHelper.sortMethods() took 0 ms.
2026-04-23 22:35:02 INFO  org.testng.internal.Utils - [Utils] MethodGroupsHelper.collectMethodsByGroup() took 0 ms.
2026-04-23 22:35:02 INFO  org.testng.internal.Utils - [Utils] MethodGroupsHelper.sortMethods() took 0 ms.
2026-04-23 22:35:02 INFO  org.testng.internal.Utils - [Utils] MethodGroupsHelper.collectMethodsByGroup() took 14 ms.
2026-04-23 22:35:02 INFO  org.testng.internal.Utils - [Utils] MethodGroupsHelper.sortMethods() took 0 ms.
2026-04-23 22:35:02 INFO  org.testng.internal.Utils - [Utils] MethodGroupsHelper.collectMethodsByGroup() took 0 ms.
2026-04-23 22:35:02 INFO  org.testng.internal.Utils - [Utils] MethodGroupsHelper.sortMethods() took 0 ms.
2026-04-23 22:35:02 INFO  org.testng.internal.Utils - [Utils] MethodGroupsHelper.collectMethodsByGroup() took 0 ms.
2026-04-23 22:35:02 INFO  org.testng.internal.Utils - [Utils] MethodGroupsHelper.sortMethods() took 0 ms.
2026-04-23 22:35:02 INFO  org.testng.internal.Utils - [TestNG] Running:
  C:\Users\Rahul\AppData\Local\Temp\testng-eclipse-176445582\testng-customsuite.xml

2026-04-23 22:35:02 INFO  org.testng.internal.Utils - [Utils] DynamicGraphHelper.createDynamicGraph() took 4 ms.
2026-04-23 22:35:17 INFO  org.testng.internal.Utils - [TestNG] Time taken by org.testng.reporters.jq.Main@21079a12: 77 ms
2026-04-23 22:35:17 INFO  org.testng.internal.Utils - [TestNG] Time taken by org.testng.reporters.FailedReporter@5f038248: 14 ms
2026-04-23 22:35:17 INFO  org.testng.internal.Utils - [TestNG] Time taken by org.testng.reporters.XMLReporter@4339baec: 14 ms
2026-04-23 22:35:17 INFO  org.testng.internal.Utils - [TestNG] Time taken by org.testng.reporters.EmailableReporter2@38bb9d7a: 13 ms
2026-04-23 22:35:17 INFO  org.testng.internal.Utils - [TestNG] Time taken by org.testng.reporters.JUnitReportReporter@5b9396d3: 9 ms
2026-04-23 22:35:17 INFO  org.testng.internal.Utils - [TestNG] Time taken by org.testng.internal.ExitCodeListener@761e788f: 0 ms
2026-04-23 22:36:38 DEBUG org.testng.TestNG - suiteXmlPath: "C:\Users\Rahul\AppData\Local\Temp\testng-eclipse--939756950\testng-customsuite.xml"
2026-04-23 22:36:39 INFO  org.testng.internal.Utils - [Utils] MethodGroupsHelper.collectMethodsByGroup() took 0 ms.
2026-04-23 22:36:39 INFO  org.testng.internal.Utils - [Utils] MethodGroupsHelper.sortMethods() took 1 ms.
2026-04-23 22:36:39 INFO  org.testng.internal.Utils - [Utils] MethodGroupsHelper.collectMethodsByGroup() took 0 ms.
2026-04-23 22:36:39 INFO  org.testng.internal.Utils - [Utils] MethodGroupsHelper.sortMethods() took 0 ms.
2026-04-23 22:36:39 INFO  org.testng.internal.Utils - [Utils] MethodGroupsHelper.collectMethodsByGroup() took 0 ms.
2026-04-23 22:36:39 INFO  org.testng.internal.Utils - [Utils] MethodGroupsHelper.sortMethods() took 0 ms.
2026-04-23 22:36:39 INFO  org.testng.internal.Utils - [Utils] MethodGroupsHelper.collectMethodsByGroup() took 0 ms.
2026-04-23 22:36:39 INFO  org.testng.internal.Utils - [Utils] MethodGroupsHelper.sortMethods() took 0 ms.
2026-04-23 22:36:39 INFO  org.testng.internal.Utils - [Utils] MethodGroupsHelper.collectMethodsByGroup() took 0 ms.
2026-04-23 22:36:39 INFO  org.testng.internal.Utils - [Utils] MethodGroupsHelper.sortMethods() took 0 ms.
2026-04-23 22:36:39 INFO  org.testng.internal.Utils - [Utils] MethodGroupsHelper.collectMethodsByGroup() took 0 ms.
2026-04-23 22:36:39 INFO  org.testng.internal.Utils - [Utils] MethodGroupsHelper.sortMethods() took 0 ms.
2026-04-23 22:36:39 INFO  org.testng.internal.Utils - [Utils] MethodGroupsHelper.collectMethodsByGroup() took 0 ms.
2026-04-23 22:36:39 INFO  org.testng.internal.Utils - [Utils] MethodGroupsHelper.sortMethods() took 0 ms.
2026-04-23 22:36:39 INFO  org.testng.internal.Utils - [Utils] MethodGroupsHelper.collectMethodsByGroup() took 0 ms.
2026-04-23 22:36:39 INFO  org.testng.internal.Utils - [Utils] MethodGroupsHelper.sortMethods() took 0 ms.
2026-04-23 22:36:39 INFO  org.testng.internal.Utils - [Utils] MethodGroupsHelper.collectMethodsByGroup() took 4 ms.
2026-04-23 22:36:39 INFO  org.testng.internal.Utils - [Utils] MethodGroupsHelper.sortMethods() took 16 ms.
2026-04-23 22:36:39 INFO  org.testng.internal.Utils - [Utils] MethodGroupsHelper.collectMethodsByGroup() took 0 ms.
2026-04-23 22:36:39 INFO  org.testng.internal.Utils - [Utils] MethodGroupsHelper.sortMethods() took 1 ms.
2026-04-23 22:36:39 INFO  org.testng.internal.Utils - [Utils] MethodGroupsHelper.collectMethodsByGroup() took 0 ms.
2026-04-23 22:36:39 INFO  org.testng.internal.Utils - [Utils] MethodGroupsHelper.sortMethods() took 0 ms.
2026-04-23 22:36:39 INFO  org.testng.internal.Utils - [Utils] MethodGroupsHelper.collectMethodsByGroup() took 0 ms.
2026-04-23 22:36:39 INFO  org.testng.internal.Utils - [Utils] MethodGroupsHelper.sortMethods() took 0 ms.
2026-04-23 22:36:39 INFO  org.testng.internal.Utils - [Utils] MethodGroupsHelper.collectMethodsByGroup() took 15 ms.
2026-04-23 22:36:39 INFO  org.testng.internal.Utils - [Utils] MethodGroupsHelper.sortMethods() took 0 ms.
2026-04-23 22:36:39 INFO  org.testng.internal.Utils - [Utils] MethodGroupsHelper.collectMethodsByGroup() took 0 ms.
2026-04-23 22:36:39 INFO  org.testng.internal.Utils - [Utils] MethodGroupsHelper.sortMethods() took 0 ms.
2026-04-23 22:36:39 INFO  org.testng.internal.Utils - [Utils] MethodGroupsHelper.collectMethodsByGroup() took 0 ms.
2026-04-23 22:36:39 INFO  org.testng.internal.Utils - [Utils] MethodGroupsHelper.sortMethods() took 0 ms.
2026-04-23 22:36:39 INFO  org.testng.internal.Utils - [TestNG] Running:
  C:\Users\Rahul\AppData\Local\Temp\testng-eclipse--939756950\testng-customsuite.xml

2026-04-23 22:36:39 INFO  org.testng.internal.Utils - [Utils] DynamicGraphHelper.createDynamicGraph() took 6 ms.
2026-04-23 22:36:53 INFO  org.testng.internal.Utils - [TestNG] Time taken by org.testng.reporters.jq.Main@1c7f96b1: 65 ms
2026-04-23 22:36:53 INFO  org.testng.internal.Utils - [TestNG] Time taken by org.testng.reporters.FailedReporter@711d1a52: 14 ms
2026-04-23 22:36:53 INFO  org.testng.internal.Utils - [TestNG] Time taken by org.testng.reporters.XMLReporter@2b8bb184: 15 ms
2026-04-23 22:36:53 INFO  org.testng.internal.Utils - [TestNG] Time taken by org.testng.reporters.EmailableReporter2@7899de11: 18 ms
2026-04-23 22:36:53 INFO  org.testng.internal.Utils - [TestNG] Time taken by org.testng.reporters.JUnitReportReporter@4110765e: 16 ms
2026-04-23 22:36:53 INFO  org.testng.internal.Utils - [TestNG] Time taken by org.testng.internal.ExitCodeListener@1ba359bd: 0 ms
2026-04-23 22:37:44 DEBUG org.testng.TestNG - suiteXmlPath: "C:\Users\Rahul\AppData\Local\Temp\testng-eclipse--490846929\testng-customsuite.xml"
2026-04-23 22:37:45 INFO  org.testng.internal.Utils - [Utils] MethodGroupsHelper.collectMethodsByGroup() took 1 ms.
2026-04-23 22:37:45 INFO  org.testng.internal.Utils - [Utils] MethodGroupsHelper.sortMethods() took 2 ms.
2026-04-23 22:37:45 INFO  org.testng.internal.Utils - [Utils] MethodGroupsHelper.collectMethodsByGroup() took 0 ms.
2026-04-23 22:37:45 INFO  org.testng.internal.Utils - [Utils] MethodGroupsHelper.sortMethods() took 0 ms.
2026-04-23 22:37:45 INFO  org.testng.internal.Utils - [Utils] MethodGroupsHelper.collectMethodsByGroup() took 0 ms.
2026-04-23 22:37:45 INFO  org.testng.internal.Utils - [Utils] MethodGroupsHelper.sortMethods() took 0 ms.
2026-04-23 22:37:45 INFO  org.testng.internal.Utils - [Utils] MethodGroupsHelper.collectMethodsByGroup() took 0 ms.
2026-04-23 22:37:45 INFO  org.testng.internal.Utils - [Utils] MethodGroupsHelper.sortMethods() took 0 ms.
2026-04-23 22:37:45 INFO  org.testng.internal.Utils - [Utils] MethodGroupsHelper.collectMethodsByGroup() took 0 ms.
2026-04-23 22:37:45 INFO  org.testng.internal.Utils - [Utils] MethodGroupsHelper.sortMethods() took 0 ms.
2026-04-23 22:37:45 INFO  org.testng.internal.Utils - [Utils] MethodGroupsHelper.collectMethodsByGroup() took 0 ms.
2026-04-23 22:37:45 INFO  org.testng.internal.Utils - [Utils] MethodGroupsHelper.sortMethods() took 0 ms.
2026-04-23 22:37:45 INFO  org.testng.internal.Utils - [Utils] MethodGroupsHelper.collectMethodsByGroup() took 0 ms.
2026-04-23 22:37:45 INFO  org.testng.internal.Utils - [Utils] MethodGroupsHelper.sortMethods() took 0 ms.
2026-04-23 22:37:45 INFO  org.testng.internal.Utils - [Utils] MethodGroupsHelper.collectMethodsByGroup() took 0 ms.
2026-04-23 22:37:45 INFO  org.testng.internal.Utils - [Utils] MethodGroupsHelper.sortMethods() took 0 ms.
2026-04-23 22:37:45 INFO  org.testng.internal.Utils - [Utils] MethodGroupsHelper.collectMethodsByGroup() took 6 ms.
2026-04-23 22:37:45 INFO  org.testng.internal.Utils - [Utils] MethodGroupsHelper.sortMethods() took 11 ms.
2026-04-23 22:37:45 INFO  org.testng.internal.Utils - [Utils] MethodGroupsHelper.collectMethodsByGroup() took 1 ms.
2026-04-23 22:37:45 INFO  org.testng.internal.Utils - [Utils] MethodGroupsHelper.sortMethods() took 0 ms.
2026-04-23 22:37:45 INFO  org.testng.internal.Utils - [Utils] MethodGroupsHelper.collectMethodsByGroup() took 0 ms.
2026-04-23 22:37:45 INFO  org.testng.internal.Utils - [Utils] MethodGroupsHelper.sortMethods() took 0 ms.
2026-04-23 22:37:45 INFO  org.testng.internal.Utils - [Utils] MethodGroupsHelper.collectMethodsByGroup() took 0 ms.
2026-04-23 22:37:45 INFO  org.testng.internal.Utils - [Utils] MethodGroupsHelper.sortMethods() took 0 ms.
2026-04-23 22:37:45 INFO  org.testng.internal.Utils - [Utils] MethodGroupsHelper.collectMethodsByGroup() took 15 ms.
2026-04-23 22:37:45 INFO  org.testng.internal.Utils - [Utils] MethodGroupsHelper.sortMethods() took 0 ms.
2026-04-23 22:37:45 INFO  org.testng.internal.Utils - [Utils] MethodGroupsHelper.collectMethodsByGroup() took 0 ms.
2026-04-23 22:37:45 INFO  org.testng.internal.Utils - [Utils] MethodGroupsHelper.sortMethods() took 0 ms.
2026-04-23 22:37:45 INFO  org.testng.internal.Utils - [Utils] MethodGroupsHelper.collectMethodsByGroup() took 0 ms.
2026-04-23 22:37:45 INFO  org.testng.internal.Utils - [Utils] MethodGroupsHelper.sortMethods() took 0 ms.
2026-04-23 22:37:45 INFO  org.testng.internal.Utils - [TestNG] Running:
  C:\Users\Rahul\AppData\Local\Temp\testng-eclipse--490846929\testng-customsuite.xml

2026-04-23 22:37:45 INFO  org.testng.internal.Utils - [Utils] DynamicGraphHelper.createDynamicGraph() took 4 ms.
2026-04-23 22:38:10 INFO  org.testng.internal.Utils - [TestNG] Time taken by org.testng.reporters.jq.Main@1e0895f5: 49 ms
2026-04-23 22:38:10 INFO  org.testng.internal.Utils - [TestNG] Time taken by org.testng.reporters.FailedReporter@14982a82: 1 ms
2026-04-23 22:38:10 INFO  org.testng.internal.Utils - [TestNG] Time taken by org.testng.reporters.XMLReporter@4110765e: 7 ms
2026-04-23 22:38:10 INFO  org.testng.internal.Utils - [TestNG] Time taken by org.testng.reporters.EmailableReporter2@582a764a: 5 ms
2026-04-23 22:38:10 INFO  org.testng.internal.Utils - [TestNG] Time taken by org.testng.reporters.JUnitReportReporter@4b790d86: 5 ms
2026-04-23 22:38:10 INFO  org.testng.internal.Utils - [TestNG] Time taken by org.testng.internal.ExitCodeListener@7e7f0216: 0 ms
2026-04-23 22:38:35 DEBUG org.testng.TestNG - suiteXmlPath: "C:\Users\Rahul\AppData\Local\Temp\testng-eclipse-77852461\testng-customsuite.xml"
2026-04-23 22:38:36 INFO  org.testng.internal.Utils - [Utils] MethodGroupsHelper.collectMethodsByGroup() took 1 ms.
2026-04-23 22:38:36 INFO  org.testng.internal.Utils - [Utils] MethodGroupsHelper.sortMethods() took 1 ms.
2026-04-23 22:38:36 INFO  org.testng.internal.Utils - [Utils] MethodGroupsHelper.collectMethodsByGroup() took 0 ms.
2026-04-23 22:38:36 INFO  org.testng.internal.Utils - [Utils] MethodGroupsHelper.sortMethods() took 0 ms.
2026-04-23 22:38:36 INFO  org.testng.internal.Utils - [Utils] MethodGroupsHelper.collectMethodsByGroup() took 0 ms.
2026-04-23 22:38:36 INFO  org.testng.internal.Utils - [Utils] MethodGroupsHelper.sortMethods() took 0 ms.
2026-04-23 22:38:36 INFO  org.testng.internal.Utils - [Utils] MethodGroupsHelper.collectMethodsByGroup() took 0 ms.
2026-04-23 22:38:36 INFO  org.testng.internal.Utils - [Utils] MethodGroupsHelper.sortMethods() took 0 ms.
2026-04-23 22:38:36 INFO  org.testng.internal.Utils - [Utils] MethodGroupsHelper.collectMethodsByGroup() took 0 ms.
2026-04-23 22:38:36 INFO  org.testng.internal.Utils - [Utils] MethodGroupsHelper.sortMethods() took 0 ms.
2026-04-23 22:38:36 INFO  org.testng.internal.Utils - [Utils] MethodGroupsHelper.collectMethodsByGroup() took 0 ms.
2026-04-23 22:38:36 INFO  org.testng.internal.Utils - [Utils] MethodGroupsHelper.sortMethods() took 0 ms.
2026-04-23 22:38:36 INFO  org.testng.internal.Utils - [Utils] MethodGroupsHelper.collectMethodsByGroup() took 0 ms.
2026-04-23 22:38:36 INFO  org.testng.internal.Utils - [Utils] MethodGroupsHelper.sortMethods() took 0 ms.
2026-04-23 22:38:36 INFO  org.testng.internal.Utils - [Utils] MethodGroupsHelper.collectMethodsByGroup() took 0 ms.
2026-04-23 22:38:36 INFO  org.testng.internal.Utils - [Utils] MethodGroupsHelper.sortMethods() took 0 ms.
2026-04-23 22:38:36 INFO  org.testng.internal.Utils - [Utils] MethodGroupsHelper.collectMethodsByGroup() took 10 ms.
2026-04-23 22:38:36 INFO  org.testng.internal.Utils - [Utils] MethodGroupsHelper.sortMethods() took 19 ms.
2026-04-23 22:38:36 INFO  org.testng.internal.Utils - [Utils] MethodGroupsHelper.collectMethodsByGroup() took 0 ms.
2026-04-23 22:38:36 INFO  org.testng.internal.Utils - [Utils] MethodGroupsHelper.sortMethods() took 0 ms.
2026-04-23 22:38:36 INFO  org.testng.internal.Utils - [Utils] MethodGroupsHelper.collectMethodsByGroup() took 0 ms.
2026-04-23 22:38:36 INFO  org.testng.internal.Utils - [Utils] MethodGroupsHelper.sortMethods() took 0 ms.
2026-04-23 22:38:36 INFO  org.testng.internal.Utils - [Utils] MethodGroupsHelper.collectMethodsByGroup() took 0 ms.
2026-04-23 22:38:36 INFO  org.testng.internal.Utils - [Utils] MethodGroupsHelper.sortMethods() took 0 ms.
2026-04-23 22:38:36 INFO  org.testng.internal.Utils - [Utils] MethodGroupsHelper.collectMethodsByGroup() took 16 ms.
2026-04-23 22:38:36 INFO  org.testng.internal.Utils - [Utils] MethodGroupsHelper.sortMethods() took 1 ms.
2026-04-23 22:38:36 INFO  org.testng.internal.Utils - [Utils] MethodGroupsHelper.collectMethodsByGroup() took 0 ms.
2026-04-23 22:38:36 INFO  org.testng.internal.Utils - [Utils] MethodGroupsHelper.sortMethods() took 0 ms.
2026-04-23 22:38:36 INFO  org.testng.internal.Utils - [Utils] MethodGroupsHelper.collectMethodsByGroup() took 0 ms.
2026-04-23 22:38:36 INFO  org.testng.internal.Utils - [Utils] MethodGroupsHelper.sortMethods() took 0 ms.
2026-04-23 22:38:36 INFO  org.testng.internal.Utils - [TestNG] Running:
  C:\Users\Rahul\AppData\Local\Temp\testng-eclipse-77852461\testng-customsuite.xml

2026-04-23 22:38:36 INFO  org.testng.internal.Utils - [Utils] DynamicGraphHelper.createDynamicGraph() took 5 ms.
2026-04-23 22:38:55 INFO  org.testng.internal.Utils - [TestNG] Time taken by org.testng.reporters.jq.Main@4e08acf9: 50 ms
2026-04-23 22:38:55 INFO  org.testng.internal.Utils - [TestNG] Time taken by org.testng.reporters.FailedReporter@1f0b3cfe: 1 ms
2026-04-23 22:38:55 INFO  org.testng.internal.Utils - [TestNG] Time taken by org.testng.reporters.XMLReporter@312b34e3: 8 ms
2026-04-23 22:38:55 INFO  org.testng.internal.Utils - [TestNG] Time taken by org.testng.reporters.EmailableReporter2@51288417: 8 ms
2026-04-23 22:38:55 INFO  org.testng.internal.Utils - [TestNG] Time taken by org.testng.reporters.JUnitReportReporter@323f3c96: 6 ms
2026-04-23 22:38:55 INFO  org.testng.internal.Utils - [TestNG] Time taken by org.testng.internal.ExitCodeListener@6726cc69: 0 ms
2026-04-23 22:39:30 DEBUG org.testng.TestNG - suiteXmlPath: "C:\Users\Rahul\AppData\Local\Temp\testng-eclipse-2014971228\testng-customsuite.xml"
2026-04-23 22:39:31 INFO  org.testng.internal.Utils - [Utils] MethodGroupsHelper.collectMethodsByGroup() took 0 ms.
2026-04-23 22:39:31 INFO  org.testng.internal.Utils - [Utils] MethodGroupsHelper.sortMethods() took 2 ms.
2026-04-23 22:39:31 INFO  org.testng.internal.Utils - [Utils] MethodGroupsHelper.collectMethodsByGroup() took 0 ms.
2026-04-23 22:39:31 INFO  org.testng.internal.Utils - [Utils] MethodGroupsHelper.sortMethods() took 0 ms.
2026-04-23 22:39:31 INFO  org.testng.internal.Utils - [Utils] MethodGroupsHelper.collectMethodsByGroup() took 0 ms.
2026-04-23 22:39:31 INFO  org.testng.internal.Utils - [Utils] MethodGroupsHelper.sortMethods() took 0 ms.
2026-04-23 22:39:31 INFO  org.testng.internal.Utils - [Utils] MethodGroupsHelper.collectMethodsByGroup() took 0 ms.
2026-04-23 22:39:31 INFO  org.testng.internal.Utils - [Utils] MethodGroupsHelper.sortMethods() took 0 ms.
2026-04-23 22:39:31 INFO  org.testng.internal.Utils - [Utils] MethodGroupsHelper.collectMethodsByGroup() took 0 ms.
2026-04-23 22:39:31 INFO  org.testng.internal.Utils - [Utils] MethodGroupsHelper.sortMethods() took 0 ms.
2026-04-23 22:39:31 INFO  org.testng.internal.Utils - [Utils] MethodGroupsHelper.collectMethodsByGroup() took 0 ms.
2026-04-23 22:39:31 INFO  org.testng.internal.Utils - [Utils] MethodGroupsHelper.sortMethods() took 0 ms.
2026-04-23 22:39:31 INFO  org.testng.internal.Utils - [Utils] MethodGroupsHelper.collectMethodsByGroup() took 0 ms.
2026-04-23 22:39:31 INFO  org.testng.internal.Utils - [Utils] MethodGroupsHelper.sortMethods() took 0 ms.
2026-04-23 22:39:31 INFO  org.testng.internal.Utils - [Utils] MethodGroupsHelper.collectMethodsByGroup() took 0 ms.
2026-04-23 22:39:31 INFO  org.testng.internal.Utils - [Utils] MethodGroupsHelper.sortMethods() took 0 ms.
2026-04-23 22:39:31 INFO  org.testng.internal.Utils - [Utils] MethodGroupsHelper.collectMethodsByGroup() took 11 ms.
2026-04-23 22:39:31 INFO  org.testng.internal.Utils - [Utils] MethodGroupsHelper.sortMethods() took 19 ms.
2026-04-23 22:39:31 INFO  org.testng.internal.Utils - [Utils] MethodGroupsHelper.collectMethodsByGroup() took 1 ms.
2026-04-23 22:39:31 INFO  org.testng.internal.Utils - [Utils] MethodGroupsHelper.sortMethods() took 0 ms.
2026-04-23 22:39:31 INFO  org.testng.internal.Utils - [Utils] MethodGroupsHelper.collectMethodsByGroup() took 0 ms.
2026-04-23 22:39:31 INFO  org.testng.internal.Utils - [Utils] MethodGroupsHelper.sortMethods() took 0 ms.
2026-04-23 22:39:31 INFO  org.testng.internal.Utils - [Utils] MethodGroupsHelper.collectMethodsByGroup() took 0 ms.
2026-04-23 22:39:31 INFO  org.testng.internal.Utils - [Utils] MethodGroupsHelper.sortMethods() took 0 ms.
2026-04-23 22:39:31 INFO  org.testng.internal.Utils - [Utils] MethodGroupsHelper.collectMethodsByGroup() took 15 ms.
2026-04-23 22:39:31 INFO  org.testng.internal.Utils - [Utils] MethodGroupsHelper.sortMethods() took 0 ms.
2026-04-23 22:39:31 INFO  org.testng.internal.Utils - [Utils] MethodGroupsHelper.collectMethodsByGroup() took 0 ms.
2026-04-23 22:39:31 INFO  org.testng.internal.Utils - [Utils] MethodGroupsHelper.sortMethods() took 0 ms.
2026-04-23 22:39:31 INFO  org.testng.internal.Utils - [Utils] MethodGroupsHelper.collectMethodsByGroup() took 0 ms.
2026-04-23 22:39:31 INFO  org.testng.internal.Utils - [Utils] MethodGroupsHelper.sortMethods() took 0 ms.
2026-04-23 22:39:31 INFO  org.testng.internal.Utils - [TestNG] Running:
  C:\Users\Rahul\AppData\Local\Temp\testng-eclipse-2014971228\testng-customsuite.xml

2026-04-23 22:39:31 INFO  org.testng.internal.Utils - [Utils] DynamicGraphHelper.createDynamicGraph() took 3 ms.
2026-04-23 22:39:58 INFO  org.testng.internal.Utils - [TestNG] Time taken by org.testng.reporters.jq.Main@1bc49bc5: 59 ms
2026-04-23 22:39:58 INFO  org.testng.internal.Utils - [TestNG] Time taken by org.testng.reporters.FailedReporter@124ac145: 1 ms
2026-04-23 22:39:58 INFO  org.testng.internal.Utils - [TestNG] Time taken by org.testng.reporters.XMLReporter@a62c7cd: 9 ms
2026-04-23 22:39:58 INFO  org.testng.internal.Utils - [TestNG] Time taken by org.testng.reporters.EmailableReporter2@711d1a52: 6 ms
2026-04-23 22:39:58 INFO  org.testng.internal.Utils - [TestNG] Time taken by org.testng.reporters.JUnitReportReporter@1a865273: 6 ms
2026-04-23 22:39:58 INFO  org.testng.internal.Utils - [TestNG] Time taken by org.testng.internal.ExitCodeListener@288ca5f0: 0 ms
2026-04-23 22:41:58 DEBUG org.testng.TestNG - suiteXmlPath: "C:\Users\Rahul\AppData\Local\Temp\testng-eclipse--1307504090\testng-customsuite.xml"
2026-04-23 22:41:59 INFO  org.testng.internal.Utils - [Utils] MethodGroupsHelper.collectMethodsByGroup() took 1 ms.
2026-04-23 22:41:59 INFO  org.testng.internal.Utils - [Utils] MethodGroupsHelper.sortMethods() took 1 ms.
2026-04-23 22:41:59 INFO  org.testng.internal.Utils - [Utils] MethodGroupsHelper.collectMethodsByGroup() took 0 ms.
2026-04-23 22:41:59 INFO  org.testng.internal.Utils - [Utils] MethodGroupsHelper.sortMethods() took 0 ms.
2026-04-23 22:41:59 INFO  org.testng.internal.Utils - [Utils] MethodGroupsHelper.collectMethodsByGroup() took 0 ms.
2026-04-23 22:41:59 INFO  org.testng.internal.Utils - [Utils] MethodGroupsHelper.sortMethods() took 0 ms.
2026-04-23 22:41:59 INFO  org.testng.internal.Utils - [Utils] MethodGroupsHelper.collectMethodsByGroup() took 0 ms.
2026-04-23 22:41:59 INFO  org.testng.internal.Utils - [Utils] MethodGroupsHelper.sortMethods() took 0 ms.
2026-04-23 22:41:59 INFO  org.testng.internal.Utils - [Utils] MethodGroupsHelper.collectMethodsByGroup() took 0 ms.
2026-04-23 22:41:59 INFO  org.testng.internal.Utils - [Utils] MethodGroupsHelper.sortMethods() took 0 ms.
2026-04-23 22:41:59 INFO  org.testng.internal.Utils - [Utils] MethodGroupsHelper.collectMethodsByGroup() took 0 ms.
2026-04-23 22:41:59 INFO  org.testng.internal.Utils - [Utils] MethodGroupsHelper.sortMethods() took 0 ms.
2026-04-23 22:41:59 INFO  org.testng.internal.Utils - [Utils] MethodGroupsHelper.collectMethodsByGroup() took 0 ms.
2026-04-23 22:41:59 INFO  org.testng.internal.Utils - [Utils] MethodGroupsHelper.sortMethods() took 0 ms.
2026-04-23 22:41:59 INFO  org.testng.internal.Utils - [Utils] MethodGroupsHelper.collectMethodsByGroup() took 0 ms.
2026-04-23 22:41:59 INFO  org.testng.internal.Utils - [Utils] MethodGroupsHelper.sortMethods() took 0 ms.
2026-04-23 22:41:59 INFO  org.testng.internal.Utils - [Utils] MethodGroupsHelper.collectMethodsByGroup() took 6 ms.
2026-04-23 22:41:59 INFO  org.testng.internal.Utils - [Utils] MethodGroupsHelper.sortMethods() took 12 ms.
2026-04-23 22:41:59 INFO  org.testng.internal.Utils - [Utils] MethodGroupsHelper.collectMethodsByGroup() took 0 ms.
2026-04-23 22:41:59 INFO  org.testng.internal.Utils - [Utils] MethodGroupsHelper.sortMethods() took 0 ms.
2026-04-23 22:41:59 INFO  org.testng.internal.Utils - [Utils] MethodGroupsHelper.collectMethodsByGroup() took 0 ms.
2026-04-23 22:41:59 INFO  org.testng.internal.Utils - [Utils] MethodGroupsHelper.sortMethods() took 0 ms.
2026-04-23 22:41:59 INFO  org.testng.internal.Utils - [Utils] MethodGroupsHelper.collectMethodsByGroup() took 0 ms.
2026-04-23 22:41:59 INFO  org.testng.internal.Utils - [Utils] MethodGroupsHelper.sortMethods() took 0 ms.
2026-04-23 22:41:59 INFO  org.testng.internal.Utils - [Utils] MethodGroupsHelper.collectMethodsByGroup() took 15 ms.
2026-04-23 22:41:59 INFO  org.testng.internal.Utils - [Utils] MethodGroupsHelper.sortMethods() took 1 ms.
2026-04-23 22:41:59 INFO  org.testng.internal.Utils - [Utils] MethodGroupsHelper.collectMethodsByGroup() took 0 ms.
2026-04-23 22:41:59 INFO  org.testng.internal.Utils - [Utils] MethodGroupsHelper.sortMethods() took 0 ms.
2026-04-23 22:41:59 INFO  org.testng.internal.Utils - [Utils] MethodGroupsHelper.collectMethodsByGroup() took 0 ms.
2026-04-23 22:41:59 INFO  org.testng.internal.Utils - [Utils] MethodGroupsHelper.sortMethods() took 0 ms.
2026-04-23 22:41:59 INFO  org.testng.internal.Utils - [TestNG] Running:
  C:\Users\Rahul\AppData\Local\Temp\testng-eclipse--1307504090\testng-customsuite.xml

2026-04-23 22:41:59 INFO  org.testng.internal.Utils - [Utils] DynamicGraphHelper.createDynamicGraph() took 5 ms.
2026-04-23 22:43:03 INFO  com.Tests.ProductListingPageTest - Color filter applied successfully..
2026-04-23 22:43:59 INFO  com.Tests.ProductListingPageTest - Color filter applied successfully..
2026-04-23 22:44:16 INFO  com.Tests.ProductListingPageTest - Color filter applied successfully..
2026-04-23 22:45:28 INFO  org.testng.internal.Utils - [TestNG] Time taken by org.testng.reporters.jq.Main@5fb3111a: 160 ms
2026-04-23 22:45:28 INFO  org.testng.internal.Utils - [TestNG] Time taken by org.testng.reporters.FailedReporter@21b51e59: 33 ms
2026-04-23 22:45:28 INFO  org.testng.internal.Utils - [TestNG] Time taken by org.testng.reporters.XMLReporter@d87d449: 79 ms
2026-04-23 22:45:28 INFO  org.testng.internal.Utils - [TestNG] Time taken by org.testng.reporters.EmailableReporter2@62f9c790: 36 ms
2026-04-23 22:45:28 INFO  org.testng.internal.Utils - [TestNG] Time taken by org.testng.reporters.JUnitReportReporter@5dbab232: 27 ms
2026-04-23 22:45:28 INFO  org.testng.internal.Utils - [TestNG] Time taken by org.testng.internal.ExitCodeListener@5939e24: 1 ms
2026-04-23 22:47:02 DEBUG org.testng.TestNG - suiteXmlPath: "C:\Users\Rahul\AppData\Local\Temp\testng-eclipse--1788644363\testng-customsuite.xml"
2026-04-23 22:47:03 INFO  org.testng.internal.Utils - [Utils] MethodGroupsHelper.collectMethodsByGroup() took 0 ms.
2026-04-23 22:47:03 INFO  org.testng.internal.Utils - [Utils] MethodGroupsHelper.sortMethods() took 1 ms.
2026-04-23 22:47:03 INFO  org.testng.internal.Utils - [Utils] MethodGroupsHelper.collectMethodsByGroup() took 0 ms.
2026-04-23 22:47:03 INFO  org.testng.internal.Utils - [Utils] MethodGroupsHelper.sortMethods() took 0 ms.
2026-04-23 22:47:03 INFO  org.testng.internal.Utils - [Utils] MethodGroupsHelper.collectMethodsByGroup() took 0 ms.
2026-04-23 22:47:03 INFO  org.testng.internal.Utils - [Utils] MethodGroupsHelper.sortMethods() took 0 ms.
2026-04-23 22:47:03 INFO  org.testng.internal.Utils - [Utils] MethodGroupsHelper.collectMethodsByGroup() took 0 ms.
2026-04-23 22:47:03 INFO  org.testng.internal.Utils - [Utils] MethodGroupsHelper.sortMethods() took 0 ms.
2026-04-23 22:47:03 INFO  org.testng.internal.Utils - [Utils] MethodGroupsHelper.collectMethodsByGroup() took 0 ms.
2026-04-23 22:47:03 INFO  org.testng.internal.Utils - [Utils] MethodGroupsHelper.sortMethods() took 0 ms.
2026-04-23 22:47:03 INFO  org.testng.internal.Utils - [Utils] MethodGroupsHelper.collectMethodsByGroup() took 0 ms.
2026-04-23 22:47:03 INFO  org.testng.internal.Utils - [Utils] MethodGroupsHelper.sortMethods() took 0 ms.
2026-04-23 22:47:03 INFO  org.testng.internal.Utils - [Utils] MethodGroupsHelper.collectMethodsByGroup() took 0 ms.
2026-04-23 22:47:03 INFO  org.testng.internal.Utils - [Utils] MethodGroupsHelper.sortMethods() took 0 ms.
2026-04-23 22:47:03 INFO  org.testng.internal.Utils - [Utils] MethodGroupsHelper.collectMethodsByGroup() took 0 ms.
2026-04-23 22:47:03 INFO  org.testng.internal.Utils - [Utils] MethodGroupsHelper.sortMethods() took 0 ms.
2026-04-23 22:47:03 INFO  org.testng.internal.Utils - [Utils] MethodGroupsHelper.collectMethodsByGroup() took 17 ms.
2026-04-23 22:47:03 INFO  org.testng.internal.Utils - [Utils] MethodGroupsHelper.sortMethods() took 27 ms.
2026-04-23 22:47:03 INFO  org.testng.internal.Utils - [Utils] MethodGroupsHelper.collectMethodsByGroup() took 0 ms.
2026-04-23 22:47:03 INFO  org.testng.internal.Utils - [Utils] MethodGroupsHelper.sortMethods() took 0 ms.
2026-04-23 22:47:03 INFO  org.testng.internal.Utils - [Utils] MethodGroupsHelper.collectMethodsByGroup() took 0 ms.
2026-04-23 22:47:03 INFO  org.testng.internal.Utils - [Utils] MethodGroupsHelper.sortMethods() took 0 ms.
2026-04-23 22:47:03 INFO  org.testng.internal.Utils - [Utils] MethodGroupsHelper.collectMethodsByGroup() took 0 ms.
2026-04-23 22:47:03 INFO  org.testng.internal.Utils - [Utils] MethodGroupsHelper.sortMethods() took 0 ms.
2026-04-23 22:47:03 INFO  org.testng.internal.Utils - [Utils] MethodGroupsHelper.collectMethodsByGroup() took 20 ms.
2026-04-23 22:47:03 INFO  org.testng.internal.Utils - [Utils] MethodGroupsHelper.sortMethods() took 1 ms.
2026-04-23 22:47:03 INFO  org.testng.internal.Utils - [Utils] MethodGroupsHelper.collectMethodsByGroup() took 0 ms.
2026-04-23 22:47:03 INFO  org.testng.internal.Utils - [Utils] MethodGroupsHelper.sortMethods() took 0 ms.
2026-04-23 22:47:03 INFO  org.testng.internal.Utils - [Utils] MethodGroupsHelper.collectMethodsByGroup() took 0 ms.
2026-04-23 22:47:03 INFO  org.testng.internal.Utils - [Utils] MethodGroupsHelper.sortMethods() took 0 ms.
2026-04-23 22:47:03 INFO  org.testng.internal.Utils - [TestNG] Running:
  C:\Users\Rahul\AppData\Local\Temp\testng-eclipse--1788644363\testng-customsuite.xml

2026-04-23 22:47:03 INFO  org.testng.internal.Utils - [Utils] DynamicGraphHelper.createDynamicGraph() took 4 ms.
2026-04-23 22:48:48 INFO  org.testng.internal.Utils - [TestNG] Time taken by org.testng.reporters.jq.Main@7d3691e1: 82 ms
2026-04-23 22:48:48 INFO  org.testng.internal.Utils - [TestNG] Time taken by org.testng.reporters.FailedReporter@22d477c2: 20 ms
2026-04-23 22:48:48 INFO  org.testng.internal.Utils - [TestNG] Time taken by org.testng.reporters.XMLReporter@dbed7fd: 30 ms
2026-04-23 22:48:48 INFO  org.testng.internal.Utils - [TestNG] Time taken by org.testng.reporters.EmailableReporter2@1d289d3f: 13 ms
2026-04-23 22:48:48 INFO  org.testng.internal.Utils - [TestNG] Time taken by org.testng.reporters.JUnitReportReporter@291a4791: 32 ms
2026-04-23 22:48:48 INFO  org.testng.internal.Utils - [TestNG] Time taken by org.testng.internal.ExitCodeListener@5b1e88f: 0 ms
2026-04-23 23:08:27 DEBUG org.testng.TestNG - suiteXmlPath: "C:\Users\Rahul\AppData\Local\Temp\testng-eclipse-2022183458\testng-customsuite.xml"
2026-04-23 23:08:28 INFO  org.testng.internal.Utils - [Utils] MethodGroupsHelper.collectMethodsByGroup() took 1 ms.
2026-04-23 23:08:28 INFO  org.testng.internal.Utils - [Utils] MethodGroupsHelper.sortMethods() took 2 ms.
2026-04-23 23:08:28 INFO  org.testng.internal.Utils - [Utils] MethodGroupsHelper.collectMethodsByGroup() took 0 ms.
2026-04-23 23:08:28 INFO  org.testng.internal.Utils - [Utils] MethodGroupsHelper.sortMethods() took 0 ms.
2026-04-23 23:08:28 INFO  org.testng.internal.Utils - [Utils] MethodGroupsHelper.collectMethodsByGroup() took 0 ms.
2026-04-23 23:08:28 INFO  org.testng.internal.Utils - [Utils] MethodGroupsHelper.sortMethods() took 0 ms.
2026-04-23 23:08:28 INFO  org.testng.internal.Utils - [Utils] MethodGroupsHelper.collectMethodsByGroup() took 0 ms.
2026-04-23 23:08:28 INFO  org.testng.internal.Utils - [Utils] MethodGroupsHelper.sortMethods() took 0 ms.
2026-04-23 23:08:28 INFO  org.testng.internal.Utils - [Utils] MethodGroupsHelper.collectMethodsByGroup() took 0 ms.
2026-04-23 23:08:28 INFO  org.testng.internal.Utils - [Utils] MethodGroupsHelper.sortMethods() took 0 ms.
2026-04-23 23:08:28 INFO  org.testng.internal.Utils - [Utils] MethodGroupsHelper.collectMethodsByGroup() took 0 ms.
2026-04-23 23:08:28 INFO  org.testng.internal.Utils - [Utils] MethodGroupsHelper.sortMethods() took 0 ms.
2026-04-23 23:08:28 INFO  org.testng.internal.Utils - [Utils] MethodGroupsHelper.collectMethodsByGroup() took 0 ms.
2026-04-23 23:08:28 INFO  org.testng.internal.Utils - [Utils] MethodGroupsHelper.sortMethods() took 0 ms.
2026-04-23 23:08:28 INFO  org.testng.internal.Utils - [Utils] MethodGroupsHelper.collectMethodsByGroup() took 0 ms.
2026-04-23 23:08:28 INFO  org.testng.internal.Utils - [Utils] MethodGroupsHelper.sortMethods() took 0 ms.
2026-04-23 23:08:28 INFO  org.testng.internal.Utils - [Utils] MethodGroupsHelper.collectMethodsByGroup() took 11 ms.
2026-04-23 23:08:28 INFO  org.testng.internal.Utils - [Utils] MethodGroupsHelper.sortMethods() took 13 ms.
2026-04-23 23:08:28 INFO  org.testng.internal.Utils - [Utils] MethodGroupsHelper.collectMethodsByGroup() took 0 ms.
2026-04-23 23:08:28 INFO  org.testng.internal.Utils - [Utils] MethodGroupsHelper.sortMethods() took 0 ms.
2026-04-23 23:08:28 INFO  org.testng.internal.Utils - [Utils] MethodGroupsHelper.collectMethodsByGroup() took 0 ms.
2026-04-23 23:08:28 INFO  org.testng.internal.Utils - [Utils] MethodGroupsHelper.sortMethods() took 0 ms.
2026-04-23 23:08:28 INFO  org.testng.internal.Utils - [Utils] MethodGroupsHelper.collectMethodsByGroup() took 0 ms.
2026-04-23 23:08:28 INFO  org.testng.internal.Utils - [Utils] MethodGroupsHelper.sortMethods() took 0 ms.
2026-04-23 23:08:28 INFO  org.testng.internal.Utils - [Utils] MethodGroupsHelper.collectMethodsByGroup() took 19 ms.
2026-04-23 23:08:28 INFO  org.testng.internal.Utils - [Utils] MethodGroupsHelper.sortMethods() took 1 ms.
2026-04-23 23:08:28 INFO  org.testng.internal.Utils - [Utils] MethodGroupsHelper.collectMethodsByGroup() took 0 ms.
2026-04-23 23:08:28 INFO  org.testng.internal.Utils - [Utils] MethodGroupsHelper.sortMethods() took 0 ms.
2026-04-23 23:08:28 INFO  org.testng.internal.Utils - [Utils] MethodGroupsHelper.collectMethodsByGroup() took 0 ms.
2026-04-23 23:08:28 INFO  org.testng.internal.Utils - [Utils] MethodGroupsHelper.sortMethods() took 0 ms.
2026-04-23 23:08:28 INFO  org.testng.internal.Utils - [TestNG] Running:
  C:\Users\Rahul\AppData\Local\Temp\testng-eclipse-2022183458\testng-customsuite.xml

2026-04-23 23:08:28 INFO  org.testng.internal.Utils - [Utils] DynamicGraphHelper.createDynamicGraph() took 5 ms.
2026-04-23 23:09:57 INFO  org.testng.internal.Utils - [TestNG] Time taken by org.testng.reporters.jq.Main@4e375bba: 72 ms
2026-04-23 23:09:58 INFO  org.testng.internal.Utils - [TestNG] Time taken by org.testng.reporters.FailedReporter@1c30cb85: 19 ms
2026-04-23 23:09:58 INFO  org.testng.internal.Utils - [TestNG] Time taken by org.testng.reporters.XMLReporter@541bf968: 23 ms
2026-04-23 23:09:58 INFO  org.testng.internal.Utils - [TestNG] Time taken by org.testng.reporters.EmailableReporter2@549ac12c: 10 ms
2026-04-23 23:09:58 INFO  org.testng.internal.Utils - [TestNG] Time taken by org.testng.reporters.JUnitReportReporter@4a89ef44: 13 ms
2026-04-23 23:09:58 INFO  org.testng.internal.Utils - [TestNG] Time taken by org.testng.internal.ExitCodeListener@310a7859: 0 ms
2026-04-23 23:17:05 DEBUG org.testng.TestNG - suiteXmlPath: "C:\Users\Rahul\AppData\Local\Temp\testng-eclipse-1372090277\testng-customsuite.xml"
2026-04-23 23:17:06 INFO  org.testng.internal.Utils - [Utils] MethodGroupsHelper.collectMethodsByGroup() took 1 ms.
2026-04-23 23:17:06 INFO  org.testng.internal.Utils - [Utils] MethodGroupsHelper.sortMethods() took 1 ms.
2026-04-23 23:17:06 INFO  org.testng.internal.Utils - [Utils] MethodGroupsHelper.collectMethodsByGroup() took 0 ms.
2026-04-23 23:17:06 INFO  org.testng.internal.Utils - [Utils] MethodGroupsHelper.sortMethods() took 0 ms.
2026-04-23 23:17:06 INFO  org.testng.internal.Utils - [Utils] MethodGroupsHelper.collectMethodsByGroup() took 0 ms.
2026-04-23 23:17:06 INFO  org.testng.internal.Utils - [Utils] MethodGroupsHelper.sortMethods() took 0 ms.
2026-04-23 23:17:06 INFO  org.testng.internal.Utils - [Utils] MethodGroupsHelper.collectMethodsByGroup() took 0 ms.
2026-04-23 23:17:06 INFO  org.testng.internal.Utils - [Utils] MethodGroupsHelper.sortMethods() took 0 ms.
2026-04-23 23:17:06 INFO  org.testng.internal.Utils - [Utils] MethodGroupsHelper.collectMethodsByGroup() took 0 ms.
2026-04-23 23:17:06 INFO  org.testng.internal.Utils - [Utils] MethodGroupsHelper.sortMethods() took 0 ms.
2026-04-23 23:17:06 INFO  org.testng.internal.Utils - [Utils] MethodGroupsHelper.collectMethodsByGroup() took 0 ms.
2026-04-23 23:17:06 INFO  org.testng.internal.Utils - [Utils] MethodGroupsHelper.sortMethods() took 0 ms.
2026-04-23 23:17:06 INFO  org.testng.internal.Utils - [Utils] MethodGroupsHelper.collectMethodsByGroup() took 0 ms.
2026-04-23 23:17:06 INFO  org.testng.internal.Utils - [Utils] MethodGroupsHelper.sortMethods() took 0 ms.
2026-04-23 23:17:06 INFO  org.testng.internal.Utils - [Utils] MethodGroupsHelper.collectMethodsByGroup() took 0 ms.
2026-04-23 23:17:06 INFO  org.testng.internal.Utils - [Utils] MethodGroupsHelper.sortMethods() took 0 ms.
2026-04-23 23:17:06 INFO  org.testng.internal.Utils - [Utils] MethodGroupsHelper.collectMethodsByGroup() took 10 ms.
2026-04-23 23:17:06 INFO  org.testng.internal.Utils - [Utils] MethodGroupsHelper.sortMethods() took 18 ms.
2026-04-23 23:17:06 INFO  org.testng.internal.Utils - [Utils] MethodGroupsHelper.collectMethodsByGroup() took 0 ms.
2026-04-23 23:17:06 INFO  org.testng.internal.Utils - [Utils] MethodGroupsHelper.sortMethods() took 0 ms.
2026-04-23 23:17:06 INFO  org.testng.internal.Utils - [Utils] MethodGroupsHelper.collectMethodsByGroup() took 0 ms.
2026-04-23 23:17:06 INFO  org.testng.internal.Utils - [Utils] MethodGroupsHelper.sortMethods() took 0 ms.
2026-04-23 23:17:06 INFO  org.testng.internal.Utils - [Utils] MethodGroupsHelper.collectMethodsByGroup() took 0 ms.
2026-04-23 23:17:06 INFO  org.testng.internal.Utils - [Utils] MethodGroupsHelper.sortMethods() took 0 ms.
2026-04-23 23:17:06 INFO  org.testng.internal.Utils - [Utils] MethodGroupsHelper.collectMethodsByGroup() took 20 ms.
2026-04-23 23:17:06 INFO  org.testng.internal.Utils - [Utils] MethodGroupsHelper.sortMethods() took 1 ms.
2026-04-23 23:17:06 INFO  org.testng.internal.Utils - [Utils] MethodGroupsHelper.collectMethodsByGroup() took 0 ms.
2026-04-23 23:17:06 INFO  org.testng.internal.Utils - [Utils] MethodGroupsHelper.sortMethods() took 0 ms.
2026-04-23 23:17:06 INFO  org.testng.internal.Utils - [Utils] MethodGroupsHelper.collectMethodsByGroup() took 0 ms.
2026-04-23 23:17:06 INFO  org.testng.internal.Utils - [Utils] MethodGroupsHelper.sortMethods() took 0 ms.
2026-04-23 23:17:06 INFO  org.testng.internal.Utils - [TestNG] Running:
  C:\Users\Rahul\AppData\Local\Temp\testng-eclipse-1372090277\testng-customsuite.xml

2026-04-23 23:17:06 INFO  org.testng.internal.Utils - [Utils] DynamicGraphHelper.createDynamicGraph() took 4 ms.
2026-04-23 23:17:23 INFO  org.testng.internal.Utils - [TestNG] Time taken by org.testng.reporters.jq.Main@9aa2002: 74 ms
2026-04-23 23:17:23 INFO  org.testng.internal.Utils - [TestNG] Time taken by org.testng.reporters.FailedReporter@7a8406c2: 19 ms
2026-04-23 23:17:23 INFO  org.testng.internal.Utils - [TestNG] Time taken by org.testng.reporters.XMLReporter@67b100fe: 12 ms
2026-04-23 23:17:23 INFO  org.testng.internal.Utils - [TestNG] Time taken by org.testng.reporters.EmailableReporter2@18da4dd: 11 ms
2026-04-23 23:17:23 INFO  org.testng.internal.Utils - [TestNG] Time taken by org.testng.reporters.JUnitReportReporter@14fa92af: 10 ms
2026-04-23 23:17:23 INFO  org.testng.internal.Utils - [TestNG] Time taken by org.testng.internal.ExitCodeListener@b16e202: 0 ms
2026-04-23 23:18:04 DEBUG org.testng.TestNG - suiteXmlPath: "C:\Users\Rahul\AppData\Local\Temp\testng-eclipse-807507110\testng-customsuite.xml"
2026-04-23 23:18:04 INFO  org.testng.internal.Utils - [Utils] MethodGroupsHelper.collectMethodsByGroup() took 1 ms.
2026-04-23 23:18:04 INFO  org.testng.internal.Utils - [Utils] MethodGroupsHelper.sortMethods() took 2 ms.
2026-04-23 23:18:04 INFO  org.testng.internal.Utils - [Utils] MethodGroupsHelper.collectMethodsByGroup() took 0 ms.
2026-04-23 23:18:04 INFO  org.testng.internal.Utils - [Utils] MethodGroupsHelper.sortMethods() took 0 ms.
2026-04-23 23:18:04 INFO  org.testng.internal.Utils - [Utils] MethodGroupsHelper.collectMethodsByGroup() took 0 ms.
2026-04-23 23:18:04 INFO  org.testng.internal.Utils - [Utils] MethodGroupsHelper.sortMethods() took 0 ms.
2026-04-23 23:18:04 INFO  org.testng.internal.Utils - [Utils] MethodGroupsHelper.collectMethodsByGroup() took 0 ms.
2026-04-23 23:18:04 INFO  org.testng.internal.Utils - [Utils] MethodGroupsHelper.sortMethods() took 0 ms.
2026-04-23 23:18:04 INFO  org.testng.internal.Utils - [Utils] MethodGroupsHelper.collectMethodsByGroup() took 0 ms.
2026-04-23 23:18:04 INFO  org.testng.internal.Utils - [Utils] MethodGroupsHelper.sortMethods() took 0 ms.
2026-04-23 23:18:04 INFO  org.testng.internal.Utils - [Utils] MethodGroupsHelper.collectMethodsByGroup() took 0 ms.
2026-04-23 23:18:04 INFO  org.testng.internal.Utils - [Utils] MethodGroupsHelper.sortMethods() took 0 ms.
2026-04-23 23:18:04 INFO  org.testng.internal.Utils - [Utils] MethodGroupsHelper.collectMethodsByGroup() took 0 ms.
2026-04-23 23:18:04 INFO  org.testng.internal.Utils - [Utils] MethodGroupsHelper.sortMethods() took 0 ms.
2026-04-23 23:18:04 INFO  org.testng.internal.Utils - [Utils] MethodGroupsHelper.collectMethodsByGroup() took 0 ms.
2026-04-23 23:18:04 INFO  org.testng.internal.Utils - [Utils] MethodGroupsHelper.sortMethods() took 0 ms.
2026-04-23 23:18:04 INFO  org.testng.internal.Utils - [Utils] MethodGroupsHelper.collectMethodsByGroup() took 11 ms.
2026-04-23 23:18:04 INFO  org.testng.internal.Utils - [Utils] MethodGroupsHelper.sortMethods() took 17 ms.
2026-04-23 23:18:04 INFO  org.testng.internal.Utils - [Utils] MethodGroupsHelper.collectMethodsByGroup() took 0 ms.
2026-04-23 23:18:04 INFO  org.testng.internal.Utils - [Utils] MethodGroupsHelper.sortMethods() took 0 ms.
2026-04-23 23:18:04 INFO  org.testng.internal.Utils - [Utils] MethodGroupsHelper.collectMethodsByGroup() took 0 ms.
2026-04-23 23:18:04 INFO  org.testng.internal.Utils - [Utils] MethodGroupsHelper.sortMethods() took 0 ms.
2026-04-23 23:18:04 INFO  org.testng.internal.Utils - [Utils] MethodGroupsHelper.collectMethodsByGroup() took 0 ms.
2026-04-23 23:18:04 INFO  org.testng.internal.Utils - [Utils] MethodGroupsHelper.sortMethods() took 0 ms.
2026-04-23 23:18:04 INFO  org.testng.internal.Utils - [Utils] MethodGroupsHelper.collectMethodsByGroup() took 25 ms.
2026-04-23 23:18:04 INFO  org.testng.internal.Utils - [Utils] MethodGroupsHelper.sortMethods() took 0 ms.
2026-04-23 23:18:04 INFO  org.testng.internal.Utils - [Utils] MethodGroupsHelper.collectMethodsByGroup() took 0 ms.
2026-04-23 23:18:04 INFO  org.testng.internal.Utils - [Utils] MethodGroupsHelper.sortMethods() took 0 ms.
2026-04-23 23:18:04 INFO  org.testng.internal.Utils - [Utils] MethodGroupsHelper.collectMethodsByGroup() took 0 ms.
2026-04-23 23:18:04 INFO  org.testng.internal.Utils - [Utils] MethodGroupsHelper.sortMethods() took 0 ms.
2026-04-23 23:18:05 INFO  org.testng.internal.Utils - [TestNG] Running:
  C:\Users\Rahul\AppData\Local\Temp\testng-eclipse-807507110\testng-customsuite.xml

2026-04-23 23:18:05 INFO  org.testng.internal.Utils - [Utils] DynamicGraphHelper.createDynamicGraph() took 7 ms.
2026-04-23 23:19:28 INFO  org.testng.internal.Utils - [TestNG] Time taken by org.testng.reporters.jq.Main@ab2e6d2: 39 ms
2026-04-23 23:19:28 INFO  org.testng.internal.Utils - [TestNG] Time taken by org.testng.reporters.FailedReporter@577bf0aa: 8 ms
2026-04-23 23:19:28 INFO  org.testng.internal.Utils - [TestNG] Time taken by org.testng.reporters.XMLReporter@739265f1: 12 ms
2026-04-23 23:19:28 INFO  org.testng.internal.Utils - [TestNG] Time taken by org.testng.reporters.EmailableReporter2@188a5fc2: 7 ms
2026-04-23 23:19:28 INFO  org.testng.internal.Utils - [TestNG] Time taken by org.testng.reporters.JUnitReportReporter@310a7859: 7 ms
2026-04-23 23:19:28 INFO  org.testng.internal.Utils - [TestNG] Time taken by org.testng.internal.ExitCodeListener@1cbc1dde: 0 ms
2026-04-23 23:22:52 DEBUG org.testng.TestNG - suiteXmlPath: "C:\Users\Rahul\AppData\Local\Temp\testng-eclipse--168755736\testng-customsuite.xml"
2026-04-23 23:22:52 INFO  org.testng.internal.Utils - [Utils] MethodGroupsHelper.collectMethodsByGroup() took 1 ms.
2026-04-23 23:22:52 INFO  org.testng.internal.Utils - [Utils] MethodGroupsHelper.sortMethods() took 2 ms.
2026-04-23 23:22:52 INFO  org.testng.internal.Utils - [Utils] MethodGroupsHelper.collectMethodsByGroup() took 0 ms.
2026-04-23 23:22:52 INFO  org.testng.internal.Utils - [Utils] MethodGroupsHelper.sortMethods() took 0 ms.
2026-04-23 23:22:52 INFO  org.testng.internal.Utils - [Utils] MethodGroupsHelper.collectMethodsByGroup() took 0 ms.
2026-04-23 23:22:52 INFO  org.testng.internal.Utils - [Utils] MethodGroupsHelper.sortMethods() took 0 ms.
2026-04-23 23:22:52 INFO  org.testng.internal.Utils - [Utils] MethodGroupsHelper.collectMethodsByGroup() took 0 ms.
2026-04-23 23:22:52 INFO  org.testng.internal.Utils - [Utils] MethodGroupsHelper.sortMethods() took 0 ms.
2026-04-23 23:22:52 INFO  org.testng.internal.Utils - [Utils] MethodGroupsHelper.collectMethodsByGroup() took 0 ms.
2026-04-23 23:22:52 INFO  org.testng.internal.Utils - [Utils] MethodGroupsHelper.sortMethods() took 0 ms.
2026-04-23 23:22:52 INFO  org.testng.internal.Utils - [Utils] MethodGroupsHelper.collectMethodsByGroup() took 0 ms.
2026-04-23 23:22:52 INFO  org.testng.internal.Utils - [Utils] MethodGroupsHelper.sortMethods() took 0 ms.
2026-04-23 23:22:52 INFO  org.testng.internal.Utils - [Utils] MethodGroupsHelper.collectMethodsByGroup() took 0 ms.
2026-04-23 23:22:52 INFO  org.testng.internal.Utils - [Utils] MethodGroupsHelper.sortMethods() took 0 ms.
2026-04-23 23:22:52 INFO  org.testng.internal.Utils - [Utils] MethodGroupsHelper.collectMethodsByGroup() took 0 ms.
2026-04-23 23:22:52 INFO  org.testng.internal.Utils - [Utils] MethodGroupsHelper.sortMethods() took 0 ms.
2026-04-23 23:22:52 INFO  org.testng.internal.Utils - [Utils] MethodGroupsHelper.collectMethodsByGroup() took 5 ms.
2026-04-23 23:22:52 INFO  org.testng.internal.Utils - [Utils] MethodGroupsHelper.sortMethods() took 9 ms.
2026-04-23 23:22:52 INFO  org.testng.internal.Utils - [Utils] MethodGroupsHelper.collectMethodsByGroup() took 0 ms.
2026-04-23 23:22:52 INFO  org.testng.internal.Utils - [Utils] MethodGroupsHelper.sortMethods() took 0 ms.
2026-04-23 23:22:52 INFO  org.testng.internal.Utils - [Utils] MethodGroupsHelper.collectMethodsByGroup() took 0 ms.
2026-04-23 23:22:52 INFO  org.testng.internal.Utils - [Utils] MethodGroupsHelper.sortMethods() took 0 ms.
2026-04-23 23:22:52 INFO  org.testng.internal.Utils - [Utils] MethodGroupsHelper.collectMethodsByGroup() took 0 ms.
2026-04-23 23:22:52 INFO  org.testng.internal.Utils - [Utils] MethodGroupsHelper.sortMethods() took 0 ms.
2026-04-23 23:22:52 INFO  org.testng.internal.Utils - [Utils] MethodGroupsHelper.collectMethodsByGroup() took 9 ms.
2026-04-23 23:22:52 INFO  org.testng.internal.Utils - [Utils] MethodGroupsHelper.sortMethods() took 0 ms.
2026-04-23 23:22:52 INFO  org.testng.internal.Utils - [Utils] MethodGroupsHelper.collectMethodsByGroup() took 0 ms.
2026-04-23 23:22:52 INFO  org.testng.internal.Utils - [Utils] MethodGroupsHelper.sortMethods() took 0 ms.
2026-04-23 23:22:52 INFO  org.testng.internal.Utils - [Utils] MethodGroupsHelper.collectMethodsByGroup() took 0 ms.
2026-04-23 23:22:52 INFO  org.testng.internal.Utils - [Utils] MethodGroupsHelper.sortMethods() took 0 ms.
2026-04-23 23:22:52 INFO  org.testng.internal.Utils - [TestNG] Running:
  C:\Users\Rahul\AppData\Local\Temp\testng-eclipse--168755736\testng-customsuite.xml

2026-04-23 23:22:52 INFO  org.testng.internal.Utils - [Utils] DynamicGraphHelper.createDynamicGraph() took 4 ms.
2026-04-23 23:23:38 INFO  org.testng.internal.Utils - [TestNG] Time taken by org.testng.reporters.jq.Main@ab2e6d2: 43 ms
2026-04-23 23:23:38 INFO  org.testng.internal.Utils - [TestNG] Time taken by org.testng.reporters.FailedReporter@577bf0aa: 9 ms
2026-04-23 23:23:38 INFO  org.testng.internal.Utils - [TestNG] Time taken by org.testng.reporters.XMLReporter@739265f1: 10 ms
2026-04-23 23:23:38 INFO  org.testng.internal.Utils - [TestNG] Time taken by org.testng.reporters.EmailableReporter2@188a5fc2: 8 ms
2026-04-23 23:23:38 INFO  org.testng.internal.Utils - [TestNG] Time taken by org.testng.reporters.JUnitReportReporter@310a7859: 7 ms
2026-04-23 23:23:38 INFO  org.testng.internal.Utils - [TestNG] Time taken by org.testng.internal.ExitCodeListener@1cbc1dde: 0 ms
2026-04-23 23:24:57 DEBUG org.testng.TestNG - suiteXmlPath: "C:\Users\Rahul\AppData\Local\Temp\testng-eclipse--1658317943\testng-customsuite.xml"
2026-04-23 23:24:57 INFO  org.testng.internal.Utils - [Utils] MethodGroupsHelper.collectMethodsByGroup() took 0 ms.
2026-04-23 23:24:57 INFO  org.testng.internal.Utils - [Utils] MethodGroupsHelper.sortMethods() took 1 ms.
2026-04-23 23:24:57 INFO  org.testng.internal.Utils - [Utils] MethodGroupsHelper.collectMethodsByGroup() took 0 ms.
2026-04-23 23:24:57 INFO  org.testng.internal.Utils - [Utils] MethodGroupsHelper.sortMethods() took 0 ms.
2026-04-23 23:24:57 INFO  org.testng.internal.Utils - [Utils] MethodGroupsHelper.collectMethodsByGroup() took 0 ms.
2026-04-23 23:24:57 INFO  org.testng.internal.Utils - [Utils] MethodGroupsHelper.sortMethods() took 0 ms.
2026-04-23 23:24:57 INFO  org.testng.internal.Utils - [Utils] MethodGroupsHelper.collectMethodsByGroup() took 0 ms.
2026-04-23 23:24:57 INFO  org.testng.internal.Utils - [Utils] MethodGroupsHelper.sortMethods() took 0 ms.
2026-04-23 23:24:57 INFO  org.testng.internal.Utils - [Utils] MethodGroupsHelper.collectMethodsByGroup() took 0 ms.
2026-04-23 23:24:57 INFO  org.testng.internal.Utils - [Utils] MethodGroupsHelper.sortMethods() took 0 ms.
2026-04-23 23:24:57 INFO  org.testng.internal.Utils - [Utils] MethodGroupsHelper.collectMethodsByGroup() took 0 ms.
2026-04-23 23:24:57 INFO  org.testng.internal.Utils - [Utils] MethodGroupsHelper.sortMethods() took 0 ms.
2026-04-23 23:24:57 INFO  org.testng.internal.Utils - [Utils] MethodGroupsHelper.collectMethodsByGroup() took 0 ms.
2026-04-23 23:24:57 INFO  org.testng.internal.Utils - [Utils] MethodGroupsHelper.sortMethods() took 0 ms.
2026-04-23 23:24:57 INFO  org.testng.internal.Utils - [Utils] MethodGroupsHelper.collectMethodsByGroup() took 0 ms.
2026-04-23 23:24:57 INFO  org.testng.internal.Utils - [Utils] MethodGroupsHelper.sortMethods() took 0 ms.
2026-04-23 23:24:57 INFO  org.testng.internal.Utils - [Utils] MethodGroupsHelper.collectMethodsByGroup() took 5 ms.
2026-04-23 23:24:57 INFO  org.testng.internal.Utils - [Utils] MethodGroupsHelper.sortMethods() took 9 ms.
2026-04-23 23:24:57 INFO  org.testng.internal.Utils - [Utils] MethodGroupsHelper.collectMethodsByGroup() took 0 ms.
2026-04-23 23:24:57 INFO  org.testng.internal.Utils - [Utils] MethodGroupsHelper.sortMethods() took 0 ms.
2026-04-23 23:24:57 INFO  org.testng.internal.Utils - [Utils] MethodGroupsHelper.collectMethodsByGroup() took 0 ms.
2026-04-23 23:24:57 INFO  org.testng.internal.Utils - [Utils] MethodGroupsHelper.sortMethods() took 0 ms.
2026-04-23 23:24:57 INFO  org.testng.internal.Utils - [Utils] MethodGroupsHelper.collectMethodsByGroup() took 0 ms.
2026-04-23 23:24:57 INFO  org.testng.internal.Utils - [Utils] MethodGroupsHelper.sortMethods() took 0 ms.
2026-04-23 23:24:57 INFO  org.testng.internal.Utils - [Utils] MethodGroupsHelper.collectMethodsByGroup() took 9 ms.
2026-04-23 23:24:57 INFO  org.testng.internal.Utils - [Utils] MethodGroupsHelper.sortMethods() took 1 ms.
2026-04-23 23:24:57 INFO  org.testng.internal.Utils - [Utils] MethodGroupsHelper.collectMethodsByGroup() took 0 ms.
2026-04-23 23:24:57 INFO  org.testng.internal.Utils - [Utils] MethodGroupsHelper.sortMethods() took 0 ms.
2026-04-23 23:24:57 INFO  org.testng.internal.Utils - [Utils] MethodGroupsHelper.collectMethodsByGroup() took 0 ms.
2026-04-23 23:24:57 INFO  org.testng.internal.Utils - [Utils] MethodGroupsHelper.sortMethods() took 0 ms.
2026-04-23 23:24:57 INFO  org.testng.internal.Utils - [TestNG] Running:
  C:\Users\Rahul\AppData\Local\Temp\testng-eclipse--1658317943\testng-customsuite.xml

2026-04-23 23:24:57 INFO  org.testng.internal.Utils - [Utils] DynamicGraphHelper.createDynamicGraph() took 2 ms.
2026-04-23 23:26:37 DEBUG org.testng.TestNG - suiteXmlPath: "C:\Users\Rahul\AppData\Local\Temp\testng-eclipse--905074830\testng-customsuite.xml"
2026-04-23 23:26:38 INFO  org.testng.internal.Utils - [Utils] MethodGroupsHelper.collectMethodsByGroup() took 0 ms.
2026-04-23 23:26:38 INFO  org.testng.internal.Utils - [Utils] MethodGroupsHelper.sortMethods() took 0 ms.
2026-04-23 23:26:38 INFO  org.testng.internal.Utils - [Utils] MethodGroupsHelper.collectMethodsByGroup() took 0 ms.
2026-04-23 23:26:38 INFO  org.testng.internal.Utils - [Utils] MethodGroupsHelper.sortMethods() took 0 ms.
2026-04-23 23:26:38 INFO  org.testng.internal.Utils - [Utils] MethodGroupsHelper.collectMethodsByGroup() took 0 ms.
2026-04-23 23:26:38 INFO  org.testng.internal.Utils - [Utils] MethodGroupsHelper.sortMethods() took 0 ms.
2026-04-23 23:26:38 INFO  org.testng.internal.Utils - [Utils] MethodGroupsHelper.collectMethodsByGroup() took 0 ms.
2026-04-23 23:26:38 INFO  org.testng.internal.Utils - [Utils] MethodGroupsHelper.sortMethods() took 0 ms.
2026-04-23 23:26:38 INFO  org.testng.internal.Utils - [Utils] MethodGroupsHelper.collectMethodsByGroup() took 0 ms.
2026-04-23 23:26:38 INFO  org.testng.internal.Utils - [Utils] MethodGroupsHelper.sortMethods() took 0 ms.
2026-04-23 23:26:38 INFO  org.testng.internal.Utils - [Utils] MethodGroupsHelper.collectMethodsByGroup() took 0 ms.
2026-04-23 23:26:38 INFO  org.testng.internal.Utils - [Utils] MethodGroupsHelper.sortMethods() took 0 ms.
2026-04-23 23:26:38 INFO  org.testng.internal.Utils - [Utils] MethodGroupsHelper.collectMethodsByGroup() took 0 ms.
2026-04-23 23:26:38 INFO  org.testng.internal.Utils - [Utils] MethodGroupsHelper.sortMethods() took 0 ms.
2026-04-23 23:26:38 INFO  org.testng.internal.Utils - [Utils] MethodGroupsHelper.collectMethodsByGroup() took 0 ms.
2026-04-23 23:26:38 INFO  org.testng.internal.Utils - [Utils] MethodGroupsHelper.sortMethods() took 0 ms.
2026-04-23 23:26:38 INFO  org.testng.internal.Utils - [Utils] MethodGroupsHelper.collectMethodsByGroup() took 4 ms.
2026-04-23 23:26:38 INFO  org.testng.internal.Utils - [Utils] MethodGroupsHelper.sortMethods() took 10 ms.
2026-04-23 23:26:38 INFO  org.testng.internal.Utils - [Utils] MethodGroupsHelper.collectMethodsByGroup() took 0 ms.
2026-04-23 23:26:38 INFO  org.testng.internal.Utils - [Utils] MethodGroupsHelper.sortMethods() took 0 ms.
2026-04-23 23:26:38 INFO  org.testng.internal.Utils - [Utils] MethodGroupsHelper.collectMethodsByGroup() took 0 ms.
2026-04-23 23:26:38 INFO  org.testng.internal.Utils - [Utils] MethodGroupsHelper.sortMethods() took 0 ms.
2026-04-23 23:26:38 INFO  org.testng.internal.Utils - [Utils] MethodGroupsHelper.collectMethodsByGroup() took 0 ms.
2026-04-23 23:26:38 INFO  org.testng.internal.Utils - [Utils] MethodGroupsHelper.sortMethods() took 0 ms.
2026-04-23 23:26:38 INFO  org.testng.internal.Utils - [Utils] MethodGroupsHelper.collectMethodsByGroup() took 10 ms.
2026-04-23 23:26:38 INFO  org.testng.internal.Utils - [Utils] MethodGroupsHelper.sortMethods() took 0 ms.
2026-04-23 23:26:38 INFO  org.testng.internal.Utils - [Utils] MethodGroupsHelper.collectMethodsByGroup() took 0 ms.
2026-04-23 23:26:38 INFO  org.testng.internal.Utils - [Utils] MethodGroupsHelper.sortMethods() took 0 ms.
2026-04-23 23:26:38 INFO  org.testng.internal.Utils - [Utils] MethodGroupsHelper.collectMethodsByGroup() took 0 ms.
2026-04-23 23:26:38 INFO  org.testng.internal.Utils - [Utils] MethodGroupsHelper.sortMethods() took 0 ms.
2026-04-23 23:26:38 INFO  org.testng.internal.Utils - [TestNG] Running:
  C:\Users\Rahul\AppData\Local\Temp\testng-eclipse--905074830\testng-customsuite.xml

2026-04-23 23:26:38 INFO  org.testng.internal.Utils - [Utils] DynamicGraphHelper.createDynamicGraph() took 3 ms.
2026-04-23 23:27:56 DEBUG org.testng.TestNG - suiteXmlPath: "C:\Users\Rahul\AppData\Local\Temp\testng-eclipse--961694215\testng-customsuite.xml"
2026-04-23 23:27:56 INFO  org.testng.internal.Utils - [Utils] MethodGroupsHelper.collectMethodsByGroup() took 0 ms.
2026-04-23 23:27:56 INFO  org.testng.internal.Utils - [Utils] MethodGroupsHelper.sortMethods() took 0 ms.
2026-04-23 23:27:56 INFO  org.testng.internal.Utils - [Utils] MethodGroupsHelper.collectMethodsByGroup() took 0 ms.
2026-04-23 23:27:56 INFO  org.testng.internal.Utils - [Utils] MethodGroupsHelper.sortMethods() took 0 ms.
2026-04-23 23:27:56 INFO  org.testng.internal.Utils - [Utils] MethodGroupsHelper.collectMethodsByGroup() took 0 ms.
2026-04-23 23:27:56 INFO  org.testng.internal.Utils - [Utils] MethodGroupsHelper.sortMethods() took 0 ms.
2026-04-23 23:27:56 INFO  org.testng.internal.Utils - [Utils] MethodGroupsHelper.collectMethodsByGroup() took 0 ms.
2026-04-23 23:27:56 INFO  org.testng.internal.Utils - [Utils] MethodGroupsHelper.sortMethods() took 0 ms.
2026-04-23 23:27:56 INFO  org.testng.internal.Utils - [Utils] MethodGroupsHelper.collectMethodsByGroup() took 0 ms.
2026-04-23 23:27:56 INFO  org.testng.internal.Utils - [Utils] MethodGroupsHelper.sortMethods() took 0 ms.
2026-04-23 23:27:56 INFO  org.testng.internal.Utils - [Utils] MethodGroupsHelper.collectMethodsByGroup() took 0 ms.
2026-04-23 23:27:56 INFO  org.testng.internal.Utils - [Utils] MethodGroupsHelper.sortMethods() took 0 ms.
2026-04-23 23:27:56 INFO  org.testng.internal.Utils - [Utils] MethodGroupsHelper.collectMethodsByGroup() took 0 ms.
2026-04-23 23:27:56 INFO  org.testng.internal.Utils - [Utils] MethodGroupsHelper.sortMethods() took 0 ms.
2026-04-23 23:27:56 INFO  org.testng.internal.Utils - [Utils] MethodGroupsHelper.collectMethodsByGroup() took 0 ms.
2026-04-23 23:27:56 INFO  org.testng.internal.Utils - [Utils] MethodGroupsHelper.sortMethods() took 0 ms.
2026-04-23 23:27:56 INFO  org.testng.internal.Utils - [Utils] MethodGroupsHelper.collectMethodsByGroup() took 4 ms.
2026-04-23 23:27:56 INFO  org.testng.internal.Utils - [Utils] MethodGroupsHelper.sortMethods() took 7 ms.
2026-04-23 23:27:56 INFO  org.testng.internal.Utils - [Utils] MethodGroupsHelper.collectMethodsByGroup() took 0 ms.
2026-04-23 23:27:56 INFO  org.testng.internal.Utils - [Utils] MethodGroupsHelper.sortMethods() took 0 ms.
2026-04-23 23:27:56 INFO  org.testng.internal.Utils - [Utils] MethodGroupsHelper.collectMethodsByGroup() took 0 ms.
2026-04-23 23:27:56 INFO  org.testng.internal.Utils - [Utils] MethodGroupsHelper.sortMethods() took 0 ms.
2026-04-23 23:27:56 INFO  org.testng.internal.Utils - [Utils] MethodGroupsHelper.collectMethodsByGroup() took 0 ms.
2026-04-23 23:27:56 INFO  org.testng.internal.Utils - [Utils] MethodGroupsHelper.sortMethods() took 0 ms.
2026-04-23 23:27:56 INFO  org.testng.internal.Utils - [Utils] MethodGroupsHelper.collectMethodsByGroup() took 9 ms.
2026-04-23 23:27:56 INFO  org.testng.internal.Utils - [Utils] MethodGroupsHelper.sortMethods() took 0 ms.
2026-04-23 23:27:56 INFO  org.testng.internal.Utils - [Utils] MethodGroupsHelper.collectMethodsByGroup() took 0 ms.
2026-04-23 23:27:56 INFO  org.testng.internal.Utils - [Utils] MethodGroupsHelper.sortMethods() took 0 ms.
2026-04-23 23:27:56 INFO  org.testng.internal.Utils - [Utils] MethodGroupsHelper.collectMethodsByGroup() took 0 ms.
2026-04-23 23:27:56 INFO  org.testng.internal.Utils - [Utils] MethodGroupsHelper.sortMethods() took 0 ms.
2026-04-23 23:27:56 INFO  org.testng.internal.Utils - [TestNG] Running:
  C:\Users\Rahul\AppData\Local\Temp\testng-eclipse--961694215\testng-customsuite.xml

2026-04-23 23:27:56 INFO  org.testng.internal.Utils - [Utils] DynamicGraphHelper.createDynamicGraph() took 4 ms.
2026-04-23 23:29:26 INFO  org.testng.internal.Utils - [TestNG] Time taken by org.testng.reporters.jq.Main@62ea8931: 43 ms
2026-04-23 23:29:26 INFO  org.testng.internal.Utils - [TestNG] Time taken by org.testng.reporters.FailedReporter@4703c998: 1 ms
2026-04-23 23:29:26 INFO  org.testng.internal.Utils - [TestNG] Time taken by org.testng.reporters.XMLReporter@3cc9632d: 14 ms
2026-04-23 23:29:26 INFO  org.testng.internal.Utils - [TestNG] Time taken by org.testng.reporters.EmailableReporter2@2315052d: 9 ms
2026-04-23 23:29:26 INFO  org.testng.internal.Utils - [TestNG] Time taken by org.testng.reporters.JUnitReportReporter@7cf8f45a: 7 ms
2026-04-23 23:29:26 INFO  org.testng.internal.Utils - [TestNG] Time taken by org.testng.internal.ExitCodeListener@62cf6a84: 0 ms
2026-04-23 23:29:49 DEBUG org.testng.TestNG - suiteXmlPath: "C:\Users\Rahul\AppData\Local\Temp\testng-eclipse-264301315\testng-customsuite.xml"
2026-04-23 23:29:49 INFO  org.testng.internal.Utils - [Utils] MethodGroupsHelper.collectMethodsByGroup() took 0 ms.
2026-04-23 23:29:49 INFO  org.testng.internal.Utils - [Utils] MethodGroupsHelper.sortMethods() took 1 ms.
2026-04-23 23:29:49 INFO  org.testng.internal.Utils - [Utils] MethodGroupsHelper.collectMethodsByGroup() took 0 ms.
2026-04-23 23:29:49 INFO  org.testng.internal.Utils - [Utils] MethodGroupsHelper.sortMethods() took 0 ms.
2026-04-23 23:29:49 INFO  org.testng.internal.Utils - [Utils] MethodGroupsHelper.collectMethodsByGroup() took 0 ms.
2026-04-23 23:29:49 INFO  org.testng.internal.Utils - [Utils] MethodGroupsHelper.sortMethods() took 0 ms.
2026-04-23 23:29:49 INFO  org.testng.internal.Utils - [Utils] MethodGroupsHelper.collectMethodsByGroup() took 0 ms.
2026-04-23 23:29:49 INFO  org.testng.internal.Utils - [Utils] MethodGroupsHelper.sortMethods() took 0 ms.
2026-04-23 23:29:49 INFO  org.testng.internal.Utils - [Utils] MethodGroupsHelper.collectMethodsByGroup() took 0 ms.
2026-04-23 23:29:49 INFO  org.testng.internal.Utils - [Utils] MethodGroupsHelper.sortMethods() took 0 ms.
2026-04-23 23:29:49 INFO  org.testng.internal.Utils - [Utils] MethodGroupsHelper.collectMethodsByGroup() took 0 ms.
2026-04-23 23:29:49 INFO  org.testng.internal.Utils - [Utils] MethodGroupsHelper.sortMethods() took 0 ms.
2026-04-23 23:29:49 INFO  org.testng.internal.Utils - [Utils] MethodGroupsHelper.collectMethodsByGroup() took 0 ms.
2026-04-23 23:29:49 INFO  org.testng.internal.Utils - [Utils] MethodGroupsHelper.sortMethods() took 0 ms.
2026-04-23 23:29:49 INFO  org.testng.internal.Utils - [Utils] MethodGroupsHelper.collectMethodsByGroup() took 0 ms.
2026-04-23 23:29:49 INFO  org.testng.internal.Utils - [Utils] MethodGroupsHelper.sortMethods() took 0 ms.
2026-04-23 23:29:49 INFO  org.testng.internal.Utils - [Utils] MethodGroupsHelper.collectMethodsByGroup() took 9 ms.
2026-04-23 23:29:49 INFO  org.testng.internal.Utils - [Utils] MethodGroupsHelper.sortMethods() took 12 ms.
2026-04-23 23:29:49 INFO  org.testng.internal.Utils - [Utils] MethodGroupsHelper.collectMethodsByGroup() took 0 ms.
2026-04-23 23:29:49 INFO  org.testng.internal.Utils - [Utils] MethodGroupsHelper.sortMethods() took 0 ms.
2026-04-23 23:29:49 INFO  org.testng.internal.Utils - [Utils] MethodGroupsHelper.collectMethodsByGroup() took 0 ms.
2026-04-23 23:29:49 INFO  org.testng.internal.Utils - [Utils] MethodGroupsHelper.sortMethods() took 0 ms.
2026-04-23 23:29:49 INFO  org.testng.internal.Utils - [Utils] MethodGroupsHelper.collectMethodsByGroup() took 0 ms.
2026-04-23 23:29:49 INFO  org.testng.internal.Utils - [Utils] MethodGroupsHelper.sortMethods() took 0 ms.
2026-04-23 23:29:49 INFO  org.testng.internal.Utils - [Utils] MethodGroupsHelper.collectMethodsByGroup() took 11 ms.
2026-04-23 23:29:49 INFO  org.testng.internal.Utils - [Utils] MethodGroupsHelper.sortMethods() took 1 ms.
2026-04-23 23:29:49 INFO  org.testng.internal.Utils - [Utils] MethodGroupsHelper.collectMethodsByGroup() took 0 ms.
2026-04-23 23:29:49 INFO  org.testng.internal.Utils - [Utils] MethodGroupsHelper.sortMethods() took 0 ms.
2026-04-23 23:29:49 INFO  org.testng.internal.Utils - [Utils] MethodGroupsHelper.collectMethodsByGroup() took 0 ms.
2026-04-23 23:29:49 INFO  org.testng.internal.Utils - [Utils] MethodGroupsHelper.sortMethods() took 0 ms.
2026-04-23 23:29:49 INFO  org.testng.internal.Utils - [TestNG] Running:
  C:\Users\Rahul\AppData\Local\Temp\testng-eclipse-264301315\testng-customsuite.xml

2026-04-23 23:29:49 INFO  org.testng.internal.Utils - [Utils] DynamicGraphHelper.createDynamicGraph() took 2 ms.
2026-04-23 23:30:26 INFO  org.testng.internal.Utils - [TestNG] Time taken by org.testng.reporters.jq.Main@1fac1d5c: 31 ms
2026-04-23 23:30:26 INFO  org.testng.internal.Utils - [TestNG] Time taken by org.testng.reporters.FailedReporter@17690e14: 2 ms
2026-04-23 23:30:26 INFO  org.testng.internal.Utils - [TestNG] Time taken by org.testng.reporters.XMLReporter@24db6ce: 4 ms
2026-04-23 23:30:26 INFO  org.testng.internal.Utils - [TestNG] Time taken by org.testng.reporters.EmailableReporter2@7cd4a4d7: 5 ms
2026-04-23 23:30:26 INFO  org.testng.internal.Utils - [TestNG] Time taken by org.testng.reporters.JUnitReportReporter@47ffe971: 5 ms
2026-04-23 23:30:26 INFO  org.testng.internal.Utils - [TestNG] Time taken by org.testng.internal.ExitCodeListener@7d04529c: 0 ms
2026-04-23 23:30:38 DEBUG org.testng.TestNG - suiteXmlPath: "C:\Users\Rahul\AppData\Local\Temp\testng-eclipse--1867191744\testng-customsuite.xml"
2026-04-23 23:30:39 INFO  org.testng.internal.Utils - [Utils] MethodGroupsHelper.collectMethodsByGroup() took 1 ms.
2026-04-23 23:30:39 INFO  org.testng.internal.Utils - [Utils] MethodGroupsHelper.sortMethods() took 0 ms.
2026-04-23 23:30:39 INFO  org.testng.internal.Utils - [Utils] MethodGroupsHelper.collectMethodsByGroup() took 0 ms.
2026-04-23 23:30:39 INFO  org.testng.internal.Utils - [Utils] MethodGroupsHelper.sortMethods() took 0 ms.
2026-04-23 23:30:39 INFO  org.testng.internal.Utils - [Utils] MethodGroupsHelper.collectMethodsByGroup() took 0 ms.
2026-04-23 23:30:39 INFO  org.testng.internal.Utils - [Utils] MethodGroupsHelper.sortMethods() took 0 ms.
2026-04-23 23:30:39 INFO  org.testng.internal.Utils - [Utils] MethodGroupsHelper.collectMethodsByGroup() took 0 ms.
2026-04-23 23:30:39 INFO  org.testng.internal.Utils - [Utils] MethodGroupsHelper.sortMethods() took 0 ms.
2026-04-23 23:30:39 INFO  org.testng.internal.Utils - [Utils] MethodGroupsHelper.collectMethodsByGroup() took 0 ms.
2026-04-23 23:30:39 INFO  org.testng.internal.Utils - [Utils] MethodGroupsHelper.sortMethods() took 0 ms.
2026-04-23 23:30:39 INFO  org.testng.internal.Utils - [Utils] MethodGroupsHelper.collectMethodsByGroup() took 0 ms.
2026-04-23 23:30:39 INFO  org.testng.internal.Utils - [Utils] MethodGroupsHelper.sortMethods() took 0 ms.
2026-04-23 23:30:39 INFO  org.testng.internal.Utils - [Utils] MethodGroupsHelper.collectMethodsByGroup() took 0 ms.
2026-04-23 23:30:39 INFO  org.testng.internal.Utils - [Utils] MethodGroupsHelper.sortMethods() took 0 ms.
2026-04-23 23:30:39 INFO  org.testng.internal.Utils - [Utils] MethodGroupsHelper.collectMethodsByGroup() took 0 ms.
2026-04-23 23:30:39 INFO  org.testng.internal.Utils - [Utils] MethodGroupsHelper.sortMethods() took 0 ms.
2026-04-23 23:30:39 INFO  org.testng.internal.Utils - [Utils] MethodGroupsHelper.collectMethodsByGroup() took 4 ms.
2026-04-23 23:30:39 INFO  org.testng.internal.Utils - [Utils] MethodGroupsHelper.sortMethods() took 10 ms.
2026-04-23 23:30:39 INFO  org.testng.internal.Utils - [Utils] MethodGroupsHelper.collectMethodsByGroup() took 0 ms.
2026-04-23 23:30:39 INFO  org.testng.internal.Utils - [Utils] MethodGroupsHelper.sortMethods() took 0 ms.
2026-04-23 23:30:39 INFO  org.testng.internal.Utils - [Utils] MethodGroupsHelper.collectMethodsByGroup() took 0 ms.
2026-04-23 23:30:39 INFO  org.testng.internal.Utils - [Utils] MethodGroupsHelper.sortMethods() took 0 ms.
2026-04-23 23:30:39 INFO  org.testng.internal.Utils - [Utils] MethodGroupsHelper.collectMethodsByGroup() took 0 ms.
2026-04-23 23:30:39 INFO  org.testng.internal.Utils - [Utils] MethodGroupsHelper.sortMethods() took 0 ms.
2026-04-23 23:30:39 INFO  org.testng.internal.Utils - [Utils] MethodGroupsHelper.collectMethodsByGroup() took 12 ms.
2026-04-23 23:30:39 INFO  org.testng.internal.Utils - [Utils] MethodGroupsHelper.sortMethods() took 1 ms.
2026-04-23 23:30:39 INFO  org.testng.internal.Utils - [Utils] MethodGroupsHelper.collectMethodsByGroup() took 0 ms.
2026-04-23 23:30:39 INFO  org.testng.internal.Utils - [Utils] MethodGroupsHelper.sortMethods() took 0 ms.
2026-04-23 23:30:39 INFO  org.testng.internal.Utils - [Utils] MethodGroupsHelper.collectMethodsByGroup() took 0 ms.
2026-04-23 23:30:39 INFO  org.testng.internal.Utils - [Utils] MethodGroupsHelper.sortMethods() took 0 ms.
2026-04-23 23:30:39 INFO  org.testng.internal.Utils - [TestNG] Running:
  C:\Users\Rahul\AppData\Local\Temp\testng-eclipse--1867191744\testng-customsuite.xml

2026-04-23 23:30:39 INFO  org.testng.internal.Utils - [Utils] DynamicGraphHelper.createDynamicGraph() took 2 ms.
2026-04-23 23:30:46 INFO  org.testng.internal.Utils - [TestNG] Time taken by org.testng.reporters.jq.Main@65a48602: 31 ms
2026-04-23 23:30:46 INFO  org.testng.internal.Utils - [TestNG] Time taken by org.testng.reporters.FailedReporter@5ec4ff02: 1 ms
2026-04-23 23:30:46 INFO  org.testng.internal.Utils - [TestNG] Time taken by org.testng.reporters.XMLReporter@44bd4b0a: 5 ms
2026-04-23 23:30:46 INFO  org.testng.internal.Utils - [TestNG] Time taken by org.testng.reporters.EmailableReporter2@14982a82: 4 ms
2026-04-23 23:30:46 INFO  org.testng.internal.Utils - [TestNG] Time taken by org.testng.reporters.JUnitReportReporter@290d10ef: 4 ms
2026-04-23 23:30:46 INFO  org.testng.internal.Utils - [TestNG] Time taken by org.testng.internal.ExitCodeListener@1bc0d349: 0 ms
2026-04-23 23:32:50 DEBUG org.testng.TestNG - suiteXmlPath: "C:\Users\Rahul\AppData\Local\Temp\testng-eclipse-1423781782\testng-customsuite.xml"
2026-04-23 23:32:50 INFO  org.testng.internal.Utils - [Utils] MethodGroupsHelper.collectMethodsByGroup() took 1 ms.
2026-04-23 23:32:50 INFO  org.testng.internal.Utils - [Utils] MethodGroupsHelper.sortMethods() took 1 ms.
2026-04-23 23:32:50 INFO  org.testng.internal.Utils - [Utils] MethodGroupsHelper.collectMethodsByGroup() took 0 ms.
2026-04-23 23:32:50 INFO  org.testng.internal.Utils - [Utils] MethodGroupsHelper.sortMethods() took 0 ms.
2026-04-23 23:32:50 INFO  org.testng.internal.Utils - [Utils] MethodGroupsHelper.collectMethodsByGroup() took 0 ms.
2026-04-23 23:32:50 INFO  org.testng.internal.Utils - [Utils] MethodGroupsHelper.sortMethods() took 0 ms.
2026-04-23 23:32:50 INFO  org.testng.internal.Utils - [Utils] MethodGroupsHelper.collectMethodsByGroup() took 0 ms.
2026-04-23 23:32:50 INFO  org.testng.internal.Utils - [Utils] MethodGroupsHelper.sortMethods() took 0 ms.
2026-04-23 23:32:50 INFO  org.testng.internal.Utils - [Utils] MethodGroupsHelper.collectMethodsByGroup() took 0 ms.
2026-04-23 23:32:50 INFO  org.testng.internal.Utils - [Utils] MethodGroupsHelper.sortMethods() took 0 ms.
2026-04-23 23:32:50 INFO  org.testng.internal.Utils - [Utils] MethodGroupsHelper.collectMethodsByGroup() took 0 ms.
2026-04-23 23:32:50 INFO  org.testng.internal.Utils - [Utils] MethodGroupsHelper.sortMethods() took 0 ms.
2026-04-23 23:32:50 INFO  org.testng.internal.Utils - [Utils] MethodGroupsHelper.collectMethodsByGroup() took 0 ms.
2026-04-23 23:32:50 INFO  org.testng.internal.Utils - [Utils] MethodGroupsHelper.sortMethods() took 0 ms.
2026-04-23 23:32:50 INFO  org.testng.internal.Utils - [Utils] MethodGroupsHelper.collectMethodsByGroup() took 0 ms.
2026-04-23 23:32:50 INFO  org.testng.internal.Utils - [Utils] MethodGroupsHelper.sortMethods() took 0 ms.
2026-04-23 23:32:50 INFO  org.testng.internal.Utils - [Utils] MethodGroupsHelper.collectMethodsByGroup() took 9 ms.
2026-04-23 23:32:50 INFO  org.testng.internal.Utils - [Utils] MethodGroupsHelper.sortMethods() took 14 ms.
2026-04-23 23:32:50 INFO  org.testng.internal.Utils - [Utils] MethodGroupsHelper.collectMethodsByGroup() took 0 ms.
2026-04-23 23:32:50 INFO  org.testng.internal.Utils - [Utils] MethodGroupsHelper.sortMethods() took 1 ms.
2026-04-23 23:32:50 INFO  org.testng.internal.Utils - [Utils] MethodGroupsHelper.collectMethodsByGroup() took 0 ms.
2026-04-23 23:32:50 INFO  org.testng.internal.Utils - [Utils] MethodGroupsHelper.sortMethods() took 0 ms.
2026-04-23 23:32:50 INFO  org.testng.internal.Utils - [Utils] MethodGroupsHelper.collectMethodsByGroup() took 0 ms.
2026-04-23 23:32:50 INFO  org.testng.internal.Utils - [Utils] MethodGroupsHelper.sortMethods() took 0 ms.
2026-04-23 23:32:50 INFO  org.testng.internal.Utils - [Utils] MethodGroupsHelper.collectMethodsByGroup() took 17 ms.
2026-04-23 23:32:50 INFO  org.testng.internal.Utils - [Utils] MethodGroupsHelper.sortMethods() took 1 ms.
2026-04-23 23:32:50 INFO  org.testng.internal.Utils - [Utils] MethodGroupsHelper.collectMethodsByGroup() took 0 ms.
2026-04-23 23:32:50 INFO  org.testng.internal.Utils - [Utils] MethodGroupsHelper.sortMethods() took 0 ms.
2026-04-23 23:32:50 INFO  org.testng.internal.Utils - [Utils] MethodGroupsHelper.collectMethodsByGroup() took 0 ms.
2026-04-23 23:32:50 INFO  org.testng.internal.Utils - [Utils] MethodGroupsHelper.sortMethods() took 0 ms.
2026-04-23 23:32:50 INFO  org.testng.internal.Utils - [TestNG] Running:
  C:\Users\Rahul\AppData\Local\Temp\testng-eclipse-1423781782\testng-customsuite.xml

2026-04-23 23:32:50 INFO  org.testng.internal.Utils - [Utils] DynamicGraphHelper.createDynamicGraph() took 5 ms.
2026-04-23 23:33:29 INFO  org.testng.internal.Utils - [TestNG] Time taken by org.testng.reporters.jq.Main@63dfada0: 40 ms
2026-04-23 23:33:29 INFO  org.testng.internal.Utils - [TestNG] Time taken by org.testng.reporters.FailedReporter@43a65cd8: 10 ms
2026-04-23 23:33:29 INFO  org.testng.internal.Utils - [TestNG] Time taken by org.testng.reporters.XMLReporter@4c86da0c: 7 ms
2026-04-23 23:33:29 INFO  org.testng.internal.Utils - [TestNG] Time taken by org.testng.reporters.EmailableReporter2@4f94e148: 7 ms
2026-04-23 23:33:29 INFO  org.testng.internal.Utils - [TestNG] Time taken by org.testng.reporters.JUnitReportReporter@71e35c4: 6 ms
2026-04-23 23:33:29 INFO  org.testng.internal.Utils - [TestNG] Time taken by org.testng.internal.ExitCodeListener@22a10ac6: 0 ms
2026-04-23 23:34:17 DEBUG org.testng.TestNG - suiteXmlPath: "C:\Users\Rahul\AppData\Local\Temp\testng-eclipse-28605649\testng-customsuite.xml"
2026-04-23 23:34:17 INFO  org.testng.internal.Utils - [Utils] MethodGroupsHelper.collectMethodsByGroup() took 0 ms.
2026-04-23 23:34:17 INFO  org.testng.internal.Utils - [Utils] MethodGroupsHelper.sortMethods() took 3 ms.
2026-04-23 23:34:17 INFO  org.testng.internal.Utils - [Utils] MethodGroupsHelper.collectMethodsByGroup() took 0 ms.
2026-04-23 23:34:17 INFO  org.testng.internal.Utils - [Utils] MethodGroupsHelper.sortMethods() took 0 ms.
2026-04-23 23:34:17 INFO  org.testng.internal.Utils - [Utils] MethodGroupsHelper.collectMethodsByGroup() took 0 ms.
2026-04-23 23:34:17 INFO  org.testng.internal.Utils - [Utils] MethodGroupsHelper.sortMethods() took 0 ms.
2026-04-23 23:34:17 INFO  org.testng.internal.Utils - [Utils] MethodGroupsHelper.collectMethodsByGroup() took 0 ms.
2026-04-23 23:34:17 INFO  org.testng.internal.Utils - [Utils] MethodGroupsHelper.sortMethods() took 0 ms.
2026-04-23 23:34:17 INFO  org.testng.internal.Utils - [Utils] MethodGroupsHelper.collectMethodsByGroup() took 0 ms.
2026-04-23 23:34:17 INFO  org.testng.internal.Utils - [Utils] MethodGroupsHelper.sortMethods() took 0 ms.
2026-04-23 23:34:17 INFO  org.testng.internal.Utils - [Utils] MethodGroupsHelper.collectMethodsByGroup() took 0 ms.
2026-04-23 23:34:17 INFO  org.testng.internal.Utils - [Utils] MethodGroupsHelper.sortMethods() took 0 ms.
2026-04-23 23:34:17 INFO  org.testng.internal.Utils - [Utils] MethodGroupsHelper.collectMethodsByGroup() took 0 ms.
2026-04-23 23:34:17 INFO  org.testng.internal.Utils - [Utils] MethodGroupsHelper.sortMethods() took 0 ms.
2026-04-23 23:34:17 INFO  org.testng.internal.Utils - [Utils] MethodGroupsHelper.collectMethodsByGroup() took 0 ms.
2026-04-23 23:34:17 INFO  org.testng.internal.Utils - [Utils] MethodGroupsHelper.sortMethods() took 0 ms.
2026-04-23 23:34:17 INFO  org.testng.internal.Utils - [Utils] MethodGroupsHelper.collectMethodsByGroup() took 5 ms.
2026-04-23 23:34:17 INFO  org.testng.internal.Utils - [Utils] MethodGroupsHelper.sortMethods() took 9 ms.
2026-04-23 23:34:17 INFO  org.testng.internal.Utils - [Utils] MethodGroupsHelper.collectMethodsByGroup() took 0 ms.
2026-04-23 23:34:17 INFO  org.testng.internal.Utils - [Utils] MethodGroupsHelper.sortMethods() took 0 ms.
2026-04-23 23:34:17 INFO  org.testng.internal.Utils - [Utils] MethodGroupsHelper.collectMethodsByGroup() took 0 ms.
2026-04-23 23:34:17 INFO  org.testng.internal.Utils - [Utils] MethodGroupsHelper.sortMethods() took 0 ms.
2026-04-23 23:34:17 INFO  org.testng.internal.Utils - [Utils] MethodGroupsHelper.collectMethodsByGroup() took 0 ms.
2026-04-23 23:34:17 INFO  org.testng.internal.Utils - [Utils] MethodGroupsHelper.sortMethods() took 0 ms.
2026-04-23 23:34:17 INFO  org.testng.internal.Utils - [Utils] MethodGroupsHelper.collectMethodsByGroup() took 13 ms.
2026-04-23 23:34:17 INFO  org.testng.internal.Utils - [Utils] MethodGroupsHelper.sortMethods() took 1 ms.
2026-04-23 23:34:17 INFO  org.testng.internal.Utils - [Utils] MethodGroupsHelper.collectMethodsByGroup() took 0 ms.
2026-04-23 23:34:17 INFO  org.testng.internal.Utils - [Utils] MethodGroupsHelper.sortMethods() took 0 ms.
2026-04-23 23:34:17 INFO  org.testng.internal.Utils - [Utils] MethodGroupsHelper.collectMethodsByGroup() took 0 ms.
2026-04-23 23:34:17 INFO  org.testng.internal.Utils - [Utils] MethodGroupsHelper.sortMethods() took 0 ms.
2026-04-23 23:34:17 INFO  org.testng.internal.Utils - [TestNG] Running:
  C:\Users\Rahul\AppData\Local\Temp\testng-eclipse-28605649\testng-customsuite.xml

2026-04-23 23:34:17 INFO  org.testng.internal.Utils - [Utils] DynamicGraphHelper.createDynamicGraph() took 2 ms.
2026-04-23 23:34:55 INFO  org.testng.internal.Utils - [TestNG] Time taken by org.testng.reporters.jq.Main@354e7004: 44 ms
2026-04-23 23:34:55 INFO  org.testng.internal.Utils - [TestNG] Time taken by org.testng.reporters.FailedReporter@257e0827: 14 ms
2026-04-23 23:34:55 INFO  org.testng.internal.Utils - [TestNG] Time taken by org.testng.reporters.XMLReporter@3f1ef9d6: 7 ms
2026-04-23 23:34:55 INFO  org.testng.internal.Utils - [TestNG] Time taken by org.testng.reporters.EmailableReporter2@4c86da0c: 6 ms
2026-04-23 23:34:55 INFO  org.testng.internal.Utils - [TestNG] Time taken by org.testng.reporters.JUnitReportReporter@5c83ae01: 6 ms
2026-04-23 23:34:55 INFO  org.testng.internal.Utils - [TestNG] Time taken by org.testng.internal.ExitCodeListener@2d64c100: 0 ms
2026-04-23 23:35:59 DEBUG org.testng.TestNG - suiteXmlPath: "C:\Users\Rahul\AppData\Local\Temp\testng-eclipse--1736501356\testng-customsuite.xml"
2026-04-23 23:35:59 INFO  org.testng.internal.Utils - [Utils] MethodGroupsHelper.collectMethodsByGroup() took 0 ms.
2026-04-23 23:35:59 INFO  org.testng.internal.Utils - [Utils] MethodGroupsHelper.sortMethods() took 1 ms.
2026-04-23 23:35:59 INFO  org.testng.internal.Utils - [Utils] MethodGroupsHelper.collectMethodsByGroup() took 0 ms.
2026-04-23 23:35:59 INFO  org.testng.internal.Utils - [Utils] MethodGroupsHelper.sortMethods() took 0 ms.
2026-04-23 23:35:59 INFO  org.testng.internal.Utils - [Utils] MethodGroupsHelper.collectMethodsByGroup() took 0 ms.
2026-04-23 23:35:59 INFO  org.testng.internal.Utils - [Utils] MethodGroupsHelper.sortMethods() took 0 ms.
2026-04-23 23:35:59 INFO  org.testng.internal.Utils - [Utils] MethodGroupsHelper.collectMethodsByGroup() took 0 ms.
2026-04-23 23:35:59 INFO  org.testng.internal.Utils - [Utils] MethodGroupsHelper.sortMethods() took 0 ms.
2026-04-23 23:35:59 INFO  org.testng.internal.Utils - [Utils] MethodGroupsHelper.collectMethodsByGroup() took 0 ms.
2026-04-23 23:35:59 INFO  org.testng.internal.Utils - [Utils] MethodGroupsHelper.sortMethods() took 0 ms.
2026-04-23 23:35:59 INFO  org.testng.internal.Utils - [Utils] MethodGroupsHelper.collectMethodsByGroup() took 0 ms.
2026-04-23 23:35:59 INFO  org.testng.internal.Utils - [Utils] MethodGroupsHelper.sortMethods() took 0 ms.
2026-04-23 23:35:59 INFO  org.testng.internal.Utils - [Utils] MethodGroupsHelper.collectMethodsByGroup() took 0 ms.
2026-04-23 23:35:59 INFO  org.testng.internal.Utils - [Utils] MethodGroupsHelper.sortMethods() took 0 ms.
2026-04-23 23:35:59 INFO  org.testng.internal.Utils - [Utils] MethodGroupsHelper.collectMethodsByGroup() took 0 ms.
2026-04-23 23:35:59 INFO  org.testng.internal.Utils - [Utils] MethodGroupsHelper.sortMethods() took 0 ms.
2026-04-23 23:35:59 INFO  org.testng.internal.Utils - [Utils] MethodGroupsHelper.collectMethodsByGroup() took 3 ms.
2026-04-23 23:35:59 INFO  org.testng.internal.Utils - [Utils] MethodGroupsHelper.sortMethods() took 8 ms.
2026-04-23 23:35:59 INFO  org.testng.internal.Utils - [Utils] MethodGroupsHelper.collectMethodsByGroup() took 0 ms.
2026-04-23 23:35:59 INFO  org.testng.internal.Utils - [Utils] MethodGroupsHelper.sortMethods() took 0 ms.
2026-04-23 23:35:59 INFO  org.testng.internal.Utils - [Utils] MethodGroupsHelper.collectMethodsByGroup() took 0 ms.
2026-04-23 23:35:59 INFO  org.testng.internal.Utils - [Utils] MethodGroupsHelper.sortMethods() took 0 ms.
2026-04-23 23:35:59 INFO  org.testng.internal.Utils - [Utils] MethodGroupsHelper.collectMethodsByGroup() took 1 ms.
2026-04-23 23:35:59 INFO  org.testng.internal.Utils - [Utils] MethodGroupsHelper.sortMethods() took 0 ms.
2026-04-23 23:35:59 INFO  org.testng.internal.Utils - [Utils] MethodGroupsHelper.collectMethodsByGroup() took 13 ms.
2026-04-23 23:35:59 INFO  org.testng.internal.Utils - [Utils] MethodGroupsHelper.sortMethods() took 1 ms.
2026-04-23 23:35:59 INFO  org.testng.internal.Utils - [Utils] MethodGroupsHelper.collectMethodsByGroup() took 0 ms.
2026-04-23 23:35:59 INFO  org.testng.internal.Utils - [Utils] MethodGroupsHelper.sortMethods() took 0 ms.
2026-04-23 23:35:59 INFO  org.testng.internal.Utils - [Utils] MethodGroupsHelper.collectMethodsByGroup() took 0 ms.
2026-04-23 23:35:59 INFO  org.testng.internal.Utils - [Utils] MethodGroupsHelper.sortMethods() took 0 ms.
2026-04-23 23:35:59 INFO  org.testng.internal.Utils - [TestNG] Running:
  C:\Users\Rahul\AppData\Local\Temp\testng-eclipse--1736501356\testng-customsuite.xml

2026-04-23 23:35:59 INFO  org.testng.internal.Utils - [Utils] DynamicGraphHelper.createDynamicGraph() took 4 ms.
2026-04-23 23:36:06 INFO  org.testng.internal.Utils - [TestNG] Time taken by org.testng.reporters.jq.Main@78c1372d: 37 ms
2026-04-23 23:36:06 INFO  org.testng.internal.Utils - [TestNG] Time taken by org.testng.reporters.FailedReporter@108a46d6: 11 ms
2026-04-23 23:36:06 INFO  org.testng.internal.Utils - [TestNG] Time taken by org.testng.reporters.XMLReporter@320a8ebf: 6 ms
2026-04-23 23:36:06 INFO  org.testng.internal.Utils - [TestNG] Time taken by org.testng.reporters.EmailableReporter2@317e9c3c: 7 ms
2026-04-23 23:36:06 INFO  org.testng.internal.Utils - [TestNG] Time taken by org.testng.reporters.JUnitReportReporter@7d04529c: 5 ms
2026-04-23 23:36:06 INFO  org.testng.internal.Utils - [TestNG] Time taken by org.testng.internal.ExitCodeListener@14fa92af: 0 ms
2026-04-23 23:38:04 DEBUG org.testng.TestNG - suiteXmlPath: "C:\Users\Rahul\AppData\Local\Temp\testng-eclipse-893842984\testng-customsuite.xml"
2026-04-23 23:38:04 INFO  org.testng.internal.Utils - [Utils] MethodGroupsHelper.collectMethodsByGroup() took 1 ms.
2026-04-23 23:38:04 INFO  org.testng.internal.Utils - [Utils] MethodGroupsHelper.sortMethods() took 0 ms.
2026-04-23 23:38:04 INFO  org.testng.internal.Utils - [Utils] MethodGroupsHelper.collectMethodsByGroup() took 0 ms.
2026-04-23 23:38:04 INFO  org.testng.internal.Utils - [Utils] MethodGroupsHelper.sortMethods() took 0 ms.
2026-04-23 23:38:04 INFO  org.testng.internal.Utils - [Utils] MethodGroupsHelper.collectMethodsByGroup() took 0 ms.
2026-04-23 23:38:04 INFO  org.testng.internal.Utils - [Utils] MethodGroupsHelper.sortMethods() took 0 ms.
2026-04-23 23:38:04 INFO  org.testng.internal.Utils - [Utils] MethodGroupsHelper.collectMethodsByGroup() took 0 ms.
2026-04-23 23:38:04 INFO  org.testng.internal.Utils - [Utils] MethodGroupsHelper.sortMethods() took 0 ms.
2026-04-23 23:38:04 INFO  org.testng.internal.Utils - [Utils] MethodGroupsHelper.collectMethodsByGroup() took 0 ms.
2026-04-23 23:38:04 INFO  org.testng.internal.Utils - [Utils] MethodGroupsHelper.sortMethods() took 0 ms.
2026-04-23 23:38:04 INFO  org.testng.internal.Utils - [Utils] MethodGroupsHelper.collectMethodsByGroup() took 0 ms.
2026-04-23 23:38:04 INFO  org.testng.internal.Utils - [Utils] MethodGroupsHelper.sortMethods() took 0 ms.
2026-04-23 23:38:04 INFO  org.testng.internal.Utils - [Utils] MethodGroupsHelper.collectMethodsByGroup() took 0 ms.
2026-04-23 23:38:04 INFO  org.testng.internal.Utils - [Utils] MethodGroupsHelper.sortMethods() took 0 ms.
2026-04-23 23:38:04 INFO  org.testng.internal.Utils - [Utils] MethodGroupsHelper.collectMethodsByGroup() took 0 ms.
2026-04-23 23:38:04 INFO  org.testng.internal.Utils - [Utils] MethodGroupsHelper.sortMethods() took 0 ms.
2026-04-23 23:38:04 INFO  org.testng.internal.Utils - [Utils] MethodGroupsHelper.collectMethodsByGroup() took 6 ms.
2026-04-23 23:38:04 INFO  org.testng.internal.Utils - [Utils] MethodGroupsHelper.sortMethods() took 8 ms.
2026-04-23 23:38:04 INFO  org.testng.internal.Utils - [Utils] MethodGroupsHelper.collectMethodsByGroup() took 1 ms.
2026-04-23 23:38:04 INFO  org.testng.internal.Utils - [Utils] MethodGroupsHelper.sortMethods() took 0 ms.
2026-04-23 23:38:04 INFO  org.testng.internal.Utils - [Utils] MethodGroupsHelper.collectMethodsByGroup() took 0 ms.
2026-04-23 23:38:04 INFO  org.testng.internal.Utils - [Utils] MethodGroupsHelper.sortMethods() took 0 ms.
2026-04-23 23:38:04 INFO  org.testng.internal.Utils - [Utils] MethodGroupsHelper.collectMethodsByGroup() took 0 ms.
2026-04-23 23:38:04 INFO  org.testng.internal.Utils - [Utils] MethodGroupsHelper.sortMethods() took 1 ms.
2026-04-23 23:38:04 INFO  org.testng.internal.Utils - [Utils] MethodGroupsHelper.collectMethodsByGroup() took 9 ms.
2026-04-23 23:38:04 INFO  org.testng.internal.Utils - [Utils] MethodGroupsHelper.sortMethods() took 0 ms.
2026-04-23 23:38:04 INFO  org.testng.internal.Utils - [Utils] MethodGroupsHelper.collectMethodsByGroup() took 0 ms.
2026-04-23 23:38:04 INFO  org.testng.internal.Utils - [Utils] MethodGroupsHelper.sortMethods() took 0 ms.
2026-04-23 23:38:04 INFO  org.testng.internal.Utils - [Utils] MethodGroupsHelper.collectMethodsByGroup() took 0 ms.
2026-04-23 23:38:04 INFO  org.testng.internal.Utils - [Utils] MethodGroupsHelper.sortMethods() took 0 ms.
2026-04-23 23:38:04 INFO  org.testng.internal.Utils - [TestNG] Running:
  C:\Users\Rahul\AppData\Local\Temp\testng-eclipse-893842984\testng-customsuite.xml

2026-04-23 23:38:04 INFO  org.testng.internal.Utils - [Utils] DynamicGraphHelper.createDynamicGraph() took 3 ms.
2026-04-23 23:38:11 INFO  org.testng.internal.Utils - [TestNG] Time taken by org.testng.reporters.jq.Main@2e6f610d: 36 ms
2026-04-23 23:38:11 INFO  org.testng.internal.Utils - [TestNG] Time taken by org.testng.reporters.FailedReporter@44b194fe: 8 ms
2026-04-23 23:38:11 INFO  org.testng.internal.Utils - [TestNG] Time taken by org.testng.reporters.XMLReporter@14fa92af: 6 ms
2026-04-23 23:38:11 INFO  org.testng.internal.Utils - [TestNG] Time taken by org.testng.reporters.EmailableReporter2@109a2025: 7 ms
2026-04-23 23:38:11 INFO  org.testng.internal.Utils - [TestNG] Time taken by org.testng.reporters.JUnitReportReporter@3414a8c3: 5 ms
2026-04-23 23:38:11 INFO  org.testng.internal.Utils - [TestNG] Time taken by org.testng.internal.ExitCodeListener@36cc9385: 1 ms
2026-04-23 23:38:24 DEBUG org.testng.TestNG - suiteXmlPath: "C:\Users\Rahul\AppData\Local\Temp\testng-eclipse-767660669\testng-customsuite.xml"
2026-04-23 23:38:25 INFO  org.testng.internal.Utils - [Utils] MethodGroupsHelper.collectMethodsByGroup() took 1 ms.
2026-04-23 23:38:25 INFO  org.testng.internal.Utils - [Utils] MethodGroupsHelper.sortMethods() took 0 ms.
2026-04-23 23:38:25 INFO  org.testng.internal.Utils - [Utils] MethodGroupsHelper.collectMethodsByGroup() took 0 ms.
2026-04-23 23:38:25 INFO  org.testng.internal.Utils - [Utils] MethodGroupsHelper.sortMethods() took 0 ms.
2026-04-23 23:38:25 INFO  org.testng.internal.Utils - [Utils] MethodGroupsHelper.collectMethodsByGroup() took 0 ms.
2026-04-23 23:38:25 INFO  org.testng.internal.Utils - [Utils] MethodGroupsHelper.sortMethods() took 0 ms.
2026-04-23 23:38:25 INFO  org.testng.internal.Utils - [Utils] MethodGroupsHelper.collectMethodsByGroup() took 0 ms.
2026-04-23 23:38:25 INFO  org.testng.internal.Utils - [Utils] MethodGroupsHelper.sortMethods() took 0 ms.
2026-04-23 23:38:25 INFO  org.testng.internal.Utils - [Utils] MethodGroupsHelper.collectMethodsByGroup() took 0 ms.
2026-04-23 23:38:25 INFO  org.testng.internal.Utils - [Utils] MethodGroupsHelper.sortMethods() took 0 ms.
2026-04-23 23:38:25 INFO  org.testng.internal.Utils - [Utils] MethodGroupsHelper.collectMethodsByGroup() took 0 ms.
2026-04-23 23:38:25 INFO  org.testng.internal.Utils - [Utils] MethodGroupsHelper.sortMethods() took 0 ms.
2026-04-23 23:38:25 INFO  org.testng.internal.Utils - [Utils] MethodGroupsHelper.collectMethodsByGroup() took 0 ms.
2026-04-23 23:38:25 INFO  org.testng.internal.Utils - [Utils] MethodGroupsHelper.sortMethods() took 0 ms.
2026-04-23 23:38:25 INFO  org.testng.internal.Utils - [Utils] MethodGroupsHelper.collectMethodsByGroup() took 0 ms.
2026-04-23 23:38:25 INFO  org.testng.internal.Utils - [Utils] MethodGroupsHelper.sortMethods() took 0 ms.
2026-04-23 23:38:25 INFO  org.testng.internal.Utils - [Utils] MethodGroupsHelper.collectMethodsByGroup() took 7 ms.
2026-04-23 23:38:25 INFO  org.testng.internal.Utils - [Utils] MethodGroupsHelper.sortMethods() took 14 ms.
2026-04-23 23:38:25 INFO  org.testng.internal.Utils - [Utils] MethodGroupsHelper.collectMethodsByGroup() took 0 ms.
2026-04-23 23:38:25 INFO  org.testng.internal.Utils - [Utils] MethodGroupsHelper.sortMethods() took 1 ms.
2026-04-23 23:38:25 INFO  org.testng.internal.Utils - [Utils] MethodGroupsHelper.collectMethodsByGroup() took 0 ms.
2026-04-23 23:38:25 INFO  org.testng.internal.Utils - [Utils] MethodGroupsHelper.sortMethods() took 0 ms.
2026-04-23 23:38:25 INFO  org.testng.internal.Utils - [Utils] MethodGroupsHelper.collectMethodsByGroup() took 0 ms.
2026-04-23 23:38:25 INFO  org.testng.internal.Utils - [Utils] MethodGroupsHelper.sortMethods() took 0 ms.
2026-04-23 23:38:25 INFO  org.testng.internal.Utils - [Utils] MethodGroupsHelper.collectMethodsByGroup() took 10 ms.
2026-04-23 23:38:25 INFO  org.testng.internal.Utils - [Utils] MethodGroupsHelper.sortMethods() took 0 ms.
2026-04-23 23:38:25 INFO  org.testng.internal.Utils - [Utils] MethodGroupsHelper.collectMethodsByGroup() took 0 ms.
2026-04-23 23:38:25 INFO  org.testng.internal.Utils - [Utils] MethodGroupsHelper.sortMethods() took 0 ms.
2026-04-23 23:38:25 INFO  org.testng.internal.Utils - [Utils] MethodGroupsHelper.collectMethodsByGroup() took 0 ms.
2026-04-23 23:38:25 INFO  org.testng.internal.Utils - [Utils] MethodGroupsHelper.sortMethods() took 0 ms.
2026-04-23 23:38:25 INFO  org.testng.internal.Utils - [TestNG] Running:
  C:\Users\Rahul\AppData\Local\Temp\testng-eclipse-767660669\testng-customsuite.xml

2026-04-23 23:38:25 INFO  org.testng.internal.Utils - [Utils] DynamicGraphHelper.createDynamicGraph() took 2 ms.
2026-04-23 23:39:03 INFO  org.testng.internal.Utils - [TestNG] Time taken by org.testng.reporters.jq.Main@6f231ced: 40 ms
2026-04-23 23:39:03 INFO  org.testng.internal.Utils - [TestNG] Time taken by org.testng.reporters.FailedReporter@3f1ef9d6: 7 ms
2026-04-23 23:39:03 INFO  org.testng.internal.Utils - [TestNG] Time taken by org.testng.reporters.XMLReporter@5d97caa4: 7 ms
2026-04-23 23:39:03 INFO  org.testng.internal.Utils - [TestNG] Time taken by org.testng.reporters.EmailableReporter2@7ff8a9dc: 3 ms
2026-04-23 23:39:03 INFO  org.testng.internal.Utils - [TestNG] Time taken by org.testng.reporters.JUnitReportReporter@22a10ac6: 6 ms
2026-04-23 23:39:03 INFO  org.testng.internal.Utils - [TestNG] Time taken by org.testng.internal.ExitCodeListener@12fe1f28: 0 ms
2026-04-23 23:39:11 DEBUG org.testng.TestNG - suiteXmlPath: "C:\Users\Rahul\AppData\Local\Temp\testng-eclipse-2013321077\testng-customsuite.xml"
2026-04-23 23:39:11 INFO  org.testng.internal.Utils - [Utils] MethodGroupsHelper.collectMethodsByGroup() took 1 ms.
2026-04-23 23:39:11 INFO  org.testng.internal.Utils - [Utils] MethodGroupsHelper.sortMethods() took 0 ms.
2026-04-23 23:39:11 INFO  org.testng.internal.Utils - [Utils] MethodGroupsHelper.collectMethodsByGroup() took 0 ms.
2026-04-23 23:39:11 INFO  org.testng.internal.Utils - [Utils] MethodGroupsHelper.sortMethods() took 0 ms.
2026-04-23 23:39:11 INFO  org.testng.internal.Utils - [Utils] MethodGroupsHelper.collectMethodsByGroup() took 0 ms.
2026-04-23 23:39:11 INFO  org.testng.internal.Utils - [Utils] MethodGroupsHelper.sortMethods() took 0 ms.
2026-04-23 23:39:11 INFO  org.testng.internal.Utils - [Utils] MethodGroupsHelper.collectMethodsByGroup() took 0 ms.
2026-04-23 23:39:11 INFO  org.testng.internal.Utils - [Utils] MethodGroupsHelper.sortMethods() took 0 ms.
2026-04-23 23:39:11 INFO  org.testng.internal.Utils - [Utils] MethodGroupsHelper.collectMethodsByGroup() took 0 ms.
2026-04-23 23:39:11 INFO  org.testng.internal.Utils - [Utils] MethodGroupsHelper.sortMethods() took 0 ms.
2026-04-23 23:39:11 INFO  org.testng.internal.Utils - [Utils] MethodGroupsHelper.collectMethodsByGroup() took 0 ms.
2026-04-23 23:39:11 INFO  org.testng.internal.Utils - [Utils] MethodGroupsHelper.sortMethods() took 0 ms.
2026-04-23 23:39:11 INFO  org.testng.internal.Utils - [Utils] MethodGroupsHelper.collectMethodsByGroup() took 0 ms.
2026-04-23 23:39:11 INFO  org.testng.internal.Utils - [Utils] MethodGroupsHelper.sortMethods() took 0 ms.
2026-04-23 23:39:11 INFO  org.testng.internal.Utils - [Utils] MethodGroupsHelper.collectMethodsByGroup() took 0 ms.
2026-04-23 23:39:11 INFO  org.testng.internal.Utils - [Utils] MethodGroupsHelper.sortMethods() took 0 ms.
2026-04-23 23:39:11 INFO  org.testng.internal.Utils - [Utils] MethodGroupsHelper.collectMethodsByGroup() took 6 ms.
2026-04-23 23:39:11 INFO  org.testng.internal.Utils - [Utils] MethodGroupsHelper.sortMethods() took 9 ms.
2026-04-23 23:39:11 INFO  org.testng.internal.Utils - [Utils] MethodGroupsHelper.collectMethodsByGroup() took 0 ms.
2026-04-23 23:39:11 INFO  org.testng.internal.Utils - [Utils] MethodGroupsHelper.sortMethods() took 0 ms.
2026-04-23 23:39:11 INFO  org.testng.internal.Utils - [Utils] MethodGroupsHelper.collectMethodsByGroup() took 0 ms.
2026-04-23 23:39:11 INFO  org.testng.internal.Utils - [Utils] MethodGroupsHelper.sortMethods() took 0 ms.
2026-04-23 23:39:11 INFO  org.testng.internal.Utils - [Utils] MethodGroupsHelper.collectMethodsByGroup() took 0 ms.
2026-04-23 23:39:11 INFO  org.testng.internal.Utils - [Utils] MethodGroupsHelper.sortMethods() took 0 ms.
2026-04-23 23:39:11 INFO  org.testng.internal.Utils - [Utils] MethodGroupsHelper.collectMethodsByGroup() took 10 ms.
2026-04-23 23:39:11 INFO  org.testng.internal.Utils - [Utils] MethodGroupsHelper.sortMethods() took 0 ms.
2026-04-23 23:39:11 INFO  org.testng.internal.Utils - [Utils] MethodGroupsHelper.collectMethodsByGroup() took 0 ms.
2026-04-23 23:39:11 INFO  org.testng.internal.Utils - [Utils] MethodGroupsHelper.sortMethods() took 0 ms.
2026-04-23 23:39:11 INFO  org.testng.internal.Utils - [Utils] MethodGroupsHelper.collectMethodsByGroup() took 0 ms.
2026-04-23 23:39:11 INFO  org.testng.internal.Utils - [Utils] MethodGroupsHelper.sortMethods() took 0 ms.
2026-04-23 23:39:11 INFO  org.testng.internal.Utils - [TestNG] Running:
  C:\Users\Rahul\AppData\Local\Temp\testng-eclipse-2013321077\testng-customsuite.xml

2026-04-23 23:39:11 INFO  org.testng.internal.Utils - [Utils] DynamicGraphHelper.createDynamicGraph() took 2 ms.
2026-04-23 23:39:18 INFO  org.testng.internal.Utils - [TestNG] Time taken by org.testng.reporters.jq.Main@6cfd9a54: 37 ms
2026-04-23 23:39:18 INFO  org.testng.internal.Utils - [TestNG] Time taken by org.testng.reporters.FailedReporter@1fac1d5c: 9 ms
2026-04-23 23:39:18 INFO  org.testng.internal.Utils - [TestNG] Time taken by org.testng.reporters.XMLReporter@24db6ce: 5 ms
2026-04-23 23:39:18 INFO  org.testng.internal.Utils - [TestNG] Time taken by org.testng.reporters.EmailableReporter2@7cd4a4d7: 5 ms
2026-04-23 23:39:18 INFO  org.testng.internal.Utils - [TestNG] Time taken by org.testng.reporters.JUnitReportReporter@47ffe971: 6 ms
2026-04-23 23:39:18 INFO  org.testng.internal.Utils - [TestNG] Time taken by org.testng.internal.ExitCodeListener@7d04529c: 0 ms
2026-04-23 23:44:02 DEBUG org.testng.TestNG - suiteXmlPath: "C:\Users\Rahul\AppData\Local\Temp\testng-eclipse--1867242650\testng-customsuite.xml"
2026-04-23 23:44:03 INFO  org.testng.internal.Utils - [Utils] MethodGroupsHelper.collectMethodsByGroup() took 0 ms.
2026-04-23 23:44:03 INFO  org.testng.internal.Utils - [Utils] MethodGroupsHelper.sortMethods() took 2 ms.
2026-04-23 23:44:03 INFO  org.testng.internal.Utils - [Utils] MethodGroupsHelper.collectMethodsByGroup() took 0 ms.
2026-04-23 23:44:03 INFO  org.testng.internal.Utils - [Utils] MethodGroupsHelper.sortMethods() took 0 ms.
2026-04-23 23:44:03 INFO  org.testng.internal.Utils - [Utils] MethodGroupsHelper.collectMethodsByGroup() took 0 ms.
2026-04-23 23:44:03 INFO  org.testng.internal.Utils - [Utils] MethodGroupsHelper.sortMethods() took 0 ms.
2026-04-23 23:44:03 INFO  org.testng.internal.Utils - [Utils] MethodGroupsHelper.collectMethodsByGroup() took 0 ms.
2026-04-23 23:44:03 INFO  org.testng.internal.Utils - [Utils] MethodGroupsHelper.sortMethods() took 0 ms.
2026-04-23 23:44:03 INFO  org.testng.internal.Utils - [Utils] MethodGroupsHelper.collectMethodsByGroup() took 0 ms.
2026-04-23 23:44:03 INFO  org.testng.internal.Utils - [Utils] MethodGroupsHelper.sortMethods() took 0 ms.
2026-04-23 23:44:03 INFO  org.testng.internal.Utils - [Utils] MethodGroupsHelper.collectMethodsByGroup() took 0 ms.
2026-04-23 23:44:03 INFO  org.testng.internal.Utils - [Utils] MethodGroupsHelper.sortMethods() took 0 ms.
2026-04-23 23:44:03 INFO  org.testng.internal.Utils - [Utils] MethodGroupsHelper.collectMethodsByGroup() took 0 ms.
2026-04-23 23:44:03 INFO  org.testng.internal.Utils - [Utils] MethodGroupsHelper.sortMethods() took 0 ms.
2026-04-23 23:44:03 INFO  org.testng.internal.Utils - [Utils] MethodGroupsHelper.collectMethodsByGroup() took 0 ms.
2026-04-23 23:44:03 INFO  org.testng.internal.Utils - [Utils] MethodGroupsHelper.sortMethods() took 0 ms.
2026-04-23 23:44:03 INFO  org.testng.internal.Utils - [Utils] MethodGroupsHelper.collectMethodsByGroup() took 7 ms.
2026-04-23 23:44:03 INFO  org.testng.internal.Utils - [Utils] MethodGroupsHelper.sortMethods() took 9 ms.
2026-04-23 23:44:03 INFO  org.testng.internal.Utils - [Utils] MethodGroupsHelper.collectMethodsByGroup() took 0 ms.
2026-04-23 23:44:03 INFO  org.testng.internal.Utils - [Utils] MethodGroupsHelper.sortMethods() took 0 ms.
2026-04-23 23:44:03 INFO  org.testng.internal.Utils - [Utils] MethodGroupsHelper.collectMethodsByGroup() took 0 ms.
2026-04-23 23:44:03 INFO  org.testng.internal.Utils - [Utils] MethodGroupsHelper.sortMethods() took 0 ms.
2026-04-23 23:44:03 INFO  org.testng.internal.Utils - [Utils] MethodGroupsHelper.collectMethodsByGroup() took 0 ms.
2026-04-23 23:44:03 INFO  org.testng.internal.Utils - [Utils] MethodGroupsHelper.sortMethods() took 0 ms.
2026-04-23 23:44:03 INFO  org.testng.internal.Utils - [Utils] MethodGroupsHelper.collectMethodsByGroup() took 15 ms.
2026-04-23 23:44:03 INFO  org.testng.internal.Utils - [Utils] MethodGroupsHelper.sortMethods() took 0 ms.
2026-04-23 23:44:03 INFO  org.testng.internal.Utils - [Utils] MethodGroupsHelper.collectMethodsByGroup() took 0 ms.
2026-04-23 23:44:03 INFO  org.testng.internal.Utils - [Utils] MethodGroupsHelper.sortMethods() took 0 ms.
2026-04-23 23:44:03 INFO  org.testng.internal.Utils - [Utils] MethodGroupsHelper.collectMethodsByGroup() took 0 ms.
2026-04-23 23:44:03 INFO  org.testng.internal.Utils - [Utils] MethodGroupsHelper.sortMethods() took 0 ms.
2026-04-23 23:44:03 INFO  org.testng.internal.Utils - [TestNG] Running:
  C:\Users\Rahul\AppData\Local\Temp\testng-eclipse--1867242650\testng-customsuite.xml

2026-04-23 23:44:03 INFO  org.testng.internal.Utils - [Utils] DynamicGraphHelper.createDynamicGraph() took 1 ms.
2026-04-23 23:44:41 INFO  org.testng.internal.Utils - [TestNG] Time taken by org.testng.reporters.jq.Main@5cbd94b2: 42 ms
2026-04-23 23:44:41 INFO  org.testng.internal.Utils - [TestNG] Time taken by org.testng.reporters.FailedReporter@56e9a474: 11 ms
2026-04-23 23:44:41 INFO  org.testng.internal.Utils - [TestNG] Time taken by org.testng.reporters.XMLReporter@1fedf0a4: 6 ms
2026-04-23 23:44:41 INFO  org.testng.internal.Utils - [TestNG] Time taken by org.testng.reporters.EmailableReporter2@73a8e994: 7 ms
2026-04-23 23:44:41 INFO  org.testng.internal.Utils - [TestNG] Time taken by org.testng.reporters.JUnitReportReporter@3625a016: 7 ms
2026-04-23 23:44:41 INFO  org.testng.internal.Utils - [TestNG] Time taken by org.testng.internal.ExitCodeListener@267cde2e: 0 ms
2026-04-23 23:46:16 DEBUG org.testng.TestNG - suiteXmlPath: "C:\Users\Rahul\AppData\Local\Temp\testng-eclipse-2031634138\testng-customsuite.xml"
2026-04-23 23:46:16 INFO  org.testng.internal.Utils - [Utils] MethodGroupsHelper.collectMethodsByGroup() took 0 ms.
2026-04-23 23:46:16 INFO  org.testng.internal.Utils - [Utils] MethodGroupsHelper.sortMethods() took 0 ms.
2026-04-23 23:46:16 INFO  org.testng.internal.Utils - [Utils] MethodGroupsHelper.collectMethodsByGroup() took 0 ms.
2026-04-23 23:46:16 INFO  org.testng.internal.Utils - [Utils] MethodGroupsHelper.sortMethods() took 0 ms.
2026-04-23 23:46:16 INFO  org.testng.internal.Utils - [Utils] MethodGroupsHelper.collectMethodsByGroup() took 0 ms.
2026-04-23 23:46:16 INFO  org.testng.internal.Utils - [Utils] MethodGroupsHelper.sortMethods() took 0 ms.
2026-04-23 23:46:16 INFO  org.testng.internal.Utils - [Utils] MethodGroupsHelper.collectMethodsByGroup() took 0 ms.
2026-04-23 23:46:16 INFO  org.testng.internal.Utils - [Utils] MethodGroupsHelper.sortMethods() took 0 ms.
2026-04-23 23:46:16 INFO  org.testng.internal.Utils - [Utils] MethodGroupsHelper.collectMethodsByGroup() took 0 ms.
2026-04-23 23:46:16 INFO  org.testng.internal.Utils - [Utils] MethodGroupsHelper.sortMethods() took 0 ms.
2026-04-23 23:46:16 INFO  org.testng.internal.Utils - [Utils] MethodGroupsHelper.collectMethodsByGroup() took 0 ms.
2026-04-23 23:46:16 INFO  org.testng.internal.Utils - [Utils] MethodGroupsHelper.sortMethods() took 0 ms.
2026-04-23 23:46:16 INFO  org.testng.internal.Utils - [Utils] MethodGroupsHelper.collectMethodsByGroup() took 0 ms.
2026-04-23 23:46:16 INFO  org.testng.internal.Utils - [Utils] MethodGroupsHelper.sortMethods() took 0 ms.
2026-04-23 23:46:16 INFO  org.testng.internal.Utils - [Utils] MethodGroupsHelper.collectMethodsByGroup() took 0 ms.
2026-04-23 23:46:16 INFO  org.testng.internal.Utils - [Utils] MethodGroupsHelper.sortMethods() took 0 ms.
2026-04-23 23:46:16 INFO  org.testng.internal.Utils - [Utils] MethodGroupsHelper.collectMethodsByGroup() took 5 ms.
2026-04-23 23:46:16 INFO  org.testng.internal.Utils - [Utils] MethodGroupsHelper.sortMethods() took 10 ms.
2026-04-23 23:46:16 INFO  org.testng.internal.Utils - [Utils] MethodGroupsHelper.collectMethodsByGroup() took 0 ms.
2026-04-23 23:46:16 INFO  org.testng.internal.Utils - [Utils] MethodGroupsHelper.sortMethods() took 0 ms.
2026-04-23 23:46:16 INFO  org.testng.internal.Utils - [Utils] MethodGroupsHelper.collectMethodsByGroup() took 0 ms.
2026-04-23 23:46:16 INFO  org.testng.internal.Utils - [Utils] MethodGroupsHelper.sortMethods() took 0 ms.
2026-04-23 23:46:16 INFO  org.testng.internal.Utils - [Utils] MethodGroupsHelper.collectMethodsByGroup() took 0 ms.
2026-04-23 23:46:16 INFO  org.testng.internal.Utils - [Utils] MethodGroupsHelper.sortMethods() took 0 ms.
2026-04-23 23:46:16 INFO  org.testng.internal.Utils - [Utils] MethodGroupsHelper.collectMethodsByGroup() took 13 ms.
2026-04-23 23:46:16 INFO  org.testng.internal.Utils - [Utils] MethodGroupsHelper.sortMethods() took 0 ms.
2026-04-23 23:46:16 INFO  org.testng.internal.Utils - [Utils] MethodGroupsHelper.collectMethodsByGroup() took 0 ms.
2026-04-23 23:46:16 INFO  org.testng.internal.Utils - [Utils] MethodGroupsHelper.sortMethods() took 0 ms.
2026-04-23 23:46:16 INFO  org.testng.internal.Utils - [Utils] MethodGroupsHelper.collectMethodsByGroup() took 0 ms.
2026-04-23 23:46:16 INFO  org.testng.internal.Utils - [Utils] MethodGroupsHelper.sortMethods() took 0 ms.
2026-04-23 23:46:16 INFO  org.testng.internal.Utils - [TestNG] Running:
  C:\Users\Rahul\AppData\Local\Temp\testng-eclipse-2031634138\testng-customsuite.xml

2026-04-23 23:46:16 INFO  org.testng.internal.Utils - [Utils] DynamicGraphHelper.createDynamicGraph() took 2 ms.
2026-04-23 23:46:55 INFO  org.testng.internal.Utils - [TestNG] Time taken by org.testng.reporters.jq.Main@76e9f00b: 38 ms
2026-04-23 23:46:55 INFO  org.testng.internal.Utils - [TestNG] Time taken by org.testng.reporters.FailedReporter@4ecd00b5: 8 ms
2026-04-23 23:46:55 INFO  org.testng.internal.Utils - [TestNG] Time taken by org.testng.reporters.XMLReporter@2d760326: 7 ms
2026-04-23 23:46:55 INFO  org.testng.internal.Utils - [TestNG] Time taken by org.testng.reporters.EmailableReporter2@345d053b: 7 ms
2026-04-23 23:46:55 INFO  org.testng.internal.Utils - [TestNG] Time taken by org.testng.reporters.JUnitReportReporter@777d0bc3: 6 ms
2026-04-23 23:46:55 INFO  org.testng.internal.Utils - [TestNG] Time taken by org.testng.internal.ExitCodeListener@3178219a: 0 ms
2026-04-23 23:48:26 DEBUG org.testng.TestNG - suiteXmlPath: "C:\Users\Rahul\AppData\Local\Temp\testng-eclipse-888124301\testng-customsuite.xml"
2026-04-23 23:48:26 INFO  org.testng.internal.Utils - [Utils] MethodGroupsHelper.collectMethodsByGroup() took 0 ms.
2026-04-23 23:48:26 INFO  org.testng.internal.Utils - [Utils] MethodGroupsHelper.sortMethods() took 2 ms.
2026-04-23 23:48:26 INFO  org.testng.internal.Utils - [Utils] MethodGroupsHelper.collectMethodsByGroup() took 0 ms.
2026-04-23 23:48:26 INFO  org.testng.internal.Utils - [Utils] MethodGroupsHelper.sortMethods() took 0 ms.
2026-04-23 23:48:26 INFO  org.testng.internal.Utils - [Utils] MethodGroupsHelper.collectMethodsByGroup() took 0 ms.
2026-04-23 23:48:26 INFO  org.testng.internal.Utils - [Utils] MethodGroupsHelper.sortMethods() took 0 ms.
2026-04-23 23:48:26 INFO  org.testng.internal.Utils - [Utils] MethodGroupsHelper.collectMethodsByGroup() took 0 ms.
2026-04-23 23:48:26 INFO  org.testng.internal.Utils - [Utils] MethodGroupsHelper.sortMethods() took 0 ms.
2026-04-23 23:48:26 INFO  org.testng.internal.Utils - [Utils] MethodGroupsHelper.collectMethodsByGroup() took 0 ms.
2026-04-23 23:48:26 INFO  org.testng.internal.Utils - [Utils] MethodGroupsHelper.sortMethods() took 0 ms.
2026-04-23 23:48:26 INFO  org.testng.internal.Utils - [Utils] MethodGroupsHelper.collectMethodsByGroup() took 0 ms.
2026-04-23 23:48:26 INFO  org.testng.internal.Utils - [Utils] MethodGroupsHelper.sortMethods() took 0 ms.
2026-04-23 23:48:26 INFO  org.testng.internal.Utils - [Utils] MethodGroupsHelper.collectMethodsByGroup() took 0 ms.
2026-04-23 23:48:26 INFO  org.testng.internal.Utils - [Utils] MethodGroupsHelper.sortMethods() took 0 ms.
2026-04-23 23:48:26 INFO  org.testng.internal.Utils - [Utils] MethodGroupsHelper.collectMethodsByGroup() took 0 ms.
2026-04-23 23:48:26 INFO  org.testng.internal.Utils - [Utils] MethodGroupsHelper.sortMethods() took 0 ms.
2026-04-23 23:48:26 INFO  org.testng.internal.Utils - [Utils] MethodGroupsHelper.collectMethodsByGroup() took 5 ms.
2026-04-23 23:48:26 INFO  org.testng.internal.Utils - [Utils] MethodGroupsHelper.sortMethods() took 9 ms.
2026-04-23 23:48:26 INFO  org.testng.internal.Utils - [Utils] MethodGroupsHelper.collectMethodsByGroup() took 0 ms.
2026-04-23 23:48:26 INFO  org.testng.internal.Utils - [Utils] MethodGroupsHelper.sortMethods() took 0 ms.
2026-04-23 23:48:26 INFO  org.testng.internal.Utils - [Utils] MethodGroupsHelper.collectMethodsByGroup() took 0 ms.
2026-04-23 23:48:26 INFO  org.testng.internal.Utils - [Utils] MethodGroupsHelper.sortMethods() took 0 ms.
2026-04-23 23:48:26 INFO  org.testng.internal.Utils - [Utils] MethodGroupsHelper.collectMethodsByGroup() took 0 ms.
2026-04-23 23:48:26 INFO  org.testng.internal.Utils - [Utils] MethodGroupsHelper.sortMethods() took 0 ms.
2026-04-23 23:48:26 INFO  org.testng.internal.Utils - [Utils] MethodGroupsHelper.collectMethodsByGroup() took 10 ms.
2026-04-23 23:48:26 INFO  org.testng.internal.Utils - [Utils] MethodGroupsHelper.sortMethods() took 0 ms.
2026-04-23 23:48:26 INFO  org.testng.internal.Utils - [Utils] MethodGroupsHelper.collectMethodsByGroup() took 0 ms.
2026-04-23 23:48:26 INFO  org.testng.internal.Utils - [Utils] MethodGroupsHelper.sortMethods() took 0 ms.
2026-04-23 23:48:26 INFO  org.testng.internal.Utils - [Utils] MethodGroupsHelper.collectMethodsByGroup() took 0 ms.
2026-04-23 23:48:26 INFO  org.testng.internal.Utils - [Utils] MethodGroupsHelper.sortMethods() took 0 ms.
2026-04-23 23:48:26 INFO  org.testng.internal.Utils - [TestNG] Running:
  C:\Users\Rahul\AppData\Local\Temp\testng-eclipse-888124301\testng-customsuite.xml

2026-04-23 23:48:26 INFO  org.testng.internal.Utils - [Utils] DynamicGraphHelper.createDynamicGraph() took 1 ms.
2026-04-23 23:49:06 INFO  org.testng.internal.Utils - [TestNG] Time taken by org.testng.reporters.jq.Main@2f7efd0b: 45 ms
2026-04-23 23:49:06 INFO  org.testng.internal.Utils - [TestNG] Time taken by org.testng.reporters.FailedReporter@732f6050: 10 ms
2026-04-23 23:49:06 INFO  org.testng.internal.Utils - [TestNG] Time taken by org.testng.reporters.XMLReporter@724b939e: 8 ms
2026-04-23 23:49:06 INFO  org.testng.internal.Utils - [TestNG] Time taken by org.testng.reporters.EmailableReporter2@7d247660: 9 ms
2026-04-23 23:49:06 INFO  org.testng.internal.Utils - [TestNG] Time taken by org.testng.reporters.JUnitReportReporter@119b0892: 8 ms
2026-04-23 23:49:06 INFO  org.testng.internal.Utils - [TestNG] Time taken by org.testng.internal.ExitCodeListener@1a3e8e24: 0 ms
2026-04-23 23:49:35 DEBUG org.testng.TestNG - suiteXmlPath: "C:\Users\Rahul\AppData\Local\Temp\testng-eclipse-672572972\testng-customsuite.xml"
2026-04-23 23:49:35 INFO  org.testng.internal.Utils - [Utils] MethodGroupsHelper.collectMethodsByGroup() took 0 ms.
2026-04-23 23:49:35 INFO  org.testng.internal.Utils - [Utils] MethodGroupsHelper.sortMethods() took 1 ms.
2026-04-23 23:49:35 INFO  org.testng.internal.Utils - [Utils] MethodGroupsHelper.collectMethodsByGroup() took 0 ms.
2026-04-23 23:49:35 INFO  org.testng.internal.Utils - [Utils] MethodGroupsHelper.sortMethods() took 0 ms.
2026-04-23 23:49:35 INFO  org.testng.internal.Utils - [Utils] MethodGroupsHelper.collectMethodsByGroup() took 0 ms.
2026-04-23 23:49:35 INFO  org.testng.internal.Utils - [Utils] MethodGroupsHelper.sortMethods() took 0 ms.
2026-04-23 23:49:35 INFO  org.testng.internal.Utils - [Utils] MethodGroupsHelper.collectMethodsByGroup() took 0 ms.
2026-04-23 23:49:35 INFO  org.testng.internal.Utils - [Utils] MethodGroupsHelper.sortMethods() took 0 ms.
2026-04-23 23:49:35 INFO  org.testng.internal.Utils - [Utils] MethodGroupsHelper.collectMethodsByGroup() took 0 ms.
2026-04-23 23:49:35 INFO  org.testng.internal.Utils - [Utils] MethodGroupsHelper.sortMethods() took 0 ms.
2026-04-23 23:49:35 INFO  org.testng.internal.Utils - [Utils] MethodGroupsHelper.collectMethodsByGroup() took 0 ms.
2026-04-23 23:49:35 INFO  org.testng.internal.Utils - [Utils] MethodGroupsHelper.sortMethods() took 0 ms.
2026-04-23 23:49:35 INFO  org.testng.internal.Utils - [Utils] MethodGroupsHelper.collectMethodsByGroup() took 0 ms.
2026-04-23 23:49:35 INFO  org.testng.internal.Utils - [Utils] MethodGroupsHelper.sortMethods() took 0 ms.
2026-04-23 23:49:35 INFO  org.testng.internal.Utils - [Utils] MethodGroupsHelper.collectMethodsByGroup() took 0 ms.
2026-04-23 23:49:35 INFO  org.testng.internal.Utils - [Utils] MethodGroupsHelper.sortMethods() took 0 ms.
2026-04-23 23:49:35 INFO  org.testng.internal.Utils - [Utils] MethodGroupsHelper.collectMethodsByGroup() took 7 ms.
2026-04-23 23:49:35 INFO  org.testng.internal.Utils - [Utils] MethodGroupsHelper.sortMethods() took 13 ms.
2026-04-23 23:49:35 INFO  org.testng.internal.Utils - [Utils] MethodGroupsHelper.collectMethodsByGroup() took 0 ms.
2026-04-23 23:49:35 INFO  org.testng.internal.Utils - [Utils] MethodGroupsHelper.sortMethods() took 0 ms.
2026-04-23 23:49:35 INFO  org.testng.internal.Utils - [Utils] MethodGroupsHelper.collectMethodsByGroup() took 0 ms.
2026-04-23 23:49:35 INFO  org.testng.internal.Utils - [Utils] MethodGroupsHelper.sortMethods() took 0 ms.
2026-04-23 23:49:35 INFO  org.testng.internal.Utils - [Utils] MethodGroupsHelper.collectMethodsByGroup() took 0 ms.
2026-04-23 23:49:35 INFO  org.testng.internal.Utils - [Utils] MethodGroupsHelper.sortMethods() took 0 ms.
2026-04-23 23:49:35 INFO  org.testng.internal.Utils - [Utils] MethodGroupsHelper.collectMethodsByGroup() took 12 ms.
2026-04-23 23:49:35 INFO  org.testng.internal.Utils - [Utils] MethodGroupsHelper.sortMethods() took 1 ms.
2026-04-23 23:49:35 INFO  org.testng.internal.Utils - [Utils] MethodGroupsHelper.collectMethodsByGroup() took 0 ms.
2026-04-23 23:49:35 INFO  org.testng.internal.Utils - [Utils] MethodGroupsHelper.sortMethods() took 0 ms.
2026-04-23 23:49:35 INFO  org.testng.internal.Utils - [Utils] MethodGroupsHelper.collectMethodsByGroup() took 0 ms.
2026-04-23 23:49:35 INFO  org.testng.internal.Utils - [Utils] MethodGroupsHelper.sortMethods() took 0 ms.
2026-04-23 23:49:35 INFO  org.testng.internal.Utils - [TestNG] Running:
  C:\Users\Rahul\AppData\Local\Temp\testng-eclipse-672572972\testng-customsuite.xml

2026-04-23 23:49:35 INFO  org.testng.internal.Utils - [Utils] DynamicGraphHelper.createDynamicGraph() took 2 ms.
2026-04-23 23:51:14 INFO  org.testng.internal.Utils - [TestNG] Time taken by org.testng.reporters.jq.Main@7b14c61: 40 ms
2026-04-23 23:51:14 INFO  org.testng.internal.Utils - [TestNG] Time taken by org.testng.reporters.FailedReporter@3b435211: 1 ms
2026-04-23 23:51:14 INFO  org.testng.internal.Utils - [TestNG] Time taken by org.testng.reporters.XMLReporter@40d848f9: 5 ms
2026-04-23 23:51:14 INFO  org.testng.internal.Utils - [TestNG] Time taken by org.testng.reporters.EmailableReporter2@764a3e5d: 4 ms
2026-04-23 23:51:14 INFO  org.testng.internal.Utils - [TestNG] Time taken by org.testng.reporters.JUnitReportReporter@26e0d39c: 3 ms
2026-04-23 23:51:14 INFO  org.testng.internal.Utils - [TestNG] Time taken by org.testng.internal.ExitCodeListener@65eb3597: 0 ms
