2026-04-24 09:16:16 DEBUG org.testng.TestNG - suiteXmlPath: "C:\Users\Rahul\AppData\Local\Temp\testng-eclipse--523689394\testng-customsuite.xml"
2026-04-24 09:16:17 INFO  org.testng.internal.Utils - [Utils] MethodGroupsHelper.collectMethodsByGroup() took 2 ms.
2026-04-24 09:16:17 INFO  org.testng.internal.Utils - [Utils] MethodGroupsHelper.sortMethods() took 2 ms.
2026-04-24 09:16:17 INFO  org.testng.internal.Utils - [Utils] MethodGroupsHelper.collectMethodsByGroup() took 0 ms.
2026-04-24 09:16:17 INFO  org.testng.internal.Utils - [Utils] MethodGroupsHelper.sortMethods() took 0 ms.
2026-04-24 09:16:17 INFO  org.testng.internal.Utils - [Utils] MethodGroupsHelper.collectMethodsByGroup() took 0 ms.
2026-04-24 09:16:17 INFO  org.testng.internal.Utils - [Utils] MethodGroupsHelper.sortMethods() took 0 ms.
2026-04-24 09:16:17 INFO  org.testng.internal.Utils - [Utils] MethodGroupsHelper.collectMethodsByGroup() took 0 ms.
2026-04-24 09:16:17 INFO  org.testng.internal.Utils - [Utils] MethodGroupsHelper.sortMethods() took 0 ms.
2026-04-24 09:16:17 INFO  org.testng.internal.Utils - [Utils] MethodGroupsHelper.collectMethodsByGroup() took 0 ms.
2026-04-24 09:16:17 INFO  org.testng.internal.Utils - [Utils] MethodGroupsHelper.sortMethods() took 0 ms.
2026-04-24 09:16:17 INFO  org.testng.internal.Utils - [Utils] MethodGroupsHelper.collectMethodsByGroup() took 0 ms.
2026-04-24 09:16:17 INFO  org.testng.internal.Utils - [Utils] MethodGroupsHelper.sortMethods() took 1 ms.
2026-04-24 09:16:17 INFO  org.testng.internal.Utils - [Utils] MethodGroupsHelper.collectMethodsByGroup() took 0 ms.
2026-04-24 09:16:17 INFO  org.testng.internal.Utils - [Utils] MethodGroupsHelper.sortMethods() took 0 ms.
2026-04-24 09:16:17 INFO  org.testng.internal.Utils - [Utils] MethodGroupsHelper.collectMethodsByGroup() took 0 ms.
2026-04-24 09:16:17 INFO  org.testng.internal.Utils - [Utils] MethodGroupsHelper.sortMethods() took 0 ms.
2026-04-24 09:16:17 INFO  org.testng.internal.Utils - [Utils] MethodGroupsHelper.collectMethodsByGroup() took 6 ms.
2026-04-24 09:16:17 INFO  org.testng.internal.Utils - [Utils] MethodGroupsHelper.sortMethods() took 23 ms.
2026-04-24 09:16:17 INFO  org.testng.internal.Utils - [Utils] MethodGroupsHelper.collectMethodsByGroup() took 0 ms.
2026-04-24 09:16:17 INFO  org.testng.internal.Utils - [Utils] MethodGroupsHelper.sortMethods() took 0 ms.
2026-04-24 09:16:17 INFO  org.testng.internal.Utils - [Utils] MethodGroupsHelper.collectMethodsByGroup() took 0 ms.
2026-04-24 09:16:17 INFO  org.testng.internal.Utils - [Utils] MethodGroupsHelper.sortMethods() took 0 ms.
2026-04-24 09:16:17 INFO  org.testng.internal.Utils - [Utils] MethodGroupsHelper.collectMethodsByGroup() took 0 ms.
2026-04-24 09:16:17 INFO  org.testng.internal.Utils - [Utils] MethodGroupsHelper.sortMethods() took 0 ms.
2026-04-24 09:16:17 INFO  org.testng.internal.Utils - [Utils] MethodGroupsHelper.collectMethodsByGroup() took 19 ms.
2026-04-24 09:16:17 INFO  org.testng.internal.Utils - [Utils] MethodGroupsHelper.sortMethods() took 0 ms.
2026-04-24 09:16:17 INFO  org.testng.internal.Utils - [Utils] MethodGroupsHelper.collectMethodsByGroup() took 0 ms.
2026-04-24 09:16:17 INFO  org.testng.internal.Utils - [Utils] MethodGroupsHelper.sortMethods() took 0 ms.
2026-04-24 09:16:17 INFO  org.testng.internal.Utils - [Utils] MethodGroupsHelper.collectMethodsByGroup() took 0 ms.
2026-04-24 09:16:17 INFO  org.testng.internal.Utils - [Utils] MethodGroupsHelper.sortMethods() took 0 ms.
2026-04-24 09:16:17 INFO  org.testng.internal.Utils - [TestNG] Running:
  C:\Users\Rahul\AppData\Local\Temp\testng-eclipse--523689394\testng-customsuite.xml

2026-04-24 09:16:17 INFO  org.testng.internal.Utils - [Utils] DynamicGraphHelper.createDynamicGraph() took 5 ms.
2026-04-24 09:16:42 INFO  org.testng.internal.Utils - [TestNG] Time taken by org.testng.reporters.jq.Main@5300cac: 69 ms
2026-04-24 09:16:42 INFO  org.testng.internal.Utils - [TestNG] Time taken by org.testng.reporters.FailedReporter@60783105: 15 ms
2026-04-24 09:16:42 INFO  org.testng.internal.Utils - [TestNG] Time taken by org.testng.reporters.XMLReporter@1907874b: 14 ms
2026-04-24 09:16:42 INFO  org.testng.internal.Utils - [TestNG] Time taken by org.testng.reporters.EmailableReporter2@1dba4e06: 11 ms
2026-04-24 09:16:42 INFO  org.testng.internal.Utils - [TestNG] Time taken by org.testng.reporters.JUnitReportReporter@48528634: 12 ms
2026-04-24 09:16:42 INFO  org.testng.internal.Utils - [TestNG] Time taken by org.testng.internal.ExitCodeListener@5e1d03d7: 0 ms
2026-04-24 09:17:19 DEBUG org.testng.TestNG - suiteXmlPath: "C:\Users\Rahul\AppData\Local\Temp\testng-eclipse--141741006\testng-customsuite.xml"
2026-04-24 09:17:20 INFO  org.testng.internal.Utils - [Utils] MethodGroupsHelper.collectMethodsByGroup() took 1 ms.
2026-04-24 09:17:20 INFO  org.testng.internal.Utils - [Utils] MethodGroupsHelper.sortMethods() took 0 ms.
2026-04-24 09:17:20 INFO  org.testng.internal.Utils - [Utils] MethodGroupsHelper.collectMethodsByGroup() took 0 ms.
2026-04-24 09:17:20 INFO  org.testng.internal.Utils - [Utils] MethodGroupsHelper.sortMethods() took 0 ms.
2026-04-24 09:17:20 INFO  org.testng.internal.Utils - [Utils] MethodGroupsHelper.collectMethodsByGroup() took 0 ms.
2026-04-24 09:17:20 INFO  org.testng.internal.Utils - [Utils] MethodGroupsHelper.sortMethods() took 0 ms.
2026-04-24 09:17:20 INFO  org.testng.internal.Utils - [Utils] MethodGroupsHelper.collectMethodsByGroup() took 0 ms.
2026-04-24 09:17:20 INFO  org.testng.internal.Utils - [Utils] MethodGroupsHelper.sortMethods() took 0 ms.
2026-04-24 09:17:20 INFO  org.testng.internal.Utils - [Utils] MethodGroupsHelper.collectMethodsByGroup() took 0 ms.
2026-04-24 09:17:20 INFO  org.testng.internal.Utils - [Utils] MethodGroupsHelper.sortMethods() took 0 ms.
2026-04-24 09:17:20 INFO  org.testng.internal.Utils - [Utils] MethodGroupsHelper.collectMethodsByGroup() took 0 ms.
2026-04-24 09:17:20 INFO  org.testng.internal.Utils - [Utils] MethodGroupsHelper.sortMethods() took 0 ms.
2026-04-24 09:17:20 INFO  org.testng.internal.Utils - [Utils] MethodGroupsHelper.collectMethodsByGroup() took 0 ms.
2026-04-24 09:17:20 INFO  org.testng.internal.Utils - [Utils] MethodGroupsHelper.sortMethods() took 0 ms.
2026-04-24 09:17:20 INFO  org.testng.internal.Utils - [Utils] MethodGroupsHelper.collectMethodsByGroup() took 0 ms.
2026-04-24 09:17:20 INFO  org.testng.internal.Utils - [Utils] MethodGroupsHelper.sortMethods() took 0 ms.
2026-04-24 09:17:20 INFO  org.testng.internal.Utils - [Utils] MethodGroupsHelper.collectMethodsByGroup() took 9 ms.
2026-04-24 09:17:20 INFO  org.testng.internal.Utils - [Utils] MethodGroupsHelper.sortMethods() took 12 ms.
2026-04-24 09:17:20 INFO  org.testng.internal.Utils - [Utils] MethodGroupsHelper.collectMethodsByGroup() took 0 ms.
2026-04-24 09:17:20 INFO  org.testng.internal.Utils - [Utils] MethodGroupsHelper.sortMethods() took 0 ms.
2026-04-24 09:17:20 INFO  org.testng.internal.Utils - [Utils] MethodGroupsHelper.collectMethodsByGroup() took 0 ms.
2026-04-24 09:17:20 INFO  org.testng.internal.Utils - [Utils] MethodGroupsHelper.sortMethods() took 0 ms.
2026-04-24 09:17:20 INFO  org.testng.internal.Utils - [Utils] MethodGroupsHelper.collectMethodsByGroup() took 0 ms.
2026-04-24 09:17:20 INFO  org.testng.internal.Utils - [Utils] MethodGroupsHelper.sortMethods() took 0 ms.
2026-04-24 09:17:20 INFO  org.testng.internal.Utils - [Utils] MethodGroupsHelper.collectMethodsByGroup() took 20 ms.
2026-04-24 09:17:20 INFO  org.testng.internal.Utils - [Utils] MethodGroupsHelper.sortMethods() took 1 ms.
2026-04-24 09:17:20 INFO  org.testng.internal.Utils - [Utils] MethodGroupsHelper.collectMethodsByGroup() took 0 ms.
2026-04-24 09:17:20 INFO  org.testng.internal.Utils - [Utils] MethodGroupsHelper.sortMethods() took 0 ms.
2026-04-24 09:17:20 INFO  org.testng.internal.Utils - [Utils] MethodGroupsHelper.collectMethodsByGroup() took 0 ms.
2026-04-24 09:17:20 INFO  org.testng.internal.Utils - [Utils] MethodGroupsHelper.sortMethods() took 0 ms.
2026-04-24 09:17:20 INFO  org.testng.internal.Utils - [TestNG] Running:
  C:\Users\Rahul\AppData\Local\Temp\testng-eclipse--141741006\testng-customsuite.xml

2026-04-24 09:17:20 INFO  org.testng.internal.Utils - [Utils] DynamicGraphHelper.createDynamicGraph() took 3 ms.
2026-04-24 09:17:37 INFO  org.testng.internal.Utils - [TestNG] Time taken by org.testng.reporters.jq.Main@2436ea2f: 136 ms
2026-04-24 09:17:37 INFO  org.testng.internal.Utils - [TestNG] Time taken by org.testng.reporters.FailedReporter@30364216: 33 ms
2026-04-24 09:17:37 INFO  org.testng.internal.Utils - [TestNG] Time taken by org.testng.reporters.XMLReporter@5633ed82: 32 ms
2026-04-24 09:17:37 INFO  org.testng.internal.Utils - [TestNG] Time taken by org.testng.reporters.EmailableReporter2@2af69643: 10 ms
2026-04-24 09:17:37 INFO  org.testng.internal.Utils - [TestNG] Time taken by org.testng.reporters.JUnitReportReporter@5c77ba8f: 10 ms
2026-04-24 09:17:37 INFO  org.testng.internal.Utils - [TestNG] Time taken by org.testng.internal.ExitCodeListener@660f0c: 1 ms
2026-04-24 09:17:59 DEBUG org.testng.TestNG - suiteXmlPath: "C:\Users\Rahul\AppData\Local\Temp\testng-eclipse-1954432299\testng-customsuite.xml"
2026-04-24 09:18:00 INFO  org.testng.internal.Utils - [Utils] MethodGroupsHelper.collectMethodsByGroup() took 0 ms.
2026-04-24 09:18:00 INFO  org.testng.internal.Utils - [Utils] MethodGroupsHelper.sortMethods() took 4 ms.
2026-04-24 09:18:00 INFO  org.testng.internal.Utils - [Utils] MethodGroupsHelper.collectMethodsByGroup() took 0 ms.
2026-04-24 09:18:00 INFO  org.testng.internal.Utils - [Utils] MethodGroupsHelper.sortMethods() took 0 ms.
2026-04-24 09:18:00 INFO  org.testng.internal.Utils - [Utils] MethodGroupsHelper.collectMethodsByGroup() took 0 ms.
2026-04-24 09:18:00 INFO  org.testng.internal.Utils - [Utils] MethodGroupsHelper.sortMethods() took 0 ms.
2026-04-24 09:18:00 INFO  org.testng.internal.Utils - [Utils] MethodGroupsHelper.collectMethodsByGroup() took 0 ms.
2026-04-24 09:18:00 INFO  org.testng.internal.Utils - [Utils] MethodGroupsHelper.sortMethods() took 0 ms.
2026-04-24 09:18:00 INFO  org.testng.internal.Utils - [Utils] MethodGroupsHelper.collectMethodsByGroup() took 0 ms.
2026-04-24 09:18:00 INFO  org.testng.internal.Utils - [Utils] MethodGroupsHelper.sortMethods() took 0 ms.
2026-04-24 09:18:00 INFO  org.testng.internal.Utils - [Utils] MethodGroupsHelper.collectMethodsByGroup() took 0 ms.
2026-04-24 09:18:00 INFO  org.testng.internal.Utils - [Utils] MethodGroupsHelper.sortMethods() took 0 ms.
2026-04-24 09:18:00 INFO  org.testng.internal.Utils - [Utils] MethodGroupsHelper.collectMethodsByGroup() took 0 ms.
2026-04-24 09:18:00 INFO  org.testng.internal.Utils - [Utils] MethodGroupsHelper.sortMethods() took 0 ms.
2026-04-24 09:18:00 INFO  org.testng.internal.Utils - [Utils] MethodGroupsHelper.collectMethodsByGroup() took 0 ms.
2026-04-24 09:18:00 INFO  org.testng.internal.Utils - [Utils] MethodGroupsHelper.sortMethods() took 0 ms.
2026-04-24 09:18:00 INFO  org.testng.internal.Utils - [Utils] MethodGroupsHelper.collectMethodsByGroup() took 6 ms.
2026-04-24 09:18:00 INFO  org.testng.internal.Utils - [Utils] MethodGroupsHelper.sortMethods() took 13 ms.
2026-04-24 09:18:00 INFO  org.testng.internal.Utils - [Utils] MethodGroupsHelper.collectMethodsByGroup() took 0 ms.
2026-04-24 09:18:00 INFO  org.testng.internal.Utils - [Utils] MethodGroupsHelper.sortMethods() took 0 ms.
2026-04-24 09:18:00 INFO  org.testng.internal.Utils - [Utils] MethodGroupsHelper.collectMethodsByGroup() took 0 ms.
2026-04-24 09:18:00 INFO  org.testng.internal.Utils - [Utils] MethodGroupsHelper.sortMethods() took 0 ms.
2026-04-24 09:18:00 INFO  org.testng.internal.Utils - [Utils] MethodGroupsHelper.collectMethodsByGroup() took 0 ms.
2026-04-24 09:18:00 INFO  org.testng.internal.Utils - [Utils] MethodGroupsHelper.sortMethods() took 0 ms.
2026-04-24 09:18:00 INFO  org.testng.internal.Utils - [Utils] MethodGroupsHelper.collectMethodsByGroup() took 15 ms.
2026-04-24 09:18:00 INFO  org.testng.internal.Utils - [Utils] MethodGroupsHelper.sortMethods() took 0 ms.
2026-04-24 09:18:00 INFO  org.testng.internal.Utils - [Utils] MethodGroupsHelper.collectMethodsByGroup() took 0 ms.
2026-04-24 09:18:00 INFO  org.testng.internal.Utils - [Utils] MethodGroupsHelper.sortMethods() took 0 ms.
2026-04-24 09:18:00 INFO  org.testng.internal.Utils - [Utils] MethodGroupsHelper.collectMethodsByGroup() took 0 ms.
2026-04-24 09:18:00 INFO  org.testng.internal.Utils - [Utils] MethodGroupsHelper.sortMethods() took 0 ms.
2026-04-24 09:18:00 INFO  org.testng.internal.Utils - [TestNG] Running:
  C:\Users\Rahul\AppData\Local\Temp\testng-eclipse-1954432299\testng-customsuite.xml

2026-04-24 09:18:00 INFO  org.testng.internal.Utils - [Utils] DynamicGraphHelper.createDynamicGraph() took 4 ms.
2026-04-24 09:19:53 INFO  org.testng.internal.Utils - [TestNG] Time taken by org.testng.reporters.jq.Main@6bcae9: 72 ms
2026-04-24 09:19:53 INFO  org.testng.internal.Utils - [TestNG] Time taken by org.testng.reporters.FailedReporter@66d25ba9: 2 ms
2026-04-24 09:19:53 INFO  org.testng.internal.Utils - [TestNG] Time taken by org.testng.reporters.XMLReporter@5e1a5f: 11 ms
2026-04-24 09:19:53 INFO  org.testng.internal.Utils - [TestNG] Time taken by org.testng.reporters.EmailableReporter2@6221b13b: 8 ms
2026-04-24 09:19:53 INFO  org.testng.internal.Utils - [TestNG] Time taken by org.testng.reporters.JUnitReportReporter@31efacad: 17 ms
2026-04-24 09:19:53 INFO  org.testng.internal.Utils - [TestNG] Time taken by org.testng.internal.ExitCodeListener@380ce5a3: 0 ms
2026-04-24 09:20:09 DEBUG org.testng.TestNG - suiteXmlPath: "C:\Users\Rahul\AppData\Local\Temp\testng-eclipse--282296948\testng-customsuite.xml"
2026-04-24 09:20:10 INFO  org.testng.internal.Utils - [Utils] MethodGroupsHelper.collectMethodsByGroup() took 1 ms.
2026-04-24 09:20:10 INFO  org.testng.internal.Utils - [Utils] MethodGroupsHelper.sortMethods() took 0 ms.
2026-04-24 09:20:10 INFO  org.testng.internal.Utils - [Utils] MethodGroupsHelper.collectMethodsByGroup() took 0 ms.
2026-04-24 09:20:10 INFO  org.testng.internal.Utils - [Utils] MethodGroupsHelper.sortMethods() took 0 ms.
2026-04-24 09:20:10 INFO  org.testng.internal.Utils - [Utils] MethodGroupsHelper.collectMethodsByGroup() took 0 ms.
2026-04-24 09:20:10 INFO  org.testng.internal.Utils - [Utils] MethodGroupsHelper.sortMethods() took 0 ms.
2026-04-24 09:20:10 INFO  org.testng.internal.Utils - [Utils] MethodGroupsHelper.collectMethodsByGroup() took 0 ms.
2026-04-24 09:20:10 INFO  org.testng.internal.Utils - [Utils] MethodGroupsHelper.sortMethods() took 0 ms.
2026-04-24 09:20:10 INFO  org.testng.internal.Utils - [Utils] MethodGroupsHelper.collectMethodsByGroup() took 0 ms.
2026-04-24 09:20:10 INFO  org.testng.internal.Utils - [Utils] MethodGroupsHelper.sortMethods() took 0 ms.
2026-04-24 09:20:10 INFO  org.testng.internal.Utils - [Utils] MethodGroupsHelper.collectMethodsByGroup() took 0 ms.
2026-04-24 09:20:10 INFO  org.testng.internal.Utils - [Utils] MethodGroupsHelper.sortMethods() took 0 ms.
2026-04-24 09:20:10 INFO  org.testng.internal.Utils - [Utils] MethodGroupsHelper.collectMethodsByGroup() took 0 ms.
2026-04-24 09:20:10 INFO  org.testng.internal.Utils - [Utils] MethodGroupsHelper.sortMethods() took 0 ms.
2026-04-24 09:20:10 INFO  org.testng.internal.Utils - [Utils] MethodGroupsHelper.collectMethodsByGroup() took 0 ms.
2026-04-24 09:20:10 INFO  org.testng.internal.Utils - [Utils] MethodGroupsHelper.sortMethods() took 0 ms.
2026-04-24 09:20:10 INFO  org.testng.internal.Utils - [Utils] MethodGroupsHelper.collectMethodsByGroup() took 7 ms.
2026-04-24 09:20:10 INFO  org.testng.internal.Utils - [Utils] MethodGroupsHelper.sortMethods() took 14 ms.
2026-04-24 09:20:10 INFO  org.testng.internal.Utils - [Utils] MethodGroupsHelper.collectMethodsByGroup() took 0 ms.
2026-04-24 09:20:10 INFO  org.testng.internal.Utils - [Utils] MethodGroupsHelper.sortMethods() took 1 ms.
2026-04-24 09:20:10 INFO  org.testng.internal.Utils - [Utils] MethodGroupsHelper.collectMethodsByGroup() took 0 ms.
2026-04-24 09:20:10 INFO  org.testng.internal.Utils - [Utils] MethodGroupsHelper.sortMethods() took 0 ms.
2026-04-24 09:20:10 INFO  org.testng.internal.Utils - [Utils] MethodGroupsHelper.collectMethodsByGroup() took 0 ms.
2026-04-24 09:20:10 INFO  org.testng.internal.Utils - [Utils] MethodGroupsHelper.sortMethods() took 0 ms.
2026-04-24 09:20:10 INFO  org.testng.internal.Utils - [Utils] MethodGroupsHelper.collectMethodsByGroup() took 26 ms.
2026-04-24 09:20:10 INFO  org.testng.internal.Utils - [Utils] MethodGroupsHelper.sortMethods() took 0 ms.
2026-04-24 09:20:10 INFO  org.testng.internal.Utils - [Utils] MethodGroupsHelper.collectMethodsByGroup() took 0 ms.
2026-04-24 09:20:10 INFO  org.testng.internal.Utils - [Utils] MethodGroupsHelper.sortMethods() took 0 ms.
2026-04-24 09:20:10 INFO  org.testng.internal.Utils - [Utils] MethodGroupsHelper.collectMethodsByGroup() took 0 ms.
2026-04-24 09:20:10 INFO  org.testng.internal.Utils - [Utils] MethodGroupsHelper.sortMethods() took 0 ms.
2026-04-24 09:20:10 INFO  org.testng.internal.Utils - [TestNG] Running:
  C:\Users\Rahul\AppData\Local\Temp\testng-eclipse--282296948\testng-customsuite.xml

2026-04-24 09:20:10 INFO  org.testng.internal.Utils - [Utils] DynamicGraphHelper.createDynamicGraph() took 6 ms.
2026-04-24 09:20:28 INFO  org.testng.internal.Utils - [TestNG] Time taken by org.testng.reporters.jq.Main@72f8ae0c: 94 ms
2026-04-24 09:20:28 INFO  org.testng.internal.Utils - [TestNG] Time taken by org.testng.reporters.FailedReporter@4b790d86: 24 ms
2026-04-24 09:20:28 INFO  org.testng.internal.Utils - [TestNG] Time taken by org.testng.reporters.XMLReporter@30364216: 17 ms
2026-04-24 09:20:28 INFO  org.testng.internal.Utils - [TestNG] Time taken by org.testng.reporters.EmailableReporter2@5ef6fd7f: 11 ms
2026-04-24 09:20:28 INFO  org.testng.internal.Utils - [TestNG] Time taken by org.testng.reporters.JUnitReportReporter@277bf091: 9 ms
2026-04-24 09:20:28 INFO  org.testng.internal.Utils - [TestNG] Time taken by org.testng.internal.ExitCodeListener@fab35b1: 0 ms
2026-04-24 09:20:56 DEBUG org.testng.TestNG - suiteXmlPath: "C:\Users\Rahul\AppData\Local\Temp\testng-eclipse-704427450\testng-customsuite.xml"
2026-04-24 09:20:57 INFO  org.testng.internal.Utils - [Utils] MethodGroupsHelper.collectMethodsByGroup() took 1 ms.
2026-04-24 09:20:57 INFO  org.testng.internal.Utils - [Utils] MethodGroupsHelper.sortMethods() took 2 ms.
2026-04-24 09:20:57 INFO  org.testng.internal.Utils - [Utils] MethodGroupsHelper.collectMethodsByGroup() took 0 ms.
2026-04-24 09:20:57 INFO  org.testng.internal.Utils - [Utils] MethodGroupsHelper.sortMethods() took 0 ms.
2026-04-24 09:20:57 INFO  org.testng.internal.Utils - [Utils] MethodGroupsHelper.collectMethodsByGroup() took 0 ms.
2026-04-24 09:20:57 INFO  org.testng.internal.Utils - [Utils] MethodGroupsHelper.sortMethods() took 0 ms.
2026-04-24 09:20:57 INFO  org.testng.internal.Utils - [Utils] MethodGroupsHelper.collectMethodsByGroup() took 0 ms.
2026-04-24 09:20:57 INFO  org.testng.internal.Utils - [Utils] MethodGroupsHelper.sortMethods() took 0 ms.
2026-04-24 09:20:57 INFO  org.testng.internal.Utils - [Utils] MethodGroupsHelper.collectMethodsByGroup() took 0 ms.
2026-04-24 09:20:57 INFO  org.testng.internal.Utils - [Utils] MethodGroupsHelper.sortMethods() took 0 ms.
2026-04-24 09:20:57 INFO  org.testng.internal.Utils - [Utils] MethodGroupsHelper.collectMethodsByGroup() took 0 ms.
2026-04-24 09:20:57 INFO  org.testng.internal.Utils - [Utils] MethodGroupsHelper.sortMethods() took 0 ms.
2026-04-24 09:20:57 INFO  org.testng.internal.Utils - [Utils] MethodGroupsHelper.collectMethodsByGroup() took 0 ms.
2026-04-24 09:20:57 INFO  org.testng.internal.Utils - [Utils] MethodGroupsHelper.sortMethods() took 0 ms.
2026-04-24 09:20:57 INFO  org.testng.internal.Utils - [Utils] MethodGroupsHelper.collectMethodsByGroup() took 0 ms.
2026-04-24 09:20:57 INFO  org.testng.internal.Utils - [Utils] MethodGroupsHelper.sortMethods() took 0 ms.
2026-04-24 09:20:57 INFO  org.testng.internal.Utils - [Utils] MethodGroupsHelper.collectMethodsByGroup() took 9 ms.
2026-04-24 09:20:57 INFO  org.testng.internal.Utils - [Utils] MethodGroupsHelper.sortMethods() took 17 ms.
2026-04-24 09:20:57 INFO  org.testng.internal.Utils - [Utils] MethodGroupsHelper.collectMethodsByGroup() took 0 ms.
2026-04-24 09:20:57 INFO  org.testng.internal.Utils - [Utils] MethodGroupsHelper.sortMethods() took 0 ms.
2026-04-24 09:20:57 INFO  org.testng.internal.Utils - [Utils] MethodGroupsHelper.collectMethodsByGroup() took 0 ms.
2026-04-24 09:20:57 INFO  org.testng.internal.Utils - [Utils] MethodGroupsHelper.sortMethods() took 0 ms.
2026-04-24 09:20:57 INFO  org.testng.internal.Utils - [Utils] MethodGroupsHelper.collectMethodsByGroup() took 0 ms.
2026-04-24 09:20:57 INFO  org.testng.internal.Utils - [Utils] MethodGroupsHelper.sortMethods() took 0 ms.
2026-04-24 09:20:57 INFO  org.testng.internal.Utils - [Utils] MethodGroupsHelper.collectMethodsByGroup() took 19 ms.
2026-04-24 09:20:57 INFO  org.testng.internal.Utils - [Utils] MethodGroupsHelper.sortMethods() took 1 ms.
2026-04-24 09:20:57 INFO  org.testng.internal.Utils - [Utils] MethodGroupsHelper.collectMethodsByGroup() took 0 ms.
2026-04-24 09:20:57 INFO  org.testng.internal.Utils - [Utils] MethodGroupsHelper.sortMethods() took 0 ms.
2026-04-24 09:20:57 INFO  org.testng.internal.Utils - [Utils] MethodGroupsHelper.collectMethodsByGroup() took 0 ms.
2026-04-24 09:20:57 INFO  org.testng.internal.Utils - [Utils] MethodGroupsHelper.sortMethods() took 0 ms.
2026-04-24 09:20:57 INFO  org.testng.internal.Utils - [TestNG] Running:
  C:\Users\Rahul\AppData\Local\Temp\testng-eclipse-704427450\testng-customsuite.xml

2026-04-24 09:20:57 INFO  org.testng.internal.Utils - [Utils] DynamicGraphHelper.createDynamicGraph() took 5 ms.
2026-04-24 09:21:10 INFO  org.testng.internal.Utils - [TestNG] Time taken by org.testng.reporters.jq.Main@72f8ae0c: 62 ms
2026-04-24 09:21:10 INFO  org.testng.internal.Utils - [TestNG] Time taken by org.testng.reporters.FailedReporter@4b790d86: 13 ms
2026-04-24 09:21:10 INFO  org.testng.internal.Utils - [TestNG] Time taken by org.testng.reporters.XMLReporter@30364216: 12 ms
2026-04-24 09:21:10 INFO  org.testng.internal.Utils - [TestNG] Time taken by org.testng.reporters.EmailableReporter2@5ef6fd7f: 10 ms
2026-04-24 09:21:10 INFO  org.testng.internal.Utils - [TestNG] Time taken by org.testng.reporters.JUnitReportReporter@277bf091: 11 ms
2026-04-24 09:21:10 INFO  org.testng.internal.Utils - [TestNG] Time taken by org.testng.internal.ExitCodeListener@fab35b1: 0 ms
2026-04-24 09:35:27 DEBUG org.testng.TestNG - suiteXmlPath: "C:\Users\Rahul\AppData\Local\Temp\testng-eclipse-1701741451\testng-customsuite.xml"
2026-04-24 09:35:28 INFO  org.testng.internal.Utils - [Utils] MethodGroupsHelper.collectMethodsByGroup() took 1 ms.
2026-04-24 09:35:28 INFO  org.testng.internal.Utils - [Utils] MethodGroupsHelper.sortMethods() took 3 ms.
2026-04-24 09:35:28 INFO  org.testng.internal.Utils - [Utils] MethodGroupsHelper.collectMethodsByGroup() took 0 ms.
2026-04-24 09:35:28 INFO  org.testng.internal.Utils - [Utils] MethodGroupsHelper.sortMethods() took 0 ms.
2026-04-24 09:35:28 INFO  org.testng.internal.Utils - [Utils] MethodGroupsHelper.collectMethodsByGroup() took 0 ms.
2026-04-24 09:35:28 INFO  org.testng.internal.Utils - [Utils] MethodGroupsHelper.sortMethods() took 0 ms.
2026-04-24 09:35:28 INFO  org.testng.internal.Utils - [Utils] MethodGroupsHelper.collectMethodsByGroup() took 0 ms.
2026-04-24 09:35:28 INFO  org.testng.internal.Utils - [Utils] MethodGroupsHelper.sortMethods() took 0 ms.
2026-04-24 09:35:28 INFO  org.testng.internal.Utils - [Utils] MethodGroupsHelper.collectMethodsByGroup() took 0 ms.
2026-04-24 09:35:28 INFO  org.testng.internal.Utils - [Utils] MethodGroupsHelper.sortMethods() took 0 ms.
2026-04-24 09:35:28 INFO  org.testng.internal.Utils - [Utils] MethodGroupsHelper.collectMethodsByGroup() took 0 ms.
2026-04-24 09:35:28 INFO  org.testng.internal.Utils - [Utils] MethodGroupsHelper.sortMethods() took 0 ms.
2026-04-24 09:35:28 INFO  org.testng.internal.Utils - [Utils] MethodGroupsHelper.collectMethodsByGroup() took 0 ms.
2026-04-24 09:35:28 INFO  org.testng.internal.Utils - [Utils] MethodGroupsHelper.sortMethods() took 0 ms.
2026-04-24 09:35:28 INFO  org.testng.internal.Utils - [Utils] MethodGroupsHelper.collectMethodsByGroup() took 0 ms.
2026-04-24 09:35:28 INFO  org.testng.internal.Utils - [Utils] MethodGroupsHelper.sortMethods() took 0 ms.
2026-04-24 09:35:28 INFO  org.testng.internal.Utils - [Utils] MethodGroupsHelper.collectMethodsByGroup() took 9 ms.
2026-04-24 09:35:28 INFO  org.testng.internal.Utils - [Utils] MethodGroupsHelper.sortMethods() took 19 ms.
2026-04-24 09:35:28 INFO  org.testng.internal.Utils - [Utils] MethodGroupsHelper.collectMethodsByGroup() took 0 ms.
2026-04-24 09:35:28 INFO  org.testng.internal.Utils - [Utils] MethodGroupsHelper.sortMethods() took 0 ms.
2026-04-24 09:35:28 INFO  org.testng.internal.Utils - [Utils] MethodGroupsHelper.collectMethodsByGroup() took 0 ms.
2026-04-24 09:35:28 INFO  org.testng.internal.Utils - [Utils] MethodGroupsHelper.sortMethods() took 0 ms.
2026-04-24 09:35:28 INFO  org.testng.internal.Utils - [Utils] MethodGroupsHelper.collectMethodsByGroup() took 0 ms.
2026-04-24 09:35:28 INFO  org.testng.internal.Utils - [Utils] MethodGroupsHelper.sortMethods() took 0 ms.
2026-04-24 09:35:28 INFO  org.testng.internal.Utils - [Utils] MethodGroupsHelper.collectMethodsByGroup() took 16 ms.
2026-04-24 09:35:28 INFO  org.testng.internal.Utils - [Utils] MethodGroupsHelper.sortMethods() took 1 ms.
2026-04-24 09:35:28 INFO  org.testng.internal.Utils - [Utils] MethodGroupsHelper.collectMethodsByGroup() took 0 ms.
2026-04-24 09:35:28 INFO  org.testng.internal.Utils - [Utils] MethodGroupsHelper.sortMethods() took 0 ms.
2026-04-24 09:35:28 INFO  org.testng.internal.Utils - [Utils] MethodGroupsHelper.collectMethodsByGroup() took 0 ms.
2026-04-24 09:35:28 INFO  org.testng.internal.Utils - [Utils] MethodGroupsHelper.sortMethods() took 0 ms.
2026-04-24 09:35:28 INFO  org.testng.internal.Utils - [TestNG] Running:
  C:\Users\Rahul\AppData\Local\Temp\testng-eclipse-1701741451\testng-customsuite.xml

2026-04-24 09:35:28 INFO  org.testng.internal.Utils - [Utils] DynamicGraphHelper.createDynamicGraph() took 5 ms.
2026-04-24 09:35:44 INFO  org.testng.internal.Utils - [TestNG] Time taken by org.testng.reporters.jq.Main@36417a54: 48 ms
2026-04-24 09:35:44 INFO  org.testng.internal.Utils - [TestNG] Time taken by org.testng.reporters.FailedReporter@dc79225: 1 ms
2026-04-24 09:35:44 INFO  org.testng.internal.Utils - [TestNG] Time taken by org.testng.reporters.XMLReporter@7899de11: 7 ms
2026-04-24 09:35:44 INFO  org.testng.internal.Utils - [TestNG] Time taken by org.testng.reporters.EmailableReporter2@5f038248: 7 ms
2026-04-24 09:35:44 INFO  org.testng.internal.Utils - [TestNG] Time taken by org.testng.reporters.JUnitReportReporter@582a764a: 6 ms
2026-04-24 09:35:44 INFO  org.testng.internal.Utils - [TestNG] Time taken by org.testng.internal.ExitCodeListener@64984b0f: 0 ms
2026-04-24 09:35:56 DEBUG org.testng.TestNG - suiteXmlPath: "C:\Users\Rahul\AppData\Local\Temp\testng-eclipse--932772186\testng-customsuite.xml"
2026-04-24 09:35:57 INFO  org.testng.internal.Utils - [Utils] MethodGroupsHelper.collectMethodsByGroup() took 0 ms.
2026-04-24 09:35:57 INFO  org.testng.internal.Utils - [Utils] MethodGroupsHelper.sortMethods() took 2 ms.
2026-04-24 09:35:57 INFO  org.testng.internal.Utils - [Utils] MethodGroupsHelper.collectMethodsByGroup() took 0 ms.
2026-04-24 09:35:57 INFO  org.testng.internal.Utils - [Utils] MethodGroupsHelper.sortMethods() took 0 ms.
2026-04-24 09:35:57 INFO  org.testng.internal.Utils - [Utils] MethodGroupsHelper.collectMethodsByGroup() took 0 ms.
2026-04-24 09:35:57 INFO  org.testng.internal.Utils - [Utils] MethodGroupsHelper.sortMethods() took 0 ms.
2026-04-24 09:35:57 INFO  org.testng.internal.Utils - [Utils] MethodGroupsHelper.collectMethodsByGroup() took 0 ms.
2026-04-24 09:35:57 INFO  org.testng.internal.Utils - [Utils] MethodGroupsHelper.sortMethods() took 0 ms.
2026-04-24 09:35:57 INFO  org.testng.internal.Utils - [Utils] MethodGroupsHelper.collectMethodsByGroup() took 0 ms.
2026-04-24 09:35:57 INFO  org.testng.internal.Utils - [Utils] MethodGroupsHelper.sortMethods() took 0 ms.
2026-04-24 09:35:57 INFO  org.testng.internal.Utils - [Utils] MethodGroupsHelper.collectMethodsByGroup() took 0 ms.
2026-04-24 09:35:57 INFO  org.testng.internal.Utils - [Utils] MethodGroupsHelper.sortMethods() took 0 ms.
2026-04-24 09:35:57 INFO  org.testng.internal.Utils - [Utils] MethodGroupsHelper.collectMethodsByGroup() took 0 ms.
2026-04-24 09:35:57 INFO  org.testng.internal.Utils - [Utils] MethodGroupsHelper.sortMethods() took 0 ms.
2026-04-24 09:35:57 INFO  org.testng.internal.Utils - [Utils] MethodGroupsHelper.collectMethodsByGroup() took 0 ms.
2026-04-24 09:35:57 INFO  org.testng.internal.Utils - [Utils] MethodGroupsHelper.sortMethods() took 0 ms.
2026-04-24 09:35:57 INFO  org.testng.internal.Utils - [Utils] MethodGroupsHelper.collectMethodsByGroup() took 16 ms.
2026-04-24 09:35:57 INFO  org.testng.internal.Utils - [Utils] MethodGroupsHelper.sortMethods() took 32 ms.
2026-04-24 09:35:57 INFO  org.testng.internal.Utils - [Utils] MethodGroupsHelper.collectMethodsByGroup() took 0 ms.
2026-04-24 09:35:57 INFO  org.testng.internal.Utils - [Utils] MethodGroupsHelper.sortMethods() took 0 ms.
2026-04-24 09:35:57 INFO  org.testng.internal.Utils - [Utils] MethodGroupsHelper.collectMethodsByGroup() took 0 ms.
2026-04-24 09:35:57 INFO  org.testng.internal.Utils - [Utils] MethodGroupsHelper.sortMethods() took 1 ms.
2026-04-24 09:35:57 INFO  org.testng.internal.Utils - [Utils] MethodGroupsHelper.collectMethodsByGroup() took 0 ms.
2026-04-24 09:35:57 INFO  org.testng.internal.Utils - [Utils] MethodGroupsHelper.sortMethods() took 0 ms.
2026-04-24 09:35:57 INFO  org.testng.internal.Utils - [Utils] MethodGroupsHelper.collectMethodsByGroup() took 18 ms.
2026-04-24 09:35:57 INFO  org.testng.internal.Utils - [Utils] MethodGroupsHelper.sortMethods() took 0 ms.
2026-04-24 09:35:57 INFO  org.testng.internal.Utils - [Utils] MethodGroupsHelper.collectMethodsByGroup() took 0 ms.
2026-04-24 09:35:57 INFO  org.testng.internal.Utils - [Utils] MethodGroupsHelper.sortMethods() took 0 ms.
2026-04-24 09:35:57 INFO  org.testng.internal.Utils - [Utils] MethodGroupsHelper.collectMethodsByGroup() took 0 ms.
2026-04-24 09:35:57 INFO  org.testng.internal.Utils - [Utils] MethodGroupsHelper.sortMethods() took 0 ms.
2026-04-24 09:35:57 INFO  org.testng.internal.Utils - [TestNG] Running:
  C:\Users\Rahul\AppData\Local\Temp\testng-eclipse--932772186\testng-customsuite.xml

2026-04-24 09:35:57 INFO  org.testng.internal.Utils - [Utils] DynamicGraphHelper.createDynamicGraph() took 4 ms.
2026-04-24 09:36:37 INFO  org.testng.internal.Utils - [TestNG] Time taken by org.testng.reporters.jq.Main@48eb001a: 79 ms
2026-04-24 09:36:37 INFO  org.testng.internal.Utils - [TestNG] Time taken by org.testng.reporters.FailedReporter@30b975ad: 18 ms
2026-04-24 09:36:37 INFO  org.testng.internal.Utils - [TestNG] Time taken by org.testng.reporters.XMLReporter@176555c: 15 ms
2026-04-24 09:36:37 INFO  org.testng.internal.Utils - [TestNG] Time taken by org.testng.reporters.EmailableReporter2@134ff8f8: 14 ms
2026-04-24 09:36:37 INFO  org.testng.internal.Utils - [TestNG] Time taken by org.testng.reporters.JUnitReportReporter@34d45ec0: 9 ms
2026-04-24 09:36:37 INFO  org.testng.internal.Utils - [TestNG] Time taken by org.testng.internal.ExitCodeListener@18137eab: 0 ms
2026-04-24 09:38:03 DEBUG org.testng.TestNG - suiteXmlPath: "C:\Users\Rahul\AppData\Local\Temp\testng-eclipse--1372788654\testng-customsuite.xml"
2026-04-24 09:38:03 INFO  org.testng.internal.Utils - [Utils] MethodGroupsHelper.collectMethodsByGroup() took 2 ms.
2026-04-24 09:38:03 INFO  org.testng.internal.Utils - [Utils] MethodGroupsHelper.sortMethods() took 2 ms.
2026-04-24 09:38:03 INFO  org.testng.internal.Utils - [Utils] MethodGroupsHelper.collectMethodsByGroup() took 0 ms.
2026-04-24 09:38:03 INFO  org.testng.internal.Utils - [Utils] MethodGroupsHelper.sortMethods() took 0 ms.
2026-04-24 09:38:03 INFO  org.testng.internal.Utils - [Utils] MethodGroupsHelper.collectMethodsByGroup() took 0 ms.
2026-04-24 09:38:03 INFO  org.testng.internal.Utils - [Utils] MethodGroupsHelper.sortMethods() took 0 ms.
2026-04-24 09:38:03 INFO  org.testng.internal.Utils - [Utils] MethodGroupsHelper.collectMethodsByGroup() took 0 ms.
2026-04-24 09:38:03 INFO  org.testng.internal.Utils - [Utils] MethodGroupsHelper.sortMethods() took 0 ms.
2026-04-24 09:38:03 INFO  org.testng.internal.Utils - [Utils] MethodGroupsHelper.collectMethodsByGroup() took 0 ms.
2026-04-24 09:38:03 INFO  org.testng.internal.Utils - [Utils] MethodGroupsHelper.sortMethods() took 0 ms.
2026-04-24 09:38:03 INFO  org.testng.internal.Utils - [Utils] MethodGroupsHelper.collectMethodsByGroup() took 0 ms.
2026-04-24 09:38:03 INFO  org.testng.internal.Utils - [Utils] MethodGroupsHelper.sortMethods() took 0 ms.
2026-04-24 09:38:03 INFO  org.testng.internal.Utils - [Utils] MethodGroupsHelper.collectMethodsByGroup() took 0 ms.
2026-04-24 09:38:03 INFO  org.testng.internal.Utils - [Utils] MethodGroupsHelper.sortMethods() took 0 ms.
2026-04-24 09:38:03 INFO  org.testng.internal.Utils - [Utils] MethodGroupsHelper.collectMethodsByGroup() took 0 ms.
2026-04-24 09:38:03 INFO  org.testng.internal.Utils - [Utils] MethodGroupsHelper.sortMethods() took 0 ms.
2026-04-24 09:38:03 INFO  org.testng.internal.Utils - [Utils] MethodGroupsHelper.collectMethodsByGroup() took 5 ms.
2026-04-24 09:38:03 INFO  org.testng.internal.Utils - [Utils] MethodGroupsHelper.sortMethods() took 20 ms.
2026-04-24 09:38:03 INFO  org.testng.internal.Utils - [Utils] MethodGroupsHelper.collectMethodsByGroup() took 0 ms.
2026-04-24 09:38:03 INFO  org.testng.internal.Utils - [Utils] MethodGroupsHelper.sortMethods() took 0 ms.
2026-04-24 09:38:03 INFO  org.testng.internal.Utils - [Utils] MethodGroupsHelper.collectMethodsByGroup() took 0 ms.
2026-04-24 09:38:03 INFO  org.testng.internal.Utils - [Utils] MethodGroupsHelper.sortMethods() took 0 ms.
2026-04-24 09:38:03 INFO  org.testng.internal.Utils - [Utils] MethodGroupsHelper.collectMethodsByGroup() took 0 ms.
2026-04-24 09:38:03 INFO  org.testng.internal.Utils - [Utils] MethodGroupsHelper.sortMethods() took 0 ms.
2026-04-24 09:38:04 INFO  org.testng.internal.Utils - [Utils] MethodGroupsHelper.collectMethodsByGroup() took 21 ms.
2026-04-24 09:38:04 INFO  org.testng.internal.Utils - [Utils] MethodGroupsHelper.sortMethods() took 0 ms.
2026-04-24 09:38:04 INFO  org.testng.internal.Utils - [Utils] MethodGroupsHelper.collectMethodsByGroup() took 0 ms.
2026-04-24 09:38:04 INFO  org.testng.internal.Utils - [Utils] MethodGroupsHelper.sortMethods() took 0 ms.
2026-04-24 09:38:04 INFO  org.testng.internal.Utils - [Utils] MethodGroupsHelper.collectMethodsByGroup() took 0 ms.
2026-04-24 09:38:04 INFO  org.testng.internal.Utils - [Utils] MethodGroupsHelper.sortMethods() took 0 ms.
2026-04-24 09:38:04 INFO  org.testng.internal.Utils - [TestNG] Running:
  C:\Users\Rahul\AppData\Local\Temp\testng-eclipse--1372788654\testng-customsuite.xml

2026-04-24 09:38:04 INFO  org.testng.internal.Utils - [Utils] DynamicGraphHelper.createDynamicGraph() took 3 ms.
2026-04-24 09:38:48 INFO  org.testng.internal.Utils - [TestNG] Time taken by org.testng.reporters.jq.Main@71b639d0: 51 ms
2026-04-24 09:38:48 INFO  org.testng.internal.Utils - [TestNG] Time taken by org.testng.reporters.FailedReporter@2676dc05: 9 ms
2026-04-24 09:38:48 INFO  org.testng.internal.Utils - [TestNG] Time taken by org.testng.reporters.XMLReporter@e38f0b7: 8 ms
2026-04-24 09:38:48 INFO  org.testng.internal.Utils - [TestNG] Time taken by org.testng.reporters.EmailableReporter2@58c1da09: 10 ms
2026-04-24 09:38:48 INFO  org.testng.internal.Utils - [TestNG] Time taken by org.testng.reporters.JUnitReportReporter@47e51549: 6 ms
2026-04-24 09:38:48 INFO  org.testng.internal.Utils - [TestNG] Time taken by org.testng.internal.ExitCodeListener@101a461c: 0 ms
2026-04-24 09:40:28 DEBUG org.testng.TestNG - suiteXmlPath: "C:\Users\Rahul\AppData\Local\Temp\testng-eclipse-239925493\testng-customsuite.xml"
2026-04-24 09:40:28 INFO  org.testng.internal.Utils - [Utils] MethodGroupsHelper.collectMethodsByGroup() took 0 ms.
2026-04-24 09:40:28 INFO  org.testng.internal.Utils - [Utils] MethodGroupsHelper.sortMethods() took 1 ms.
2026-04-24 09:40:28 INFO  org.testng.internal.Utils - [Utils] MethodGroupsHelper.collectMethodsByGroup() took 0 ms.
2026-04-24 09:40:28 INFO  org.testng.internal.Utils - [Utils] MethodGroupsHelper.sortMethods() took 0 ms.
2026-04-24 09:40:28 INFO  org.testng.internal.Utils - [Utils] MethodGroupsHelper.collectMethodsByGroup() took 0 ms.
2026-04-24 09:40:28 INFO  org.testng.internal.Utils - [Utils] MethodGroupsHelper.sortMethods() took 0 ms.
2026-04-24 09:40:28 INFO  org.testng.internal.Utils - [Utils] MethodGroupsHelper.collectMethodsByGroup() took 0 ms.
2026-04-24 09:40:28 INFO  org.testng.internal.Utils - [Utils] MethodGroupsHelper.sortMethods() took 0 ms.
2026-04-24 09:40:28 INFO  org.testng.internal.Utils - [Utils] MethodGroupsHelper.collectMethodsByGroup() took 0 ms.
2026-04-24 09:40:28 INFO  org.testng.internal.Utils - [Utils] MethodGroupsHelper.sortMethods() took 0 ms.
2026-04-24 09:40:28 INFO  org.testng.internal.Utils - [Utils] MethodGroupsHelper.collectMethodsByGroup() took 0 ms.
2026-04-24 09:40:28 INFO  org.testng.internal.Utils - [Utils] MethodGroupsHelper.sortMethods() took 0 ms.
2026-04-24 09:40:28 INFO  org.testng.internal.Utils - [Utils] MethodGroupsHelper.collectMethodsByGroup() took 0 ms.
2026-04-24 09:40:28 INFO  org.testng.internal.Utils - [Utils] MethodGroupsHelper.sortMethods() took 0 ms.
2026-04-24 09:40:28 INFO  org.testng.internal.Utils - [Utils] MethodGroupsHelper.collectMethodsByGroup() took 0 ms.
2026-04-24 09:40:28 INFO  org.testng.internal.Utils - [Utils] MethodGroupsHelper.sortMethods() took 0 ms.
2026-04-24 09:40:28 INFO  org.testng.internal.Utils - [Utils] MethodGroupsHelper.collectMethodsByGroup() took 7 ms.
2026-04-24 09:40:28 INFO  org.testng.internal.Utils - [Utils] MethodGroupsHelper.sortMethods() took 13 ms.
2026-04-24 09:40:28 INFO  org.testng.internal.Utils - [Utils] MethodGroupsHelper.collectMethodsByGroup() took 0 ms.
2026-04-24 09:40:28 INFO  org.testng.internal.Utils - [Utils] MethodGroupsHelper.sortMethods() took 0 ms.
2026-04-24 09:40:28 INFO  org.testng.internal.Utils - [Utils] MethodGroupsHelper.collectMethodsByGroup() took 0 ms.
2026-04-24 09:40:28 INFO  org.testng.internal.Utils - [Utils] MethodGroupsHelper.sortMethods() took 0 ms.
2026-04-24 09:40:28 INFO  org.testng.internal.Utils - [Utils] MethodGroupsHelper.collectMethodsByGroup() took 0 ms.
2026-04-24 09:40:28 INFO  org.testng.internal.Utils - [Utils] MethodGroupsHelper.sortMethods() took 0 ms.
2026-04-24 09:40:29 INFO  org.testng.internal.Utils - [Utils] MethodGroupsHelper.collectMethodsByGroup() took 16 ms.
2026-04-24 09:40:29 INFO  org.testng.internal.Utils - [Utils] MethodGroupsHelper.sortMethods() took 0 ms.
2026-04-24 09:40:29 INFO  org.testng.internal.Utils - [Utils] MethodGroupsHelper.collectMethodsByGroup() took 0 ms.
2026-04-24 09:40:29 INFO  org.testng.internal.Utils - [Utils] MethodGroupsHelper.sortMethods() took 0 ms.
2026-04-24 09:40:29 INFO  org.testng.internal.Utils - [Utils] MethodGroupsHelper.collectMethodsByGroup() took 0 ms.
2026-04-24 09:40:29 INFO  org.testng.internal.Utils - [Utils] MethodGroupsHelper.sortMethods() took 0 ms.
2026-04-24 09:40:29 INFO  org.testng.internal.Utils - [TestNG] Running:
  C:\Users\Rahul\AppData\Local\Temp\testng-eclipse-239925493\testng-customsuite.xml

2026-04-24 09:40:29 INFO  org.testng.internal.Utils - [Utils] DynamicGraphHelper.createDynamicGraph() took 7 ms.
2026-04-24 09:40:36 INFO  org.testng.internal.Utils - [TestNG] Time taken by org.testng.reporters.jq.Main@1fac1d5c: 45 ms
2026-04-24 09:40:36 INFO  org.testng.internal.Utils - [TestNG] Time taken by org.testng.reporters.FailedReporter@17690e14: 1 ms
2026-04-24 09:40:36 INFO  org.testng.internal.Utils - [TestNG] Time taken by org.testng.reporters.XMLReporter@24db6ce: 6 ms
2026-04-24 09:40:36 INFO  org.testng.internal.Utils - [TestNG] Time taken by org.testng.reporters.EmailableReporter2@7cd4a4d7: 4 ms
2026-04-24 09:40:36 INFO  org.testng.internal.Utils - [TestNG] Time taken by org.testng.reporters.JUnitReportReporter@47ffe971: 4 ms
2026-04-24 09:40:36 INFO  org.testng.internal.Utils - [TestNG] Time taken by org.testng.internal.ExitCodeListener@7d04529c: 0 ms
2026-04-24 09:40:50 DEBUG org.testng.TestNG - suiteXmlPath: "C:\Users\Rahul\AppData\Local\Temp\testng-eclipse-1430384563\testng-customsuite.xml"
2026-04-24 09:40:50 INFO  org.testng.internal.Utils - [Utils] MethodGroupsHelper.collectMethodsByGroup() took 1 ms.
2026-04-24 09:40:50 INFO  org.testng.internal.Utils - [Utils] MethodGroupsHelper.sortMethods() took 2 ms.
2026-04-24 09:40:50 INFO  org.testng.internal.Utils - [Utils] MethodGroupsHelper.collectMethodsByGroup() took 0 ms.
2026-04-24 09:40:50 INFO  org.testng.internal.Utils - [Utils] MethodGroupsHelper.sortMethods() took 0 ms.
2026-04-24 09:40:50 INFO  org.testng.internal.Utils - [Utils] MethodGroupsHelper.collectMethodsByGroup() took 0 ms.
2026-04-24 09:40:50 INFO  org.testng.internal.Utils - [Utils] MethodGroupsHelper.sortMethods() took 0 ms.
2026-04-24 09:40:50 INFO  org.testng.internal.Utils - [Utils] MethodGroupsHelper.collectMethodsByGroup() took 0 ms.
2026-04-24 09:40:50 INFO  org.testng.internal.Utils - [Utils] MethodGroupsHelper.sortMethods() took 0 ms.
2026-04-24 09:40:50 INFO  org.testng.internal.Utils - [Utils] MethodGroupsHelper.collectMethodsByGroup() took 0 ms.
2026-04-24 09:40:50 INFO  org.testng.internal.Utils - [Utils] MethodGroupsHelper.sortMethods() took 0 ms.
2026-04-24 09:40:50 INFO  org.testng.internal.Utils - [Utils] MethodGroupsHelper.collectMethodsByGroup() took 0 ms.
2026-04-24 09:40:50 INFO  org.testng.internal.Utils - [Utils] MethodGroupsHelper.sortMethods() took 0 ms.
2026-04-24 09:40:50 INFO  org.testng.internal.Utils - [Utils] MethodGroupsHelper.collectMethodsByGroup() took 0 ms.
2026-04-24 09:40:50 INFO  org.testng.internal.Utils - [Utils] MethodGroupsHelper.sortMethods() took 0 ms.
2026-04-24 09:40:50 INFO  org.testng.internal.Utils - [Utils] MethodGroupsHelper.collectMethodsByGroup() took 0 ms.
2026-04-24 09:40:50 INFO  org.testng.internal.Utils - [Utils] MethodGroupsHelper.sortMethods() took 0 ms.
2026-04-24 09:40:50 INFO  org.testng.internal.Utils - [Utils] MethodGroupsHelper.collectMethodsByGroup() took 4 ms.
2026-04-24 09:40:50 INFO  org.testng.internal.Utils - [Utils] MethodGroupsHelper.sortMethods() took 14 ms.
2026-04-24 09:40:50 INFO  org.testng.internal.Utils - [Utils] MethodGroupsHelper.collectMethodsByGroup() took 0 ms.
2026-04-24 09:40:50 INFO  org.testng.internal.Utils - [Utils] MethodGroupsHelper.sortMethods() took 0 ms.
2026-04-24 09:40:50 INFO  org.testng.internal.Utils - [Utils] MethodGroupsHelper.collectMethodsByGroup() took 0 ms.
2026-04-24 09:40:50 INFO  org.testng.internal.Utils - [Utils] MethodGroupsHelper.sortMethods() took 0 ms.
2026-04-24 09:40:50 INFO  org.testng.internal.Utils - [Utils] MethodGroupsHelper.collectMethodsByGroup() took 0 ms.
2026-04-24 09:40:50 INFO  org.testng.internal.Utils - [Utils] MethodGroupsHelper.sortMethods() took 0 ms.
2026-04-24 09:40:50 INFO  org.testng.internal.Utils - [Utils] MethodGroupsHelper.collectMethodsByGroup() took 16 ms.
2026-04-24 09:40:50 INFO  org.testng.internal.Utils - [Utils] MethodGroupsHelper.sortMethods() took 1 ms.
2026-04-24 09:40:50 INFO  org.testng.internal.Utils - [Utils] MethodGroupsHelper.collectMethodsByGroup() took 0 ms.
2026-04-24 09:40:50 INFO  org.testng.internal.Utils - [Utils] MethodGroupsHelper.sortMethods() took 0 ms.
2026-04-24 09:40:50 INFO  org.testng.internal.Utils - [Utils] MethodGroupsHelper.collectMethodsByGroup() took 0 ms.
2026-04-24 09:40:50 INFO  org.testng.internal.Utils - [Utils] MethodGroupsHelper.sortMethods() took 0 ms.
2026-04-24 09:40:51 INFO  org.testng.internal.Utils - [TestNG] Running:
  C:\Users\Rahul\AppData\Local\Temp\testng-eclipse-1430384563\testng-customsuite.xml

2026-04-24 09:40:51 INFO  org.testng.internal.Utils - [Utils] DynamicGraphHelper.createDynamicGraph() took 7 ms.
2026-04-24 09:40:58 INFO  org.testng.internal.Utils - [TestNG] Time taken by org.testng.reporters.jq.Main@65d57e4e: 60 ms
2026-04-24 09:40:58 INFO  org.testng.internal.Utils - [TestNG] Time taken by org.testng.reporters.FailedReporter@476ee5b3: 13 ms
2026-04-24 09:40:58 INFO  org.testng.internal.Utils - [TestNG] Time taken by org.testng.reporters.XMLReporter@720bf653: 13 ms
2026-04-24 09:40:58 INFO  org.testng.internal.Utils - [TestNG] Time taken by org.testng.reporters.EmailableReporter2@2133661d: 11 ms
2026-04-24 09:40:58 INFO  org.testng.internal.Utils - [TestNG] Time taken by org.testng.reporters.JUnitReportReporter@1e43e323: 11 ms
2026-04-24 09:40:58 INFO  org.testng.internal.Utils - [TestNG] Time taken by org.testng.internal.ExitCodeListener@4a67b4ec: 0 ms
2026-04-24 09:44:20 DEBUG org.testng.TestNG - suiteXmlPath: "C:\Users\Rahul\AppData\Local\Temp\testng-eclipse--2040362457\testng-customsuite.xml"
2026-04-24 09:44:21 INFO  org.testng.internal.Utils - [Utils] MethodGroupsHelper.collectMethodsByGroup() took 1 ms.
2026-04-24 09:44:21 INFO  org.testng.internal.Utils - [Utils] MethodGroupsHelper.sortMethods() took 2 ms.
2026-04-24 09:44:21 INFO  org.testng.internal.Utils - [Utils] MethodGroupsHelper.collectMethodsByGroup() took 0 ms.
2026-04-24 09:44:21 INFO  org.testng.internal.Utils - [Utils] MethodGroupsHelper.sortMethods() took 0 ms.
2026-04-24 09:44:21 INFO  org.testng.internal.Utils - [Utils] MethodGroupsHelper.collectMethodsByGroup() took 0 ms.
2026-04-24 09:44:21 INFO  org.testng.internal.Utils - [Utils] MethodGroupsHelper.sortMethods() took 0 ms.
2026-04-24 09:44:21 INFO  org.testng.internal.Utils - [Utils] MethodGroupsHelper.collectMethodsByGroup() took 0 ms.
2026-04-24 09:44:21 INFO  org.testng.internal.Utils - [Utils] MethodGroupsHelper.sortMethods() took 0 ms.
2026-04-24 09:44:21 INFO  org.testng.internal.Utils - [Utils] MethodGroupsHelper.collectMethodsByGroup() took 0 ms.
2026-04-24 09:44:21 INFO  org.testng.internal.Utils - [Utils] MethodGroupsHelper.sortMethods() took 0 ms.
2026-04-24 09:44:21 INFO  org.testng.internal.Utils - [Utils] MethodGroupsHelper.collectMethodsByGroup() took 0 ms.
2026-04-24 09:44:21 INFO  org.testng.internal.Utils - [Utils] MethodGroupsHelper.sortMethods() took 0 ms.
2026-04-24 09:44:21 INFO  org.testng.internal.Utils - [Utils] MethodGroupsHelper.collectMethodsByGroup() took 0 ms.
2026-04-24 09:44:21 INFO  org.testng.internal.Utils - [Utils] MethodGroupsHelper.sortMethods() took 0 ms.
2026-04-24 09:44:21 INFO  org.testng.internal.Utils - [Utils] MethodGroupsHelper.collectMethodsByGroup() took 0 ms.
2026-04-24 09:44:21 INFO  org.testng.internal.Utils - [Utils] MethodGroupsHelper.sortMethods() took 0 ms.
2026-04-24 09:44:21 INFO  org.testng.internal.Utils - [Utils] MethodGroupsHelper.collectMethodsByGroup() took 3 ms.
2026-04-24 09:44:21 INFO  org.testng.internal.Utils - [Utils] MethodGroupsHelper.sortMethods() took 7 ms.
2026-04-24 09:44:21 INFO  org.testng.internal.Utils - [Utils] MethodGroupsHelper.collectMethodsByGroup() took 0 ms.
2026-04-24 09:44:21 INFO  org.testng.internal.Utils - [Utils] MethodGroupsHelper.sortMethods() took 0 ms.
2026-04-24 09:44:21 INFO  org.testng.internal.Utils - [Utils] MethodGroupsHelper.collectMethodsByGroup() took 0 ms.
2026-04-24 09:44:21 INFO  org.testng.internal.Utils - [Utils] MethodGroupsHelper.sortMethods() took 0 ms.
2026-04-24 09:44:21 INFO  org.testng.internal.Utils - [Utils] MethodGroupsHelper.collectMethodsByGroup() took 0 ms.
2026-04-24 09:44:21 INFO  org.testng.internal.Utils - [Utils] MethodGroupsHelper.sortMethods() took 0 ms.
2026-04-24 09:44:21 INFO  org.testng.internal.Utils - [Utils] MethodGroupsHelper.collectMethodsByGroup() took 8 ms.
2026-04-24 09:44:21 INFO  org.testng.internal.Utils - [Utils] MethodGroupsHelper.sortMethods() took 0 ms.
2026-04-24 09:44:21 INFO  org.testng.internal.Utils - [Utils] MethodGroupsHelper.collectMethodsByGroup() took 0 ms.
2026-04-24 09:44:21 INFO  org.testng.internal.Utils - [Utils] MethodGroupsHelper.sortMethods() took 0 ms.
2026-04-24 09:44:21 INFO  org.testng.internal.Utils - [Utils] MethodGroupsHelper.collectMethodsByGroup() took 0 ms.
2026-04-24 09:44:21 INFO  org.testng.internal.Utils - [Utils] MethodGroupsHelper.sortMethods() took 0 ms.
2026-04-24 09:44:21 INFO  org.testng.internal.Utils - [TestNG] Running:
  C:\Users\Rahul\AppData\Local\Temp\testng-eclipse--2040362457\testng-customsuite.xml

2026-04-24 09:44:21 INFO  org.testng.internal.Utils - [Utils] DynamicGraphHelper.createDynamicGraph() took 4 ms.
2026-04-24 09:44:53 DEBUG org.testng.TestNG - suiteXmlPath: "C:\Users\Rahul\AppData\Local\Temp\testng-eclipse--1866794730\testng-customsuite.xml"
2026-04-24 09:44:54 INFO  org.testng.internal.Utils - [Utils] MethodGroupsHelper.collectMethodsByGroup() took 1 ms.
2026-04-24 09:44:54 INFO  org.testng.internal.Utils - [Utils] MethodGroupsHelper.sortMethods() took 1 ms.
2026-04-24 09:44:54 INFO  org.testng.internal.Utils - [Utils] MethodGroupsHelper.collectMethodsByGroup() took 0 ms.
2026-04-24 09:44:54 INFO  org.testng.internal.Utils - [Utils] MethodGroupsHelper.sortMethods() took 0 ms.
2026-04-24 09:44:54 INFO  org.testng.internal.Utils - [Utils] MethodGroupsHelper.collectMethodsByGroup() took 0 ms.
2026-04-24 09:44:54 INFO  org.testng.internal.Utils - [Utils] MethodGroupsHelper.sortMethods() took 0 ms.
2026-04-24 09:44:54 INFO  org.testng.internal.Utils - [Utils] MethodGroupsHelper.collectMethodsByGroup() took 0 ms.
2026-04-24 09:44:54 INFO  org.testng.internal.Utils - [Utils] MethodGroupsHelper.sortMethods() took 0 ms.
2026-04-24 09:44:54 INFO  org.testng.internal.Utils - [Utils] MethodGroupsHelper.collectMethodsByGroup() took 0 ms.
2026-04-24 09:44:54 INFO  org.testng.internal.Utils - [Utils] MethodGroupsHelper.sortMethods() took 0 ms.
2026-04-24 09:44:54 INFO  org.testng.internal.Utils - [Utils] MethodGroupsHelper.collectMethodsByGroup() took 0 ms.
2026-04-24 09:44:54 INFO  org.testng.internal.Utils - [Utils] MethodGroupsHelper.sortMethods() took 0 ms.
2026-04-24 09:44:54 INFO  org.testng.internal.Utils - [Utils] MethodGroupsHelper.collectMethodsByGroup() took 0 ms.
2026-04-24 09:44:54 INFO  org.testng.internal.Utils - [Utils] MethodGroupsHelper.sortMethods() took 0 ms.
2026-04-24 09:44:54 INFO  org.testng.internal.Utils - [Utils] MethodGroupsHelper.collectMethodsByGroup() took 0 ms.
2026-04-24 09:44:54 INFO  org.testng.internal.Utils - [Utils] MethodGroupsHelper.sortMethods() took 0 ms.
2026-04-24 09:44:54 INFO  org.testng.internal.Utils - [Utils] MethodGroupsHelper.collectMethodsByGroup() took 7 ms.
2026-04-24 09:44:54 INFO  org.testng.internal.Utils - [Utils] MethodGroupsHelper.sortMethods() took 14 ms.
2026-04-24 09:44:54 INFO  org.testng.internal.Utils - [Utils] MethodGroupsHelper.collectMethodsByGroup() took 0 ms.
2026-04-24 09:44:54 INFO  org.testng.internal.Utils - [Utils] MethodGroupsHelper.sortMethods() took 0 ms.
2026-04-24 09:44:54 INFO  org.testng.internal.Utils - [Utils] MethodGroupsHelper.collectMethodsByGroup() took 0 ms.
2026-04-24 09:44:54 INFO  org.testng.internal.Utils - [Utils] MethodGroupsHelper.sortMethods() took 0 ms.
2026-04-24 09:44:54 INFO  org.testng.internal.Utils - [Utils] MethodGroupsHelper.collectMethodsByGroup() took 0 ms.
2026-04-24 09:44:54 INFO  org.testng.internal.Utils - [Utils] MethodGroupsHelper.sortMethods() took 0 ms.
2026-04-24 09:44:54 INFO  org.testng.internal.Utils - [Utils] MethodGroupsHelper.collectMethodsByGroup() took 15 ms.
2026-04-24 09:44:54 INFO  org.testng.internal.Utils - [Utils] MethodGroupsHelper.sortMethods() took 0 ms.
2026-04-24 09:44:54 INFO  org.testng.internal.Utils - [Utils] MethodGroupsHelper.collectMethodsByGroup() took 0 ms.
2026-04-24 09:44:54 INFO  org.testng.internal.Utils - [Utils] MethodGroupsHelper.sortMethods() took 0 ms.
2026-04-24 09:44:54 INFO  org.testng.internal.Utils - [Utils] MethodGroupsHelper.collectMethodsByGroup() took 0 ms.
2026-04-24 09:44:54 INFO  org.testng.internal.Utils - [Utils] MethodGroupsHelper.sortMethods() took 0 ms.
2026-04-24 09:44:54 INFO  org.testng.internal.Utils - [TestNG] Running:
  C:\Users\Rahul\AppData\Local\Temp\testng-eclipse--1866794730\testng-customsuite.xml

2026-04-24 09:44:54 INFO  org.testng.internal.Utils - [Utils] DynamicGraphHelper.createDynamicGraph() took 5 ms.
2026-04-24 09:44:59 INFO  org.testng.internal.Utils - [TestNG] Time taken by org.testng.reporters.jq.Main@724aefc3: 125 ms
2026-04-24 09:45:00 INFO  org.testng.internal.Utils - [TestNG] Time taken by org.testng.reporters.FailedReporter@3df1a1ac: 34 ms
2026-04-24 09:45:00 INFO  org.testng.internal.Utils - [TestNG] Time taken by org.testng.reporters.XMLReporter@34b87182: 48 ms
2026-04-24 09:45:00 INFO  org.testng.internal.Utils - [TestNG] Time taken by org.testng.reporters.EmailableReporter2@3e4e8fdf: 23 ms
2026-04-24 09:45:00 INFO  org.testng.internal.Utils - [TestNG] Time taken by org.testng.reporters.JUnitReportReporter@61514735: 17 ms
2026-04-24 09:45:00 INFO  org.testng.internal.Utils - [TestNG] Time taken by org.testng.internal.ExitCodeListener@6bee793f: 0 ms
2026-04-24 09:45:01 INFO  org.testng.internal.Utils - [TestNG] Time taken by org.testng.reporters.jq.Main@65d57e4e: 54 ms
2026-04-24 09:45:01 INFO  org.testng.internal.Utils - [TestNG] Time taken by org.testng.reporters.FailedReporter@476ee5b3: 10 ms
2026-04-24 09:45:01 INFO  org.testng.internal.Utils - [TestNG] Time taken by org.testng.reporters.XMLReporter@720bf653: 7 ms
2026-04-24 09:45:01 INFO  org.testng.internal.Utils - [TestNG] Time taken by org.testng.reporters.EmailableReporter2@2133661d: 9 ms
2026-04-24 09:45:01 INFO  org.testng.internal.Utils - [TestNG] Time taken by org.testng.reporters.JUnitReportReporter@1e43e323: 7 ms
2026-04-24 09:45:01 INFO  org.testng.internal.Utils - [TestNG] Time taken by org.testng.internal.ExitCodeListener@4a67b4ec: 0 ms
2026-04-24 09:45:14 DEBUG org.testng.TestNG - suiteXmlPath: "C:\Users\Rahul\AppData\Local\Temp\testng-eclipse--309285210\testng-customsuite.xml"
2026-04-24 09:45:15 INFO  org.testng.internal.Utils - [Utils] MethodGroupsHelper.collectMethodsByGroup() took 0 ms.
2026-04-24 09:45:15 INFO  org.testng.internal.Utils - [Utils] MethodGroupsHelper.sortMethods() took 1 ms.
2026-04-24 09:45:15 INFO  org.testng.internal.Utils - [Utils] MethodGroupsHelper.collectMethodsByGroup() took 0 ms.
2026-04-24 09:45:15 INFO  org.testng.internal.Utils - [Utils] MethodGroupsHelper.sortMethods() took 0 ms.
2026-04-24 09:45:15 INFO  org.testng.internal.Utils - [Utils] MethodGroupsHelper.collectMethodsByGroup() took 0 ms.
2026-04-24 09:45:15 INFO  org.testng.internal.Utils - [Utils] MethodGroupsHelper.sortMethods() took 0 ms.
2026-04-24 09:45:15 INFO  org.testng.internal.Utils - [Utils] MethodGroupsHelper.collectMethodsByGroup() took 0 ms.
2026-04-24 09:45:15 INFO  org.testng.internal.Utils - [Utils] MethodGroupsHelper.sortMethods() took 0 ms.
2026-04-24 09:45:15 INFO  org.testng.internal.Utils - [Utils] MethodGroupsHelper.collectMethodsByGroup() took 0 ms.
2026-04-24 09:45:15 INFO  org.testng.internal.Utils - [Utils] MethodGroupsHelper.sortMethods() took 0 ms.
2026-04-24 09:45:15 INFO  org.testng.internal.Utils - [Utils] MethodGroupsHelper.collectMethodsByGroup() took 0 ms.
2026-04-24 09:45:15 INFO  org.testng.internal.Utils - [Utils] MethodGroupsHelper.sortMethods() took 0 ms.
2026-04-24 09:45:15 INFO  org.testng.internal.Utils - [Utils] MethodGroupsHelper.collectMethodsByGroup() took 0 ms.
2026-04-24 09:45:15 INFO  org.testng.internal.Utils - [Utils] MethodGroupsHelper.sortMethods() took 0 ms.
2026-04-24 09:45:15 INFO  org.testng.internal.Utils - [Utils] MethodGroupsHelper.collectMethodsByGroup() took 0 ms.
2026-04-24 09:45:15 INFO  org.testng.internal.Utils - [Utils] MethodGroupsHelper.sortMethods() took 0 ms.
2026-04-24 09:45:15 INFO  org.testng.internal.Utils - [Utils] MethodGroupsHelper.collectMethodsByGroup() took 5 ms.
2026-04-24 09:45:15 INFO  org.testng.internal.Utils - [Utils] MethodGroupsHelper.sortMethods() took 9 ms.
2026-04-24 09:45:15 INFO  org.testng.internal.Utils - [Utils] MethodGroupsHelper.collectMethodsByGroup() took 0 ms.
2026-04-24 09:45:15 INFO  org.testng.internal.Utils - [Utils] MethodGroupsHelper.sortMethods() took 0 ms.
2026-04-24 09:45:15 INFO  org.testng.internal.Utils - [Utils] MethodGroupsHelper.collectMethodsByGroup() took 0 ms.
2026-04-24 09:45:15 INFO  org.testng.internal.Utils - [Utils] MethodGroupsHelper.sortMethods() took 0 ms.
2026-04-24 09:45:15 INFO  org.testng.internal.Utils - [Utils] MethodGroupsHelper.collectMethodsByGroup() took 0 ms.
2026-04-24 09:45:15 INFO  org.testng.internal.Utils - [Utils] MethodGroupsHelper.sortMethods() took 0 ms.
2026-04-24 09:45:15 INFO  org.testng.internal.Utils - [Utils] MethodGroupsHelper.collectMethodsByGroup() took 16 ms.
2026-04-24 09:45:15 INFO  org.testng.internal.Utils - [Utils] MethodGroupsHelper.sortMethods() took 0 ms.
2026-04-24 09:45:15 INFO  org.testng.internal.Utils - [Utils] MethodGroupsHelper.collectMethodsByGroup() took 0 ms.
2026-04-24 09:45:15 INFO  org.testng.internal.Utils - [Utils] MethodGroupsHelper.sortMethods() took 0 ms.
2026-04-24 09:45:15 INFO  org.testng.internal.Utils - [Utils] MethodGroupsHelper.collectMethodsByGroup() took 0 ms.
2026-04-24 09:45:15 INFO  org.testng.internal.Utils - [Utils] MethodGroupsHelper.sortMethods() took 0 ms.
2026-04-24 09:45:15 INFO  org.testng.internal.Utils - [TestNG] Running:
  C:\Users\Rahul\AppData\Local\Temp\testng-eclipse--309285210\testng-customsuite.xml

2026-04-24 09:45:15 INFO  org.testng.internal.Utils - [Utils] DynamicGraphHelper.createDynamicGraph() took 8 ms.
2026-04-24 09:45:21 INFO  org.testng.internal.Utils - [TestNG] Time taken by org.testng.reporters.jq.Main@65d57e4e: 49 ms
2026-04-24 09:45:21 INFO  org.testng.internal.Utils - [TestNG] Time taken by org.testng.reporters.FailedReporter@476ee5b3: 10 ms
2026-04-24 09:45:21 INFO  org.testng.internal.Utils - [TestNG] Time taken by org.testng.reporters.XMLReporter@720bf653: 8 ms
2026-04-24 09:45:21 INFO  org.testng.internal.Utils - [TestNG] Time taken by org.testng.reporters.EmailableReporter2@2133661d: 8 ms
2026-04-24 09:45:21 INFO  org.testng.internal.Utils - [TestNG] Time taken by org.testng.reporters.JUnitReportReporter@1e43e323: 8 ms
2026-04-24 09:45:21 INFO  org.testng.internal.Utils - [TestNG] Time taken by org.testng.internal.ExitCodeListener@4a67b4ec: 0 ms
2026-04-24 09:46:11 DEBUG org.testng.TestNG - suiteXmlPath: "C:\Users\Rahul\AppData\Local\Temp\testng-eclipse--1636006687\testng-customsuite.xml"
2026-04-24 09:46:11 INFO  org.testng.internal.Utils - [Utils] MethodGroupsHelper.collectMethodsByGroup() took 0 ms.
2026-04-24 09:46:11 INFO  org.testng.internal.Utils - [Utils] MethodGroupsHelper.sortMethods() took 2 ms.
2026-04-24 09:46:11 INFO  org.testng.internal.Utils - [Utils] MethodGroupsHelper.collectMethodsByGroup() took 0 ms.
2026-04-24 09:46:11 INFO  org.testng.internal.Utils - [Utils] MethodGroupsHelper.sortMethods() took 0 ms.
2026-04-24 09:46:11 INFO  org.testng.internal.Utils - [Utils] MethodGroupsHelper.collectMethodsByGroup() took 0 ms.
2026-04-24 09:46:11 INFO  org.testng.internal.Utils - [Utils] MethodGroupsHelper.sortMethods() took 0 ms.
2026-04-24 09:46:11 INFO  org.testng.internal.Utils - [Utils] MethodGroupsHelper.collectMethodsByGroup() took 0 ms.
2026-04-24 09:46:11 INFO  org.testng.internal.Utils - [Utils] MethodGroupsHelper.sortMethods() took 0 ms.
2026-04-24 09:46:11 INFO  org.testng.internal.Utils - [Utils] MethodGroupsHelper.collectMethodsByGroup() took 0 ms.
2026-04-24 09:46:11 INFO  org.testng.internal.Utils - [Utils] MethodGroupsHelper.sortMethods() took 0 ms.
2026-04-24 09:46:11 INFO  org.testng.internal.Utils - [Utils] MethodGroupsHelper.collectMethodsByGroup() took 0 ms.
2026-04-24 09:46:11 INFO  org.testng.internal.Utils - [Utils] MethodGroupsHelper.sortMethods() took 0 ms.
2026-04-24 09:46:11 INFO  org.testng.internal.Utils - [Utils] MethodGroupsHelper.collectMethodsByGroup() took 0 ms.
2026-04-24 09:46:11 INFO  org.testng.internal.Utils - [Utils] MethodGroupsHelper.sortMethods() took 0 ms.
2026-04-24 09:46:11 INFO  org.testng.internal.Utils - [Utils] MethodGroupsHelper.collectMethodsByGroup() took 0 ms.
2026-04-24 09:46:11 INFO  org.testng.internal.Utils - [Utils] MethodGroupsHelper.sortMethods() took 0 ms.
2026-04-24 09:46:11 INFO  org.testng.internal.Utils - [Utils] MethodGroupsHelper.collectMethodsByGroup() took 7 ms.
2026-04-24 09:46:11 INFO  org.testng.internal.Utils - [Utils] MethodGroupsHelper.sortMethods() took 9 ms.
2026-04-24 09:46:11 INFO  org.testng.internal.Utils - [Utils] MethodGroupsHelper.collectMethodsByGroup() took 0 ms.
2026-04-24 09:46:11 INFO  org.testng.internal.Utils - [Utils] MethodGroupsHelper.sortMethods() took 0 ms.
2026-04-24 09:46:11 INFO  org.testng.internal.Utils - [Utils] MethodGroupsHelper.collectMethodsByGroup() took 0 ms.
2026-04-24 09:46:11 INFO  org.testng.internal.Utils - [Utils] MethodGroupsHelper.sortMethods() took 0 ms.
2026-04-24 09:46:11 INFO  org.testng.internal.Utils - [Utils] MethodGroupsHelper.collectMethodsByGroup() took 0 ms.
2026-04-24 09:46:11 INFO  org.testng.internal.Utils - [Utils] MethodGroupsHelper.sortMethods() took 0 ms.
2026-04-24 09:46:11 INFO  org.testng.internal.Utils - [Utils] MethodGroupsHelper.collectMethodsByGroup() took 10 ms.
2026-04-24 09:46:11 INFO  org.testng.internal.Utils - [Utils] MethodGroupsHelper.sortMethods() took 0 ms.
2026-04-24 09:46:11 INFO  org.testng.internal.Utils - [Utils] MethodGroupsHelper.collectMethodsByGroup() took 0 ms.
2026-04-24 09:46:11 INFO  org.testng.internal.Utils - [Utils] MethodGroupsHelper.sortMethods() took 0 ms.
2026-04-24 09:46:11 INFO  org.testng.internal.Utils - [Utils] MethodGroupsHelper.collectMethodsByGroup() took 0 ms.
2026-04-24 09:46:11 INFO  org.testng.internal.Utils - [Utils] MethodGroupsHelper.sortMethods() took 0 ms.
2026-04-24 09:46:11 INFO  org.testng.internal.Utils - [TestNG] Running:
  C:\Users\Rahul\AppData\Local\Temp\testng-eclipse--1636006687\testng-customsuite.xml

2026-04-24 09:46:11 INFO  org.testng.internal.Utils - [Utils] DynamicGraphHelper.createDynamicGraph() took 7 ms.
2026-04-24 09:46:19 INFO  org.testng.internal.Utils - [TestNG] Time taken by org.testng.reporters.jq.Main@124ac145: 41 ms
2026-04-24 09:46:20 INFO  org.testng.internal.Utils - [TestNG] Time taken by org.testng.reporters.FailedReporter@312b34e3: 11 ms
2026-04-24 09:46:20 INFO  org.testng.internal.Utils - [TestNG] Time taken by org.testng.reporters.XMLReporter@60cf62ad: 8 ms
2026-04-24 09:46:20 INFO  org.testng.internal.Utils - [TestNG] Time taken by org.testng.reporters.EmailableReporter2@e9ef5b6: 7 ms
2026-04-24 09:46:20 INFO  org.testng.internal.Utils - [TestNG] Time taken by org.testng.reporters.JUnitReportReporter@f951a7f: 7 ms
2026-04-24 09:46:20 INFO  org.testng.internal.Utils - [TestNG] Time taken by org.testng.internal.ExitCodeListener@20cece0b: 0 ms
2026-04-24 09:47:00 DEBUG org.testng.TestNG - suiteXmlPath: "C:\Users\Rahul\AppData\Local\Temp\testng-eclipse--219902517\testng-customsuite.xml"
2026-04-24 09:47:01 INFO  org.testng.internal.Utils - [Utils] MethodGroupsHelper.collectMethodsByGroup() took 1 ms.
2026-04-24 09:47:01 INFO  org.testng.internal.Utils - [Utils] MethodGroupsHelper.sortMethods() took 1 ms.
2026-04-24 09:47:01 INFO  org.testng.internal.Utils - [Utils] MethodGroupsHelper.collectMethodsByGroup() took 0 ms.
2026-04-24 09:47:01 INFO  org.testng.internal.Utils - [Utils] MethodGroupsHelper.sortMethods() took 0 ms.
2026-04-24 09:47:01 INFO  org.testng.internal.Utils - [Utils] MethodGroupsHelper.collectMethodsByGroup() took 0 ms.
2026-04-24 09:47:01 INFO  org.testng.internal.Utils - [Utils] MethodGroupsHelper.sortMethods() took 0 ms.
2026-04-24 09:47:01 INFO  org.testng.internal.Utils - [Utils] MethodGroupsHelper.collectMethodsByGroup() took 0 ms.
2026-04-24 09:47:01 INFO  org.testng.internal.Utils - [Utils] MethodGroupsHelper.sortMethods() took 0 ms.
2026-04-24 09:47:01 INFO  org.testng.internal.Utils - [Utils] MethodGroupsHelper.collectMethodsByGroup() took 0 ms.
2026-04-24 09:47:01 INFO  org.testng.internal.Utils - [Utils] MethodGroupsHelper.sortMethods() took 0 ms.
2026-04-24 09:47:01 INFO  org.testng.internal.Utils - [Utils] MethodGroupsHelper.collectMethodsByGroup() took 0 ms.
2026-04-24 09:47:01 INFO  org.testng.internal.Utils - [Utils] MethodGroupsHelper.sortMethods() took 0 ms.
2026-04-24 09:47:01 INFO  org.testng.internal.Utils - [Utils] MethodGroupsHelper.collectMethodsByGroup() took 0 ms.
2026-04-24 09:47:01 INFO  org.testng.internal.Utils - [Utils] MethodGroupsHelper.sortMethods() took 0 ms.
2026-04-24 09:47:01 INFO  org.testng.internal.Utils - [Utils] MethodGroupsHelper.collectMethodsByGroup() took 0 ms.
2026-04-24 09:47:01 INFO  org.testng.internal.Utils - [Utils] MethodGroupsHelper.sortMethods() took 0 ms.
2026-04-24 09:47:01 INFO  org.testng.internal.Utils - [Utils] MethodGroupsHelper.collectMethodsByGroup() took 3 ms.
2026-04-24 09:47:01 INFO  org.testng.internal.Utils - [Utils] MethodGroupsHelper.sortMethods() took 11 ms.
2026-04-24 09:47:01 INFO  org.testng.internal.Utils - [Utils] MethodGroupsHelper.collectMethodsByGroup() took 0 ms.
2026-04-24 09:47:01 INFO  org.testng.internal.Utils - [Utils] MethodGroupsHelper.sortMethods() took 0 ms.
2026-04-24 09:47:01 INFO  org.testng.internal.Utils - [Utils] MethodGroupsHelper.collectMethodsByGroup() took 0 ms.
2026-04-24 09:47:01 INFO  org.testng.internal.Utils - [Utils] MethodGroupsHelper.sortMethods() took 0 ms.
2026-04-24 09:47:01 INFO  org.testng.internal.Utils - [Utils] MethodGroupsHelper.collectMethodsByGroup() took 0 ms.
2026-04-24 09:47:01 INFO  org.testng.internal.Utils - [Utils] MethodGroupsHelper.sortMethods() took 0 ms.
2026-04-24 09:47:01 INFO  org.testng.internal.Utils - [Utils] MethodGroupsHelper.collectMethodsByGroup() took 10 ms.
2026-04-24 09:47:01 INFO  org.testng.internal.Utils - [Utils] MethodGroupsHelper.sortMethods() took 0 ms.
2026-04-24 09:47:01 INFO  org.testng.internal.Utils - [Utils] MethodGroupsHelper.collectMethodsByGroup() took 0 ms.
2026-04-24 09:47:01 INFO  org.testng.internal.Utils - [Utils] MethodGroupsHelper.sortMethods() took 0 ms.
2026-04-24 09:47:01 INFO  org.testng.internal.Utils - [Utils] MethodGroupsHelper.collectMethodsByGroup() took 0 ms.
2026-04-24 09:47:01 INFO  org.testng.internal.Utils - [Utils] MethodGroupsHelper.sortMethods() took 0 ms.
2026-04-24 09:47:01 INFO  org.testng.internal.Utils - [TestNG] Running:
  C:\Users\Rahul\AppData\Local\Temp\testng-eclipse--219902517\testng-customsuite.xml

2026-04-24 09:47:01 INFO  org.testng.internal.Utils - [Utils] DynamicGraphHelper.createDynamicGraph() took 4 ms.
2026-04-24 09:47:07 INFO  org.testng.internal.Utils - [TestNG] Time taken by org.testng.reporters.jq.Main@124ac145: 36 ms
2026-04-24 09:47:07 INFO  org.testng.internal.Utils - [TestNG] Time taken by org.testng.reporters.FailedReporter@312b34e3: 9 ms
2026-04-24 09:47:07 INFO  org.testng.internal.Utils - [TestNG] Time taken by org.testng.reporters.XMLReporter@60cf62ad: 8 ms
2026-04-24 09:47:07 INFO  org.testng.internal.Utils - [TestNG] Time taken by org.testng.reporters.EmailableReporter2@e9ef5b6: 5 ms
2026-04-24 09:47:07 INFO  org.testng.internal.Utils - [TestNG] Time taken by org.testng.reporters.JUnitReportReporter@f951a7f: 6 ms
2026-04-24 09:47:07 INFO  org.testng.internal.Utils - [TestNG] Time taken by org.testng.internal.ExitCodeListener@20cece0b: 0 ms
2026-04-24 09:47:31 DEBUG org.testng.TestNG - suiteXmlPath: "C:\Users\Rahul\AppData\Local\Temp\testng-eclipse--1600134739\testng-customsuite.xml"
2026-04-24 09:47:31 INFO  org.testng.internal.Utils - [Utils] MethodGroupsHelper.collectMethodsByGroup() took 0 ms.
2026-04-24 09:47:31 INFO  org.testng.internal.Utils - [Utils] MethodGroupsHelper.sortMethods() took 1 ms.
2026-04-24 09:47:31 INFO  org.testng.internal.Utils - [Utils] MethodGroupsHelper.collectMethodsByGroup() took 0 ms.
2026-04-24 09:47:31 INFO  org.testng.internal.Utils - [Utils] MethodGroupsHelper.sortMethods() took 0 ms.
2026-04-24 09:47:31 INFO  org.testng.internal.Utils - [Utils] MethodGroupsHelper.collectMethodsByGroup() took 0 ms.
2026-04-24 09:47:31 INFO  org.testng.internal.Utils - [Utils] MethodGroupsHelper.sortMethods() took 0 ms.
2026-04-24 09:47:31 INFO  org.testng.internal.Utils - [Utils] MethodGroupsHelper.collectMethodsByGroup() took 0 ms.
2026-04-24 09:47:31 INFO  org.testng.internal.Utils - [Utils] MethodGroupsHelper.sortMethods() took 0 ms.
2026-04-24 09:47:31 INFO  org.testng.internal.Utils - [Utils] MethodGroupsHelper.collectMethodsByGroup() took 0 ms.
2026-04-24 09:47:31 INFO  org.testng.internal.Utils - [Utils] MethodGroupsHelper.sortMethods() took 0 ms.
2026-04-24 09:47:31 INFO  org.testng.internal.Utils - [Utils] MethodGroupsHelper.collectMethodsByGroup() took 0 ms.
2026-04-24 09:47:31 INFO  org.testng.internal.Utils - [Utils] MethodGroupsHelper.sortMethods() took 0 ms.
2026-04-24 09:47:31 INFO  org.testng.internal.Utils - [Utils] MethodGroupsHelper.collectMethodsByGroup() took 0 ms.
2026-04-24 09:47:31 INFO  org.testng.internal.Utils - [Utils] MethodGroupsHelper.sortMethods() took 0 ms.
2026-04-24 09:47:31 INFO  org.testng.internal.Utils - [Utils] MethodGroupsHelper.collectMethodsByGroup() took 0 ms.
2026-04-24 09:47:31 INFO  org.testng.internal.Utils - [Utils] MethodGroupsHelper.sortMethods() took 0 ms.
2026-04-24 09:47:31 INFO  org.testng.internal.Utils - [Utils] MethodGroupsHelper.collectMethodsByGroup() took 7 ms.
2026-04-24 09:47:31 INFO  org.testng.internal.Utils - [Utils] MethodGroupsHelper.sortMethods() took 13 ms.
2026-04-24 09:47:31 INFO  org.testng.internal.Utils - [Utils] MethodGroupsHelper.collectMethodsByGroup() took 0 ms.
2026-04-24 09:47:31 INFO  org.testng.internal.Utils - [Utils] MethodGroupsHelper.sortMethods() took 0 ms.
2026-04-24 09:47:31 INFO  org.testng.internal.Utils - [Utils] MethodGroupsHelper.collectMethodsByGroup() took 0 ms.
2026-04-24 09:47:31 INFO  org.testng.internal.Utils - [Utils] MethodGroupsHelper.sortMethods() took 0 ms.
2026-04-24 09:47:31 INFO  org.testng.internal.Utils - [Utils] MethodGroupsHelper.collectMethodsByGroup() took 0 ms.
2026-04-24 09:47:31 INFO  org.testng.internal.Utils - [Utils] MethodGroupsHelper.sortMethods() took 0 ms.
2026-04-24 09:47:31 INFO  org.testng.internal.Utils - [Utils] MethodGroupsHelper.collectMethodsByGroup() took 10 ms.
2026-04-24 09:47:31 INFO  org.testng.internal.Utils - [Utils] MethodGroupsHelper.sortMethods() took 0 ms.
2026-04-24 09:47:31 INFO  org.testng.internal.Utils - [Utils] MethodGroupsHelper.collectMethodsByGroup() took 0 ms.
2026-04-24 09:47:31 INFO  org.testng.internal.Utils - [Utils] MethodGroupsHelper.sortMethods() took 0 ms.
2026-04-24 09:47:31 INFO  org.testng.internal.Utils - [Utils] MethodGroupsHelper.collectMethodsByGroup() took 0 ms.
2026-04-24 09:47:31 INFO  org.testng.internal.Utils - [Utils] MethodGroupsHelper.sortMethods() took 0 ms.
2026-04-24 09:47:31 INFO  org.testng.internal.Utils - [TestNG] Running:
  C:\Users\Rahul\AppData\Local\Temp\testng-eclipse--1600134739\testng-customsuite.xml

2026-04-24 09:47:31 INFO  org.testng.internal.Utils - [Utils] DynamicGraphHelper.createDynamicGraph() took 4 ms.
2026-04-24 09:47:38 INFO  org.testng.internal.Utils - [TestNG] Time taken by org.testng.reporters.jq.Main@124ac145: 47 ms
2026-04-24 09:47:38 INFO  org.testng.internal.Utils - [TestNG] Time taken by org.testng.reporters.FailedReporter@312b34e3: 9 ms
2026-04-24 09:47:38 INFO  org.testng.internal.Utils - [TestNG] Time taken by org.testng.reporters.XMLReporter@60cf62ad: 9 ms
2026-04-24 09:47:38 INFO  org.testng.internal.Utils - [TestNG] Time taken by org.testng.reporters.EmailableReporter2@e9ef5b6: 7 ms
2026-04-24 09:47:38 INFO  org.testng.internal.Utils - [TestNG] Time taken by org.testng.reporters.JUnitReportReporter@f951a7f: 7 ms
2026-04-24 09:47:38 INFO  org.testng.internal.Utils - [TestNG] Time taken by org.testng.internal.ExitCodeListener@20cece0b: 0 ms
2026-04-24 09:50:16 DEBUG org.testng.TestNG - suiteXmlPath: "C:\Users\Rahul\AppData\Local\Temp\testng-eclipse--1574879229\testng-customsuite.xml"
2026-04-24 09:50:16 INFO  org.testng.internal.Utils - [Utils] MethodGroupsHelper.collectMethodsByGroup() took 0 ms.
2026-04-24 09:50:16 INFO  org.testng.internal.Utils - [Utils] MethodGroupsHelper.sortMethods() took 0 ms.
2026-04-24 09:50:16 INFO  org.testng.internal.Utils - [Utils] MethodGroupsHelper.collectMethodsByGroup() took 0 ms.
2026-04-24 09:50:16 INFO  org.testng.internal.Utils - [Utils] MethodGroupsHelper.sortMethods() took 0 ms.
2026-04-24 09:50:16 INFO  org.testng.internal.Utils - [Utils] MethodGroupsHelper.collectMethodsByGroup() took 0 ms.
2026-04-24 09:50:16 INFO  org.testng.internal.Utils - [Utils] MethodGroupsHelper.sortMethods() took 0 ms.
2026-04-24 09:50:16 INFO  org.testng.internal.Utils - [Utils] MethodGroupsHelper.collectMethodsByGroup() took 0 ms.
2026-04-24 09:50:16 INFO  org.testng.internal.Utils - [Utils] MethodGroupsHelper.sortMethods() took 0 ms.
2026-04-24 09:50:16 INFO  org.testng.internal.Utils - [Utils] MethodGroupsHelper.collectMethodsByGroup() took 0 ms.
2026-04-24 09:50:16 INFO  org.testng.internal.Utils - [Utils] MethodGroupsHelper.sortMethods() took 0 ms.
2026-04-24 09:50:16 INFO  org.testng.internal.Utils - [Utils] MethodGroupsHelper.collectMethodsByGroup() took 0 ms.
2026-04-24 09:50:16 INFO  org.testng.internal.Utils - [Utils] MethodGroupsHelper.sortMethods() took 0 ms.
2026-04-24 09:50:16 INFO  org.testng.internal.Utils - [Utils] MethodGroupsHelper.collectMethodsByGroup() took 0 ms.
2026-04-24 09:50:16 INFO  org.testng.internal.Utils - [Utils] MethodGroupsHelper.sortMethods() took 0 ms.
2026-04-24 09:50:16 INFO  org.testng.internal.Utils - [Utils] MethodGroupsHelper.collectMethodsByGroup() took 0 ms.
2026-04-24 09:50:16 INFO  org.testng.internal.Utils - [Utils] MethodGroupsHelper.sortMethods() took 0 ms.
2026-04-24 09:50:16 INFO  org.testng.internal.Utils - [Utils] MethodGroupsHelper.collectMethodsByGroup() took 6 ms.
2026-04-24 09:50:16 INFO  org.testng.internal.Utils - [Utils] MethodGroupsHelper.sortMethods() took 14 ms.
2026-04-24 09:50:16 INFO  org.testng.internal.Utils - [Utils] MethodGroupsHelper.collectMethodsByGroup() took 0 ms.
2026-04-24 09:50:16 INFO  org.testng.internal.Utils - [Utils] MethodGroupsHelper.sortMethods() took 0 ms.
2026-04-24 09:50:16 INFO  org.testng.internal.Utils - [Utils] MethodGroupsHelper.collectMethodsByGroup() took 0 ms.
2026-04-24 09:50:16 INFO  org.testng.internal.Utils - [Utils] MethodGroupsHelper.sortMethods() took 0 ms.
2026-04-24 09:50:16 INFO  org.testng.internal.Utils - [Utils] MethodGroupsHelper.collectMethodsByGroup() took 0 ms.
2026-04-24 09:50:16 INFO  org.testng.internal.Utils - [Utils] MethodGroupsHelper.sortMethods() took 0 ms.
2026-04-24 09:50:16 INFO  org.testng.internal.Utils - [Utils] MethodGroupsHelper.collectMethodsByGroup() took 9 ms.
2026-04-24 09:50:16 INFO  org.testng.internal.Utils - [Utils] MethodGroupsHelper.sortMethods() took 0 ms.
2026-04-24 09:50:16 INFO  org.testng.internal.Utils - [Utils] MethodGroupsHelper.collectMethodsByGroup() took 0 ms.
2026-04-24 09:50:16 INFO  org.testng.internal.Utils - [Utils] MethodGroupsHelper.sortMethods() took 0 ms.
2026-04-24 09:50:16 INFO  org.testng.internal.Utils - [Utils] MethodGroupsHelper.collectMethodsByGroup() took 0 ms.
2026-04-24 09:50:16 INFO  org.testng.internal.Utils - [Utils] MethodGroupsHelper.sortMethods() took 0 ms.
2026-04-24 09:50:16 INFO  org.testng.internal.Utils - [TestNG] Running:
  C:\Users\Rahul\AppData\Local\Temp\testng-eclipse--1574879229\testng-customsuite.xml

2026-04-24 09:50:16 INFO  org.testng.internal.Utils - [Utils] DynamicGraphHelper.createDynamicGraph() took 4 ms.
2026-04-24 09:50:23 INFO  org.testng.internal.Utils - [TestNG] Time taken by org.testng.reporters.jq.Main@7342e05d: 32 ms
2026-04-24 09:50:23 INFO  org.testng.internal.Utils - [TestNG] Time taken by org.testng.reporters.FailedReporter@743e66f7: 1 ms
2026-04-24 09:50:23 INFO  org.testng.internal.Utils - [TestNG] Time taken by org.testng.reporters.XMLReporter@1e43e323: 4 ms
2026-04-24 09:50:23 INFO  org.testng.internal.Utils - [TestNG] Time taken by org.testng.reporters.EmailableReporter2@7b6e5c12: 4 ms
2026-04-24 09:50:23 INFO  org.testng.internal.Utils - [TestNG] Time taken by org.testng.reporters.JUnitReportReporter@2b03d52f: 4 ms
2026-04-24 09:50:23 INFO  org.testng.internal.Utils - [TestNG] Time taken by org.testng.internal.ExitCodeListener@37e0292a: 0 ms
2026-04-24 09:52:16 DEBUG org.testng.TestNG - suiteXmlPath: "C:\Users\Rahul\AppData\Local\Temp\testng-eclipse-520599554\testng-customsuite.xml"
2026-04-24 09:52:17 INFO  org.testng.internal.Utils - [Utils] MethodGroupsHelper.collectMethodsByGroup() took 0 ms.
2026-04-24 09:52:17 INFO  org.testng.internal.Utils - [Utils] MethodGroupsHelper.sortMethods() took 2 ms.
2026-04-24 09:52:17 INFO  org.testng.internal.Utils - [Utils] MethodGroupsHelper.collectMethodsByGroup() took 0 ms.
2026-04-24 09:52:17 INFO  org.testng.internal.Utils - [Utils] MethodGroupsHelper.sortMethods() took 0 ms.
2026-04-24 09:52:17 INFO  org.testng.internal.Utils - [Utils] MethodGroupsHelper.collectMethodsByGroup() took 0 ms.
2026-04-24 09:52:17 INFO  org.testng.internal.Utils - [Utils] MethodGroupsHelper.sortMethods() took 0 ms.
2026-04-24 09:52:17 INFO  org.testng.internal.Utils - [Utils] MethodGroupsHelper.collectMethodsByGroup() took 0 ms.
2026-04-24 09:52:17 INFO  org.testng.internal.Utils - [Utils] MethodGroupsHelper.sortMethods() took 0 ms.
2026-04-24 09:52:17 INFO  org.testng.internal.Utils - [Utils] MethodGroupsHelper.collectMethodsByGroup() took 0 ms.
2026-04-24 09:52:17 INFO  org.testng.internal.Utils - [Utils] MethodGroupsHelper.sortMethods() took 0 ms.
2026-04-24 09:52:17 INFO  org.testng.internal.Utils - [Utils] MethodGroupsHelper.collectMethodsByGroup() took 0 ms.
2026-04-24 09:52:17 INFO  org.testng.internal.Utils - [Utils] MethodGroupsHelper.sortMethods() took 0 ms.
2026-04-24 09:52:17 INFO  org.testng.internal.Utils - [Utils] MethodGroupsHelper.collectMethodsByGroup() took 0 ms.
2026-04-24 09:52:17 INFO  org.testng.internal.Utils - [Utils] MethodGroupsHelper.sortMethods() took 0 ms.
2026-04-24 09:52:17 INFO  org.testng.internal.Utils - [Utils] MethodGroupsHelper.collectMethodsByGroup() took 0 ms.
2026-04-24 09:52:17 INFO  org.testng.internal.Utils - [Utils] MethodGroupsHelper.sortMethods() took 0 ms.
2026-04-24 09:52:17 INFO  org.testng.internal.Utils - [Utils] MethodGroupsHelper.collectMethodsByGroup() took 8 ms.
2026-04-24 09:52:17 INFO  org.testng.internal.Utils - [Utils] MethodGroupsHelper.sortMethods() took 11 ms.
2026-04-24 09:52:17 INFO  org.testng.internal.Utils - [Utils] MethodGroupsHelper.collectMethodsByGroup() took 0 ms.
2026-04-24 09:52:17 INFO  org.testng.internal.Utils - [Utils] MethodGroupsHelper.sortMethods() took 0 ms.
2026-04-24 09:52:17 INFO  org.testng.internal.Utils - [Utils] MethodGroupsHelper.collectMethodsByGroup() took 0 ms.
2026-04-24 09:52:17 INFO  org.testng.internal.Utils - [Utils] MethodGroupsHelper.sortMethods() took 0 ms.
2026-04-24 09:52:17 INFO  org.testng.internal.Utils - [Utils] MethodGroupsHelper.collectMethodsByGroup() took 0 ms.
2026-04-24 09:52:17 INFO  org.testng.internal.Utils - [Utils] MethodGroupsHelper.sortMethods() took 0 ms.
2026-04-24 09:52:17 INFO  org.testng.internal.Utils - [Utils] MethodGroupsHelper.collectMethodsByGroup() took 12 ms.
2026-04-24 09:52:17 INFO  org.testng.internal.Utils - [Utils] MethodGroupsHelper.sortMethods() took 0 ms.
2026-04-24 09:52:17 INFO  org.testng.internal.Utils - [Utils] MethodGroupsHelper.collectMethodsByGroup() took 0 ms.
2026-04-24 09:52:17 INFO  org.testng.internal.Utils - [Utils] MethodGroupsHelper.sortMethods() took 0 ms.
2026-04-24 09:52:17 INFO  org.testng.internal.Utils - [Utils] MethodGroupsHelper.collectMethodsByGroup() took 0 ms.
2026-04-24 09:52:17 INFO  org.testng.internal.Utils - [Utils] MethodGroupsHelper.sortMethods() took 0 ms.
2026-04-24 09:52:17 INFO  org.testng.internal.Utils - [TestNG] Running:
  C:\Users\Rahul\AppData\Local\Temp\testng-eclipse-520599554\testng-customsuite.xml

2026-04-24 09:52:17 INFO  org.testng.internal.Utils - [Utils] DynamicGraphHelper.createDynamicGraph() took 6 ms.
2026-04-24 09:52:23 INFO  org.testng.internal.Utils - [TestNG] Time taken by org.testng.reporters.jq.Main@65d57e4e: 38 ms
2026-04-24 09:52:23 INFO  org.testng.internal.Utils - [TestNG] Time taken by org.testng.reporters.FailedReporter@476ee5b3: 9 ms
2026-04-24 09:52:23 INFO  org.testng.internal.Utils - [TestNG] Time taken by org.testng.reporters.XMLReporter@720bf653: 11 ms
2026-04-24 09:52:23 INFO  org.testng.internal.Utils - [TestNG] Time taken by org.testng.reporters.EmailableReporter2@2133661d: 8 ms
2026-04-24 09:52:23 INFO  org.testng.internal.Utils - [TestNG] Time taken by org.testng.reporters.JUnitReportReporter@1e43e323: 7 ms
2026-04-24 09:52:23 INFO  org.testng.internal.Utils - [TestNG] Time taken by org.testng.internal.ExitCodeListener@4a67b4ec: 0 ms
2026-04-24 10:02:58 DEBUG org.testng.TestNG - suiteXmlPath: "C:\Users\Rahul\AppData\Local\Temp\testng-eclipse-2029924040\testng-customsuite.xml"
2026-04-24 10:02:59 INFO  org.testng.internal.Utils - [Utils] MethodGroupsHelper.collectMethodsByGroup() took 0 ms.
2026-04-24 10:02:59 INFO  org.testng.internal.Utils - [Utils] MethodGroupsHelper.sortMethods() took 0 ms.
2026-04-24 10:02:59 INFO  org.testng.internal.Utils - [Utils] MethodGroupsHelper.collectMethodsByGroup() took 0 ms.
2026-04-24 10:02:59 INFO  org.testng.internal.Utils - [Utils] MethodGroupsHelper.sortMethods() took 0 ms.
2026-04-24 10:02:59 INFO  org.testng.internal.Utils - [Utils] MethodGroupsHelper.collectMethodsByGroup() took 0 ms.
2026-04-24 10:02:59 INFO  org.testng.internal.Utils - [Utils] MethodGroupsHelper.sortMethods() took 0 ms.
2026-04-24 10:02:59 INFO  org.testng.internal.Utils - [Utils] MethodGroupsHelper.collectMethodsByGroup() took 0 ms.
2026-04-24 10:02:59 INFO  org.testng.internal.Utils - [Utils] MethodGroupsHelper.sortMethods() took 0 ms.
2026-04-24 10:02:59 INFO  org.testng.internal.Utils - [Utils] MethodGroupsHelper.collectMethodsByGroup() took 0 ms.
2026-04-24 10:02:59 INFO  org.testng.internal.Utils - [Utils] MethodGroupsHelper.sortMethods() took 0 ms.
2026-04-24 10:02:59 INFO  org.testng.internal.Utils - [Utils] MethodGroupsHelper.collectMethodsByGroup() took 0 ms.
2026-04-24 10:02:59 INFO  org.testng.internal.Utils - [Utils] MethodGroupsHelper.sortMethods() took 0 ms.
2026-04-24 10:02:59 INFO  org.testng.internal.Utils - [Utils] MethodGroupsHelper.collectMethodsByGroup() took 0 ms.
2026-04-24 10:02:59 INFO  org.testng.internal.Utils - [Utils] MethodGroupsHelper.sortMethods() took 0 ms.
2026-04-24 10:02:59 INFO  org.testng.internal.Utils - [Utils] MethodGroupsHelper.collectMethodsByGroup() took 0 ms.
2026-04-24 10:02:59 INFO  org.testng.internal.Utils - [Utils] MethodGroupsHelper.sortMethods() took 0 ms.
2026-04-24 10:02:59 INFO  org.testng.internal.Utils - [Utils] MethodGroupsHelper.collectMethodsByGroup() took 5 ms.
2026-04-24 10:02:59 INFO  org.testng.internal.Utils - [Utils] MethodGroupsHelper.sortMethods() took 12 ms.
2026-04-24 10:02:59 INFO  org.testng.internal.Utils - [Utils] MethodGroupsHelper.collectMethodsByGroup() took 0 ms.
2026-04-24 10:02:59 INFO  org.testng.internal.Utils - [Utils] MethodGroupsHelper.sortMethods() took 1 ms.
2026-04-24 10:02:59 INFO  org.testng.internal.Utils - [Utils] MethodGroupsHelper.collectMethodsByGroup() took 0 ms.
2026-04-24 10:02:59 INFO  org.testng.internal.Utils - [Utils] MethodGroupsHelper.sortMethods() took 0 ms.
2026-04-24 10:02:59 INFO  org.testng.internal.Utils - [Utils] MethodGroupsHelper.collectMethodsByGroup() took 0 ms.
2026-04-24 10:02:59 INFO  org.testng.internal.Utils - [Utils] MethodGroupsHelper.sortMethods() took 0 ms.
2026-04-24 10:02:59 INFO  org.testng.internal.Utils - [Utils] MethodGroupsHelper.collectMethodsByGroup() took 13 ms.
2026-04-24 10:02:59 INFO  org.testng.internal.Utils - [Utils] MethodGroupsHelper.sortMethods() took 0 ms.
2026-04-24 10:02:59 INFO  org.testng.internal.Utils - [Utils] MethodGroupsHelper.collectMethodsByGroup() took 0 ms.
2026-04-24 10:02:59 INFO  org.testng.internal.Utils - [Utils] MethodGroupsHelper.sortMethods() took 0 ms.
2026-04-24 10:02:59 INFO  org.testng.internal.Utils - [Utils] MethodGroupsHelper.collectMethodsByGroup() took 0 ms.
2026-04-24 10:02:59 INFO  org.testng.internal.Utils - [Utils] MethodGroupsHelper.sortMethods() took 0 ms.
2026-04-24 10:02:59 INFO  org.testng.internal.Utils - [TestNG] Running:
  C:\Users\Rahul\AppData\Local\Temp\testng-eclipse-2029924040\testng-customsuite.xml

2026-04-24 10:02:59 INFO  org.testng.internal.Utils - [Utils] DynamicGraphHelper.createDynamicGraph() took 3 ms.
2026-04-24 10:03:05 INFO  org.testng.internal.Utils - [TestNG] Time taken by org.testng.reporters.jq.Main@2e179f3e: 40 ms
2026-04-24 10:03:05 INFO  org.testng.internal.Utils - [TestNG] Time taken by org.testng.reporters.FailedReporter@720bf653: 10 ms
2026-04-24 10:03:05 INFO  org.testng.internal.Utils - [TestNG] Time taken by org.testng.reporters.XMLReporter@6c9320c2: 10 ms
2026-04-24 10:03:05 INFO  org.testng.internal.Utils - [TestNG] Time taken by org.testng.reporters.EmailableReporter2@6ed16657: 13 ms
2026-04-24 10:03:05 INFO  org.testng.internal.Utils - [TestNG] Time taken by org.testng.reporters.JUnitReportReporter@4f66ffc8: 5 ms
2026-04-24 10:03:05 INFO  org.testng.internal.Utils - [TestNG] Time taken by org.testng.internal.ExitCodeListener@124ac145: 0 ms
2026-04-24 10:04:22 DEBUG org.testng.TestNG - suiteXmlPath: "C:\Users\Rahul\AppData\Local\Temp\testng-eclipse-618923941\testng-customsuite.xml"
2026-04-24 10:04:22 INFO  org.testng.internal.Utils - [Utils] MethodGroupsHelper.collectMethodsByGroup() took 1 ms.
2026-04-24 10:04:22 INFO  org.testng.internal.Utils - [Utils] MethodGroupsHelper.sortMethods() took 3 ms.
2026-04-24 10:04:22 INFO  org.testng.internal.Utils - [Utils] MethodGroupsHelper.collectMethodsByGroup() took 0 ms.
2026-04-24 10:04:22 INFO  org.testng.internal.Utils - [Utils] MethodGroupsHelper.sortMethods() took 0 ms.
2026-04-24 10:04:22 INFO  org.testng.internal.Utils - [Utils] MethodGroupsHelper.collectMethodsByGroup() took 0 ms.
2026-04-24 10:04:22 INFO  org.testng.internal.Utils - [Utils] MethodGroupsHelper.sortMethods() took 0 ms.
2026-04-24 10:04:22 INFO  org.testng.internal.Utils - [Utils] MethodGroupsHelper.collectMethodsByGroup() took 0 ms.
2026-04-24 10:04:22 INFO  org.testng.internal.Utils - [Utils] MethodGroupsHelper.sortMethods() took 0 ms.
2026-04-24 10:04:22 INFO  org.testng.internal.Utils - [Utils] MethodGroupsHelper.collectMethodsByGroup() took 0 ms.
2026-04-24 10:04:22 INFO  org.testng.internal.Utils - [Utils] MethodGroupsHelper.sortMethods() took 0 ms.
2026-04-24 10:04:22 INFO  org.testng.internal.Utils - [Utils] MethodGroupsHelper.collectMethodsByGroup() took 0 ms.
2026-04-24 10:04:22 INFO  org.testng.internal.Utils - [Utils] MethodGroupsHelper.sortMethods() took 0 ms.
2026-04-24 10:04:22 INFO  org.testng.internal.Utils - [Utils] MethodGroupsHelper.collectMethodsByGroup() took 0 ms.
2026-04-24 10:04:22 INFO  org.testng.internal.Utils - [Utils] MethodGroupsHelper.sortMethods() took 0 ms.
2026-04-24 10:04:22 INFO  org.testng.internal.Utils - [Utils] MethodGroupsHelper.collectMethodsByGroup() took 0 ms.
2026-04-24 10:04:22 INFO  org.testng.internal.Utils - [Utils] MethodGroupsHelper.sortMethods() took 0 ms.
2026-04-24 10:04:22 INFO  org.testng.internal.Utils - [Utils] MethodGroupsHelper.collectMethodsByGroup() took 9 ms.
2026-04-24 10:04:22 INFO  org.testng.internal.Utils - [Utils] MethodGroupsHelper.sortMethods() took 17 ms.
2026-04-24 10:04:22 INFO  org.testng.internal.Utils - [Utils] MethodGroupsHelper.collectMethodsByGroup() took 0 ms.
2026-04-24 10:04:22 INFO  org.testng.internal.Utils - [Utils] MethodGroupsHelper.sortMethods() took 1 ms.
2026-04-24 10:04:22 INFO  org.testng.internal.Utils - [Utils] MethodGroupsHelper.collectMethodsByGroup() took 0 ms.
2026-04-24 10:04:22 INFO  org.testng.internal.Utils - [Utils] MethodGroupsHelper.sortMethods() took 0 ms.
2026-04-24 10:04:22 INFO  org.testng.internal.Utils - [Utils] MethodGroupsHelper.collectMethodsByGroup() took 0 ms.
2026-04-24 10:04:22 INFO  org.testng.internal.Utils - [Utils] MethodGroupsHelper.sortMethods() took 0 ms.
2026-04-24 10:04:22 INFO  org.testng.internal.Utils - [Utils] MethodGroupsHelper.collectMethodsByGroup() took 13 ms.
2026-04-24 10:04:22 INFO  org.testng.internal.Utils - [Utils] MethodGroupsHelper.sortMethods() took 0 ms.
2026-04-24 10:04:22 INFO  org.testng.internal.Utils - [Utils] MethodGroupsHelper.collectMethodsByGroup() took 0 ms.
2026-04-24 10:04:22 INFO  org.testng.internal.Utils - [Utils] MethodGroupsHelper.sortMethods() took 0 ms.
2026-04-24 10:04:22 INFO  org.testng.internal.Utils - [Utils] MethodGroupsHelper.collectMethodsByGroup() took 0 ms.
2026-04-24 10:04:22 INFO  org.testng.internal.Utils - [Utils] MethodGroupsHelper.sortMethods() took 0 ms.
2026-04-24 10:04:22 INFO  org.testng.internal.Utils - [TestNG] Running:
  C:\Users\Rahul\AppData\Local\Temp\testng-eclipse-618923941\testng-customsuite.xml

2026-04-24 10:04:22 INFO  org.testng.internal.Utils - [Utils] DynamicGraphHelper.createDynamicGraph() took 3 ms.
2026-04-24 10:04:27 INFO  org.testng.internal.Utils - [TestNG] Time taken by org.testng.reporters.jq.Main@2b8bd798: 38 ms
2026-04-24 10:04:27 INFO  org.testng.internal.Utils - [TestNG] Time taken by org.testng.reporters.FailedReporter@a565cbd: 10 ms
2026-04-24 10:04:27 INFO  org.testng.internal.Utils - [TestNG] Time taken by org.testng.reporters.XMLReporter@688d411b: 8 ms
2026-04-24 10:04:27 INFO  org.testng.internal.Utils - [TestNG] Time taken by org.testng.reporters.EmailableReporter2@4487c0c2: 5 ms
2026-04-24 10:04:27 INFO  org.testng.internal.Utils - [TestNG] Time taken by org.testng.reporters.JUnitReportReporter@19ee1ae6: 7 ms
2026-04-24 10:04:27 INFO  org.testng.internal.Utils - [TestNG] Time taken by org.testng.internal.ExitCodeListener@5f117b3d: 0 ms
2026-04-24 10:05:41 DEBUG org.testng.TestNG - suiteXmlPath: "C:\Users\Rahul\AppData\Local\Temp\testng-eclipse-461500344\testng-customsuite.xml"
2026-04-24 10:05:41 INFO  org.testng.internal.Utils - [Utils] MethodGroupsHelper.collectMethodsByGroup() took 0 ms.
2026-04-24 10:05:41 INFO  org.testng.internal.Utils - [Utils] MethodGroupsHelper.sortMethods() took 1 ms.
2026-04-24 10:05:41 INFO  org.testng.internal.Utils - [Utils] MethodGroupsHelper.collectMethodsByGroup() took 0 ms.
2026-04-24 10:05:41 INFO  org.testng.internal.Utils - [Utils] MethodGroupsHelper.sortMethods() took 0 ms.
2026-04-24 10:05:41 INFO  org.testng.internal.Utils - [Utils] MethodGroupsHelper.collectMethodsByGroup() took 0 ms.
2026-04-24 10:05:41 INFO  org.testng.internal.Utils - [Utils] MethodGroupsHelper.sortMethods() took 0 ms.
2026-04-24 10:05:41 INFO  org.testng.internal.Utils - [Utils] MethodGroupsHelper.collectMethodsByGroup() took 0 ms.
2026-04-24 10:05:41 INFO  org.testng.internal.Utils - [Utils] MethodGroupsHelper.sortMethods() took 0 ms.
2026-04-24 10:05:41 INFO  org.testng.internal.Utils - [Utils] MethodGroupsHelper.collectMethodsByGroup() took 0 ms.
2026-04-24 10:05:41 INFO  org.testng.internal.Utils - [Utils] MethodGroupsHelper.sortMethods() took 0 ms.
2026-04-24 10:05:41 INFO  org.testng.internal.Utils - [Utils] MethodGroupsHelper.collectMethodsByGroup() took 0 ms.
2026-04-24 10:05:41 INFO  org.testng.internal.Utils - [Utils] MethodGroupsHelper.sortMethods() took 0 ms.
2026-04-24 10:05:41 INFO  org.testng.internal.Utils - [Utils] MethodGroupsHelper.collectMethodsByGroup() took 0 ms.
2026-04-24 10:05:41 INFO  org.testng.internal.Utils - [Utils] MethodGroupsHelper.sortMethods() took 0 ms.
2026-04-24 10:05:41 INFO  org.testng.internal.Utils - [Utils] MethodGroupsHelper.collectMethodsByGroup() took 0 ms.
2026-04-24 10:05:41 INFO  org.testng.internal.Utils - [Utils] MethodGroupsHelper.sortMethods() took 0 ms.
2026-04-24 10:05:41 INFO  org.testng.internal.Utils - [Utils] MethodGroupsHelper.collectMethodsByGroup() took 7 ms.
2026-04-24 10:05:41 INFO  org.testng.internal.Utils - [Utils] MethodGroupsHelper.sortMethods() took 17 ms.
2026-04-24 10:05:41 INFO  org.testng.internal.Utils - [Utils] MethodGroupsHelper.collectMethodsByGroup() took 0 ms.
2026-04-24 10:05:41 INFO  org.testng.internal.Utils - [Utils] MethodGroupsHelper.sortMethods() took 0 ms.
2026-04-24 10:05:41 INFO  org.testng.internal.Utils - [Utils] MethodGroupsHelper.collectMethodsByGroup() took 0 ms.
2026-04-24 10:05:41 INFO  org.testng.internal.Utils - [Utils] MethodGroupsHelper.sortMethods() took 0 ms.
2026-04-24 10:05:41 INFO  org.testng.internal.Utils - [Utils] MethodGroupsHelper.collectMethodsByGroup() took 0 ms.
2026-04-24 10:05:41 INFO  org.testng.internal.Utils - [Utils] MethodGroupsHelper.sortMethods() took 0 ms.
2026-04-24 10:05:41 INFO  org.testng.internal.Utils - [Utils] MethodGroupsHelper.collectMethodsByGroup() took 12 ms.
2026-04-24 10:05:41 INFO  org.testng.internal.Utils - [Utils] MethodGroupsHelper.sortMethods() took 0 ms.
2026-04-24 10:05:41 INFO  org.testng.internal.Utils - [Utils] MethodGroupsHelper.collectMethodsByGroup() took 0 ms.
2026-04-24 10:05:41 INFO  org.testng.internal.Utils - [Utils] MethodGroupsHelper.sortMethods() took 0 ms.
2026-04-24 10:05:41 INFO  org.testng.internal.Utils - [Utils] MethodGroupsHelper.collectMethodsByGroup() took 0 ms.
2026-04-24 10:05:41 INFO  org.testng.internal.Utils - [Utils] MethodGroupsHelper.sortMethods() took 0 ms.
2026-04-24 10:05:41 INFO  org.testng.internal.Utils - [TestNG] Running:
  C:\Users\Rahul\AppData\Local\Temp\testng-eclipse-461500344\testng-customsuite.xml

2026-04-24 10:05:41 INFO  org.testng.internal.Utils - [Utils] DynamicGraphHelper.createDynamicGraph() took 4 ms.
2026-04-24 10:05:46 INFO  org.testng.internal.Utils - [TestNG] Time taken by org.testng.reporters.jq.Main@2b8bd798: 38 ms
2026-04-24 10:05:46 INFO  org.testng.internal.Utils - [TestNG] Time taken by org.testng.reporters.FailedReporter@a565cbd: 10 ms
2026-04-24 10:05:46 INFO  org.testng.internal.Utils - [TestNG] Time taken by org.testng.reporters.XMLReporter@688d411b: 7 ms
2026-04-24 10:05:46 INFO  org.testng.internal.Utils - [TestNG] Time taken by org.testng.reporters.EmailableReporter2@4487c0c2: 5 ms
2026-04-24 10:05:46 INFO  org.testng.internal.Utils - [TestNG] Time taken by org.testng.reporters.JUnitReportReporter@19ee1ae6: 5 ms
2026-04-24 10:05:46 INFO  org.testng.internal.Utils - [TestNG] Time taken by org.testng.internal.ExitCodeListener@5f117b3d: 0 ms
2026-04-24 10:06:29 DEBUG org.testng.TestNG - suiteXmlPath: "C:\Users\Rahul\AppData\Local\Temp\testng-eclipse--2059497043\testng-customsuite.xml"
2026-04-24 10:06:29 INFO  org.testng.internal.Utils - [Utils] MethodGroupsHelper.collectMethodsByGroup() took 1 ms.
2026-04-24 10:06:29 INFO  org.testng.internal.Utils - [Utils] MethodGroupsHelper.sortMethods() took 1 ms.
2026-04-24 10:06:29 INFO  org.testng.internal.Utils - [Utils] MethodGroupsHelper.collectMethodsByGroup() took 0 ms.
2026-04-24 10:06:29 INFO  org.testng.internal.Utils - [Utils] MethodGroupsHelper.sortMethods() took 0 ms.
2026-04-24 10:06:29 INFO  org.testng.internal.Utils - [Utils] MethodGroupsHelper.collectMethodsByGroup() took 0 ms.
2026-04-24 10:06:29 INFO  org.testng.internal.Utils - [Utils] MethodGroupsHelper.sortMethods() took 0 ms.
2026-04-24 10:06:29 INFO  org.testng.internal.Utils - [Utils] MethodGroupsHelper.collectMethodsByGroup() took 0 ms.
2026-04-24 10:06:29 INFO  org.testng.internal.Utils - [Utils] MethodGroupsHelper.sortMethods() took 0 ms.
2026-04-24 10:06:29 INFO  org.testng.internal.Utils - [Utils] MethodGroupsHelper.collectMethodsByGroup() took 0 ms.
2026-04-24 10:06:29 INFO  org.testng.internal.Utils - [Utils] MethodGroupsHelper.sortMethods() took 0 ms.
2026-04-24 10:06:29 INFO  org.testng.internal.Utils - [Utils] MethodGroupsHelper.collectMethodsByGroup() took 0 ms.
2026-04-24 10:06:29 INFO  org.testng.internal.Utils - [Utils] MethodGroupsHelper.sortMethods() took 0 ms.
2026-04-24 10:06:29 INFO  org.testng.internal.Utils - [Utils] MethodGroupsHelper.collectMethodsByGroup() took 0 ms.
2026-04-24 10:06:29 INFO  org.testng.internal.Utils - [Utils] MethodGroupsHelper.sortMethods() took 0 ms.
2026-04-24 10:06:29 INFO  org.testng.internal.Utils - [Utils] MethodGroupsHelper.collectMethodsByGroup() took 0 ms.
2026-04-24 10:06:29 INFO  org.testng.internal.Utils - [Utils] MethodGroupsHelper.sortMethods() took 1 ms.
2026-04-24 10:06:29 INFO  org.testng.internal.Utils - [Utils] MethodGroupsHelper.collectMethodsByGroup() took 4 ms.
2026-04-24 10:06:29 INFO  org.testng.internal.Utils - [Utils] MethodGroupsHelper.sortMethods() took 11 ms.
2026-04-24 10:06:29 INFO  org.testng.internal.Utils - [Utils] MethodGroupsHelper.collectMethodsByGroup() took 0 ms.
2026-04-24 10:06:29 INFO  org.testng.internal.Utils - [Utils] MethodGroupsHelper.sortMethods() took 0 ms.
2026-04-24 10:06:29 INFO  org.testng.internal.Utils - [Utils] MethodGroupsHelper.collectMethodsByGroup() took 0 ms.
2026-04-24 10:06:29 INFO  org.testng.internal.Utils - [Utils] MethodGroupsHelper.sortMethods() took 0 ms.
2026-04-24 10:06:29 INFO  org.testng.internal.Utils - [Utils] MethodGroupsHelper.collectMethodsByGroup() took 0 ms.
2026-04-24 10:06:29 INFO  org.testng.internal.Utils - [Utils] MethodGroupsHelper.sortMethods() took 0 ms.
2026-04-24 10:06:29 INFO  org.testng.internal.Utils - [Utils] MethodGroupsHelper.collectMethodsByGroup() took 12 ms.
2026-04-24 10:06:29 INFO  org.testng.internal.Utils - [Utils] MethodGroupsHelper.sortMethods() took 0 ms.
2026-04-24 10:06:29 INFO  org.testng.internal.Utils - [Utils] MethodGroupsHelper.collectMethodsByGroup() took 0 ms.
2026-04-24 10:06:29 INFO  org.testng.internal.Utils - [Utils] MethodGroupsHelper.sortMethods() took 0 ms.
2026-04-24 10:06:29 INFO  org.testng.internal.Utils - [Utils] MethodGroupsHelper.collectMethodsByGroup() took 0 ms.
2026-04-24 10:06:29 INFO  org.testng.internal.Utils - [Utils] MethodGroupsHelper.sortMethods() took 0 ms.
2026-04-24 10:06:29 INFO  org.testng.internal.Utils - [TestNG] Running:
  C:\Users\Rahul\AppData\Local\Temp\testng-eclipse--2059497043\testng-customsuite.xml

2026-04-24 10:06:29 INFO  org.testng.internal.Utils - [Utils] DynamicGraphHelper.createDynamicGraph() took 3 ms.
2026-04-24 10:06:33 INFO  org.testng.internal.Utils - [TestNG] Time taken by org.testng.reporters.jq.Main@2b8bd798: 47 ms
2026-04-24 10:06:33 INFO  org.testng.internal.Utils - [TestNG] Time taken by org.testng.reporters.FailedReporter@a565cbd: 11 ms
2026-04-24 10:06:33 INFO  org.testng.internal.Utils - [TestNG] Time taken by org.testng.reporters.XMLReporter@688d411b: 10 ms
2026-04-24 10:06:33 INFO  org.testng.internal.Utils - [TestNG] Time taken by org.testng.reporters.EmailableReporter2@4487c0c2: 6 ms
2026-04-24 10:06:33 INFO  org.testng.internal.Utils - [TestNG] Time taken by org.testng.reporters.JUnitReportReporter@19ee1ae6: 5 ms
2026-04-24 10:06:33 INFO  org.testng.internal.Utils - [TestNG] Time taken by org.testng.internal.ExitCodeListener@5f117b3d: 0 ms
2026-04-24 10:08:47 DEBUG org.testng.TestNG - suiteXmlPath: "C:\Users\Rahul\AppData\Local\Temp\testng-eclipse--1037067618\testng-customsuite.xml"
2026-04-24 10:08:47 INFO  org.testng.internal.Utils - [Utils] MethodGroupsHelper.collectMethodsByGroup() took 1 ms.
2026-04-24 10:08:47 INFO  org.testng.internal.Utils - [Utils] MethodGroupsHelper.sortMethods() took 1 ms.
2026-04-24 10:08:47 INFO  org.testng.internal.Utils - [Utils] MethodGroupsHelper.collectMethodsByGroup() took 0 ms.
2026-04-24 10:08:47 INFO  org.testng.internal.Utils - [Utils] MethodGroupsHelper.sortMethods() took 0 ms.
2026-04-24 10:08:47 INFO  org.testng.internal.Utils - [Utils] MethodGroupsHelper.collectMethodsByGroup() took 0 ms.
2026-04-24 10:08:47 INFO  org.testng.internal.Utils - [Utils] MethodGroupsHelper.sortMethods() took 0 ms.
2026-04-24 10:08:47 INFO  org.testng.internal.Utils - [Utils] MethodGroupsHelper.collectMethodsByGroup() took 0 ms.
2026-04-24 10:08:47 INFO  org.testng.internal.Utils - [Utils] MethodGroupsHelper.sortMethods() took 0 ms.
2026-04-24 10:08:47 INFO  org.testng.internal.Utils - [Utils] MethodGroupsHelper.collectMethodsByGroup() took 0 ms.
2026-04-24 10:08:47 INFO  org.testng.internal.Utils - [Utils] MethodGroupsHelper.sortMethods() took 0 ms.
2026-04-24 10:08:47 INFO  org.testng.internal.Utils - [Utils] MethodGroupsHelper.collectMethodsByGroup() took 0 ms.
2026-04-24 10:08:47 INFO  org.testng.internal.Utils - [Utils] MethodGroupsHelper.sortMethods() took 0 ms.
2026-04-24 10:08:47 INFO  org.testng.internal.Utils - [Utils] MethodGroupsHelper.collectMethodsByGroup() took 0 ms.
2026-04-24 10:08:47 INFO  org.testng.internal.Utils - [Utils] MethodGroupsHelper.sortMethods() took 0 ms.
2026-04-24 10:08:47 INFO  org.testng.internal.Utils - [Utils] MethodGroupsHelper.collectMethodsByGroup() took 0 ms.
2026-04-24 10:08:47 INFO  org.testng.internal.Utils - [Utils] MethodGroupsHelper.sortMethods() took 0 ms.
2026-04-24 10:08:47 INFO  org.testng.internal.Utils - [Utils] MethodGroupsHelper.collectMethodsByGroup() took 3 ms.
2026-04-24 10:08:47 INFO  org.testng.internal.Utils - [Utils] MethodGroupsHelper.sortMethods() took 9 ms.
2026-04-24 10:08:47 INFO  org.testng.internal.Utils - [Utils] MethodGroupsHelper.collectMethodsByGroup() took 0 ms.
2026-04-24 10:08:47 INFO  org.testng.internal.Utils - [Utils] MethodGroupsHelper.sortMethods() took 0 ms.
2026-04-24 10:08:47 INFO  org.testng.internal.Utils - [Utils] MethodGroupsHelper.collectMethodsByGroup() took 0 ms.
2026-04-24 10:08:47 INFO  org.testng.internal.Utils - [Utils] MethodGroupsHelper.sortMethods() took 0 ms.
2026-04-24 10:08:47 INFO  org.testng.internal.Utils - [Utils] MethodGroupsHelper.collectMethodsByGroup() took 0 ms.
2026-04-24 10:08:47 INFO  org.testng.internal.Utils - [Utils] MethodGroupsHelper.sortMethods() took 0 ms.
2026-04-24 10:08:47 INFO  org.testng.internal.Utils - [Utils] MethodGroupsHelper.collectMethodsByGroup() took 11 ms.
2026-04-24 10:08:47 INFO  org.testng.internal.Utils - [Utils] MethodGroupsHelper.sortMethods() took 0 ms.
2026-04-24 10:08:47 INFO  org.testng.internal.Utils - [Utils] MethodGroupsHelper.collectMethodsByGroup() took 0 ms.
2026-04-24 10:08:47 INFO  org.testng.internal.Utils - [Utils] MethodGroupsHelper.sortMethods() took 0 ms.
2026-04-24 10:08:47 INFO  org.testng.internal.Utils - [Utils] MethodGroupsHelper.collectMethodsByGroup() took 0 ms.
2026-04-24 10:08:47 INFO  org.testng.internal.Utils - [Utils] MethodGroupsHelper.sortMethods() took 0 ms.
2026-04-24 10:08:47 INFO  org.testng.internal.Utils - [TestNG] Running:
  C:\Users\Rahul\AppData\Local\Temp\testng-eclipse--1037067618\testng-customsuite.xml

2026-04-24 10:08:47 INFO  org.testng.internal.Utils - [Utils] DynamicGraphHelper.createDynamicGraph() took 4 ms.
2026-04-24 10:08:53 INFO  org.testng.internal.Utils - [TestNG] Time taken by org.testng.reporters.jq.Main@2b8bd798: 42 ms
2026-04-24 10:08:53 INFO  org.testng.internal.Utils - [TestNG] Time taken by org.testng.reporters.FailedReporter@a565cbd: 9 ms
2026-04-24 10:08:53 INFO  org.testng.internal.Utils - [TestNG] Time taken by org.testng.reporters.XMLReporter@688d411b: 8 ms
2026-04-24 10:08:53 INFO  org.testng.internal.Utils - [TestNG] Time taken by org.testng.reporters.EmailableReporter2@4487c0c2: 7 ms
2026-04-24 10:08:53 INFO  org.testng.internal.Utils - [TestNG] Time taken by org.testng.reporters.JUnitReportReporter@19ee1ae6: 7 ms
2026-04-24 10:08:53 INFO  org.testng.internal.Utils - [TestNG] Time taken by org.testng.internal.ExitCodeListener@5f117b3d: 0 ms
2026-04-24 10:12:31 DEBUG org.testng.TestNG - suiteXmlPath: "C:\Users\Rahul\AppData\Local\Temp\testng-eclipse-690625154\testng-customsuite.xml"
2026-04-24 10:12:32 INFO  org.testng.internal.Utils - [Utils] MethodGroupsHelper.collectMethodsByGroup() took 0 ms.
2026-04-24 10:12:32 INFO  org.testng.internal.Utils - [Utils] MethodGroupsHelper.sortMethods() took 1 ms.
2026-04-24 10:12:32 INFO  org.testng.internal.Utils - [Utils] MethodGroupsHelper.collectMethodsByGroup() took 0 ms.
2026-04-24 10:12:32 INFO  org.testng.internal.Utils - [Utils] MethodGroupsHelper.sortMethods() took 0 ms.
2026-04-24 10:12:32 INFO  org.testng.internal.Utils - [Utils] MethodGroupsHelper.collectMethodsByGroup() took 0 ms.
2026-04-24 10:12:32 INFO  org.testng.internal.Utils - [Utils] MethodGroupsHelper.sortMethods() took 0 ms.
2026-04-24 10:12:32 INFO  org.testng.internal.Utils - [Utils] MethodGroupsHelper.collectMethodsByGroup() took 0 ms.
2026-04-24 10:12:32 INFO  org.testng.internal.Utils - [Utils] MethodGroupsHelper.sortMethods() took 0 ms.
2026-04-24 10:12:32 INFO  org.testng.internal.Utils - [Utils] MethodGroupsHelper.collectMethodsByGroup() took 0 ms.
2026-04-24 10:12:32 INFO  org.testng.internal.Utils - [Utils] MethodGroupsHelper.sortMethods() took 0 ms.
2026-04-24 10:12:32 INFO  org.testng.internal.Utils - [Utils] MethodGroupsHelper.collectMethodsByGroup() took 0 ms.
2026-04-24 10:12:32 INFO  org.testng.internal.Utils - [Utils] MethodGroupsHelper.sortMethods() took 0 ms.
2026-04-24 10:12:32 INFO  org.testng.internal.Utils - [Utils] MethodGroupsHelper.collectMethodsByGroup() took 0 ms.
2026-04-24 10:12:32 INFO  org.testng.internal.Utils - [Utils] MethodGroupsHelper.sortMethods() took 0 ms.
2026-04-24 10:12:32 INFO  org.testng.internal.Utils - [Utils] MethodGroupsHelper.collectMethodsByGroup() took 0 ms.
2026-04-24 10:12:32 INFO  org.testng.internal.Utils - [Utils] MethodGroupsHelper.sortMethods() took 0 ms.
2026-04-24 10:12:32 INFO  org.testng.internal.Utils - [Utils] MethodGroupsHelper.collectMethodsByGroup() took 6 ms.
2026-04-24 10:12:32 INFO  org.testng.internal.Utils - [Utils] MethodGroupsHelper.sortMethods() took 9 ms.
2026-04-24 10:12:32 INFO  org.testng.internal.Utils - [Utils] MethodGroupsHelper.collectMethodsByGroup() took 0 ms.
2026-04-24 10:12:32 INFO  org.testng.internal.Utils - [Utils] MethodGroupsHelper.sortMethods() took 0 ms.
2026-04-24 10:12:32 INFO  org.testng.internal.Utils - [Utils] MethodGroupsHelper.collectMethodsByGroup() took 0 ms.
2026-04-24 10:12:32 INFO  org.testng.internal.Utils - [Utils] MethodGroupsHelper.sortMethods() took 0 ms.
2026-04-24 10:12:32 INFO  org.testng.internal.Utils - [Utils] MethodGroupsHelper.collectMethodsByGroup() took 0 ms.
2026-04-24 10:12:32 INFO  org.testng.internal.Utils - [Utils] MethodGroupsHelper.sortMethods() took 0 ms.
2026-04-24 10:12:32 INFO  org.testng.internal.Utils - [Utils] MethodGroupsHelper.collectMethodsByGroup() took 12 ms.
2026-04-24 10:12:32 INFO  org.testng.internal.Utils - [Utils] MethodGroupsHelper.sortMethods() took 0 ms.
2026-04-24 10:12:32 INFO  org.testng.internal.Utils - [Utils] MethodGroupsHelper.collectMethodsByGroup() took 0 ms.
2026-04-24 10:12:32 INFO  org.testng.internal.Utils - [Utils] MethodGroupsHelper.sortMethods() took 0 ms.
2026-04-24 10:12:32 INFO  org.testng.internal.Utils - [Utils] MethodGroupsHelper.collectMethodsByGroup() took 0 ms.
2026-04-24 10:12:32 INFO  org.testng.internal.Utils - [Utils] MethodGroupsHelper.sortMethods() took 0 ms.
2026-04-24 10:12:32 INFO  org.testng.internal.Utils - [TestNG] Running:
  C:\Users\Rahul\AppData\Local\Temp\testng-eclipse-690625154\testng-customsuite.xml

2026-04-24 10:12:32 INFO  org.testng.internal.Utils - [Utils] DynamicGraphHelper.createDynamicGraph() took 4 ms.
2026-04-24 10:12:38 INFO  org.testng.internal.Utils - [TestNG] Time taken by org.testng.reporters.jq.Main@2b8bd798: 40 ms
2026-04-24 10:12:38 INFO  org.testng.internal.Utils - [TestNG] Time taken by org.testng.reporters.FailedReporter@a565cbd: 10 ms
2026-04-24 10:12:38 INFO  org.testng.internal.Utils - [TestNG] Time taken by org.testng.reporters.XMLReporter@688d411b: 8 ms
2026-04-24 10:12:38 INFO  org.testng.internal.Utils - [TestNG] Time taken by org.testng.reporters.EmailableReporter2@4487c0c2: 5 ms
2026-04-24 10:12:38 INFO  org.testng.internal.Utils - [TestNG] Time taken by org.testng.reporters.JUnitReportReporter@19ee1ae6: 4 ms
2026-04-24 10:12:38 INFO  org.testng.internal.Utils - [TestNG] Time taken by org.testng.internal.ExitCodeListener@5f117b3d: 0 ms
2026-04-24 10:14:07 DEBUG org.testng.TestNG - suiteXmlPath: "C:\Users\Rahul\AppData\Local\Temp\testng-eclipse--636668251\testng-customsuite.xml"
2026-04-24 10:14:07 INFO  org.testng.internal.Utils - [Utils] MethodGroupsHelper.collectMethodsByGroup() took 2 ms.
2026-04-24 10:14:07 INFO  org.testng.internal.Utils - [Utils] MethodGroupsHelper.sortMethods() took 3 ms.
2026-04-24 10:14:07 INFO  org.testng.internal.Utils - [Utils] MethodGroupsHelper.collectMethodsByGroup() took 0 ms.
2026-04-24 10:14:07 INFO  org.testng.internal.Utils - [Utils] MethodGroupsHelper.sortMethods() took 0 ms.
2026-04-24 10:14:07 INFO  org.testng.internal.Utils - [Utils] MethodGroupsHelper.collectMethodsByGroup() took 0 ms.
2026-04-24 10:14:07 INFO  org.testng.internal.Utils - [Utils] MethodGroupsHelper.sortMethods() took 0 ms.
2026-04-24 10:14:07 INFO  org.testng.internal.Utils - [Utils] MethodGroupsHelper.collectMethodsByGroup() took 0 ms.
2026-04-24 10:14:07 INFO  org.testng.internal.Utils - [Utils] MethodGroupsHelper.sortMethods() took 0 ms.
2026-04-24 10:14:07 INFO  org.testng.internal.Utils - [Utils] MethodGroupsHelper.collectMethodsByGroup() took 0 ms.
2026-04-24 10:14:07 INFO  org.testng.internal.Utils - [Utils] MethodGroupsHelper.sortMethods() took 0 ms.
2026-04-24 10:14:07 INFO  org.testng.internal.Utils - [Utils] MethodGroupsHelper.collectMethodsByGroup() took 0 ms.
2026-04-24 10:14:07 INFO  org.testng.internal.Utils - [Utils] MethodGroupsHelper.sortMethods() took 0 ms.
2026-04-24 10:14:07 INFO  org.testng.internal.Utils - [Utils] MethodGroupsHelper.collectMethodsByGroup() took 0 ms.
2026-04-24 10:14:07 INFO  org.testng.internal.Utils - [Utils] MethodGroupsHelper.sortMethods() took 0 ms.
2026-04-24 10:14:07 INFO  org.testng.internal.Utils - [Utils] MethodGroupsHelper.collectMethodsByGroup() took 0 ms.
2026-04-24 10:14:07 INFO  org.testng.internal.Utils - [Utils] MethodGroupsHelper.sortMethods() took 0 ms.
2026-04-24 10:14:07 INFO  org.testng.internal.Utils - [Utils] MethodGroupsHelper.collectMethodsByGroup() took 8 ms.
2026-04-24 10:14:07 INFO  org.testng.internal.Utils - [Utils] MethodGroupsHelper.sortMethods() took 13 ms.
2026-04-24 10:14:07 INFO  org.testng.internal.Utils - [Utils] MethodGroupsHelper.collectMethodsByGroup() took 0 ms.
2026-04-24 10:14:07 INFO  org.testng.internal.Utils - [Utils] MethodGroupsHelper.sortMethods() took 0 ms.
2026-04-24 10:14:07 INFO  org.testng.internal.Utils - [Utils] MethodGroupsHelper.collectMethodsByGroup() took 0 ms.
2026-04-24 10:14:07 INFO  org.testng.internal.Utils - [Utils] MethodGroupsHelper.sortMethods() took 0 ms.
2026-04-24 10:14:07 INFO  org.testng.internal.Utils - [Utils] MethodGroupsHelper.collectMethodsByGroup() took 0 ms.
2026-04-24 10:14:07 INFO  org.testng.internal.Utils - [Utils] MethodGroupsHelper.sortMethods() took 0 ms.
2026-04-24 10:14:07 INFO  org.testng.internal.Utils - [Utils] MethodGroupsHelper.collectMethodsByGroup() took 16 ms.
2026-04-24 10:14:07 INFO  org.testng.internal.Utils - [Utils] MethodGroupsHelper.sortMethods() took 1 ms.
2026-04-24 10:14:07 INFO  org.testng.internal.Utils - [Utils] MethodGroupsHelper.collectMethodsByGroup() took 0 ms.
2026-04-24 10:14:07 INFO  org.testng.internal.Utils - [Utils] MethodGroupsHelper.sortMethods() took 0 ms.
2026-04-24 10:14:07 INFO  org.testng.internal.Utils - [Utils] MethodGroupsHelper.collectMethodsByGroup() took 0 ms.
2026-04-24 10:14:07 INFO  org.testng.internal.Utils - [Utils] MethodGroupsHelper.sortMethods() took 0 ms.
2026-04-24 10:14:08 INFO  org.testng.internal.Utils - [TestNG] Running:
  C:\Users\Rahul\AppData\Local\Temp\testng-eclipse--636668251\testng-customsuite.xml

2026-04-24 10:14:08 INFO  org.testng.internal.Utils - [Utils] DynamicGraphHelper.createDynamicGraph() took 5 ms.
2026-04-24 10:14:13 INFO  org.testng.internal.Utils - [TestNG] Time taken by org.testng.reporters.jq.Main@2b8bd798: 47 ms
2026-04-24 10:14:13 INFO  org.testng.internal.Utils - [TestNG] Time taken by org.testng.reporters.FailedReporter@a565cbd: 12 ms
2026-04-24 10:14:13 INFO  org.testng.internal.Utils - [TestNG] Time taken by org.testng.reporters.XMLReporter@688d411b: 5 ms
2026-04-24 10:14:13 INFO  org.testng.internal.Utils - [TestNG] Time taken by org.testng.reporters.EmailableReporter2@4487c0c2: 5 ms
2026-04-24 10:14:13 INFO  org.testng.internal.Utils - [TestNG] Time taken by org.testng.reporters.JUnitReportReporter@19ee1ae6: 6 ms
2026-04-24 10:14:13 INFO  org.testng.internal.Utils - [TestNG] Time taken by org.testng.internal.ExitCodeListener@5f117b3d: 0 ms
2026-04-24 10:19:50 DEBUG org.testng.TestNG - suiteXmlPath: "C:\Users\Rahul\AppData\Local\Temp\testng-eclipse--977837069\testng-customsuite.xml"
2026-04-24 10:19:50 INFO  org.testng.internal.Utils - [Utils] MethodGroupsHelper.collectMethodsByGroup() took 1 ms.
2026-04-24 10:19:50 INFO  org.testng.internal.Utils - [Utils] MethodGroupsHelper.sortMethods() took 3 ms.
2026-04-24 10:19:50 INFO  org.testng.internal.Utils - [Utils] MethodGroupsHelper.collectMethodsByGroup() took 0 ms.
2026-04-24 10:19:50 INFO  org.testng.internal.Utils - [Utils] MethodGroupsHelper.sortMethods() took 0 ms.
2026-04-24 10:19:50 INFO  org.testng.internal.Utils - [Utils] MethodGroupsHelper.collectMethodsByGroup() took 0 ms.
2026-04-24 10:19:50 INFO  org.testng.internal.Utils - [Utils] MethodGroupsHelper.sortMethods() took 0 ms.
2026-04-24 10:19:50 INFO  org.testng.internal.Utils - [Utils] MethodGroupsHelper.collectMethodsByGroup() took 0 ms.
2026-04-24 10:19:50 INFO  org.testng.internal.Utils - [Utils] MethodGroupsHelper.sortMethods() took 0 ms.
2026-04-24 10:19:50 INFO  org.testng.internal.Utils - [Utils] MethodGroupsHelper.collectMethodsByGroup() took 0 ms.
2026-04-24 10:19:50 INFO  org.testng.internal.Utils - [Utils] MethodGroupsHelper.sortMethods() took 0 ms.
2026-04-24 10:19:50 INFO  org.testng.internal.Utils - [Utils] MethodGroupsHelper.collectMethodsByGroup() took 0 ms.
2026-04-24 10:19:50 INFO  org.testng.internal.Utils - [Utils] MethodGroupsHelper.sortMethods() took 0 ms.
2026-04-24 10:19:50 INFO  org.testng.internal.Utils - [Utils] MethodGroupsHelper.collectMethodsByGroup() took 0 ms.
2026-04-24 10:19:50 INFO  org.testng.internal.Utils - [Utils] MethodGroupsHelper.sortMethods() took 0 ms.
2026-04-24 10:19:50 INFO  org.testng.internal.Utils - [Utils] MethodGroupsHelper.collectMethodsByGroup() took 0 ms.
2026-04-24 10:19:50 INFO  org.testng.internal.Utils - [Utils] MethodGroupsHelper.sortMethods() took 0 ms.
2026-04-24 10:19:50 INFO  org.testng.internal.Utils - [Utils] MethodGroupsHelper.collectMethodsByGroup() took 5 ms.
2026-04-24 10:19:50 INFO  org.testng.internal.Utils - [Utils] MethodGroupsHelper.sortMethods() took 11 ms.
2026-04-24 10:19:50 INFO  org.testng.internal.Utils - [Utils] MethodGroupsHelper.collectMethodsByGroup() took 0 ms.
2026-04-24 10:19:50 INFO  org.testng.internal.Utils - [Utils] MethodGroupsHelper.sortMethods() took 1 ms.
2026-04-24 10:19:50 INFO  org.testng.internal.Utils - [Utils] MethodGroupsHelper.collectMethodsByGroup() took 0 ms.
2026-04-24 10:19:50 INFO  org.testng.internal.Utils - [Utils] MethodGroupsHelper.sortMethods() took 0 ms.
2026-04-24 10:19:50 INFO  org.testng.internal.Utils - [Utils] MethodGroupsHelper.collectMethodsByGroup() took 0 ms.
2026-04-24 10:19:50 INFO  org.testng.internal.Utils - [Utils] MethodGroupsHelper.sortMethods() took 0 ms.
2026-04-24 10:19:50 INFO  org.testng.internal.Utils - [Utils] MethodGroupsHelper.collectMethodsByGroup() took 11 ms.
2026-04-24 10:19:50 INFO  org.testng.internal.Utils - [Utils] MethodGroupsHelper.sortMethods() took 0 ms.
2026-04-24 10:19:50 INFO  org.testng.internal.Utils - [Utils] MethodGroupsHelper.collectMethodsByGroup() took 0 ms.
2026-04-24 10:19:50 INFO  org.testng.internal.Utils - [Utils] MethodGroupsHelper.sortMethods() took 0 ms.
2026-04-24 10:19:50 INFO  org.testng.internal.Utils - [Utils] MethodGroupsHelper.collectMethodsByGroup() took 0 ms.
2026-04-24 10:19:50 INFO  org.testng.internal.Utils - [Utils] MethodGroupsHelper.sortMethods() took 0 ms.
2026-04-24 10:19:50 INFO  org.testng.internal.Utils - [TestNG] Running:
  C:\Users\Rahul\AppData\Local\Temp\testng-eclipse--977837069\testng-customsuite.xml

2026-04-24 10:19:50 INFO  org.testng.internal.Utils - [Utils] DynamicGraphHelper.createDynamicGraph() took 2 ms.
2026-04-24 10:19:58 INFO  org.testng.internal.Utils - [TestNG] Time taken by org.testng.reporters.jq.Main@c6c82aa: 50 ms
2026-04-24 10:19:58 INFO  org.testng.internal.Utils - [TestNG] Time taken by org.testng.reporters.FailedReporter@10c07b8d: 13 ms
2026-04-24 10:19:58 INFO  org.testng.internal.Utils - [TestNG] Time taken by org.testng.reporters.XMLReporter@2133661d: 9 ms
2026-04-24 10:19:58 INFO  org.testng.internal.Utils - [TestNG] Time taken by org.testng.reporters.EmailableReporter2@6917bb4: 8 ms
2026-04-24 10:19:58 INFO  org.testng.internal.Utils - [TestNG] Time taken by org.testng.reporters.JUnitReportReporter@7b6e5c12: 7 ms
2026-04-24 10:19:58 INFO  org.testng.internal.Utils - [TestNG] Time taken by org.testng.internal.ExitCodeListener@4f66ffc8: 0 ms
2026-04-24 10:21:33 DEBUG org.testng.TestNG - suiteXmlPath: "C:\Users\Rahul\AppData\Local\Temp\testng-eclipse-961433661\testng-customsuite.xml"
2026-04-24 10:21:34 INFO  org.testng.internal.Utils - [Utils] MethodGroupsHelper.collectMethodsByGroup() took 1 ms.
2026-04-24 10:21:34 INFO  org.testng.internal.Utils - [Utils] MethodGroupsHelper.sortMethods() took 1 ms.
2026-04-24 10:21:34 INFO  org.testng.internal.Utils - [Utils] MethodGroupsHelper.collectMethodsByGroup() took 0 ms.
2026-04-24 10:21:34 INFO  org.testng.internal.Utils - [Utils] MethodGroupsHelper.sortMethods() took 0 ms.
2026-04-24 10:21:34 INFO  org.testng.internal.Utils - [Utils] MethodGroupsHelper.collectMethodsByGroup() took 0 ms.
2026-04-24 10:21:34 INFO  org.testng.internal.Utils - [Utils] MethodGroupsHelper.sortMethods() took 0 ms.
2026-04-24 10:21:34 INFO  org.testng.internal.Utils - [Utils] MethodGroupsHelper.collectMethodsByGroup() took 0 ms.
2026-04-24 10:21:34 INFO  org.testng.internal.Utils - [Utils] MethodGroupsHelper.sortMethods() took 0 ms.
2026-04-24 10:21:34 INFO  org.testng.internal.Utils - [Utils] MethodGroupsHelper.collectMethodsByGroup() took 0 ms.
2026-04-24 10:21:34 INFO  org.testng.internal.Utils - [Utils] MethodGroupsHelper.sortMethods() took 0 ms.
2026-04-24 10:21:34 INFO  org.testng.internal.Utils - [Utils] MethodGroupsHelper.collectMethodsByGroup() took 0 ms.
2026-04-24 10:21:34 INFO  org.testng.internal.Utils - [Utils] MethodGroupsHelper.sortMethods() took 0 ms.
2026-04-24 10:21:34 INFO  org.testng.internal.Utils - [Utils] MethodGroupsHelper.collectMethodsByGroup() took 0 ms.
2026-04-24 10:21:34 INFO  org.testng.internal.Utils - [Utils] MethodGroupsHelper.sortMethods() took 0 ms.
2026-04-24 10:21:34 INFO  org.testng.internal.Utils - [Utils] MethodGroupsHelper.collectMethodsByGroup() took 0 ms.
2026-04-24 10:21:34 INFO  org.testng.internal.Utils - [Utils] MethodGroupsHelper.sortMethods() took 0 ms.
2026-04-24 10:21:34 INFO  org.testng.internal.Utils - [Utils] MethodGroupsHelper.collectMethodsByGroup() took 11 ms.
2026-04-24 10:21:34 INFO  org.testng.internal.Utils - [Utils] MethodGroupsHelper.sortMethods() took 11 ms.
2026-04-24 10:21:34 INFO  org.testng.internal.Utils - [Utils] MethodGroupsHelper.collectMethodsByGroup() took 0 ms.
2026-04-24 10:21:34 INFO  org.testng.internal.Utils - [Utils] MethodGroupsHelper.sortMethods() took 0 ms.
2026-04-24 10:21:34 INFO  org.testng.internal.Utils - [Utils] MethodGroupsHelper.collectMethodsByGroup() took 0 ms.
2026-04-24 10:21:34 INFO  org.testng.internal.Utils - [Utils] MethodGroupsHelper.sortMethods() took 0 ms.
2026-04-24 10:21:34 INFO  org.testng.internal.Utils - [Utils] MethodGroupsHelper.collectMethodsByGroup() took 1 ms.
2026-04-24 10:21:34 INFO  org.testng.internal.Utils - [Utils] MethodGroupsHelper.sortMethods() took 0 ms.
2026-04-24 10:21:34 INFO  org.testng.internal.Utils - [Utils] MethodGroupsHelper.collectMethodsByGroup() took 11 ms.
2026-04-24 10:21:34 INFO  org.testng.internal.Utils - [Utils] MethodGroupsHelper.sortMethods() took 1 ms.
2026-04-24 10:21:34 INFO  org.testng.internal.Utils - [Utils] MethodGroupsHelper.collectMethodsByGroup() took 0 ms.
2026-04-24 10:21:34 INFO  org.testng.internal.Utils - [Utils] MethodGroupsHelper.sortMethods() took 0 ms.
2026-04-24 10:21:34 INFO  org.testng.internal.Utils - [Utils] MethodGroupsHelper.collectMethodsByGroup() took 0 ms.
2026-04-24 10:21:34 INFO  org.testng.internal.Utils - [Utils] MethodGroupsHelper.sortMethods() took 0 ms.
2026-04-24 10:21:34 INFO  org.testng.internal.Utils - [TestNG] Running:
  C:\Users\Rahul\AppData\Local\Temp\testng-eclipse-961433661\testng-customsuite.xml

2026-04-24 10:21:34 INFO  org.testng.internal.Utils - [Utils] DynamicGraphHelper.createDynamicGraph() took 8 ms.
2026-04-24 10:21:40 INFO  org.testng.internal.Utils - [TestNG] Time taken by org.testng.reporters.jq.Main@3b4d50b: 40 ms
2026-04-24 10:21:40 INFO  org.testng.internal.Utils - [TestNG] Time taken by org.testng.reporters.FailedReporter@6c9320c2: 11 ms
2026-04-24 10:21:40 INFO  org.testng.internal.Utils - [TestNG] Time taken by org.testng.reporters.XMLReporter@1442f788: 12 ms
2026-04-24 10:21:40 INFO  org.testng.internal.Utils - [TestNG] Time taken by org.testng.reporters.EmailableReporter2@35267fd4: 10 ms
2026-04-24 10:21:40 INFO  org.testng.internal.Utils - [TestNG] Time taken by org.testng.reporters.JUnitReportReporter@7c36db44: 8 ms
2026-04-24 10:21:40 INFO  org.testng.internal.Utils - [TestNG] Time taken by org.testng.internal.ExitCodeListener@65c33b92: 0 ms
2026-04-24 10:22:51 DEBUG org.testng.TestNG - suiteXmlPath: "C:\Users\Rahul\AppData\Local\Temp\testng-eclipse--877758026\testng-customsuite.xml"
2026-04-24 10:22:51 INFO  org.testng.internal.Utils - [Utils] MethodGroupsHelper.collectMethodsByGroup() took 0 ms.
2026-04-24 10:22:51 INFO  org.testng.internal.Utils - [Utils] MethodGroupsHelper.sortMethods() took 1 ms.
2026-04-24 10:22:51 INFO  org.testng.internal.Utils - [Utils] MethodGroupsHelper.collectMethodsByGroup() took 0 ms.
2026-04-24 10:22:51 INFO  org.testng.internal.Utils - [Utils] MethodGroupsHelper.sortMethods() took 0 ms.
2026-04-24 10:22:51 INFO  org.testng.internal.Utils - [Utils] MethodGroupsHelper.collectMethodsByGroup() took 0 ms.
2026-04-24 10:22:51 INFO  org.testng.internal.Utils - [Utils] MethodGroupsHelper.sortMethods() took 0 ms.
2026-04-24 10:22:51 INFO  org.testng.internal.Utils - [Utils] MethodGroupsHelper.collectMethodsByGroup() took 0 ms.
2026-04-24 10:22:51 INFO  org.testng.internal.Utils - [Utils] MethodGroupsHelper.sortMethods() took 0 ms.
2026-04-24 10:22:51 INFO  org.testng.internal.Utils - [Utils] MethodGroupsHelper.collectMethodsByGroup() took 0 ms.
2026-04-24 10:22:51 INFO  org.testng.internal.Utils - [Utils] MethodGroupsHelper.sortMethods() took 0 ms.
2026-04-24 10:22:51 INFO  org.testng.internal.Utils - [Utils] MethodGroupsHelper.collectMethodsByGroup() took 0 ms.
2026-04-24 10:22:51 INFO  org.testng.internal.Utils - [Utils] MethodGroupsHelper.sortMethods() took 0 ms.
2026-04-24 10:22:51 INFO  org.testng.internal.Utils - [Utils] MethodGroupsHelper.collectMethodsByGroup() took 0 ms.
2026-04-24 10:22:51 INFO  org.testng.internal.Utils - [Utils] MethodGroupsHelper.sortMethods() took 0 ms.
2026-04-24 10:22:51 INFO  org.testng.internal.Utils - [Utils] MethodGroupsHelper.collectMethodsByGroup() took 0 ms.
2026-04-24 10:22:51 INFO  org.testng.internal.Utils - [Utils] MethodGroupsHelper.sortMethods() took 0 ms.
2026-04-24 10:22:51 INFO  org.testng.internal.Utils - [Utils] MethodGroupsHelper.collectMethodsByGroup() took 5 ms.
2026-04-24 10:22:51 INFO  org.testng.internal.Utils - [Utils] MethodGroupsHelper.sortMethods() took 10 ms.
2026-04-24 10:22:51 INFO  org.testng.internal.Utils - [Utils] MethodGroupsHelper.collectMethodsByGroup() took 0 ms.
2026-04-24 10:22:51 INFO  org.testng.internal.Utils - [Utils] MethodGroupsHelper.sortMethods() took 0 ms.
2026-04-24 10:22:51 INFO  org.testng.internal.Utils - [Utils] MethodGroupsHelper.collectMethodsByGroup() took 0 ms.
2026-04-24 10:22:51 INFO  org.testng.internal.Utils - [Utils] MethodGroupsHelper.sortMethods() took 0 ms.
2026-04-24 10:22:51 INFO  org.testng.internal.Utils - [Utils] MethodGroupsHelper.collectMethodsByGroup() took 0 ms.
2026-04-24 10:22:51 INFO  org.testng.internal.Utils - [Utils] MethodGroupsHelper.sortMethods() took 0 ms.
2026-04-24 10:22:51 INFO  org.testng.internal.Utils - [Utils] MethodGroupsHelper.collectMethodsByGroup() took 13 ms.
2026-04-24 10:22:51 INFO  org.testng.internal.Utils - [Utils] MethodGroupsHelper.sortMethods() took 1 ms.
2026-04-24 10:22:51 INFO  org.testng.internal.Utils - [Utils] MethodGroupsHelper.collectMethodsByGroup() took 0 ms.
2026-04-24 10:22:51 INFO  org.testng.internal.Utils - [Utils] MethodGroupsHelper.sortMethods() took 0 ms.
2026-04-24 10:22:51 INFO  org.testng.internal.Utils - [Utils] MethodGroupsHelper.collectMethodsByGroup() took 0 ms.
2026-04-24 10:22:51 INFO  org.testng.internal.Utils - [Utils] MethodGroupsHelper.sortMethods() took 0 ms.
2026-04-24 10:22:51 INFO  org.testng.internal.Utils - [TestNG] Running:
  C:\Users\Rahul\AppData\Local\Temp\testng-eclipse--877758026\testng-customsuite.xml

2026-04-24 10:22:51 INFO  org.testng.internal.Utils - [Utils] DynamicGraphHelper.createDynamicGraph() took 4 ms.
2026-04-24 10:23:01 INFO  org.testng.internal.Utils - [TestNG] Time taken by org.testng.reporters.jq.Main@2e179f3e: 46 ms
2026-04-24 10:23:01 INFO  org.testng.internal.Utils - [TestNG] Time taken by org.testng.reporters.FailedReporter@720bf653: 10 ms
2026-04-24 10:23:01 INFO  org.testng.internal.Utils - [TestNG] Time taken by org.testng.reporters.XMLReporter@6c9320c2: 8 ms
2026-04-24 10:23:01 INFO  org.testng.internal.Utils - [TestNG] Time taken by org.testng.reporters.EmailableReporter2@6ed16657: 10 ms
2026-04-24 10:23:01 INFO  org.testng.internal.Utils - [TestNG] Time taken by org.testng.reporters.JUnitReportReporter@4f66ffc8: 11 ms
2026-04-24 10:23:01 INFO  org.testng.internal.Utils - [TestNG] Time taken by org.testng.internal.ExitCodeListener@124ac145: 0 ms
2026-04-24 10:23:17 DEBUG org.testng.TestNG - suiteXmlPath: "C:\Users\Rahul\AppData\Local\Temp\testng-eclipse-1461961332\testng-customsuite.xml"
2026-04-24 10:23:17 INFO  org.testng.internal.Utils - [Utils] MethodGroupsHelper.collectMethodsByGroup() took 0 ms.
2026-04-24 10:23:17 INFO  org.testng.internal.Utils - [Utils] MethodGroupsHelper.sortMethods() took 1 ms.
2026-04-24 10:23:17 INFO  org.testng.internal.Utils - [Utils] MethodGroupsHelper.collectMethodsByGroup() took 0 ms.
2026-04-24 10:23:17 INFO  org.testng.internal.Utils - [Utils] MethodGroupsHelper.sortMethods() took 0 ms.
2026-04-24 10:23:17 INFO  org.testng.internal.Utils - [Utils] MethodGroupsHelper.collectMethodsByGroup() took 0 ms.
2026-04-24 10:23:17 INFO  org.testng.internal.Utils - [Utils] MethodGroupsHelper.sortMethods() took 0 ms.
2026-04-24 10:23:17 INFO  org.testng.internal.Utils - [Utils] MethodGroupsHelper.collectMethodsByGroup() took 0 ms.
2026-04-24 10:23:17 INFO  org.testng.internal.Utils - [Utils] MethodGroupsHelper.sortMethods() took 0 ms.
2026-04-24 10:23:17 INFO  org.testng.internal.Utils - [Utils] MethodGroupsHelper.collectMethodsByGroup() took 0 ms.
2026-04-24 10:23:17 INFO  org.testng.internal.Utils - [Utils] MethodGroupsHelper.sortMethods() took 0 ms.
2026-04-24 10:23:17 INFO  org.testng.internal.Utils - [Utils] MethodGroupsHelper.collectMethodsByGroup() took 0 ms.
2026-04-24 10:23:17 INFO  org.testng.internal.Utils - [Utils] MethodGroupsHelper.sortMethods() took 0 ms.
2026-04-24 10:23:17 INFO  org.testng.internal.Utils - [Utils] MethodGroupsHelper.collectMethodsByGroup() took 0 ms.
2026-04-24 10:23:17 INFO  org.testng.internal.Utils - [Utils] MethodGroupsHelper.sortMethods() took 0 ms.
2026-04-24 10:23:17 INFO  org.testng.internal.Utils - [Utils] MethodGroupsHelper.collectMethodsByGroup() took 0 ms.
2026-04-24 10:23:17 INFO  org.testng.internal.Utils - [Utils] MethodGroupsHelper.sortMethods() took 0 ms.
2026-04-24 10:23:17 INFO  org.testng.internal.Utils - [Utils] MethodGroupsHelper.collectMethodsByGroup() took 3 ms.
2026-04-24 10:23:17 INFO  org.testng.internal.Utils - [Utils] MethodGroupsHelper.sortMethods() took 10 ms.
2026-04-24 10:23:17 INFO  org.testng.internal.Utils - [Utils] MethodGroupsHelper.collectMethodsByGroup() took 0 ms.
2026-04-24 10:23:17 INFO  org.testng.internal.Utils - [Utils] MethodGroupsHelper.sortMethods() took 0 ms.
2026-04-24 10:23:17 INFO  org.testng.internal.Utils - [Utils] MethodGroupsHelper.collectMethodsByGroup() took 0 ms.
2026-04-24 10:23:17 INFO  org.testng.internal.Utils - [Utils] MethodGroupsHelper.sortMethods() took 0 ms.
2026-04-24 10:23:17 INFO  org.testng.internal.Utils - [Utils] MethodGroupsHelper.collectMethodsByGroup() took 0 ms.
2026-04-24 10:23:17 INFO  org.testng.internal.Utils - [Utils] MethodGroupsHelper.sortMethods() took 0 ms.
2026-04-24 10:23:17 INFO  org.testng.internal.Utils - [Utils] MethodGroupsHelper.collectMethodsByGroup() took 10 ms.
2026-04-24 10:23:17 INFO  org.testng.internal.Utils - [Utils] MethodGroupsHelper.sortMethods() took 0 ms.
2026-04-24 10:23:17 INFO  org.testng.internal.Utils - [Utils] MethodGroupsHelper.collectMethodsByGroup() took 0 ms.
2026-04-24 10:23:17 INFO  org.testng.internal.Utils - [Utils] MethodGroupsHelper.sortMethods() took 0 ms.
2026-04-24 10:23:17 INFO  org.testng.internal.Utils - [Utils] MethodGroupsHelper.collectMethodsByGroup() took 0 ms.
2026-04-24 10:23:17 INFO  org.testng.internal.Utils - [Utils] MethodGroupsHelper.sortMethods() took 0 ms.
2026-04-24 10:23:17 INFO  org.testng.internal.Utils - [TestNG] Running:
  C:\Users\Rahul\AppData\Local\Temp\testng-eclipse-1461961332\testng-customsuite.xml

2026-04-24 10:23:17 INFO  org.testng.internal.Utils - [Utils] DynamicGraphHelper.createDynamicGraph() took 5 ms.
2026-04-24 10:23:55 INFO  org.testng.internal.Utils - [TestNG] Time taken by org.testng.reporters.jq.Main@4e682398: 58 ms
2026-04-24 10:23:55 INFO  org.testng.internal.Utils - [TestNG] Time taken by org.testng.reporters.FailedReporter@7f37b6d9: 16 ms
2026-04-24 10:23:55 INFO  org.testng.internal.Utils - [TestNG] Time taken by org.testng.reporters.XMLReporter@625a4ff: 12 ms
2026-04-24 10:23:55 INFO  org.testng.internal.Utils - [TestNG] Time taken by org.testng.reporters.EmailableReporter2@367f0121: 10 ms
2026-04-24 10:23:55 INFO  org.testng.internal.Utils - [TestNG] Time taken by org.testng.reporters.JUnitReportReporter@27fe9713: 10 ms
2026-04-24 10:23:55 INFO  org.testng.internal.Utils - [TestNG] Time taken by org.testng.internal.ExitCodeListener@11c3ff67: 0 ms
2026-04-24 10:25:49 DEBUG org.testng.TestNG - suiteXmlPath: "C:\Users\Rahul\AppData\Local\Temp\testng-eclipse--1284393286\testng-customsuite.xml"
2026-04-24 10:25:49 INFO  org.testng.internal.Utils - [Utils] MethodGroupsHelper.collectMethodsByGroup() took 0 ms.
2026-04-24 10:25:49 INFO  org.testng.internal.Utils - [Utils] MethodGroupsHelper.sortMethods() took 1 ms.
2026-04-24 10:25:49 INFO  org.testng.internal.Utils - [Utils] MethodGroupsHelper.collectMethodsByGroup() took 0 ms.
2026-04-24 10:25:49 INFO  org.testng.internal.Utils - [Utils] MethodGroupsHelper.sortMethods() took 0 ms.
2026-04-24 10:25:49 INFO  org.testng.internal.Utils - [Utils] MethodGroupsHelper.collectMethodsByGroup() took 0 ms.
2026-04-24 10:25:49 INFO  org.testng.internal.Utils - [Utils] MethodGroupsHelper.sortMethods() took 0 ms.
2026-04-24 10:25:49 INFO  org.testng.internal.Utils - [Utils] MethodGroupsHelper.collectMethodsByGroup() took 0 ms.
2026-04-24 10:25:49 INFO  org.testng.internal.Utils - [Utils] MethodGroupsHelper.sortMethods() took 0 ms.
2026-04-24 10:25:49 INFO  org.testng.internal.Utils - [Utils] MethodGroupsHelper.collectMethodsByGroup() took 0 ms.
2026-04-24 10:25:49 INFO  org.testng.internal.Utils - [Utils] MethodGroupsHelper.sortMethods() took 0 ms.
2026-04-24 10:25:49 INFO  org.testng.internal.Utils - [Utils] MethodGroupsHelper.collectMethodsByGroup() took 0 ms.
2026-04-24 10:25:49 INFO  org.testng.internal.Utils - [Utils] MethodGroupsHelper.sortMethods() took 0 ms.
2026-04-24 10:25:49 INFO  org.testng.internal.Utils - [Utils] MethodGroupsHelper.collectMethodsByGroup() took 0 ms.
2026-04-24 10:25:49 INFO  org.testng.internal.Utils - [Utils] MethodGroupsHelper.sortMethods() took 0 ms.
2026-04-24 10:25:49 INFO  org.testng.internal.Utils - [Utils] MethodGroupsHelper.collectMethodsByGroup() took 0 ms.
2026-04-24 10:25:49 INFO  org.testng.internal.Utils - [Utils] MethodGroupsHelper.sortMethods() took 0 ms.
2026-04-24 10:25:49 INFO  org.testng.internal.Utils - [Utils] MethodGroupsHelper.collectMethodsByGroup() took 11 ms.
2026-04-24 10:25:49 INFO  org.testng.internal.Utils - [Utils] MethodGroupsHelper.sortMethods() took 16 ms.
2026-04-24 10:25:49 INFO  org.testng.internal.Utils - [Utils] MethodGroupsHelper.collectMethodsByGroup() took 0 ms.
2026-04-24 10:25:49 INFO  org.testng.internal.Utils - [Utils] MethodGroupsHelper.sortMethods() took 0 ms.
2026-04-24 10:25:49 INFO  org.testng.internal.Utils - [Utils] MethodGroupsHelper.collectMethodsByGroup() took 0 ms.
2026-04-24 10:25:49 INFO  org.testng.internal.Utils - [Utils] MethodGroupsHelper.sortMethods() took 0 ms.
2026-04-24 10:25:49 INFO  org.testng.internal.Utils - [Utils] MethodGroupsHelper.collectMethodsByGroup() took 0 ms.
2026-04-24 10:25:49 INFO  org.testng.internal.Utils - [Utils] MethodGroupsHelper.sortMethods() took 0 ms.
2026-04-24 10:25:49 INFO  org.testng.internal.Utils - [Utils] MethodGroupsHelper.collectMethodsByGroup() took 12 ms.
2026-04-24 10:25:49 INFO  org.testng.internal.Utils - [Utils] MethodGroupsHelper.sortMethods() took 1 ms.
2026-04-24 10:25:49 INFO  org.testng.internal.Utils - [Utils] MethodGroupsHelper.collectMethodsByGroup() took 0 ms.
2026-04-24 10:25:49 INFO  org.testng.internal.Utils - [Utils] MethodGroupsHelper.sortMethods() took 0 ms.
2026-04-24 10:25:49 INFO  org.testng.internal.Utils - [Utils] MethodGroupsHelper.collectMethodsByGroup() took 0 ms.
2026-04-24 10:25:49 INFO  org.testng.internal.Utils - [Utils] MethodGroupsHelper.sortMethods() took 0 ms.
2026-04-24 10:25:49 INFO  org.testng.internal.Utils - [TestNG] Running:
  C:\Users\Rahul\AppData\Local\Temp\testng-eclipse--1284393286\testng-customsuite.xml

2026-04-24 10:25:50 INFO  org.testng.internal.Utils - [Utils] DynamicGraphHelper.createDynamicGraph() took 6 ms.
2026-04-24 10:27:28 INFO  org.testng.internal.Utils - [TestNG] Time taken by org.testng.reporters.jq.Main@57151b3a: 60 ms
2026-04-24 10:27:28 INFO  org.testng.internal.Utils - [TestNG] Time taken by org.testng.reporters.FailedReporter@26e8ff8c: 11 ms
2026-04-24 10:27:28 INFO  org.testng.internal.Utils - [TestNG] Time taken by org.testng.reporters.XMLReporter@1edccfd4: 12 ms
2026-04-24 10:27:28 INFO  org.testng.internal.Utils - [TestNG] Time taken by org.testng.reporters.EmailableReporter2@291a4791: 13 ms
2026-04-24 10:27:28 INFO  org.testng.internal.Utils - [TestNG] Time taken by org.testng.reporters.JUnitReportReporter@5ec88f9e: 10 ms
2026-04-24 10:27:28 INFO  org.testng.internal.Utils - [TestNG] Time taken by org.testng.internal.ExitCodeListener@7a04f730: 0 ms
2026-04-24 10:27:41 DEBUG org.testng.TestNG - suiteXmlPath: "C:\Users\Rahul\AppData\Local\Temp\testng-eclipse-96455192\testng-customsuite.xml"
2026-04-24 10:27:41 INFO  org.testng.internal.Utils - [Utils] MethodGroupsHelper.collectMethodsByGroup() took 1 ms.
2026-04-24 10:27:41 INFO  org.testng.internal.Utils - [Utils] MethodGroupsHelper.sortMethods() took 0 ms.
2026-04-24 10:27:41 INFO  org.testng.internal.Utils - [Utils] MethodGroupsHelper.collectMethodsByGroup() took 0 ms.
2026-04-24 10:27:41 INFO  org.testng.internal.Utils - [Utils] MethodGroupsHelper.sortMethods() took 0 ms.
2026-04-24 10:27:41 INFO  org.testng.internal.Utils - [Utils] MethodGroupsHelper.collectMethodsByGroup() took 0 ms.
2026-04-24 10:27:41 INFO  org.testng.internal.Utils - [Utils] MethodGroupsHelper.sortMethods() took 0 ms.
2026-04-24 10:27:41 INFO  org.testng.internal.Utils - [Utils] MethodGroupsHelper.collectMethodsByGroup() took 0 ms.
2026-04-24 10:27:41 INFO  org.testng.internal.Utils - [Utils] MethodGroupsHelper.sortMethods() took 0 ms.
2026-04-24 10:27:41 INFO  org.testng.internal.Utils - [Utils] MethodGroupsHelper.collectMethodsByGroup() took 0 ms.
2026-04-24 10:27:41 INFO  org.testng.internal.Utils - [Utils] MethodGroupsHelper.sortMethods() took 0 ms.
2026-04-24 10:27:41 INFO  org.testng.internal.Utils - [Utils] MethodGroupsHelper.collectMethodsByGroup() took 0 ms.
2026-04-24 10:27:41 INFO  org.testng.internal.Utils - [Utils] MethodGroupsHelper.sortMethods() took 0 ms.
2026-04-24 10:27:41 INFO  org.testng.internal.Utils - [Utils] MethodGroupsHelper.collectMethodsByGroup() took 0 ms.
2026-04-24 10:27:41 INFO  org.testng.internal.Utils - [Utils] MethodGroupsHelper.sortMethods() took 0 ms.
2026-04-24 10:27:41 INFO  org.testng.internal.Utils - [Utils] MethodGroupsHelper.collectMethodsByGroup() took 0 ms.
2026-04-24 10:27:41 INFO  org.testng.internal.Utils - [Utils] MethodGroupsHelper.sortMethods() took 0 ms.
2026-04-24 10:27:41 INFO  org.testng.internal.Utils - [Utils] MethodGroupsHelper.collectMethodsByGroup() took 7 ms.
2026-04-24 10:27:41 INFO  org.testng.internal.Utils - [Utils] MethodGroupsHelper.sortMethods() took 14 ms.
2026-04-24 10:27:41 INFO  org.testng.internal.Utils - [Utils] MethodGroupsHelper.collectMethodsByGroup() took 0 ms.
2026-04-24 10:27:41 INFO  org.testng.internal.Utils - [Utils] MethodGroupsHelper.sortMethods() took 0 ms.
2026-04-24 10:27:41 INFO  org.testng.internal.Utils - [Utils] MethodGroupsHelper.collectMethodsByGroup() took 0 ms.
2026-04-24 10:27:41 INFO  org.testng.internal.Utils - [Utils] MethodGroupsHelper.sortMethods() took 0 ms.
2026-04-24 10:27:41 INFO  org.testng.internal.Utils - [Utils] MethodGroupsHelper.collectMethodsByGroup() took 0 ms.
2026-04-24 10:27:41 INFO  org.testng.internal.Utils - [Utils] MethodGroupsHelper.sortMethods() took 0 ms.
2026-04-24 10:27:41 INFO  org.testng.internal.Utils - [Utils] MethodGroupsHelper.collectMethodsByGroup() took 13 ms.
2026-04-24 10:27:41 INFO  org.testng.internal.Utils - [Utils] MethodGroupsHelper.sortMethods() took 0 ms.
2026-04-24 10:27:41 INFO  org.testng.internal.Utils - [Utils] MethodGroupsHelper.collectMethodsByGroup() took 0 ms.
2026-04-24 10:27:41 INFO  org.testng.internal.Utils - [Utils] MethodGroupsHelper.sortMethods() took 0 ms.
2026-04-24 10:27:41 INFO  org.testng.internal.Utils - [Utils] MethodGroupsHelper.collectMethodsByGroup() took 0 ms.
2026-04-24 10:27:41 INFO  org.testng.internal.Utils - [Utils] MethodGroupsHelper.sortMethods() took 0 ms.
2026-04-24 10:27:41 INFO  org.testng.internal.Utils - [TestNG] Running:
  C:\Users\Rahul\AppData\Local\Temp\testng-eclipse-96455192\testng-customsuite.xml

2026-04-24 10:27:41 INFO  org.testng.internal.Utils - [Utils] DynamicGraphHelper.createDynamicGraph() took 4 ms.
2026-04-24 10:29:07 DEBUG org.testng.TestNG - suiteXmlPath: "C:\Users\Rahul\AppData\Local\Temp\testng-eclipse--1682114735\testng-customsuite.xml"
2026-04-24 10:29:07 INFO  org.testng.internal.Utils - [Utils] MethodGroupsHelper.collectMethodsByGroup() took 0 ms.
2026-04-24 10:29:07 INFO  org.testng.internal.Utils - [Utils] MethodGroupsHelper.sortMethods() took 1 ms.
2026-04-24 10:29:07 INFO  org.testng.internal.Utils - [Utils] MethodGroupsHelper.collectMethodsByGroup() took 0 ms.
2026-04-24 10:29:07 INFO  org.testng.internal.Utils - [Utils] MethodGroupsHelper.sortMethods() took 0 ms.
2026-04-24 10:29:07 INFO  org.testng.internal.Utils - [Utils] MethodGroupsHelper.collectMethodsByGroup() took 0 ms.
2026-04-24 10:29:07 INFO  org.testng.internal.Utils - [Utils] MethodGroupsHelper.sortMethods() took 0 ms.
2026-04-24 10:29:07 INFO  org.testng.internal.Utils - [Utils] MethodGroupsHelper.collectMethodsByGroup() took 0 ms.
2026-04-24 10:29:07 INFO  org.testng.internal.Utils - [Utils] MethodGroupsHelper.sortMethods() took 0 ms.
2026-04-24 10:29:07 INFO  org.testng.internal.Utils - [Utils] MethodGroupsHelper.collectMethodsByGroup() took 0 ms.
2026-04-24 10:29:07 INFO  org.testng.internal.Utils - [Utils] MethodGroupsHelper.sortMethods() took 0 ms.
2026-04-24 10:29:07 INFO  org.testng.internal.Utils - [Utils] MethodGroupsHelper.collectMethodsByGroup() took 0 ms.
2026-04-24 10:29:07 INFO  org.testng.internal.Utils - [Utils] MethodGroupsHelper.sortMethods() took 0 ms.
2026-04-24 10:29:07 INFO  org.testng.internal.Utils - [Utils] MethodGroupsHelper.collectMethodsByGroup() took 0 ms.
2026-04-24 10:29:07 INFO  org.testng.internal.Utils - [Utils] MethodGroupsHelper.sortMethods() took 0 ms.
2026-04-24 10:29:07 INFO  org.testng.internal.Utils - [Utils] MethodGroupsHelper.collectMethodsByGroup() took 0 ms.
2026-04-24 10:29:07 INFO  org.testng.internal.Utils - [Utils] MethodGroupsHelper.sortMethods() took 0 ms.
2026-04-24 10:29:07 INFO  org.testng.internal.Utils - [Utils] MethodGroupsHelper.collectMethodsByGroup() took 6 ms.
2026-04-24 10:29:07 INFO  org.testng.internal.Utils - [Utils] MethodGroupsHelper.sortMethods() took 9 ms.
2026-04-24 10:29:07 INFO  org.testng.internal.Utils - [Utils] MethodGroupsHelper.collectMethodsByGroup() took 0 ms.
2026-04-24 10:29:07 INFO  org.testng.internal.Utils - [Utils] MethodGroupsHelper.sortMethods() took 0 ms.
2026-04-24 10:29:07 INFO  org.testng.internal.Utils - [Utils] MethodGroupsHelper.collectMethodsByGroup() took 0 ms.
2026-04-24 10:29:07 INFO  org.testng.internal.Utils - [Utils] MethodGroupsHelper.sortMethods() took 0 ms.
2026-04-24 10:29:07 INFO  org.testng.internal.Utils - [Utils] MethodGroupsHelper.collectMethodsByGroup() took 0 ms.
2026-04-24 10:29:07 INFO  org.testng.internal.Utils - [Utils] MethodGroupsHelper.sortMethods() took 0 ms.
2026-04-24 10:29:07 INFO  org.testng.internal.Utils - [Utils] MethodGroupsHelper.collectMethodsByGroup() took 8 ms.
2026-04-24 10:29:07 INFO  org.testng.internal.Utils - [Utils] MethodGroupsHelper.sortMethods() took 0 ms.
2026-04-24 10:29:07 INFO  org.testng.internal.Utils - [Utils] MethodGroupsHelper.collectMethodsByGroup() took 0 ms.
2026-04-24 10:29:07 INFO  org.testng.internal.Utils - [Utils] MethodGroupsHelper.sortMethods() took 0 ms.
2026-04-24 10:29:07 INFO  org.testng.internal.Utils - [Utils] MethodGroupsHelper.collectMethodsByGroup() took 0 ms.
2026-04-24 10:29:07 INFO  org.testng.internal.Utils - [Utils] MethodGroupsHelper.sortMethods() took 0 ms.
2026-04-24 10:29:07 INFO  org.testng.internal.Utils - [TestNG] Running:
  C:\Users\Rahul\AppData\Local\Temp\testng-eclipse--1682114735\testng-customsuite.xml

2026-04-24 10:29:07 INFO  org.testng.internal.Utils - [Utils] DynamicGraphHelper.createDynamicGraph() took 6 ms.
2026-04-24 10:29:20 INFO  org.testng.internal.Utils - [TestNG] Time taken by org.testng.reporters.jq.Main@56a4abd0: 59 ms
2026-04-24 10:29:20 INFO  org.testng.internal.Utils - [TestNG] Time taken by org.testng.reporters.FailedReporter@6dcab9d9: 12 ms
2026-04-24 10:29:20 INFO  org.testng.internal.Utils - [TestNG] Time taken by org.testng.reporters.XMLReporter@590d6c76: 11 ms
2026-04-24 10:29:20 INFO  org.testng.internal.Utils - [TestNG] Time taken by org.testng.reporters.EmailableReporter2@8c43966: 10 ms
2026-04-24 10:29:20 INFO  org.testng.internal.Utils - [TestNG] Time taken by org.testng.reporters.JUnitReportReporter@1d289d3f: 11 ms
2026-04-24 10:29:20 INFO  org.testng.internal.Utils - [TestNG] Time taken by org.testng.internal.ExitCodeListener@10f405ff: 0 ms
2026-04-24 10:29:42 INFO  org.testng.internal.Utils - [TestNG] Time taken by org.testng.reporters.jq.Main@75d4a80f: 96 ms
2026-04-24 10:29:42 INFO  org.testng.internal.Utils - [TestNG] Time taken by org.testng.reporters.FailedReporter@117d32e: 1 ms
2026-04-24 10:29:42 INFO  org.testng.internal.Utils - [TestNG] Time taken by org.testng.reporters.XMLReporter@74170687: 11 ms
2026-04-24 10:29:42 INFO  org.testng.internal.Utils - [TestNG] Time taken by org.testng.reporters.EmailableReporter2@3d7fb838: 7 ms
2026-04-24 10:29:42 INFO  org.testng.internal.Utils - [TestNG] Time taken by org.testng.reporters.JUnitReportReporter@268cbb86: 8 ms
2026-04-24 10:29:42 INFO  org.testng.internal.Utils - [TestNG] Time taken by org.testng.internal.ExitCodeListener@10f7918f: 0 ms
2026-04-24 10:30:03 DEBUG org.testng.TestNG - suiteXmlPath: "C:\Users\Rahul\AppData\Local\Temp\testng-eclipse-1008911018\testng-customsuite.xml"
2026-04-24 10:30:03 INFO  org.testng.internal.Utils - [Utils] MethodGroupsHelper.collectMethodsByGroup() took 1 ms.
2026-04-24 10:30:03 INFO  org.testng.internal.Utils - [Utils] MethodGroupsHelper.sortMethods() took 2 ms.
2026-04-24 10:30:03 INFO  org.testng.internal.Utils - [Utils] MethodGroupsHelper.collectMethodsByGroup() took 0 ms.
2026-04-24 10:30:03 INFO  org.testng.internal.Utils - [Utils] MethodGroupsHelper.sortMethods() took 1 ms.
2026-04-24 10:30:03 INFO  org.testng.internal.Utils - [Utils] MethodGroupsHelper.collectMethodsByGroup() took 0 ms.
2026-04-24 10:30:03 INFO  org.testng.internal.Utils - [Utils] MethodGroupsHelper.sortMethods() took 0 ms.
2026-04-24 10:30:03 INFO  org.testng.internal.Utils - [Utils] MethodGroupsHelper.collectMethodsByGroup() took 0 ms.
2026-04-24 10:30:03 INFO  org.testng.internal.Utils - [Utils] MethodGroupsHelper.sortMethods() took 0 ms.
2026-04-24 10:30:03 INFO  org.testng.internal.Utils - [Utils] MethodGroupsHelper.collectMethodsByGroup() took 0 ms.
2026-04-24 10:30:03 INFO  org.testng.internal.Utils - [Utils] MethodGroupsHelper.sortMethods() took 0 ms.
2026-04-24 10:30:03 INFO  org.testng.internal.Utils - [Utils] MethodGroupsHelper.collectMethodsByGroup() took 0 ms.
2026-04-24 10:30:03 INFO  org.testng.internal.Utils - [Utils] MethodGroupsHelper.sortMethods() took 0 ms.
2026-04-24 10:30:03 INFO  org.testng.internal.Utils - [Utils] MethodGroupsHelper.collectMethodsByGroup() took 0 ms.
2026-04-24 10:30:03 INFO  org.testng.internal.Utils - [Utils] MethodGroupsHelper.sortMethods() took 0 ms.
2026-04-24 10:30:03 INFO  org.testng.internal.Utils - [Utils] MethodGroupsHelper.collectMethodsByGroup() took 0 ms.
2026-04-24 10:30:03 INFO  org.testng.internal.Utils - [Utils] MethodGroupsHelper.sortMethods() took 0 ms.
2026-04-24 10:30:03 INFO  org.testng.internal.Utils - [Utils] MethodGroupsHelper.collectMethodsByGroup() took 9 ms.
2026-04-24 10:30:03 INFO  org.testng.internal.Utils - [Utils] MethodGroupsHelper.sortMethods() took 20 ms.
2026-04-24 10:30:03 INFO  org.testng.internal.Utils - [Utils] MethodGroupsHelper.collectMethodsByGroup() took 0 ms.
2026-04-24 10:30:03 INFO  org.testng.internal.Utils - [Utils] MethodGroupsHelper.sortMethods() took 0 ms.
2026-04-24 10:30:03 INFO  org.testng.internal.Utils - [Utils] MethodGroupsHelper.collectMethodsByGroup() took 0 ms.
2026-04-24 10:30:03 INFO  org.testng.internal.Utils - [Utils] MethodGroupsHelper.sortMethods() took 0 ms.
2026-04-24 10:30:03 INFO  org.testng.internal.Utils - [Utils] MethodGroupsHelper.collectMethodsByGroup() took 0 ms.
2026-04-24 10:30:03 INFO  org.testng.internal.Utils - [Utils] MethodGroupsHelper.sortMethods() took 0 ms.
2026-04-24 10:30:03 INFO  org.testng.internal.Utils - [Utils] MethodGroupsHelper.collectMethodsByGroup() took 12 ms.
2026-04-24 10:30:03 INFO  org.testng.internal.Utils - [Utils] MethodGroupsHelper.sortMethods() took 1 ms.
2026-04-24 10:30:03 INFO  org.testng.internal.Utils - [Utils] MethodGroupsHelper.collectMethodsByGroup() took 0 ms.
2026-04-24 10:30:03 INFO  org.testng.internal.Utils - [Utils] MethodGroupsHelper.sortMethods() took 0 ms.
2026-04-24 10:30:03 INFO  org.testng.internal.Utils - [Utils] MethodGroupsHelper.collectMethodsByGroup() took 0 ms.
2026-04-24 10:30:03 INFO  org.testng.internal.Utils - [Utils] MethodGroupsHelper.sortMethods() took 0 ms.
2026-04-24 10:30:03 INFO  org.testng.internal.Utils - [TestNG] Running:
  C:\Users\Rahul\AppData\Local\Temp\testng-eclipse-1008911018\testng-customsuite.xml

2026-04-24 10:30:03 INFO  org.testng.internal.Utils - [Utils] DynamicGraphHelper.createDynamicGraph() took 3 ms.
2026-04-24 10:30:11 INFO  org.testng.internal.Utils - [TestNG] Time taken by org.testng.reporters.jq.Main@65d57e4e: 51 ms
2026-04-24 10:30:11 INFO  org.testng.internal.Utils - [TestNG] Time taken by org.testng.reporters.FailedReporter@476ee5b3: 10 ms
2026-04-24 10:30:11 INFO  org.testng.internal.Utils - [TestNG] Time taken by org.testng.reporters.XMLReporter@720bf653: 12 ms
2026-04-24 10:30:11 INFO  org.testng.internal.Utils - [TestNG] Time taken by org.testng.reporters.EmailableReporter2@2133661d: 9 ms
2026-04-24 10:30:11 INFO  org.testng.internal.Utils - [TestNG] Time taken by org.testng.reporters.JUnitReportReporter@1e43e323: 11 ms
2026-04-24 10:30:11 INFO  org.testng.internal.Utils - [TestNG] Time taken by org.testng.internal.ExitCodeListener@4a67b4ec: 0 ms
2026-04-24 10:30:39 DEBUG org.testng.TestNG - suiteXmlPath: "C:\Users\Rahul\AppData\Local\Temp\testng-eclipse--38932092\testng-customsuite.xml"
2026-04-24 10:30:40 INFO  org.testng.internal.Utils - [Utils] MethodGroupsHelper.collectMethodsByGroup() took 0 ms.
2026-04-24 10:30:40 INFO  org.testng.internal.Utils - [Utils] MethodGroupsHelper.sortMethods() took 1 ms.
2026-04-24 10:30:40 INFO  org.testng.internal.Utils - [Utils] MethodGroupsHelper.collectMethodsByGroup() took 0 ms.
2026-04-24 10:30:40 INFO  org.testng.internal.Utils - [Utils] MethodGroupsHelper.sortMethods() took 0 ms.
2026-04-24 10:30:40 INFO  org.testng.internal.Utils - [Utils] MethodGroupsHelper.collectMethodsByGroup() took 0 ms.
2026-04-24 10:30:40 INFO  org.testng.internal.Utils - [Utils] MethodGroupsHelper.sortMethods() took 0 ms.
2026-04-24 10:30:40 INFO  org.testng.internal.Utils - [Utils] MethodGroupsHelper.collectMethodsByGroup() took 0 ms.
2026-04-24 10:30:40 INFO  org.testng.internal.Utils - [Utils] MethodGroupsHelper.sortMethods() took 0 ms.
2026-04-24 10:30:40 INFO  org.testng.internal.Utils - [Utils] MethodGroupsHelper.collectMethodsByGroup() took 0 ms.
2026-04-24 10:30:40 INFO  org.testng.internal.Utils - [Utils] MethodGroupsHelper.sortMethods() took 0 ms.
2026-04-24 10:30:40 INFO  org.testng.internal.Utils - [Utils] MethodGroupsHelper.collectMethodsByGroup() took 0 ms.
2026-04-24 10:30:40 INFO  org.testng.internal.Utils - [Utils] MethodGroupsHelper.sortMethods() took 0 ms.
2026-04-24 10:30:40 INFO  org.testng.internal.Utils - [Utils] MethodGroupsHelper.collectMethodsByGroup() took 0 ms.
2026-04-24 10:30:40 INFO  org.testng.internal.Utils - [Utils] MethodGroupsHelper.sortMethods() took 0 ms.
2026-04-24 10:30:40 INFO  org.testng.internal.Utils - [Utils] MethodGroupsHelper.collectMethodsByGroup() took 0 ms.
2026-04-24 10:30:40 INFO  org.testng.internal.Utils - [Utils] MethodGroupsHelper.sortMethods() took 0 ms.
2026-04-24 10:30:40 INFO  org.testng.internal.Utils - [Utils] MethodGroupsHelper.collectMethodsByGroup() took 6 ms.
2026-04-24 10:30:40 INFO  org.testng.internal.Utils - [Utils] MethodGroupsHelper.sortMethods() took 10 ms.
2026-04-24 10:30:40 INFO  org.testng.internal.Utils - [Utils] MethodGroupsHelper.collectMethodsByGroup() took 0 ms.
2026-04-24 10:30:40 INFO  org.testng.internal.Utils - [Utils] MethodGroupsHelper.sortMethods() took 0 ms.
2026-04-24 10:30:40 INFO  org.testng.internal.Utils - [Utils] MethodGroupsHelper.collectMethodsByGroup() took 0 ms.
2026-04-24 10:30:40 INFO  org.testng.internal.Utils - [Utils] MethodGroupsHelper.sortMethods() took 0 ms.
2026-04-24 10:30:40 INFO  org.testng.internal.Utils - [Utils] MethodGroupsHelper.collectMethodsByGroup() took 0 ms.
2026-04-24 10:30:40 INFO  org.testng.internal.Utils - [Utils] MethodGroupsHelper.sortMethods() took 0 ms.
2026-04-24 10:30:40 INFO  org.testng.internal.Utils - [Utils] MethodGroupsHelper.collectMethodsByGroup() took 10 ms.
2026-04-24 10:30:40 INFO  org.testng.internal.Utils - [Utils] MethodGroupsHelper.sortMethods() took 0 ms.
2026-04-24 10:30:40 INFO  org.testng.internal.Utils - [Utils] MethodGroupsHelper.collectMethodsByGroup() took 0 ms.
2026-04-24 10:30:40 INFO  org.testng.internal.Utils - [Utils] MethodGroupsHelper.sortMethods() took 0 ms.
2026-04-24 10:30:40 INFO  org.testng.internal.Utils - [Utils] MethodGroupsHelper.collectMethodsByGroup() took 0 ms.
2026-04-24 10:30:40 INFO  org.testng.internal.Utils - [Utils] MethodGroupsHelper.sortMethods() took 0 ms.
2026-04-24 10:30:40 INFO  org.testng.internal.Utils - [TestNG] Running:
  C:\Users\Rahul\AppData\Local\Temp\testng-eclipse--38932092\testng-customsuite.xml

2026-04-24 10:30:40 INFO  org.testng.internal.Utils - [Utils] DynamicGraphHelper.createDynamicGraph() took 2 ms.
2026-04-24 10:31:13 INFO  org.testng.internal.Utils - [TestNG] Time taken by org.testng.reporters.jq.Main@1a0b5323: 42 ms
2026-04-24 10:31:13 INFO  org.testng.internal.Utils - [TestNG] Time taken by org.testng.reporters.FailedReporter@5cbe2654: 8 ms
2026-04-24 10:31:13 INFO  org.testng.internal.Utils - [TestNG] Time taken by org.testng.reporters.XMLReporter@4715ae33: 7 ms
2026-04-24 10:31:13 INFO  org.testng.internal.Utils - [TestNG] Time taken by org.testng.reporters.EmailableReporter2@534c6767: 6 ms
2026-04-24 10:31:13 INFO  org.testng.internal.Utils - [TestNG] Time taken by org.testng.reporters.JUnitReportReporter@4d3ca6c7: 6 ms
2026-04-24 10:31:13 INFO  org.testng.internal.Utils - [TestNG] Time taken by org.testng.internal.ExitCodeListener@22e5f96e: 0 ms
2026-04-24 10:32:41 DEBUG org.testng.TestNG - suiteXmlPath: "C:\Users\Rahul\AppData\Local\Temp\testng-eclipse--1538128346\testng-customsuite.xml"
2026-04-24 10:32:41 INFO  org.testng.internal.Utils - [Utils] MethodGroupsHelper.collectMethodsByGroup() took 1 ms.
2026-04-24 10:32:41 INFO  org.testng.internal.Utils - [Utils] MethodGroupsHelper.sortMethods() took 1 ms.
2026-04-24 10:32:41 INFO  org.testng.internal.Utils - [Utils] MethodGroupsHelper.collectMethodsByGroup() took 0 ms.
2026-04-24 10:32:41 INFO  org.testng.internal.Utils - [Utils] MethodGroupsHelper.sortMethods() took 0 ms.
2026-04-24 10:32:41 INFO  org.testng.internal.Utils - [Utils] MethodGroupsHelper.collectMethodsByGroup() took 0 ms.
2026-04-24 10:32:41 INFO  org.testng.internal.Utils - [Utils] MethodGroupsHelper.sortMethods() took 0 ms.
2026-04-24 10:32:41 INFO  org.testng.internal.Utils - [Utils] MethodGroupsHelper.collectMethodsByGroup() took 0 ms.
2026-04-24 10:32:41 INFO  org.testng.internal.Utils - [Utils] MethodGroupsHelper.sortMethods() took 0 ms.
2026-04-24 10:32:41 INFO  org.testng.internal.Utils - [Utils] MethodGroupsHelper.collectMethodsByGroup() took 0 ms.
2026-04-24 10:32:41 INFO  org.testng.internal.Utils - [Utils] MethodGroupsHelper.sortMethods() took 0 ms.
2026-04-24 10:32:41 INFO  org.testng.internal.Utils - [Utils] MethodGroupsHelper.collectMethodsByGroup() took 0 ms.
2026-04-24 10:32:41 INFO  org.testng.internal.Utils - [Utils] MethodGroupsHelper.sortMethods() took 0 ms.
2026-04-24 10:32:41 INFO  org.testng.internal.Utils - [Utils] MethodGroupsHelper.collectMethodsByGroup() took 0 ms.
2026-04-24 10:32:41 INFO  org.testng.internal.Utils - [Utils] MethodGroupsHelper.sortMethods() took 0 ms.
2026-04-24 10:32:41 INFO  org.testng.internal.Utils - [Utils] MethodGroupsHelper.collectMethodsByGroup() took 0 ms.
2026-04-24 10:32:41 INFO  org.testng.internal.Utils - [Utils] MethodGroupsHelper.sortMethods() took 0 ms.
2026-04-24 10:32:41 INFO  org.testng.internal.Utils - [Utils] MethodGroupsHelper.collectMethodsByGroup() took 4 ms.
2026-04-24 10:32:41 INFO  org.testng.internal.Utils - [Utils] MethodGroupsHelper.sortMethods() took 8 ms.
2026-04-24 10:32:41 INFO  org.testng.internal.Utils - [Utils] MethodGroupsHelper.collectMethodsByGroup() took 0 ms.
2026-04-24 10:32:41 INFO  org.testng.internal.Utils - [Utils] MethodGroupsHelper.sortMethods() took 0 ms.
2026-04-24 10:32:41 INFO  org.testng.internal.Utils - [Utils] MethodGroupsHelper.collectMethodsByGroup() took 0 ms.
2026-04-24 10:32:41 INFO  org.testng.internal.Utils - [Utils] MethodGroupsHelper.sortMethods() took 0 ms.
2026-04-24 10:32:41 INFO  org.testng.internal.Utils - [Utils] MethodGroupsHelper.collectMethodsByGroup() took 0 ms.
2026-04-24 10:32:41 INFO  org.testng.internal.Utils - [Utils] MethodGroupsHelper.sortMethods() took 0 ms.
2026-04-24 10:32:41 INFO  org.testng.internal.Utils - [Utils] MethodGroupsHelper.collectMethodsByGroup() took 8 ms.
2026-04-24 10:32:41 INFO  org.testng.internal.Utils - [Utils] MethodGroupsHelper.sortMethods() took 0 ms.
2026-04-24 10:32:41 INFO  org.testng.internal.Utils - [Utils] MethodGroupsHelper.collectMethodsByGroup() took 0 ms.
2026-04-24 10:32:41 INFO  org.testng.internal.Utils - [Utils] MethodGroupsHelper.sortMethods() took 0 ms.
2026-04-24 10:32:41 INFO  org.testng.internal.Utils - [Utils] MethodGroupsHelper.collectMethodsByGroup() took 0 ms.
2026-04-24 10:32:41 INFO  org.testng.internal.Utils - [Utils] MethodGroupsHelper.sortMethods() took 0 ms.
2026-04-24 10:32:41 INFO  org.testng.internal.Utils - [TestNG] Running:
  C:\Users\Rahul\AppData\Local\Temp\testng-eclipse--1538128346\testng-customsuite.xml

2026-04-24 10:32:41 INFO  org.testng.internal.Utils - [Utils] DynamicGraphHelper.createDynamicGraph() took 4 ms.
2026-04-24 10:32:47 INFO  org.testng.internal.Utils - [TestNG] Time taken by org.testng.reporters.jq.Main@36bf84e: 38 ms
2026-04-24 10:32:47 INFO  org.testng.internal.Utils - [TestNG] Time taken by org.testng.reporters.FailedReporter@29138d3a: 10 ms
2026-04-24 10:32:47 INFO  org.testng.internal.Utils - [TestNG] Time taken by org.testng.reporters.XMLReporter@23a5818e: 5 ms
2026-04-24 10:32:47 INFO  org.testng.internal.Utils - [TestNG] Time taken by org.testng.reporters.EmailableReporter2@16e7b402: 5 ms
2026-04-24 10:32:47 INFO  org.testng.internal.Utils - [TestNG] Time taken by org.testng.reporters.JUnitReportReporter@2ba5aa7a: 5 ms
2026-04-24 10:32:47 INFO  org.testng.internal.Utils - [TestNG] Time taken by org.testng.internal.ExitCodeListener@4d3ca6c7: 0 ms
2026-04-24 10:33:25 DEBUG org.testng.TestNG - suiteXmlPath: "C:\Users\Rahul\AppData\Local\Temp\testng-eclipse--1265448645\testng-customsuite.xml"
2026-04-24 10:33:25 INFO  org.testng.internal.Utils - [Utils] MethodGroupsHelper.collectMethodsByGroup() took 0 ms.
2026-04-24 10:33:25 INFO  org.testng.internal.Utils - [Utils] MethodGroupsHelper.sortMethods() took 0 ms.
2026-04-24 10:33:25 INFO  org.testng.internal.Utils - [Utils] MethodGroupsHelper.collectMethodsByGroup() took 0 ms.
2026-04-24 10:33:25 INFO  org.testng.internal.Utils - [Utils] MethodGroupsHelper.sortMethods() took 0 ms.
2026-04-24 10:33:25 INFO  org.testng.internal.Utils - [Utils] MethodGroupsHelper.collectMethodsByGroup() took 0 ms.
2026-04-24 10:33:25 INFO  org.testng.internal.Utils - [Utils] MethodGroupsHelper.sortMethods() took 0 ms.
2026-04-24 10:33:25 INFO  org.testng.internal.Utils - [Utils] MethodGroupsHelper.collectMethodsByGroup() took 0 ms.
2026-04-24 10:33:25 INFO  org.testng.internal.Utils - [Utils] MethodGroupsHelper.sortMethods() took 0 ms.
2026-04-24 10:33:25 INFO  org.testng.internal.Utils - [Utils] MethodGroupsHelper.collectMethodsByGroup() took 0 ms.
2026-04-24 10:33:25 INFO  org.testng.internal.Utils - [Utils] MethodGroupsHelper.sortMethods() took 0 ms.
2026-04-24 10:33:25 INFO  org.testng.internal.Utils - [Utils] MethodGroupsHelper.collectMethodsByGroup() took 0 ms.
2026-04-24 10:33:25 INFO  org.testng.internal.Utils - [Utils] MethodGroupsHelper.sortMethods() took 0 ms.
2026-04-24 10:33:25 INFO  org.testng.internal.Utils - [Utils] MethodGroupsHelper.collectMethodsByGroup() took 0 ms.
2026-04-24 10:33:25 INFO  org.testng.internal.Utils - [Utils] MethodGroupsHelper.sortMethods() took 0 ms.
2026-04-24 10:33:25 INFO  org.testng.internal.Utils - [Utils] MethodGroupsHelper.collectMethodsByGroup() took 0 ms.
2026-04-24 10:33:25 INFO  org.testng.internal.Utils - [Utils] MethodGroupsHelper.sortMethods() took 0 ms.
2026-04-24 10:33:25 INFO  org.testng.internal.Utils - [Utils] MethodGroupsHelper.collectMethodsByGroup() took 5 ms.
2026-04-24 10:33:25 INFO  org.testng.internal.Utils - [Utils] MethodGroupsHelper.sortMethods() took 11 ms.
2026-04-24 10:33:25 INFO  org.testng.internal.Utils - [Utils] MethodGroupsHelper.collectMethodsByGroup() took 0 ms.
2026-04-24 10:33:25 INFO  org.testng.internal.Utils - [Utils] MethodGroupsHelper.sortMethods() took 0 ms.
2026-04-24 10:33:25 INFO  org.testng.internal.Utils - [Utils] MethodGroupsHelper.collectMethodsByGroup() took 0 ms.
2026-04-24 10:33:25 INFO  org.testng.internal.Utils - [Utils] MethodGroupsHelper.sortMethods() took 0 ms.
2026-04-24 10:33:25 INFO  org.testng.internal.Utils - [Utils] MethodGroupsHelper.collectMethodsByGroup() took 0 ms.
2026-04-24 10:33:25 INFO  org.testng.internal.Utils - [Utils] MethodGroupsHelper.sortMethods() took 0 ms.
2026-04-24 10:33:25 INFO  org.testng.internal.Utils - [Utils] MethodGroupsHelper.collectMethodsByGroup() took 9 ms.
2026-04-24 10:33:25 INFO  org.testng.internal.Utils - [Utils] MethodGroupsHelper.sortMethods() took 0 ms.
2026-04-24 10:33:25 INFO  org.testng.internal.Utils - [Utils] MethodGroupsHelper.collectMethodsByGroup() took 0 ms.
2026-04-24 10:33:25 INFO  org.testng.internal.Utils - [Utils] MethodGroupsHelper.sortMethods() took 0 ms.
2026-04-24 10:33:25 INFO  org.testng.internal.Utils - [Utils] MethodGroupsHelper.collectMethodsByGroup() took 0 ms.
2026-04-24 10:33:25 INFO  org.testng.internal.Utils - [Utils] MethodGroupsHelper.sortMethods() took 0 ms.
2026-04-24 10:33:25 INFO  org.testng.internal.Utils - [TestNG] Running:
  C:\Users\Rahul\AppData\Local\Temp\testng-eclipse--1265448645\testng-customsuite.xml

2026-04-24 10:33:25 INFO  org.testng.internal.Utils - [Utils] DynamicGraphHelper.createDynamicGraph() took 3 ms.
2026-04-24 10:34:04 INFO  org.testng.internal.Utils - [TestNG] Time taken by org.testng.reporters.jq.Main@abbe000: 42 ms
2026-04-24 10:34:04 INFO  org.testng.internal.Utils - [TestNG] Time taken by org.testng.reporters.FailedReporter@756aadfc: 8 ms
2026-04-24 10:34:04 INFO  org.testng.internal.Utils - [TestNG] Time taken by org.testng.reporters.XMLReporter@3c66b7d8: 8 ms
2026-04-24 10:34:04 INFO  org.testng.internal.Utils - [TestNG] Time taken by org.testng.reporters.EmailableReporter2@3ba348ca: 28 ms
2026-04-24 10:34:04 INFO  org.testng.internal.Utils - [TestNG] Time taken by org.testng.reporters.JUnitReportReporter@7102ac3e: 5 ms
2026-04-24 10:34:04 INFO  org.testng.internal.Utils - [TestNG] Time taken by org.testng.internal.ExitCodeListener@3f598450: 0 ms
2026-04-24 10:35:03 DEBUG org.testng.TestNG - suiteXmlPath: "C:\Users\Rahul\AppData\Local\Temp\testng-eclipse--673612368\testng-customsuite.xml"
2026-04-24 10:35:03 INFO  org.testng.internal.Utils - [Utils] MethodGroupsHelper.collectMethodsByGroup() took 0 ms.
2026-04-24 10:35:03 INFO  org.testng.internal.Utils - [Utils] MethodGroupsHelper.sortMethods() took 1 ms.
2026-04-24 10:35:03 INFO  org.testng.internal.Utils - [Utils] MethodGroupsHelper.collectMethodsByGroup() took 0 ms.
2026-04-24 10:35:03 INFO  org.testng.internal.Utils - [Utils] MethodGroupsHelper.sortMethods() took 0 ms.
2026-04-24 10:35:03 INFO  org.testng.internal.Utils - [Utils] MethodGroupsHelper.collectMethodsByGroup() took 0 ms.
2026-04-24 10:35:03 INFO  org.testng.internal.Utils - [Utils] MethodGroupsHelper.sortMethods() took 0 ms.
2026-04-24 10:35:03 INFO  org.testng.internal.Utils - [Utils] MethodGroupsHelper.collectMethodsByGroup() took 0 ms.
2026-04-24 10:35:03 INFO  org.testng.internal.Utils - [Utils] MethodGroupsHelper.sortMethods() took 0 ms.
2026-04-24 10:35:03 INFO  org.testng.internal.Utils - [Utils] MethodGroupsHelper.collectMethodsByGroup() took 0 ms.
2026-04-24 10:35:03 INFO  org.testng.internal.Utils - [Utils] MethodGroupsHelper.sortMethods() took 0 ms.
2026-04-24 10:35:03 INFO  org.testng.internal.Utils - [Utils] MethodGroupsHelper.collectMethodsByGroup() took 0 ms.
2026-04-24 10:35:03 INFO  org.testng.internal.Utils - [Utils] MethodGroupsHelper.sortMethods() took 0 ms.
2026-04-24 10:35:03 INFO  org.testng.internal.Utils - [Utils] MethodGroupsHelper.collectMethodsByGroup() took 0 ms.
2026-04-24 10:35:03 INFO  org.testng.internal.Utils - [Utils] MethodGroupsHelper.sortMethods() took 0 ms.
2026-04-24 10:35:03 INFO  org.testng.internal.Utils - [Utils] MethodGroupsHelper.collectMethodsByGroup() took 0 ms.
2026-04-24 10:35:03 INFO  org.testng.internal.Utils - [Utils] MethodGroupsHelper.sortMethods() took 0 ms.
2026-04-24 10:35:03 INFO  org.testng.internal.Utils - [Utils] MethodGroupsHelper.collectMethodsByGroup() took 5 ms.
2026-04-24 10:35:03 INFO  org.testng.internal.Utils - [Utils] MethodGroupsHelper.sortMethods() took 12 ms.
2026-04-24 10:35:03 INFO  org.testng.internal.Utils - [Utils] MethodGroupsHelper.collectMethodsByGroup() took 0 ms.
2026-04-24 10:35:03 INFO  org.testng.internal.Utils - [Utils] MethodGroupsHelper.sortMethods() took 0 ms.
2026-04-24 10:35:03 INFO  org.testng.internal.Utils - [Utils] MethodGroupsHelper.collectMethodsByGroup() took 0 ms.
2026-04-24 10:35:03 INFO  org.testng.internal.Utils - [Utils] MethodGroupsHelper.sortMethods() took 0 ms.
2026-04-24 10:35:03 INFO  org.testng.internal.Utils - [Utils] MethodGroupsHelper.collectMethodsByGroup() took 0 ms.
2026-04-24 10:35:03 INFO  org.testng.internal.Utils - [Utils] MethodGroupsHelper.sortMethods() took 0 ms.
2026-04-24 10:35:03 INFO  org.testng.internal.Utils - [Utils] MethodGroupsHelper.collectMethodsByGroup() took 9 ms.
2026-04-24 10:35:03 INFO  org.testng.internal.Utils - [Utils] MethodGroupsHelper.sortMethods() took 0 ms.
2026-04-24 10:35:03 INFO  org.testng.internal.Utils - [Utils] MethodGroupsHelper.collectMethodsByGroup() took 0 ms.
2026-04-24 10:35:03 INFO  org.testng.internal.Utils - [Utils] MethodGroupsHelper.sortMethods() took 0 ms.
2026-04-24 10:35:03 INFO  org.testng.internal.Utils - [Utils] MethodGroupsHelper.collectMethodsByGroup() took 0 ms.
2026-04-24 10:35:03 INFO  org.testng.internal.Utils - [Utils] MethodGroupsHelper.sortMethods() took 0 ms.
2026-04-24 10:35:03 INFO  org.testng.internal.Utils - [TestNG] Running:
  C:\Users\Rahul\AppData\Local\Temp\testng-eclipse--673612368\testng-customsuite.xml

2026-04-24 10:35:03 INFO  org.testng.internal.Utils - [Utils] DynamicGraphHelper.createDynamicGraph() took 4 ms.
2026-04-24 10:35:09 INFO  org.testng.internal.Utils - [TestNG] Time taken by org.testng.reporters.jq.Main@1a0b5323: 37 ms
2026-04-24 10:35:09 INFO  org.testng.internal.Utils - [TestNG] Time taken by org.testng.reporters.FailedReporter@5cbe2654: 9 ms
2026-04-24 10:35:09 INFO  org.testng.internal.Utils - [TestNG] Time taken by org.testng.reporters.XMLReporter@4715ae33: 6 ms
2026-04-24 10:35:09 INFO  org.testng.internal.Utils - [TestNG] Time taken by org.testng.reporters.EmailableReporter2@534c6767: 4 ms
2026-04-24 10:35:09 INFO  org.testng.internal.Utils - [TestNG] Time taken by org.testng.reporters.JUnitReportReporter@4d3ca6c7: 5 ms
2026-04-24 10:35:09 INFO  org.testng.internal.Utils - [TestNG] Time taken by org.testng.internal.ExitCodeListener@22e5f96e: 0 ms
2026-04-24 10:40:07 DEBUG org.testng.TestNG - suiteXmlPath: "C:\Users\Rahul\AppData\Local\Temp\testng-eclipse-1906758943\testng-customsuite.xml"
2026-04-24 10:40:07 INFO  org.testng.internal.Utils - [Utils] MethodGroupsHelper.collectMethodsByGroup() took 1 ms.
2026-04-24 10:40:07 INFO  org.testng.internal.Utils - [Utils] MethodGroupsHelper.sortMethods() took 2 ms.
2026-04-24 10:40:07 INFO  org.testng.internal.Utils - [Utils] MethodGroupsHelper.collectMethodsByGroup() took 0 ms.
2026-04-24 10:40:07 INFO  org.testng.internal.Utils - [Utils] MethodGroupsHelper.sortMethods() took 0 ms.
2026-04-24 10:40:07 INFO  org.testng.internal.Utils - [Utils] MethodGroupsHelper.collectMethodsByGroup() took 0 ms.
2026-04-24 10:40:07 INFO  org.testng.internal.Utils - [Utils] MethodGroupsHelper.sortMethods() took 0 ms.
2026-04-24 10:40:07 INFO  org.testng.internal.Utils - [Utils] MethodGroupsHelper.collectMethodsByGroup() took 0 ms.
2026-04-24 10:40:07 INFO  org.testng.internal.Utils - [Utils] MethodGroupsHelper.sortMethods() took 0 ms.
2026-04-24 10:40:07 INFO  org.testng.internal.Utils - [Utils] MethodGroupsHelper.collectMethodsByGroup() took 0 ms.
2026-04-24 10:40:07 INFO  org.testng.internal.Utils - [Utils] MethodGroupsHelper.sortMethods() took 0 ms.
2026-04-24 10:40:07 INFO  org.testng.internal.Utils - [Utils] MethodGroupsHelper.collectMethodsByGroup() took 0 ms.
2026-04-24 10:40:07 INFO  org.testng.internal.Utils - [Utils] MethodGroupsHelper.sortMethods() took 0 ms.
2026-04-24 10:40:07 INFO  org.testng.internal.Utils - [Utils] MethodGroupsHelper.collectMethodsByGroup() took 0 ms.
2026-04-24 10:40:07 INFO  org.testng.internal.Utils - [Utils] MethodGroupsHelper.sortMethods() took 1 ms.
2026-04-24 10:40:07 INFO  org.testng.internal.Utils - [Utils] MethodGroupsHelper.collectMethodsByGroup() took 0 ms.
2026-04-24 10:40:07 INFO  org.testng.internal.Utils - [Utils] MethodGroupsHelper.sortMethods() took 0 ms.
2026-04-24 10:40:07 INFO  org.testng.internal.Utils - [Utils] MethodGroupsHelper.collectMethodsByGroup() took 10 ms.
2026-04-24 10:40:07 INFO  org.testng.internal.Utils - [Utils] MethodGroupsHelper.sortMethods() took 16 ms.
2026-04-24 10:40:07 INFO  org.testng.internal.Utils - [Utils] MethodGroupsHelper.collectMethodsByGroup() took 1 ms.
2026-04-24 10:40:07 INFO  org.testng.internal.Utils - [Utils] MethodGroupsHelper.sortMethods() took 0 ms.
2026-04-24 10:40:07 INFO  org.testng.internal.Utils - [Utils] MethodGroupsHelper.collectMethodsByGroup() took 0 ms.
2026-04-24 10:40:07 INFO  org.testng.internal.Utils - [Utils] MethodGroupsHelper.sortMethods() took 0 ms.
2026-04-24 10:40:07 INFO  org.testng.internal.Utils - [Utils] MethodGroupsHelper.collectMethodsByGroup() took 0 ms.
2026-04-24 10:40:07 INFO  org.testng.internal.Utils - [Utils] MethodGroupsHelper.sortMethods() took 0 ms.
2026-04-24 10:40:07 INFO  org.testng.internal.Utils - [Utils] MethodGroupsHelper.collectMethodsByGroup() took 13 ms.
2026-04-24 10:40:07 INFO  org.testng.internal.Utils - [Utils] MethodGroupsHelper.sortMethods() took 1 ms.
2026-04-24 10:40:07 INFO  org.testng.internal.Utils - [Utils] MethodGroupsHelper.collectMethodsByGroup() took 0 ms.
2026-04-24 10:40:07 INFO  org.testng.internal.Utils - [Utils] MethodGroupsHelper.sortMethods() took 0 ms.
2026-04-24 10:40:07 INFO  org.testng.internal.Utils - [Utils] MethodGroupsHelper.collectMethodsByGroup() took 0 ms.
2026-04-24 10:40:07 INFO  org.testng.internal.Utils - [Utils] MethodGroupsHelper.sortMethods() took 0 ms.
2026-04-24 10:40:07 INFO  org.testng.internal.Utils - [TestNG] Running:
  C:\Users\Rahul\AppData\Local\Temp\testng-eclipse-1906758943\testng-customsuite.xml

2026-04-24 10:40:07 INFO  org.testng.internal.Utils - [Utils] DynamicGraphHelper.createDynamicGraph() took 5 ms.
2026-04-24 10:57:13 INFO  org.testng.internal.Utils - [TestNG] Time taken by org.testng.reporters.jq.Main@69fe0ed4: 71 ms
2026-04-24 10:57:13 INFO  org.testng.internal.Utils - [TestNG] Time taken by org.testng.reporters.FailedReporter@3f0d6038: 14 ms
2026-04-24 10:57:13 INFO  org.testng.internal.Utils - [TestNG] Time taken by org.testng.reporters.XMLReporter@17fa1336: 13 ms
2026-04-24 10:57:13 INFO  org.testng.internal.Utils - [TestNG] Time taken by org.testng.reporters.EmailableReporter2@291373d3: 14 ms
2026-04-24 10:57:13 INFO  org.testng.internal.Utils - [TestNG] Time taken by org.testng.reporters.JUnitReportReporter@4c58255: 10 ms
2026-04-24 10:57:13 INFO  org.testng.internal.Utils - [TestNG] Time taken by org.testng.internal.ExitCodeListener@eac3a26: 0 ms
2026-04-24 11:00:34 DEBUG org.testng.TestNG - suiteXmlPath: "C:\Users\Rahul\AppData\Local\Temp\testng-eclipse-2035256330\testng-customsuite.xml"
2026-04-24 11:00:35 INFO  org.testng.internal.Utils - [Utils] MethodGroupsHelper.collectMethodsByGroup() took 1 ms.
2026-04-24 11:00:35 INFO  org.testng.internal.Utils - [Utils] MethodGroupsHelper.sortMethods() took 3 ms.
2026-04-24 11:00:35 INFO  org.testng.internal.Utils - [Utils] MethodGroupsHelper.collectMethodsByGroup() took 0 ms.
2026-04-24 11:00:35 INFO  org.testng.internal.Utils - [Utils] MethodGroupsHelper.sortMethods() took 0 ms.
2026-04-24 11:00:35 INFO  org.testng.internal.Utils - [Utils] MethodGroupsHelper.collectMethodsByGroup() took 0 ms.
2026-04-24 11:00:35 INFO  org.testng.internal.Utils - [Utils] MethodGroupsHelper.sortMethods() took 0 ms.
2026-04-24 11:00:35 INFO  org.testng.internal.Utils - [Utils] MethodGroupsHelper.collectMethodsByGroup() took 0 ms.
2026-04-24 11:00:35 INFO  org.testng.internal.Utils - [Utils] MethodGroupsHelper.sortMethods() took 0 ms.
2026-04-24 11:00:35 INFO  org.testng.internal.Utils - [Utils] MethodGroupsHelper.collectMethodsByGroup() took 0 ms.
2026-04-24 11:00:35 INFO  org.testng.internal.Utils - [Utils] MethodGroupsHelper.sortMethods() took 0 ms.
2026-04-24 11:00:35 INFO  org.testng.internal.Utils - [Utils] MethodGroupsHelper.collectMethodsByGroup() took 0 ms.
2026-04-24 11:00:35 INFO  org.testng.internal.Utils - [Utils] MethodGroupsHelper.sortMethods() took 1 ms.
2026-04-24 11:00:35 INFO  org.testng.internal.Utils - [Utils] MethodGroupsHelper.collectMethodsByGroup() took 0 ms.
2026-04-24 11:00:35 INFO  org.testng.internal.Utils - [Utils] MethodGroupsHelper.sortMethods() took 0 ms.
2026-04-24 11:00:35 INFO  org.testng.internal.Utils - [Utils] MethodGroupsHelper.collectMethodsByGroup() took 0 ms.
2026-04-24 11:00:35 INFO  org.testng.internal.Utils - [Utils] MethodGroupsHelper.sortMethods() took 0 ms.
2026-04-24 11:00:35 INFO  org.testng.internal.Utils - [Utils] MethodGroupsHelper.collectMethodsByGroup() took 12 ms.
2026-04-24 11:00:35 INFO  org.testng.internal.Utils - [Utils] MethodGroupsHelper.sortMethods() took 17 ms.
2026-04-24 11:00:35 INFO  org.testng.internal.Utils - [Utils] MethodGroupsHelper.collectMethodsByGroup() took 0 ms.
2026-04-24 11:00:35 INFO  org.testng.internal.Utils - [Utils] MethodGroupsHelper.sortMethods() took 0 ms.
2026-04-24 11:00:35 INFO  org.testng.internal.Utils - [Utils] MethodGroupsHelper.collectMethodsByGroup() took 0 ms.
2026-04-24 11:00:35 INFO  org.testng.internal.Utils - [Utils] MethodGroupsHelper.sortMethods() took 0 ms.
2026-04-24 11:00:35 INFO  org.testng.internal.Utils - [Utils] MethodGroupsHelper.collectMethodsByGroup() took 1 ms.
2026-04-24 11:00:35 INFO  org.testng.internal.Utils - [Utils] MethodGroupsHelper.sortMethods() took 0 ms.
2026-04-24 11:00:35 INFO  org.testng.internal.Utils - [Utils] MethodGroupsHelper.collectMethodsByGroup() took 15 ms.
2026-04-24 11:00:35 INFO  org.testng.internal.Utils - [Utils] MethodGroupsHelper.sortMethods() took 0 ms.
2026-04-24 11:00:35 INFO  org.testng.internal.Utils - [Utils] MethodGroupsHelper.collectMethodsByGroup() took 0 ms.
2026-04-24 11:00:35 INFO  org.testng.internal.Utils - [Utils] MethodGroupsHelper.sortMethods() took 0 ms.
2026-04-24 11:00:35 INFO  org.testng.internal.Utils - [Utils] MethodGroupsHelper.collectMethodsByGroup() took 0 ms.
2026-04-24 11:00:35 INFO  org.testng.internal.Utils - [Utils] MethodGroupsHelper.sortMethods() took 0 ms.
2026-04-24 11:00:35 INFO  org.testng.internal.Utils - [TestNG] Running:
  C:\Users\Rahul\AppData\Local\Temp\testng-eclipse-2035256330\testng-customsuite.xml

2026-04-24 11:00:35 INFO  org.testng.internal.Utils - [Utils] DynamicGraphHelper.createDynamicGraph() took 8 ms.
2026-04-24 11:00:55 INFO  org.testng.internal.Utils - [TestNG] Time taken by org.testng.reporters.jq.Main@39a87e72: 76 ms
2026-04-24 11:00:55 INFO  org.testng.internal.Utils - [TestNG] Time taken by org.testng.reporters.FailedReporter@2f84acf7: 16 ms
2026-04-24 11:00:55 INFO  org.testng.internal.Utils - [TestNG] Time taken by org.testng.reporters.XMLReporter@5a1c3cb4: 13 ms
2026-04-24 11:00:55 INFO  org.testng.internal.Utils - [TestNG] Time taken by org.testng.reporters.EmailableReporter2@32130e61: 11 ms
2026-04-24 11:00:55 INFO  org.testng.internal.Utils - [TestNG] Time taken by org.testng.reporters.JUnitReportReporter@ccf91df: 10 ms
2026-04-24 11:00:55 INFO  org.testng.internal.Utils - [TestNG] Time taken by org.testng.internal.ExitCodeListener@117d32e: 0 ms
2026-04-24 11:05:11 DEBUG org.testng.TestNG - suiteXmlPath: "C:\Users\Rahul\AppData\Local\Temp\testng-eclipse--1888678398\testng-customsuite.xml"
2026-04-24 11:05:12 INFO  org.testng.internal.Utils - [Utils] MethodGroupsHelper.collectMethodsByGroup() took 1 ms.
2026-04-24 11:05:12 INFO  org.testng.internal.Utils - [Utils] MethodGroupsHelper.sortMethods() took 2 ms.
2026-04-24 11:05:12 INFO  org.testng.internal.Utils - [Utils] MethodGroupsHelper.collectMethodsByGroup() took 0 ms.
2026-04-24 11:05:12 INFO  org.testng.internal.Utils - [Utils] MethodGroupsHelper.sortMethods() took 0 ms.
2026-04-24 11:05:12 INFO  org.testng.internal.Utils - [Utils] MethodGroupsHelper.collectMethodsByGroup() took 0 ms.
2026-04-24 11:05:12 INFO  org.testng.internal.Utils - [Utils] MethodGroupsHelper.sortMethods() took 0 ms.
2026-04-24 11:05:12 INFO  org.testng.internal.Utils - [Utils] MethodGroupsHelper.collectMethodsByGroup() took 0 ms.
2026-04-24 11:05:12 INFO  org.testng.internal.Utils - [Utils] MethodGroupsHelper.sortMethods() took 0 ms.
2026-04-24 11:05:12 INFO  org.testng.internal.Utils - [Utils] MethodGroupsHelper.collectMethodsByGroup() took 0 ms.
2026-04-24 11:05:12 INFO  org.testng.internal.Utils - [Utils] MethodGroupsHelper.sortMethods() took 0 ms.
2026-04-24 11:05:12 INFO  org.testng.internal.Utils - [Utils] MethodGroupsHelper.collectMethodsByGroup() took 0 ms.
2026-04-24 11:05:12 INFO  org.testng.internal.Utils - [Utils] MethodGroupsHelper.sortMethods() took 0 ms.
2026-04-24 11:05:12 INFO  org.testng.internal.Utils - [Utils] MethodGroupsHelper.collectMethodsByGroup() took 0 ms.
2026-04-24 11:05:12 INFO  org.testng.internal.Utils - [Utils] MethodGroupsHelper.sortMethods() took 0 ms.
2026-04-24 11:05:12 INFO  org.testng.internal.Utils - [Utils] MethodGroupsHelper.collectMethodsByGroup() took 0 ms.
2026-04-24 11:05:12 INFO  org.testng.internal.Utils - [Utils] MethodGroupsHelper.sortMethods() took 0 ms.
2026-04-24 11:05:12 INFO  org.testng.internal.Utils - [Utils] MethodGroupsHelper.collectMethodsByGroup() took 5 ms.
2026-04-24 11:05:12 INFO  org.testng.internal.Utils - [Utils] MethodGroupsHelper.sortMethods() took 13 ms.
2026-04-24 11:05:12 INFO  org.testng.internal.Utils - [Utils] MethodGroupsHelper.collectMethodsByGroup() took 0 ms.
2026-04-24 11:05:12 INFO  org.testng.internal.Utils - [Utils] MethodGroupsHelper.sortMethods() took 1 ms.
2026-04-24 11:05:12 INFO  org.testng.internal.Utils - [Utils] MethodGroupsHelper.collectMethodsByGroup() took 0 ms.
2026-04-24 11:05:12 INFO  org.testng.internal.Utils - [Utils] MethodGroupsHelper.sortMethods() took 0 ms.
2026-04-24 11:05:12 INFO  org.testng.internal.Utils - [Utils] MethodGroupsHelper.collectMethodsByGroup() took 0 ms.
2026-04-24 11:05:12 INFO  org.testng.internal.Utils - [Utils] MethodGroupsHelper.sortMethods() took 0 ms.
2026-04-24 11:05:12 INFO  org.testng.internal.Utils - [Utils] MethodGroupsHelper.collectMethodsByGroup() took 15 ms.
2026-04-24 11:05:12 INFO  org.testng.internal.Utils - [Utils] MethodGroupsHelper.sortMethods() took 0 ms.
2026-04-24 11:05:12 INFO  org.testng.internal.Utils - [Utils] MethodGroupsHelper.collectMethodsByGroup() took 0 ms.
2026-04-24 11:05:12 INFO  org.testng.internal.Utils - [Utils] MethodGroupsHelper.sortMethods() took 0 ms.
2026-04-24 11:05:12 INFO  org.testng.internal.Utils - [Utils] MethodGroupsHelper.collectMethodsByGroup() took 0 ms.
2026-04-24 11:05:12 INFO  org.testng.internal.Utils - [Utils] MethodGroupsHelper.sortMethods() took 0 ms.
2026-04-24 11:05:12 INFO  org.testng.internal.Utils - [TestNG] Running:
  C:\Users\Rahul\AppData\Local\Temp\testng-eclipse--1888678398\testng-customsuite.xml

2026-04-24 11:05:12 INFO  org.testng.internal.Utils - [Utils] DynamicGraphHelper.createDynamicGraph() took 5 ms.
2026-04-24 11:05:35 INFO  org.testng.internal.Utils - [TestNG] Time taken by org.testng.reporters.jq.Main@4bd51d3e: 74 ms
2026-04-24 11:05:35 INFO  org.testng.internal.Utils - [TestNG] Time taken by org.testng.reporters.FailedReporter@4993febc: 14 ms
2026-04-24 11:05:35 INFO  org.testng.internal.Utils - [TestNG] Time taken by org.testng.reporters.XMLReporter@53d13cd4: 13 ms
2026-04-24 11:05:35 INFO  org.testng.internal.Utils - [TestNG] Time taken by org.testng.reporters.EmailableReporter2@5ad5be4a: 13 ms
2026-04-24 11:05:35 INFO  org.testng.internal.Utils - [TestNG] Time taken by org.testng.reporters.JUnitReportReporter@77049094: 10 ms
2026-04-24 11:05:35 INFO  org.testng.internal.Utils - [TestNG] Time taken by org.testng.internal.ExitCodeListener@f88bfbe: 0 ms
2026-04-24 11:07:26 DEBUG org.testng.TestNG - suiteXmlPath: "C:\Users\Rahul\AppData\Local\Temp\testng-eclipse-765166273\testng-customsuite.xml"
2026-04-24 11:07:26 INFO  org.testng.internal.Utils - [Utils] MethodGroupsHelper.collectMethodsByGroup() took 1 ms.
2026-04-24 11:07:26 INFO  org.testng.internal.Utils - [Utils] MethodGroupsHelper.sortMethods() took 2 ms.
2026-04-24 11:07:26 INFO  org.testng.internal.Utils - [Utils] MethodGroupsHelper.collectMethodsByGroup() took 0 ms.
2026-04-24 11:07:26 INFO  org.testng.internal.Utils - [Utils] MethodGroupsHelper.sortMethods() took 0 ms.
2026-04-24 11:07:26 INFO  org.testng.internal.Utils - [Utils] MethodGroupsHelper.collectMethodsByGroup() took 0 ms.
2026-04-24 11:07:26 INFO  org.testng.internal.Utils - [Utils] MethodGroupsHelper.sortMethods() took 0 ms.
2026-04-24 11:07:26 INFO  org.testng.internal.Utils - [Utils] MethodGroupsHelper.collectMethodsByGroup() took 0 ms.
2026-04-24 11:07:26 INFO  org.testng.internal.Utils - [Utils] MethodGroupsHelper.sortMethods() took 0 ms.
2026-04-24 11:07:26 INFO  org.testng.internal.Utils - [Utils] MethodGroupsHelper.collectMethodsByGroup() took 0 ms.
2026-04-24 11:07:26 INFO  org.testng.internal.Utils - [Utils] MethodGroupsHelper.sortMethods() took 0 ms.
2026-04-24 11:07:26 INFO  org.testng.internal.Utils - [Utils] MethodGroupsHelper.collectMethodsByGroup() took 0 ms.
2026-04-24 11:07:26 INFO  org.testng.internal.Utils - [Utils] MethodGroupsHelper.sortMethods() took 0 ms.
2026-04-24 11:07:26 INFO  org.testng.internal.Utils - [Utils] MethodGroupsHelper.collectMethodsByGroup() took 0 ms.
2026-04-24 11:07:26 INFO  org.testng.internal.Utils - [Utils] MethodGroupsHelper.sortMethods() took 0 ms.
2026-04-24 11:07:26 INFO  org.testng.internal.Utils - [Utils] MethodGroupsHelper.collectMethodsByGroup() took 0 ms.
2026-04-24 11:07:26 INFO  org.testng.internal.Utils - [Utils] MethodGroupsHelper.sortMethods() took 0 ms.
2026-04-24 11:07:26 INFO  org.testng.internal.Utils - [Utils] MethodGroupsHelper.collectMethodsByGroup() took 8 ms.
2026-04-24 11:07:26 INFO  org.testng.internal.Utils - [Utils] MethodGroupsHelper.sortMethods() took 16 ms.
2026-04-24 11:07:26 INFO  org.testng.internal.Utils - [Utils] MethodGroupsHelper.collectMethodsByGroup() took 0 ms.
2026-04-24 11:07:26 INFO  org.testng.internal.Utils - [Utils] MethodGroupsHelper.sortMethods() took 0 ms.
2026-04-24 11:07:26 INFO  org.testng.internal.Utils - [Utils] MethodGroupsHelper.collectMethodsByGroup() took 0 ms.
2026-04-24 11:07:26 INFO  org.testng.internal.Utils - [Utils] MethodGroupsHelper.sortMethods() took 0 ms.
2026-04-24 11:07:26 INFO  org.testng.internal.Utils - [Utils] MethodGroupsHelper.collectMethodsByGroup() took 0 ms.
2026-04-24 11:07:26 INFO  org.testng.internal.Utils - [Utils] MethodGroupsHelper.sortMethods() took 0 ms.
2026-04-24 11:07:26 INFO  org.testng.internal.Utils - [Utils] MethodGroupsHelper.collectMethodsByGroup() took 15 ms.
2026-04-24 11:07:26 INFO  org.testng.internal.Utils - [Utils] MethodGroupsHelper.sortMethods() took 1 ms.
2026-04-24 11:07:26 INFO  org.testng.internal.Utils - [Utils] MethodGroupsHelper.collectMethodsByGroup() took 0 ms.
2026-04-24 11:07:26 INFO  org.testng.internal.Utils - [Utils] MethodGroupsHelper.sortMethods() took 0 ms.
2026-04-24 11:07:26 INFO  org.testng.internal.Utils - [Utils] MethodGroupsHelper.collectMethodsByGroup() took 0 ms.
2026-04-24 11:07:26 INFO  org.testng.internal.Utils - [Utils] MethodGroupsHelper.sortMethods() took 0 ms.
2026-04-24 11:07:26 INFO  org.testng.internal.Utils - [TestNG] Running:
  C:\Users\Rahul\AppData\Local\Temp\testng-eclipse-765166273\testng-customsuite.xml

2026-04-24 11:07:27 INFO  org.testng.internal.Utils - [Utils] DynamicGraphHelper.createDynamicGraph() took 14 ms.
2026-04-24 11:07:42 INFO  org.testng.internal.Utils - [TestNG] Time taken by org.testng.reporters.jq.Main@37e0292a: 57 ms
2026-04-24 11:07:42 INFO  org.testng.internal.Utils - [TestNG] Time taken by org.testng.reporters.FailedReporter@397ef2: 1 ms
2026-04-24 11:07:42 INFO  org.testng.internal.Utils - [TestNG] Time taken by org.testng.reporters.XMLReporter@65a48602: 8 ms
2026-04-24 11:07:42 INFO  org.testng.internal.Utils - [TestNG] Time taken by org.testng.reporters.EmailableReporter2@4068102e: 7 ms
2026-04-24 11:07:42 INFO  org.testng.internal.Utils - [TestNG] Time taken by org.testng.reporters.JUnitReportReporter@2b8bb184: 6 ms
2026-04-24 11:07:42 INFO  org.testng.internal.Utils - [TestNG] Time taken by org.testng.internal.ExitCodeListener@472a11ae: 0 ms
2026-04-24 11:09:29 DEBUG org.testng.TestNG - suiteXmlPath: "C:\Users\Rahul\eclipse-workspace\MyntraOriginal\testng.xml"
2026-04-24 11:09:29 WARN  org.testng.TestNG - Ignoring duplicate listener : io.qameta.allure.testng.AllureTestNg
2026-04-24 11:09:29 WARN  org.testng.TestNG - Ignoring duplicate listener : io.qameta.allure.testng.AllureTestNg
2026-04-24 11:09:29 WARN  org.testng.TestNG - Ignoring duplicate listener : io.qameta.allure.testng.AllureTestNg
2026-04-24 11:09:29 INFO  org.testng.internal.Utils - [TestNG] Running:
  C:\Users\Rahul\eclipse-workspace\MyntraOriginal\testng.xml

2026-04-24 11:16:55 INFO  com.Tests.ProductListingPageTest - Category  filter applied successfully..
2026-04-24 11:17:20 INFO  com.Tests.ProductListingPageTest - Category  filter applied successfully..
2026-04-24 11:17:42 INFO  com.Tests.ProductListingPageTest - Category  filter applied successfully..
2026-04-24 11:17:55 INFO  com.Tests.ProductListingPageTest - Category  filter applied successfully..
2026-04-24 11:18:07 INFO  com.Tests.ProductListingPageTest - Category  filter applied successfully..
2026-04-24 11:18:19 INFO  com.Tests.ProductListingPageTest - Category  filter applied successfully..
2026-04-24 11:18:31 INFO  com.Tests.ProductListingPageTest - Category  filter applied successfully..
2026-04-24 11:18:44 INFO  com.Tests.ProductListingPageTest - Category  filter applied successfully..
2026-04-24 11:18:56 INFO  com.Tests.ProductListingPageTest - Category  filter applied successfully..
2026-04-24 11:19:08 INFO  com.Tests.ProductListingPageTest - Category  filter applied successfully..
2026-04-24 11:19:34 INFO  com.Tests.ProductListingPageTest - Category  filter applied successfully..
2026-04-24 11:19:45 INFO  com.Tests.ProductListingPageTest - Category  filter applied successfully..
2026-04-24 11:19:55 INFO  com.Tests.ProductListingPageTest - Category  filter applied successfully..
2026-04-24 11:20:11 INFO  com.Tests.ProductListingPageTest - Category  filter applied successfully..
2026-04-24 11:20:22 INFO  com.Tests.ProductListingPageTest - Brand filter applied successfully..
2026-04-24 11:20:34 INFO  com.Tests.ProductListingPageTest - Brand filter applied successfully..
2026-04-24 11:20:43 INFO  com.Tests.ProductListingPageTest - Brand filter applied successfully..
2026-04-24 11:22:12 INFO  com.Tests.ProductListingPageTest - Color filter applied successfully..
2026-04-24 11:23:03 INFO  com.Tests.ProductListingPageTest - Color filter applied successfully..
2026-04-24 11:23:13 INFO  com.Tests.ProductListingPageTest - Color filter applied successfully..
2026-04-24 11:24:02 INFO  com.Tests.ProductListingPageTest - Color filter applied successfully..
2026-04-24 11:24:13 INFO  com.Tests.ProductListingPageTest - Color filter applied successfully..
2026-04-24 11:25:46 INFO  com.Tests.ProductListingPageTest - Color filter applied successfully..
2026-04-24 11:30:01 INFO  com.Tests.ProductListingPageTest - Color filter applied successfully..
2026-04-24 11:33:41 INFO  com.Tests.ProductListingPageTest - products count before filter:603840
2026-04-24 11:33:42 INFO  com.Tests.ProductListingPageTest - products count after filter:603840
2026-04-24 11:34:08 INFO  com.Tests.ProductListingPageTest - searched category: Tshirts
2026-04-24 11:35:10 INFO  com.Tests.ProductListingPageTest - selected discount: 50% and above
2026-04-24 11:35:18 INFO  com.Tests.ProductListingPageTest - selected discount: 10% and above
2026-04-24 11:35:28 INFO  com.Tests.ProductListingPageTest - selected discount: 20% and above
2026-04-24 11:35:37 INFO  com.Tests.ProductListingPageTest - selected discount: 30% and above
2026-04-24 11:35:46 INFO  com.Tests.ProductListingPageTest - selected discount: 40% and above
2026-04-24 11:35:56 INFO  com.Tests.ProductListingPageTest - selected discount: 50% and above
2026-04-24 11:36:06 INFO  com.Tests.ProductListingPageTest - selected discount: 60% and above
2026-04-24 11:36:25 INFO  com.Tests.ProductListingPageTest - selected discount: 70% and above
2026-04-24 11:36:40 INFO  com.Tests.ProductListingPageTest - selected discount: 80% and above
2026-04-24 11:36:51 INFO  com.Tests.ProductListingPageTest - selected discount: 90% and above
2026-04-24 11:37:05 INFO  com.Tests.ProductListingPageTest - products count before filter:603837
2026-04-24 11:37:06 INFO  com.Tests.ProductListingPageTest - products count after filter:603837
2026-04-24 11:37:24 INFO  com.Tests.ProductListingPageTest - Total products count: 603837
2026-04-24 11:37:33 INFO  com.Tests.ProductListingPageTest - products count before filter:603837
2026-04-24 11:37:34 INFO  com.Tests.ProductListingPageTest - products count after filter:603837
2026-04-24 12:09:56 DEBUG org.testng.TestNG - suiteXmlPath: "C:\Users\Rahul\AppData\Local\Temp\testng-eclipse--1073690819\testng-customsuite.xml"
2026-04-24 12:09:57 INFO  org.testng.internal.Utils - [Utils] MethodGroupsHelper.collectMethodsByGroup() took 1 ms.
2026-04-24 12:09:57 INFO  org.testng.internal.Utils - [Utils] MethodGroupsHelper.sortMethods() took 3 ms.
2026-04-24 12:09:57 INFO  org.testng.internal.Utils - [Utils] MethodGroupsHelper.collectMethodsByGroup() took 0 ms.
2026-04-24 12:09:57 INFO  org.testng.internal.Utils - [Utils] MethodGroupsHelper.sortMethods() took 0 ms.
2026-04-24 12:09:57 INFO  org.testng.internal.Utils - [Utils] MethodGroupsHelper.collectMethodsByGroup() took 0 ms.
2026-04-24 12:09:57 INFO  org.testng.internal.Utils - [Utils] MethodGroupsHelper.sortMethods() took 0 ms.
2026-04-24 12:09:57 INFO  org.testng.internal.Utils - [Utils] MethodGroupsHelper.collectMethodsByGroup() took 0 ms.
2026-04-24 12:09:57 INFO  org.testng.internal.Utils - [Utils] MethodGroupsHelper.sortMethods() took 0 ms.
2026-04-24 12:09:57 INFO  org.testng.internal.Utils - [Utils] MethodGroupsHelper.collectMethodsByGroup() took 0 ms.
2026-04-24 12:09:57 INFO  org.testng.internal.Utils - [Utils] MethodGroupsHelper.sortMethods() took 0 ms.
2026-04-24 12:09:57 INFO  org.testng.internal.Utils - [Utils] MethodGroupsHelper.collectMethodsByGroup() took 0 ms.
2026-04-24 12:09:57 INFO  org.testng.internal.Utils - [Utils] MethodGroupsHelper.sortMethods() took 0 ms.
2026-04-24 12:09:57 INFO  org.testng.internal.Utils - [Utils] MethodGroupsHelper.collectMethodsByGroup() took 0 ms.
2026-04-24 12:09:57 INFO  org.testng.internal.Utils - [Utils] MethodGroupsHelper.sortMethods() took 0 ms.
2026-04-24 12:09:57 INFO  org.testng.internal.Utils - [Utils] MethodGroupsHelper.collectMethodsByGroup() took 0 ms.
2026-04-24 12:09:57 INFO  org.testng.internal.Utils - [Utils] MethodGroupsHelper.sortMethods() took 0 ms.
2026-04-24 12:09:57 INFO  org.testng.internal.Utils - [Utils] MethodGroupsHelper.collectMethodsByGroup() took 11 ms.
2026-04-24 12:09:57 INFO  org.testng.internal.Utils - [Utils] MethodGroupsHelper.sortMethods() took 31 ms.
2026-04-24 12:09:57 INFO  org.testng.internal.Utils - [Utils] MethodGroupsHelper.collectMethodsByGroup() took 0 ms.
2026-04-24 12:09:57 INFO  org.testng.internal.Utils - [Utils] MethodGroupsHelper.sortMethods() took 2 ms.
2026-04-24 12:09:57 INFO  org.testng.internal.Utils - [Utils] MethodGroupsHelper.collectMethodsByGroup() took 0 ms.
2026-04-24 12:09:57 INFO  org.testng.internal.Utils - [Utils] MethodGroupsHelper.sortMethods() took 0 ms.
2026-04-24 12:09:57 INFO  org.testng.internal.Utils - [Utils] MethodGroupsHelper.collectMethodsByGroup() took 0 ms.
2026-04-24 12:09:57 INFO  org.testng.internal.Utils - [Utils] MethodGroupsHelper.sortMethods() took 0 ms.
2026-04-24 12:09:57 INFO  org.testng.internal.Utils - [Utils] MethodGroupsHelper.collectMethodsByGroup() took 18 ms.
2026-04-24 12:09:57 INFO  org.testng.internal.Utils - [Utils] MethodGroupsHelper.sortMethods() took 0 ms.
2026-04-24 12:09:57 INFO  org.testng.internal.Utils - [Utils] MethodGroupsHelper.collectMethodsByGroup() took 0 ms.
2026-04-24 12:09:57 INFO  org.testng.internal.Utils - [Utils] MethodGroupsHelper.sortMethods() took 0 ms.
2026-04-24 12:09:57 INFO  org.testng.internal.Utils - [Utils] MethodGroupsHelper.collectMethodsByGroup() took 0 ms.
2026-04-24 12:09:57 INFO  org.testng.internal.Utils - [Utils] MethodGroupsHelper.sortMethods() took 0 ms.
2026-04-24 12:09:57 INFO  org.testng.internal.Utils - [TestNG] Running:
  C:\Users\Rahul\AppData\Local\Temp\testng-eclipse--1073690819\testng-customsuite.xml

2026-04-24 12:09:57 INFO  org.testng.internal.Utils - [Utils] DynamicGraphHelper.createDynamicGraph() took 4 ms.
2026-04-24 12:10:13 INFO  org.testng.internal.Utils - [TestNG] Time taken by org.testng.reporters.jq.Main@2b03d52f: 71 ms
2026-04-24 12:10:13 INFO  org.testng.internal.Utils - [TestNG] Time taken by org.testng.reporters.FailedReporter@35267fd4: 1 ms
2026-04-24 12:10:13 INFO  org.testng.internal.Utils - [TestNG] Time taken by org.testng.reporters.XMLReporter@14ef2482: 9 ms
2026-04-24 12:10:13 INFO  org.testng.internal.Utils - [TestNG] Time taken by org.testng.reporters.EmailableReporter2@288ca5f0: 8 ms
2026-04-24 12:10:13 INFO  org.testng.internal.Utils - [TestNG] Time taken by org.testng.reporters.JUnitReportReporter@36417a54: 6 ms
2026-04-24 12:10:13 INFO  org.testng.internal.Utils - [TestNG] Time taken by org.testng.internal.ExitCodeListener@2b8bb184: 0 ms
2026-04-24 12:10:24 DEBUG org.testng.TestNG - suiteXmlPath: "C:\Users\Rahul\AppData\Local\Temp\testng-eclipse--265302731\testng-customsuite.xml"
2026-04-24 12:10:25 INFO  org.testng.internal.Utils - [Utils] MethodGroupsHelper.collectMethodsByGroup() took 0 ms.
2026-04-24 12:10:25 INFO  org.testng.internal.Utils - [Utils] MethodGroupsHelper.sortMethods() took 2 ms.
2026-04-24 12:10:25 INFO  org.testng.internal.Utils - [Utils] MethodGroupsHelper.collectMethodsByGroup() took 0 ms.
2026-04-24 12:10:25 INFO  org.testng.internal.Utils - [Utils] MethodGroupsHelper.sortMethods() took 0 ms.
2026-04-24 12:10:25 INFO  org.testng.internal.Utils - [Utils] MethodGroupsHelper.collectMethodsByGroup() took 0 ms.
2026-04-24 12:10:25 INFO  org.testng.internal.Utils - [Utils] MethodGroupsHelper.sortMethods() took 0 ms.
2026-04-24 12:10:25 INFO  org.testng.internal.Utils - [Utils] MethodGroupsHelper.collectMethodsByGroup() took 0 ms.
2026-04-24 12:10:25 INFO  org.testng.internal.Utils - [Utils] MethodGroupsHelper.sortMethods() took 0 ms.
2026-04-24 12:10:25 INFO  org.testng.internal.Utils - [Utils] MethodGroupsHelper.collectMethodsByGroup() took 0 ms.
2026-04-24 12:10:25 INFO  org.testng.internal.Utils - [Utils] MethodGroupsHelper.sortMethods() took 0 ms.
2026-04-24 12:10:25 INFO  org.testng.internal.Utils - [Utils] MethodGroupsHelper.collectMethodsByGroup() took 0 ms.
2026-04-24 12:10:25 INFO  org.testng.internal.Utils - [Utils] MethodGroupsHelper.sortMethods() took 0 ms.
2026-04-24 12:10:25 INFO  org.testng.internal.Utils - [Utils] MethodGroupsHelper.collectMethodsByGroup() took 0 ms.
2026-04-24 12:10:25 INFO  org.testng.internal.Utils - [Utils] MethodGroupsHelper.sortMethods() took 0 ms.
2026-04-24 12:10:25 INFO  org.testng.internal.Utils - [Utils] MethodGroupsHelper.collectMethodsByGroup() took 0 ms.
2026-04-24 12:10:25 INFO  org.testng.internal.Utils - [Utils] MethodGroupsHelper.sortMethods() took 0 ms.
2026-04-24 12:10:25 INFO  org.testng.internal.Utils - [Utils] MethodGroupsHelper.collectMethodsByGroup() took 8 ms.
2026-04-24 12:10:25 INFO  org.testng.internal.Utils - [Utils] MethodGroupsHelper.sortMethods() took 18 ms.
2026-04-24 12:10:25 INFO  org.testng.internal.Utils - [Utils] MethodGroupsHelper.collectMethodsByGroup() took 0 ms.
2026-04-24 12:10:25 INFO  org.testng.internal.Utils - [Utils] MethodGroupsHelper.sortMethods() took 0 ms.
2026-04-24 12:10:25 INFO  org.testng.internal.Utils - [Utils] MethodGroupsHelper.collectMethodsByGroup() took 0 ms.
2026-04-24 12:10:25 INFO  org.testng.internal.Utils - [Utils] MethodGroupsHelper.sortMethods() took 0 ms.
2026-04-24 12:10:25 INFO  org.testng.internal.Utils - [Utils] MethodGroupsHelper.collectMethodsByGroup() took 0 ms.
2026-04-24 12:10:25 INFO  org.testng.internal.Utils - [Utils] MethodGroupsHelper.sortMethods() took 0 ms.
2026-04-24 12:10:25 INFO  org.testng.internal.Utils - [Utils] MethodGroupsHelper.collectMethodsByGroup() took 12 ms.
2026-04-24 12:10:25 INFO  org.testng.internal.Utils - [Utils] MethodGroupsHelper.sortMethods() took 1 ms.
2026-04-24 12:10:25 INFO  org.testng.internal.Utils - [Utils] MethodGroupsHelper.collectMethodsByGroup() took 0 ms.
2026-04-24 12:10:25 INFO  org.testng.internal.Utils - [Utils] MethodGroupsHelper.sortMethods() took 0 ms.
2026-04-24 12:10:25 INFO  org.testng.internal.Utils - [Utils] MethodGroupsHelper.collectMethodsByGroup() took 0 ms.
2026-04-24 12:10:25 INFO  org.testng.internal.Utils - [Utils] MethodGroupsHelper.sortMethods() took 0 ms.
2026-04-24 12:10:25 INFO  org.testng.internal.Utils - [TestNG] Running:
  C:\Users\Rahul\AppData\Local\Temp\testng-eclipse--265302731\testng-customsuite.xml

2026-04-24 12:10:25 INFO  org.testng.internal.Utils - [Utils] DynamicGraphHelper.createDynamicGraph() took 5 ms.
2026-04-24 12:10:41 INFO  org.testng.internal.Utils - [TestNG] Time taken by org.testng.reporters.jq.Main@14ef2482: 59 ms
2026-04-24 12:10:41 INFO  org.testng.internal.Utils - [TestNG] Time taken by org.testng.reporters.FailedReporter@336206d8: 1 ms
2026-04-24 12:10:41 INFO  org.testng.internal.Utils - [TestNG] Time taken by org.testng.reporters.XMLReporter@4068102e: 10 ms
2026-04-24 12:10:41 INFO  org.testng.internal.Utils - [TestNG] Time taken by org.testng.reporters.EmailableReporter2@fd9ebde: 8 ms
2026-04-24 12:10:41 INFO  org.testng.internal.Utils - [TestNG] Time taken by org.testng.reporters.JUnitReportReporter@7899de11: 8 ms
2026-04-24 12:10:41 INFO  org.testng.internal.Utils - [TestNG] Time taken by org.testng.internal.ExitCodeListener@290d10ef: 0 ms
2026-04-24 12:10:49 DEBUG org.testng.TestNG - suiteXmlPath: "C:\Users\Rahul\AppData\Local\Temp\testng-eclipse--2044968898\testng-customsuite.xml"
2026-04-24 12:10:50 INFO  org.testng.internal.Utils - [Utils] MethodGroupsHelper.collectMethodsByGroup() took 0 ms.
2026-04-24 12:10:50 INFO  org.testng.internal.Utils - [Utils] MethodGroupsHelper.sortMethods() took 2 ms.
2026-04-24 12:10:50 INFO  org.testng.internal.Utils - [Utils] MethodGroupsHelper.collectMethodsByGroup() took 0 ms.
2026-04-24 12:10:50 INFO  org.testng.internal.Utils - [Utils] MethodGroupsHelper.sortMethods() took 0 ms.
2026-04-24 12:10:50 INFO  org.testng.internal.Utils - [Utils] MethodGroupsHelper.collectMethodsByGroup() took 0 ms.
2026-04-24 12:10:50 INFO  org.testng.internal.Utils - [Utils] MethodGroupsHelper.sortMethods() took 0 ms.
2026-04-24 12:10:50 INFO  org.testng.internal.Utils - [Utils] MethodGroupsHelper.collectMethodsByGroup() took 0 ms.
2026-04-24 12:10:50 INFO  org.testng.internal.Utils - [Utils] MethodGroupsHelper.sortMethods() took 0 ms.
2026-04-24 12:10:50 INFO  org.testng.internal.Utils - [Utils] MethodGroupsHelper.collectMethodsByGroup() took 0 ms.
2026-04-24 12:10:50 INFO  org.testng.internal.Utils - [Utils] MethodGroupsHelper.sortMethods() took 0 ms.
2026-04-24 12:10:50 INFO  org.testng.internal.Utils - [Utils] MethodGroupsHelper.collectMethodsByGroup() took 0 ms.
2026-04-24 12:10:50 INFO  org.testng.internal.Utils - [Utils] MethodGroupsHelper.sortMethods() took 0 ms.
2026-04-24 12:10:50 INFO  org.testng.internal.Utils - [Utils] MethodGroupsHelper.collectMethodsByGroup() took 0 ms.
2026-04-24 12:10:50 INFO  org.testng.internal.Utils - [Utils] MethodGroupsHelper.sortMethods() took 0 ms.
2026-04-24 12:10:50 INFO  org.testng.internal.Utils - [Utils] MethodGroupsHelper.collectMethodsByGroup() took 0 ms.
2026-04-24 12:10:50 INFO  org.testng.internal.Utils - [Utils] MethodGroupsHelper.sortMethods() took 0 ms.
2026-04-24 12:10:50 INFO  org.testng.internal.Utils - [Utils] MethodGroupsHelper.collectMethodsByGroup() took 8 ms.
2026-04-24 12:10:50 INFO  org.testng.internal.Utils - [Utils] MethodGroupsHelper.sortMethods() took 20 ms.
2026-04-24 12:10:50 INFO  org.testng.internal.Utils - [Utils] MethodGroupsHelper.collectMethodsByGroup() took 0 ms.
2026-04-24 12:10:50 INFO  org.testng.internal.Utils - [Utils] MethodGroupsHelper.sortMethods() took 1 ms.
2026-04-24 12:10:50 INFO  org.testng.internal.Utils - [Utils] MethodGroupsHelper.collectMethodsByGroup() took 0 ms.
2026-04-24 12:10:50 INFO  org.testng.internal.Utils - [Utils] MethodGroupsHelper.sortMethods() took 0 ms.
2026-04-24 12:10:50 INFO  org.testng.internal.Utils - [Utils] MethodGroupsHelper.collectMethodsByGroup() took 0 ms.
2026-04-24 12:10:50 INFO  org.testng.internal.Utils - [Utils] MethodGroupsHelper.sortMethods() took 0 ms.
2026-04-24 12:10:50 INFO  org.testng.internal.Utils - [Utils] MethodGroupsHelper.collectMethodsByGroup() took 14 ms.
2026-04-24 12:10:50 INFO  org.testng.internal.Utils - [Utils] MethodGroupsHelper.sortMethods() took 0 ms.
2026-04-24 12:10:50 INFO  org.testng.internal.Utils - [Utils] MethodGroupsHelper.collectMethodsByGroup() took 0 ms.
2026-04-24 12:10:50 INFO  org.testng.internal.Utils - [Utils] MethodGroupsHelper.sortMethods() took 0 ms.
2026-04-24 12:10:50 INFO  org.testng.internal.Utils - [Utils] MethodGroupsHelper.collectMethodsByGroup() took 0 ms.
2026-04-24 12:10:50 INFO  org.testng.internal.Utils - [Utils] MethodGroupsHelper.sortMethods() took 0 ms.
2026-04-24 12:10:50 INFO  org.testng.internal.Utils - [TestNG] Running:
  C:\Users\Rahul\AppData\Local\Temp\testng-eclipse--2044968898\testng-customsuite.xml

2026-04-24 12:10:50 INFO  org.testng.internal.Utils - [Utils] DynamicGraphHelper.createDynamicGraph() took 4 ms.
2026-04-24 12:11:02 INFO  org.testng.internal.Utils - [TestNG] Time taken by org.testng.reporters.jq.Main@6917bb4: 54 ms
2026-04-24 12:11:02 INFO  org.testng.internal.Utils - [TestNG] Time taken by org.testng.reporters.FailedReporter@113e13f9: 2 ms
2026-04-24 12:11:02 INFO  org.testng.internal.Utils - [TestNG] Time taken by org.testng.reporters.XMLReporter@4af70944: 8 ms
2026-04-24 12:11:02 INFO  org.testng.internal.Utils - [TestNG] Time taken by org.testng.reporters.EmailableReporter2@65a48602: 7 ms
2026-04-24 12:11:02 INFO  org.testng.internal.Utils - [TestNG] Time taken by org.testng.reporters.JUnitReportReporter@612e21b9: 6 ms
2026-04-24 12:11:02 INFO  org.testng.internal.Utils - [TestNG] Time taken by org.testng.internal.ExitCodeListener@302edb74: 1 ms
2026-04-24 12:11:09 DEBUG org.testng.TestNG - suiteXmlPath: "C:\Users\Rahul\AppData\Local\Temp\testng-eclipse--66159332\testng-customsuite.xml"
2026-04-24 12:11:09 INFO  org.testng.internal.Utils - [Utils] MethodGroupsHelper.collectMethodsByGroup() took 0 ms.
2026-04-24 12:11:09 INFO  org.testng.internal.Utils - [Utils] MethodGroupsHelper.sortMethods() took 3 ms.
2026-04-24 12:11:09 INFO  org.testng.internal.Utils - [Utils] MethodGroupsHelper.collectMethodsByGroup() took 0 ms.
2026-04-24 12:11:09 INFO  org.testng.internal.Utils - [Utils] MethodGroupsHelper.sortMethods() took 0 ms.
2026-04-24 12:11:09 INFO  org.testng.internal.Utils - [Utils] MethodGroupsHelper.collectMethodsByGroup() took 0 ms.
2026-04-24 12:11:09 INFO  org.testng.internal.Utils - [Utils] MethodGroupsHelper.sortMethods() took 0 ms.
2026-04-24 12:11:09 INFO  org.testng.internal.Utils - [Utils] MethodGroupsHelper.collectMethodsByGroup() took 0 ms.
2026-04-24 12:11:09 INFO  org.testng.internal.Utils - [Utils] MethodGroupsHelper.sortMethods() took 0 ms.
2026-04-24 12:11:09 INFO  org.testng.internal.Utils - [Utils] MethodGroupsHelper.collectMethodsByGroup() took 0 ms.
2026-04-24 12:11:09 INFO  org.testng.internal.Utils - [Utils] MethodGroupsHelper.sortMethods() took 0 ms.
2026-04-24 12:11:09 INFO  org.testng.internal.Utils - [Utils] MethodGroupsHelper.collectMethodsByGroup() took 0 ms.
2026-04-24 12:11:09 INFO  org.testng.internal.Utils - [Utils] MethodGroupsHelper.sortMethods() took 0 ms.
2026-04-24 12:11:09 INFO  org.testng.internal.Utils - [Utils] MethodGroupsHelper.collectMethodsByGroup() took 0 ms.
2026-04-24 12:11:09 INFO  org.testng.internal.Utils - [Utils] MethodGroupsHelper.sortMethods() took 0 ms.
2026-04-24 12:11:09 INFO  org.testng.internal.Utils - [Utils] MethodGroupsHelper.collectMethodsByGroup() took 0 ms.
2026-04-24 12:11:09 INFO  org.testng.internal.Utils - [Utils] MethodGroupsHelper.sortMethods() took 0 ms.
2026-04-24 12:11:10 INFO  org.testng.internal.Utils - [Utils] MethodGroupsHelper.collectMethodsByGroup() took 8 ms.
2026-04-24 12:11:10 INFO  org.testng.internal.Utils - [Utils] MethodGroupsHelper.sortMethods() took 16 ms.
2026-04-24 12:11:10 INFO  org.testng.internal.Utils - [Utils] MethodGroupsHelper.collectMethodsByGroup() took 0 ms.
2026-04-24 12:11:10 INFO  org.testng.internal.Utils - [Utils] MethodGroupsHelper.sortMethods() took 0 ms.
2026-04-24 12:11:10 INFO  org.testng.internal.Utils - [Utils] MethodGroupsHelper.collectMethodsByGroup() took 0 ms.
2026-04-24 12:11:10 INFO  org.testng.internal.Utils - [Utils] MethodGroupsHelper.sortMethods() took 0 ms.
2026-04-24 12:11:10 INFO  org.testng.internal.Utils - [Utils] MethodGroupsHelper.collectMethodsByGroup() took 0 ms.
2026-04-24 12:11:10 INFO  org.testng.internal.Utils - [Utils] MethodGroupsHelper.sortMethods() took 0 ms.
2026-04-24 12:11:10 INFO  org.testng.internal.Utils - [Utils] MethodGroupsHelper.collectMethodsByGroup() took 22 ms.
2026-04-24 12:11:10 INFO  org.testng.internal.Utils - [Utils] MethodGroupsHelper.sortMethods() took 0 ms.
2026-04-24 12:11:10 INFO  org.testng.internal.Utils - [Utils] MethodGroupsHelper.collectMethodsByGroup() took 0 ms.
2026-04-24 12:11:10 INFO  org.testng.internal.Utils - [Utils] MethodGroupsHelper.sortMethods() took 0 ms.
2026-04-24 12:11:10 INFO  org.testng.internal.Utils - [Utils] MethodGroupsHelper.collectMethodsByGroup() took 0 ms.
2026-04-24 12:11:10 INFO  org.testng.internal.Utils - [Utils] MethodGroupsHelper.sortMethods() took 0 ms.
2026-04-24 12:11:10 INFO  org.testng.internal.Utils - [TestNG] Running:
  C:\Users\Rahul\AppData\Local\Temp\testng-eclipse--66159332\testng-customsuite.xml

2026-04-24 12:11:10 INFO  org.testng.internal.Utils - [Utils] DynamicGraphHelper.createDynamicGraph() took 7 ms.
2026-04-24 12:12:39 INFO  org.testng.internal.Utils - [TestNG] Time taken by org.testng.reporters.jq.Main@3f1a4795: 275 ms
2026-04-24 12:12:39 INFO  org.testng.internal.Utils - [TestNG] Time taken by org.testng.reporters.FailedReporter@1dbd580: 31 ms
2026-04-24 12:12:39 INFO  org.testng.internal.Utils - [TestNG] Time taken by org.testng.reporters.XMLReporter@69d45cca: 33 ms
2026-04-24 12:12:39 INFO  org.testng.internal.Utils - [TestNG] Time taken by org.testng.reporters.EmailableReporter2@12fe1f28: 15 ms
2026-04-24 12:12:39 INFO  org.testng.internal.Utils - [TestNG] Time taken by org.testng.reporters.JUnitReportReporter@655a01d8: 13 ms
2026-04-24 12:12:39 INFO  org.testng.internal.Utils - [TestNG] Time taken by org.testng.internal.ExitCodeListener@c29fe36: 0 ms
2026-04-24 12:14:19 DEBUG org.testng.TestNG - suiteXmlPath: "C:\Users\Rahul\AppData\Local\Temp\testng-eclipse--1867075344\testng-customsuite.xml"
2026-04-24 12:14:19 INFO  org.testng.internal.Utils - [Utils] MethodGroupsHelper.collectMethodsByGroup() took 0 ms.
2026-04-24 12:14:19 INFO  org.testng.internal.Utils - [Utils] MethodGroupsHelper.sortMethods() took 1 ms.
2026-04-24 12:14:19 INFO  org.testng.internal.Utils - [Utils] MethodGroupsHelper.collectMethodsByGroup() took 0 ms.
2026-04-24 12:14:19 INFO  org.testng.internal.Utils - [Utils] MethodGroupsHelper.sortMethods() took 0 ms.
2026-04-24 12:14:19 INFO  org.testng.internal.Utils - [Utils] MethodGroupsHelper.collectMethodsByGroup() took 0 ms.
2026-04-24 12:14:19 INFO  org.testng.internal.Utils - [Utils] MethodGroupsHelper.sortMethods() took 0 ms.
2026-04-24 12:14:19 INFO  org.testng.internal.Utils - [Utils] MethodGroupsHelper.collectMethodsByGroup() took 0 ms.
2026-04-24 12:14:19 INFO  org.testng.internal.Utils - [Utils] MethodGroupsHelper.sortMethods() took 1 ms.
2026-04-24 12:14:19 INFO  org.testng.internal.Utils - [Utils] MethodGroupsHelper.collectMethodsByGroup() took 0 ms.
2026-04-24 12:14:19 INFO  org.testng.internal.Utils - [Utils] MethodGroupsHelper.sortMethods() took 0 ms.
2026-04-24 12:14:19 INFO  org.testng.internal.Utils - [Utils] MethodGroupsHelper.collectMethodsByGroup() took 0 ms.
2026-04-24 12:14:19 INFO  org.testng.internal.Utils - [Utils] MethodGroupsHelper.sortMethods() took 0 ms.
2026-04-24 12:14:19 INFO  org.testng.internal.Utils - [Utils] MethodGroupsHelper.collectMethodsByGroup() took 0 ms.
2026-04-24 12:14:19 INFO  org.testng.internal.Utils - [Utils] MethodGroupsHelper.sortMethods() took 0 ms.
2026-04-24 12:14:19 INFO  org.testng.internal.Utils - [Utils] MethodGroupsHelper.collectMethodsByGroup() took 0 ms.
2026-04-24 12:14:19 INFO  org.testng.internal.Utils - [Utils] MethodGroupsHelper.sortMethods() took 0 ms.
2026-04-24 12:14:19 INFO  org.testng.internal.Utils - [Utils] MethodGroupsHelper.collectMethodsByGroup() took 8 ms.
2026-04-24 12:14:19 INFO  org.testng.internal.Utils - [Utils] MethodGroupsHelper.sortMethods() took 14 ms.
2026-04-24 12:14:19 INFO  org.testng.internal.Utils - [Utils] MethodGroupsHelper.collectMethodsByGroup() took 0 ms.
2026-04-24 12:14:19 INFO  org.testng.internal.Utils - [Utils] MethodGroupsHelper.sortMethods() took 0 ms.
2026-04-24 12:14:19 INFO  org.testng.internal.Utils - [Utils] MethodGroupsHelper.collectMethodsByGroup() took 0 ms.
2026-04-24 12:14:19 INFO  org.testng.internal.Utils - [Utils] MethodGroupsHelper.sortMethods() took 0 ms.
2026-04-24 12:14:19 INFO  org.testng.internal.Utils - [Utils] MethodGroupsHelper.collectMethodsByGroup() took 0 ms.
2026-04-24 12:14:19 INFO  org.testng.internal.Utils - [Utils] MethodGroupsHelper.sortMethods() took 0 ms.
2026-04-24 12:14:19 INFO  org.testng.internal.Utils - [Utils] MethodGroupsHelper.collectMethodsByGroup() took 9 ms.
2026-04-24 12:14:19 INFO  org.testng.internal.Utils - [Utils] MethodGroupsHelper.sortMethods() took 1 ms.
2026-04-24 12:14:19 INFO  org.testng.internal.Utils - [Utils] MethodGroupsHelper.collectMethodsByGroup() took 0 ms.
2026-04-24 12:14:19 INFO  org.testng.internal.Utils - [Utils] MethodGroupsHelper.sortMethods() took 0 ms.
2026-04-24 12:14:19 INFO  org.testng.internal.Utils - [Utils] MethodGroupsHelper.collectMethodsByGroup() took 0 ms.
2026-04-24 12:14:19 INFO  org.testng.internal.Utils - [Utils] MethodGroupsHelper.sortMethods() took 0 ms.
2026-04-24 12:14:19 INFO  org.testng.internal.Utils - [TestNG] Running:
  C:\Users\Rahul\AppData\Local\Temp\testng-eclipse--1867075344\testng-customsuite.xml

2026-04-24 12:14:19 INFO  org.testng.internal.Utils - [Utils] DynamicGraphHelper.createDynamicGraph() took 6 ms.
2026-04-24 12:15:05 INFO  org.testng.internal.Utils - [TestNG] Time taken by org.testng.reporters.jq.Main@553bc36c: 67 ms
2026-04-24 12:15:05 INFO  org.testng.internal.Utils - [TestNG] Time taken by org.testng.reporters.FailedReporter@95eb320: 2 ms
2026-04-24 12:15:05 INFO  org.testng.internal.Utils - [TestNG] Time taken by org.testng.reporters.XMLReporter@6af5bbd0: 13 ms
2026-04-24 12:15:05 INFO  org.testng.internal.Utils - [TestNG] Time taken by org.testng.reporters.EmailableReporter2@dd71b20: 7 ms
2026-04-24 12:15:05 INFO  org.testng.internal.Utils - [TestNG] Time taken by org.testng.reporters.JUnitReportReporter@42fb8c87: 12 ms
2026-04-24 12:15:05 INFO  org.testng.internal.Utils - [TestNG] Time taken by org.testng.internal.ExitCodeListener@15eb0ae9: 0 ms
2026-04-24 12:15:18 DEBUG org.testng.TestNG - suiteXmlPath: "C:\Users\Rahul\AppData\Local\Temp\testng-eclipse-435890366\testng-customsuite.xml"
2026-04-24 12:15:19 INFO  org.testng.internal.Utils - [Utils] MethodGroupsHelper.collectMethodsByGroup() took 1 ms.
2026-04-24 12:15:19 INFO  org.testng.internal.Utils - [Utils] MethodGroupsHelper.sortMethods() took 3 ms.
2026-04-24 12:15:19 INFO  org.testng.internal.Utils - [Utils] MethodGroupsHelper.collectMethodsByGroup() took 0 ms.
2026-04-24 12:15:19 INFO  org.testng.internal.Utils - [Utils] MethodGroupsHelper.sortMethods() took 0 ms.
2026-04-24 12:15:19 INFO  org.testng.internal.Utils - [Utils] MethodGroupsHelper.collectMethodsByGroup() took 0 ms.
2026-04-24 12:15:19 INFO  org.testng.internal.Utils - [Utils] MethodGroupsHelper.sortMethods() took 0 ms.
2026-04-24 12:15:19 INFO  org.testng.internal.Utils - [Utils] MethodGroupsHelper.collectMethodsByGroup() took 0 ms.
2026-04-24 12:15:19 INFO  org.testng.internal.Utils - [Utils] MethodGroupsHelper.sortMethods() took 0 ms.
2026-04-24 12:15:19 INFO  org.testng.internal.Utils - [Utils] MethodGroupsHelper.collectMethodsByGroup() took 0 ms.
2026-04-24 12:15:19 INFO  org.testng.internal.Utils - [Utils] MethodGroupsHelper.sortMethods() took 0 ms.
2026-04-24 12:15:19 INFO  org.testng.internal.Utils - [Utils] MethodGroupsHelper.collectMethodsByGroup() took 0 ms.
2026-04-24 12:15:19 INFO  org.testng.internal.Utils - [Utils] MethodGroupsHelper.sortMethods() took 0 ms.
2026-04-24 12:15:19 INFO  org.testng.internal.Utils - [Utils] MethodGroupsHelper.collectMethodsByGroup() took 0 ms.
2026-04-24 12:15:19 INFO  org.testng.internal.Utils - [Utils] MethodGroupsHelper.sortMethods() took 0 ms.
2026-04-24 12:15:19 INFO  org.testng.internal.Utils - [Utils] MethodGroupsHelper.collectMethodsByGroup() took 0 ms.
2026-04-24 12:15:19 INFO  org.testng.internal.Utils - [Utils] MethodGroupsHelper.sortMethods() took 0 ms.
2026-04-24 12:15:19 INFO  org.testng.internal.Utils - [Utils] MethodGroupsHelper.collectMethodsByGroup() took 8 ms.
2026-04-24 12:15:19 INFO  org.testng.internal.Utils - [Utils] MethodGroupsHelper.sortMethods() took 20 ms.
2026-04-24 12:15:19 INFO  org.testng.internal.Utils - [Utils] MethodGroupsHelper.collectMethodsByGroup() took 0 ms.
2026-04-24 12:15:19 INFO  org.testng.internal.Utils - [Utils] MethodGroupsHelper.sortMethods() took 0 ms.
2026-04-24 12:15:19 INFO  org.testng.internal.Utils - [Utils] MethodGroupsHelper.collectMethodsByGroup() took 0 ms.
2026-04-24 12:15:19 INFO  org.testng.internal.Utils - [Utils] MethodGroupsHelper.sortMethods() took 0 ms.
2026-04-24 12:15:19 INFO  org.testng.internal.Utils - [Utils] MethodGroupsHelper.collectMethodsByGroup() took 0 ms.
2026-04-24 12:15:19 INFO  org.testng.internal.Utils - [Utils] MethodGroupsHelper.sortMethods() took 0 ms.
2026-04-24 12:15:19 INFO  org.testng.internal.Utils - [Utils] MethodGroupsHelper.collectMethodsByGroup() took 11 ms.
2026-04-24 12:15:19 INFO  org.testng.internal.Utils - [Utils] MethodGroupsHelper.sortMethods() took 1 ms.
2026-04-24 12:15:19 INFO  org.testng.internal.Utils - [Utils] MethodGroupsHelper.collectMethodsByGroup() took 0 ms.
2026-04-24 12:15:19 INFO  org.testng.internal.Utils - [Utils] MethodGroupsHelper.sortMethods() took 0 ms.
2026-04-24 12:15:19 INFO  org.testng.internal.Utils - [Utils] MethodGroupsHelper.collectMethodsByGroup() took 0 ms.
2026-04-24 12:15:19 INFO  org.testng.internal.Utils - [Utils] MethodGroupsHelper.sortMethods() took 0 ms.
2026-04-24 12:15:19 INFO  org.testng.internal.Utils - [TestNG] Running:
  C:\Users\Rahul\AppData\Local\Temp\testng-eclipse-435890366\testng-customsuite.xml

2026-04-24 12:15:19 INFO  org.testng.internal.Utils - [Utils] DynamicGraphHelper.createDynamicGraph() took 4 ms.
2026-04-24 12:15:33 INFO  org.testng.internal.Utils - [TestNG] Time taken by org.testng.reporters.jq.Main@1442f788: 65 ms
2026-04-24 12:15:33 INFO  org.testng.internal.Utils - [TestNG] Time taken by org.testng.reporters.FailedReporter@2b2f5fcf: 13 ms
2026-04-24 12:15:33 INFO  org.testng.internal.Utils - [TestNG] Time taken by org.testng.reporters.XMLReporter@67c5ac52: 11 ms
2026-04-24 12:15:33 INFO  org.testng.internal.Utils - [TestNG] Time taken by org.testng.reporters.EmailableReporter2@4b6d92e: 11 ms
2026-04-24 12:15:33 INFO  org.testng.internal.Utils - [TestNG] Time taken by org.testng.reporters.JUnitReportReporter@e9ef5b6: 12 ms
2026-04-24 12:15:33 INFO  org.testng.internal.Utils - [TestNG] Time taken by org.testng.internal.ExitCodeListener@5300cac: 0 ms
2026-04-24 12:24:45 DEBUG org.testng.TestNG - suiteXmlPath: "C:\Users\Rahul\AppData\Local\Temp\testng-eclipse--816667639\testng-customsuite.xml"
2026-04-24 12:24:46 INFO  org.testng.internal.Utils - [Utils] MethodGroupsHelper.collectMethodsByGroup() took 0 ms.
2026-04-24 12:24:46 INFO  org.testng.internal.Utils - [Utils] MethodGroupsHelper.sortMethods() took 2 ms.
2026-04-24 12:24:46 INFO  org.testng.internal.Utils - [Utils] MethodGroupsHelper.collectMethodsByGroup() took 0 ms.
2026-04-24 12:24:46 INFO  org.testng.internal.Utils - [Utils] MethodGroupsHelper.sortMethods() took 0 ms.
2026-04-24 12:24:46 INFO  org.testng.internal.Utils - [Utils] MethodGroupsHelper.collectMethodsByGroup() took 0 ms.
2026-04-24 12:24:46 INFO  org.testng.internal.Utils - [Utils] MethodGroupsHelper.sortMethods() took 0 ms.
2026-04-24 12:24:46 INFO  org.testng.internal.Utils - [Utils] MethodGroupsHelper.collectMethodsByGroup() took 0 ms.
2026-04-24 12:24:46 INFO  org.testng.internal.Utils - [Utils] MethodGroupsHelper.sortMethods() took 0 ms.
2026-04-24 12:24:46 INFO  org.testng.internal.Utils - [Utils] MethodGroupsHelper.collectMethodsByGroup() took 0 ms.
2026-04-24 12:24:46 INFO  org.testng.internal.Utils - [Utils] MethodGroupsHelper.sortMethods() took 0 ms.
2026-04-24 12:24:46 INFO  org.testng.internal.Utils - [Utils] MethodGroupsHelper.collectMethodsByGroup() took 0 ms.
2026-04-24 12:24:46 INFO  org.testng.internal.Utils - [Utils] MethodGroupsHelper.sortMethods() took 0 ms.
2026-04-24 12:24:46 INFO  org.testng.internal.Utils - [Utils] MethodGroupsHelper.collectMethodsByGroup() took 0 ms.
2026-04-24 12:24:46 INFO  org.testng.internal.Utils - [Utils] MethodGroupsHelper.sortMethods() took 0 ms.
2026-04-24 12:24:46 INFO  org.testng.internal.Utils - [Utils] MethodGroupsHelper.collectMethodsByGroup() took 0 ms.
2026-04-24 12:24:46 INFO  org.testng.internal.Utils - [Utils] MethodGroupsHelper.sortMethods() took 0 ms.
2026-04-24 12:24:46 INFO  org.testng.internal.Utils - [Utils] MethodGroupsHelper.collectMethodsByGroup() took 9 ms.
2026-04-24 12:24:46 INFO  org.testng.internal.Utils - [Utils] MethodGroupsHelper.sortMethods() took 22 ms.
2026-04-24 12:24:46 INFO  org.testng.internal.Utils - [Utils] MethodGroupsHelper.collectMethodsByGroup() took 0 ms.
2026-04-24 12:24:46 INFO  org.testng.internal.Utils - [Utils] MethodGroupsHelper.sortMethods() took 0 ms.
2026-04-24 12:24:46 INFO  org.testng.internal.Utils - [Utils] MethodGroupsHelper.collectMethodsByGroup() took 0 ms.
2026-04-24 12:24:46 INFO  org.testng.internal.Utils - [Utils] MethodGroupsHelper.sortMethods() took 0 ms.
2026-04-24 12:24:46 INFO  org.testng.internal.Utils - [Utils] MethodGroupsHelper.collectMethodsByGroup() took 0 ms.
2026-04-24 12:24:46 INFO  org.testng.internal.Utils - [Utils] MethodGroupsHelper.sortMethods() took 0 ms.
2026-04-24 12:24:46 INFO  org.testng.internal.Utils - [Utils] MethodGroupsHelper.collectMethodsByGroup() took 16 ms.
2026-04-24 12:24:46 INFO  org.testng.internal.Utils - [Utils] MethodGroupsHelper.sortMethods() took 0 ms.
2026-04-24 12:24:46 INFO  org.testng.internal.Utils - [Utils] MethodGroupsHelper.collectMethodsByGroup() took 0 ms.
2026-04-24 12:24:46 INFO  org.testng.internal.Utils - [Utils] MethodGroupsHelper.sortMethods() took 0 ms.
2026-04-24 12:24:46 INFO  org.testng.internal.Utils - [Utils] MethodGroupsHelper.collectMethodsByGroup() took 0 ms.
2026-04-24 12:24:46 INFO  org.testng.internal.Utils - [Utils] MethodGroupsHelper.sortMethods() took 0 ms.
2026-04-24 12:24:46 INFO  org.testng.internal.Utils - [TestNG] Running:
  C:\Users\Rahul\AppData\Local\Temp\testng-eclipse--816667639\testng-customsuite.xml

2026-04-24 12:24:46 INFO  org.testng.internal.Utils - [Utils] DynamicGraphHelper.createDynamicGraph() took 9 ms.
2026-04-24 12:25:32 INFO  org.testng.internal.Utils - [TestNG] Time taken by org.testng.reporters.jq.Main@44b21f9f: 43 ms
2026-04-24 12:25:32 INFO  org.testng.internal.Utils - [TestNG] Time taken by org.testng.reporters.FailedReporter@4288d98e: 2 ms
2026-04-24 12:25:32 INFO  org.testng.internal.Utils - [TestNG] Time taken by org.testng.reporters.XMLReporter@404db674: 7 ms
2026-04-24 12:25:32 INFO  org.testng.internal.Utils - [TestNG] Time taken by org.testng.reporters.EmailableReporter2@553bc36c: 4 ms
2026-04-24 12:25:32 INFO  org.testng.internal.Utils - [TestNG] Time taken by org.testng.reporters.JUnitReportReporter@4730e0f0: 6 ms
2026-04-24 12:25:32 INFO  org.testng.internal.Utils - [TestNG] Time taken by org.testng.internal.ExitCodeListener@506a1372: 1 ms
2026-04-24 12:25:49 DEBUG org.testng.TestNG - suiteXmlPath: "C:\Users\Rahul\AppData\Local\Temp\testng-eclipse-1949600332\testng-customsuite.xml"
2026-04-24 12:25:50 INFO  org.testng.internal.Utils - [Utils] MethodGroupsHelper.collectMethodsByGroup() took 1 ms.
2026-04-24 12:25:50 INFO  org.testng.internal.Utils - [Utils] MethodGroupsHelper.sortMethods() took 1 ms.
2026-04-24 12:25:50 INFO  org.testng.internal.Utils - [Utils] MethodGroupsHelper.collectMethodsByGroup() took 0 ms.
2026-04-24 12:25:50 INFO  org.testng.internal.Utils - [Utils] MethodGroupsHelper.sortMethods() took 0 ms.
2026-04-24 12:25:50 INFO  org.testng.internal.Utils - [Utils] MethodGroupsHelper.collectMethodsByGroup() took 0 ms.
2026-04-24 12:25:50 INFO  org.testng.internal.Utils - [Utils] MethodGroupsHelper.sortMethods() took 0 ms.
2026-04-24 12:25:50 INFO  org.testng.internal.Utils - [Utils] MethodGroupsHelper.collectMethodsByGroup() took 0 ms.
2026-04-24 12:25:50 INFO  org.testng.internal.Utils - [Utils] MethodGroupsHelper.sortMethods() took 0 ms.
2026-04-24 12:25:50 INFO  org.testng.internal.Utils - [Utils] MethodGroupsHelper.collectMethodsByGroup() took 0 ms.
2026-04-24 12:25:50 INFO  org.testng.internal.Utils - [Utils] MethodGroupsHelper.sortMethods() took 0 ms.
2026-04-24 12:25:50 INFO  org.testng.internal.Utils - [Utils] MethodGroupsHelper.collectMethodsByGroup() took 0 ms.
2026-04-24 12:25:50 INFO  org.testng.internal.Utils - [Utils] MethodGroupsHelper.sortMethods() took 0 ms.
2026-04-24 12:25:50 INFO  org.testng.internal.Utils - [Utils] MethodGroupsHelper.collectMethodsByGroup() took 0 ms.
2026-04-24 12:25:50 INFO  org.testng.internal.Utils - [Utils] MethodGroupsHelper.sortMethods() took 0 ms.
2026-04-24 12:25:50 INFO  org.testng.internal.Utils - [Utils] MethodGroupsHelper.collectMethodsByGroup() took 0 ms.
2026-04-24 12:25:50 INFO  org.testng.internal.Utils - [Utils] MethodGroupsHelper.sortMethods() took 0 ms.
2026-04-24 12:25:50 INFO  org.testng.internal.Utils - [Utils] MethodGroupsHelper.collectMethodsByGroup() took 13 ms.
2026-04-24 12:25:50 INFO  org.testng.internal.Utils - [Utils] MethodGroupsHelper.sortMethods() took 19 ms.
2026-04-24 12:25:50 INFO  org.testng.internal.Utils - [Utils] MethodGroupsHelper.collectMethodsByGroup() took 0 ms.
2026-04-24 12:25:50 INFO  org.testng.internal.Utils - [Utils] MethodGroupsHelper.sortMethods() took 1 ms.
2026-04-24 12:25:50 INFO  org.testng.internal.Utils - [Utils] MethodGroupsHelper.collectMethodsByGroup() took 0 ms.
2026-04-24 12:25:50 INFO  org.testng.internal.Utils - [Utils] MethodGroupsHelper.sortMethods() took 0 ms.
2026-04-24 12:25:50 INFO  org.testng.internal.Utils - [Utils] MethodGroupsHelper.collectMethodsByGroup() took 0 ms.
2026-04-24 12:25:50 INFO  org.testng.internal.Utils - [Utils] MethodGroupsHelper.sortMethods() took 0 ms.
2026-04-24 12:25:50 INFO  org.testng.internal.Utils - [Utils] MethodGroupsHelper.collectMethodsByGroup() took 16 ms.
2026-04-24 12:25:50 INFO  org.testng.internal.Utils - [Utils] MethodGroupsHelper.sortMethods() took 1 ms.
2026-04-24 12:25:50 INFO  org.testng.internal.Utils - [Utils] MethodGroupsHelper.collectMethodsByGroup() took 0 ms.
2026-04-24 12:25:50 INFO  org.testng.internal.Utils - [Utils] MethodGroupsHelper.sortMethods() took 0 ms.
2026-04-24 12:25:50 INFO  org.testng.internal.Utils - [Utils] MethodGroupsHelper.collectMethodsByGroup() took 0 ms.
2026-04-24 12:25:50 INFO  org.testng.internal.Utils - [Utils] MethodGroupsHelper.sortMethods() took 0 ms.
2026-04-24 12:25:50 INFO  org.testng.internal.Utils - [TestNG] Running:
  C:\Users\Rahul\AppData\Local\Temp\testng-eclipse-1949600332\testng-customsuite.xml

2026-04-24 12:25:50 INFO  org.testng.internal.Utils - [Utils] DynamicGraphHelper.createDynamicGraph() took 5 ms.
2026-04-24 12:26:34 INFO  org.testng.internal.Utils - [TestNG] Time taken by org.testng.reporters.jq.Main@a96d56c: 63 ms
2026-04-24 12:26:34 INFO  org.testng.internal.Utils - [TestNG] Time taken by org.testng.reporters.FailedReporter@7d78f3d5: 17 ms
2026-04-24 12:26:34 INFO  org.testng.internal.Utils - [TestNG] Time taken by org.testng.reporters.XMLReporter@22752544: 9 ms
2026-04-24 12:26:34 INFO  org.testng.internal.Utils - [TestNG] Time taken by org.testng.reporters.EmailableReporter2@3f1ef9d6: 14 ms
2026-04-24 12:26:34 INFO  org.testng.internal.Utils - [TestNG] Time taken by org.testng.reporters.JUnitReportReporter@58d6b7b9: 11 ms
2026-04-24 12:26:34 INFO  org.testng.internal.Utils - [TestNG] Time taken by org.testng.internal.ExitCodeListener@3f1a4795: 1 ms
2026-04-24 12:32:24 DEBUG org.testng.TestNG - suiteXmlPath: "C:\Users\Rahul\AppData\Local\Temp\testng-eclipse-955962489\testng-customsuite.xml"
2026-04-24 12:32:25 INFO  org.testng.internal.Utils - [Utils] MethodGroupsHelper.collectMethodsByGroup() took 1 ms.
2026-04-24 12:32:25 INFO  org.testng.internal.Utils - [Utils] MethodGroupsHelper.sortMethods() took 2 ms.
2026-04-24 12:32:25 INFO  org.testng.internal.Utils - [Utils] MethodGroupsHelper.collectMethodsByGroup() took 0 ms.
2026-04-24 12:32:25 INFO  org.testng.internal.Utils - [Utils] MethodGroupsHelper.sortMethods() took 0 ms.
2026-04-24 12:32:25 INFO  org.testng.internal.Utils - [Utils] MethodGroupsHelper.collectMethodsByGroup() took 0 ms.
2026-04-24 12:32:25 INFO  org.testng.internal.Utils - [Utils] MethodGroupsHelper.sortMethods() took 0 ms.
2026-04-24 12:32:25 INFO  org.testng.internal.Utils - [Utils] MethodGroupsHelper.collectMethodsByGroup() took 0 ms.
2026-04-24 12:32:25 INFO  org.testng.internal.Utils - [Utils] MethodGroupsHelper.sortMethods() took 0 ms.
2026-04-24 12:32:25 INFO  org.testng.internal.Utils - [Utils] MethodGroupsHelper.collectMethodsByGroup() took 0 ms.
2026-04-24 12:32:25 INFO  org.testng.internal.Utils - [Utils] MethodGroupsHelper.sortMethods() took 0 ms.
2026-04-24 12:32:25 INFO  org.testng.internal.Utils - [Utils] MethodGroupsHelper.collectMethodsByGroup() took 0 ms.
2026-04-24 12:32:25 INFO  org.testng.internal.Utils - [Utils] MethodGroupsHelper.sortMethods() took 0 ms.
2026-04-24 12:32:25 INFO  org.testng.internal.Utils - [Utils] MethodGroupsHelper.collectMethodsByGroup() took 0 ms.
2026-04-24 12:32:25 INFO  org.testng.internal.Utils - [Utils] MethodGroupsHelper.sortMethods() took 0 ms.
2026-04-24 12:32:25 INFO  org.testng.internal.Utils - [Utils] MethodGroupsHelper.collectMethodsByGroup() took 0 ms.
2026-04-24 12:32:25 INFO  org.testng.internal.Utils - [Utils] MethodGroupsHelper.sortMethods() took 0 ms.
2026-04-24 12:32:25 INFO  org.testng.internal.Utils - [Utils] MethodGroupsHelper.collectMethodsByGroup() took 10 ms.
2026-04-24 12:32:25 INFO  org.testng.internal.Utils - [Utils] MethodGroupsHelper.sortMethods() took 9 ms.
2026-04-24 12:32:25 INFO  org.testng.internal.Utils - [Utils] MethodGroupsHelper.collectMethodsByGroup() took 0 ms.
2026-04-24 12:32:25 INFO  org.testng.internal.Utils - [Utils] MethodGroupsHelper.sortMethods() took 0 ms.
2026-04-24 12:32:25 INFO  org.testng.internal.Utils - [Utils] MethodGroupsHelper.collectMethodsByGroup() took 0 ms.
2026-04-24 12:32:25 INFO  org.testng.internal.Utils - [Utils] MethodGroupsHelper.sortMethods() took 0 ms.
2026-04-24 12:32:25 INFO  org.testng.internal.Utils - [Utils] MethodGroupsHelper.collectMethodsByGroup() took 0 ms.
2026-04-24 12:32:25 INFO  org.testng.internal.Utils - [Utils] MethodGroupsHelper.sortMethods() took 0 ms.
2026-04-24 12:32:25 INFO  org.testng.internal.Utils - [Utils] MethodGroupsHelper.collectMethodsByGroup() took 14 ms.
2026-04-24 12:32:25 INFO  org.testng.internal.Utils - [Utils] MethodGroupsHelper.sortMethods() took 0 ms.
2026-04-24 12:32:25 INFO  org.testng.internal.Utils - [Utils] MethodGroupsHelper.collectMethodsByGroup() took 0 ms.
2026-04-24 12:32:25 INFO  org.testng.internal.Utils - [Utils] MethodGroupsHelper.sortMethods() took 0 ms.
2026-04-24 12:32:25 INFO  org.testng.internal.Utils - [Utils] MethodGroupsHelper.collectMethodsByGroup() took 0 ms.
2026-04-24 12:32:25 INFO  org.testng.internal.Utils - [Utils] MethodGroupsHelper.sortMethods() took 0 ms.
2026-04-24 12:32:25 INFO  org.testng.internal.Utils - [TestNG] Running:
  C:\Users\Rahul\AppData\Local\Temp\testng-eclipse-955962489\testng-customsuite.xml

2026-04-24 12:32:25 INFO  org.testng.internal.Utils - [Utils] DynamicGraphHelper.createDynamicGraph() took 10 ms.
2026-04-24 12:33:12 INFO  org.testng.internal.Utils - [TestNG] Time taken by org.testng.reporters.jq.Main@4c5228e7: 67 ms
2026-04-24 12:33:12 INFO  org.testng.internal.Utils - [TestNG] Time taken by org.testng.reporters.FailedReporter@201c3cda: 12 ms
2026-04-24 12:33:12 INFO  org.testng.internal.Utils - [TestNG] Time taken by org.testng.reporters.XMLReporter@4f94e148: 9 ms
2026-04-24 12:33:12 INFO  org.testng.internal.Utils - [TestNG] Time taken by org.testng.reporters.EmailableReporter2@1507c3c3: 10 ms
2026-04-24 12:33:12 INFO  org.testng.internal.Utils - [TestNG] Time taken by org.testng.reporters.JUnitReportReporter@625a4ff: 9 ms
2026-04-24 12:33:12 INFO  org.testng.internal.Utils - [TestNG] Time taken by org.testng.internal.ExitCodeListener@41dc0598: 0 ms
2026-04-24 12:33:45 DEBUG org.testng.TestNG - suiteXmlPath: "C:\Users\Rahul\AppData\Local\Temp\testng-eclipse-629016224\testng-customsuite.xml"
2026-04-24 12:33:45 INFO  org.testng.internal.Utils - [Utils] MethodGroupsHelper.collectMethodsByGroup() took 1 ms.
2026-04-24 12:33:45 INFO  org.testng.internal.Utils - [Utils] MethodGroupsHelper.sortMethods() took 2 ms.
2026-04-24 12:33:45 INFO  org.testng.internal.Utils - [Utils] MethodGroupsHelper.collectMethodsByGroup() took 0 ms.
2026-04-24 12:33:45 INFO  org.testng.internal.Utils - [Utils] MethodGroupsHelper.sortMethods() took 0 ms.
2026-04-24 12:33:45 INFO  org.testng.internal.Utils - [Utils] MethodGroupsHelper.collectMethodsByGroup() took 0 ms.
2026-04-24 12:33:45 INFO  org.testng.internal.Utils - [Utils] MethodGroupsHelper.sortMethods() took 0 ms.
2026-04-24 12:33:45 INFO  org.testng.internal.Utils - [Utils] MethodGroupsHelper.collectMethodsByGroup() took 0 ms.
2026-04-24 12:33:45 INFO  org.testng.internal.Utils - [Utils] MethodGroupsHelper.sortMethods() took 0 ms.
2026-04-24 12:33:45 INFO  org.testng.internal.Utils - [Utils] MethodGroupsHelper.collectMethodsByGroup() took 0 ms.
2026-04-24 12:33:45 INFO  org.testng.internal.Utils - [Utils] MethodGroupsHelper.sortMethods() took 0 ms.
2026-04-24 12:33:45 INFO  org.testng.internal.Utils - [Utils] MethodGroupsHelper.collectMethodsByGroup() took 0 ms.
2026-04-24 12:33:45 INFO  org.testng.internal.Utils - [Utils] MethodGroupsHelper.sortMethods() took 0 ms.
2026-04-24 12:33:45 INFO  org.testng.internal.Utils - [Utils] MethodGroupsHelper.collectMethodsByGroup() took 0 ms.
2026-04-24 12:33:45 INFO  org.testng.internal.Utils - [Utils] MethodGroupsHelper.sortMethods() took 0 ms.
2026-04-24 12:33:45 INFO  org.testng.internal.Utils - [Utils] MethodGroupsHelper.collectMethodsByGroup() took 0 ms.
2026-04-24 12:33:45 INFO  org.testng.internal.Utils - [Utils] MethodGroupsHelper.sortMethods() took 0 ms.
2026-04-24 12:33:45 INFO  org.testng.internal.Utils - [Utils] MethodGroupsHelper.collectMethodsByGroup() took 6 ms.
2026-04-24 12:33:45 INFO  org.testng.internal.Utils - [Utils] MethodGroupsHelper.sortMethods() took 12 ms.
2026-04-24 12:33:45 INFO  org.testng.internal.Utils - [Utils] MethodGroupsHelper.collectMethodsByGroup() took 0 ms.
2026-04-24 12:33:45 INFO  org.testng.internal.Utils - [Utils] MethodGroupsHelper.sortMethods() took 1 ms.
2026-04-24 12:33:45 INFO  org.testng.internal.Utils - [Utils] MethodGroupsHelper.collectMethodsByGroup() took 0 ms.
2026-04-24 12:33:45 INFO  org.testng.internal.Utils - [Utils] MethodGroupsHelper.sortMethods() took 0 ms.
2026-04-24 12:33:45 INFO  org.testng.internal.Utils - [Utils] MethodGroupsHelper.collectMethodsByGroup() took 0 ms.
2026-04-24 12:33:45 INFO  org.testng.internal.Utils - [Utils] MethodGroupsHelper.sortMethods() took 0 ms.
2026-04-24 12:33:45 INFO  org.testng.internal.Utils - [Utils] MethodGroupsHelper.collectMethodsByGroup() took 8 ms.
2026-04-24 12:33:45 INFO  org.testng.internal.Utils - [Utils] MethodGroupsHelper.sortMethods() took 0 ms.
2026-04-24 12:33:45 INFO  org.testng.internal.Utils - [Utils] MethodGroupsHelper.collectMethodsByGroup() took 0 ms.
2026-04-24 12:33:45 INFO  org.testng.internal.Utils - [Utils] MethodGroupsHelper.sortMethods() took 0 ms.
2026-04-24 12:33:45 INFO  org.testng.internal.Utils - [Utils] MethodGroupsHelper.collectMethodsByGroup() took 0 ms.
2026-04-24 12:33:45 INFO  org.testng.internal.Utils - [Utils] MethodGroupsHelper.sortMethods() took 0 ms.
2026-04-24 12:33:45 INFO  org.testng.internal.Utils - [TestNG] Running:
  C:\Users\Rahul\AppData\Local\Temp\testng-eclipse-629016224\testng-customsuite.xml

2026-04-24 12:33:45 INFO  org.testng.internal.Utils - [Utils] DynamicGraphHelper.createDynamicGraph() took 3 ms.
2026-04-24 12:34:35 INFO  org.testng.internal.Utils - [TestNG] Time taken by org.testng.reporters.jq.Main@354e7004: 63 ms
2026-04-24 12:34:35 INFO  org.testng.internal.Utils - [TestNG] Time taken by org.testng.reporters.FailedReporter@257e0827: 13 ms
2026-04-24 12:34:35 INFO  org.testng.internal.Utils - [TestNG] Time taken by org.testng.reporters.XMLReporter@3f1ef9d6: 10 ms
2026-04-24 12:34:35 INFO  org.testng.internal.Utils - [TestNG] Time taken by org.testng.reporters.EmailableReporter2@4c86da0c: 8 ms
2026-04-24 12:34:35 INFO  org.testng.internal.Utils - [TestNG] Time taken by org.testng.reporters.JUnitReportReporter@5c83ae01: 10 ms
2026-04-24 12:34:35 INFO  org.testng.internal.Utils - [TestNG] Time taken by org.testng.internal.ExitCodeListener@2d64c100: 0 ms
2026-04-24 12:38:29 DEBUG org.testng.TestNG - suiteXmlPath: "C:\Users\Rahul\AppData\Local\Temp\testng-eclipse-731954906\testng-customsuite.xml"
2026-04-24 12:38:30 INFO  org.testng.internal.Utils - [Utils] MethodGroupsHelper.collectMethodsByGroup() took 0 ms.
2026-04-24 12:38:30 INFO  org.testng.internal.Utils - [Utils] MethodGroupsHelper.sortMethods() took 0 ms.
2026-04-24 12:38:30 INFO  org.testng.internal.Utils - [Utils] MethodGroupsHelper.collectMethodsByGroup() took 0 ms.
2026-04-24 12:38:30 INFO  org.testng.internal.Utils - [Utils] MethodGroupsHelper.sortMethods() took 0 ms.
2026-04-24 12:38:30 INFO  org.testng.internal.Utils - [Utils] MethodGroupsHelper.collectMethodsByGroup() took 0 ms.
2026-04-24 12:38:30 INFO  org.testng.internal.Utils - [Utils] MethodGroupsHelper.sortMethods() took 0 ms.
2026-04-24 12:38:30 INFO  org.testng.internal.Utils - [Utils] MethodGroupsHelper.collectMethodsByGroup() took 0 ms.
2026-04-24 12:38:30 INFO  org.testng.internal.Utils - [Utils] MethodGroupsHelper.sortMethods() took 0 ms.
2026-04-24 12:38:30 INFO  org.testng.internal.Utils - [Utils] MethodGroupsHelper.collectMethodsByGroup() took 0 ms.
2026-04-24 12:38:30 INFO  org.testng.internal.Utils - [Utils] MethodGroupsHelper.sortMethods() took 0 ms.
2026-04-24 12:38:30 INFO  org.testng.internal.Utils - [Utils] MethodGroupsHelper.collectMethodsByGroup() took 0 ms.
2026-04-24 12:38:30 INFO  org.testng.internal.Utils - [Utils] MethodGroupsHelper.sortMethods() took 1 ms.
2026-04-24 12:38:30 INFO  org.testng.internal.Utils - [Utils] MethodGroupsHelper.collectMethodsByGroup() took 0 ms.
2026-04-24 12:38:30 INFO  org.testng.internal.Utils - [Utils] MethodGroupsHelper.sortMethods() took 0 ms.
2026-04-24 12:38:30 INFO  org.testng.internal.Utils - [Utils] MethodGroupsHelper.collectMethodsByGroup() took 0 ms.
2026-04-24 12:38:30 INFO  org.testng.internal.Utils - [Utils] MethodGroupsHelper.sortMethods() took 0 ms.
2026-04-24 12:38:30 INFO  org.testng.internal.Utils - [Utils] MethodGroupsHelper.collectMethodsByGroup() took 7 ms.
2026-04-24 12:38:30 INFO  org.testng.internal.Utils - [Utils] MethodGroupsHelper.sortMethods() took 13 ms.
2026-04-24 12:38:30 INFO  org.testng.internal.Utils - [Utils] MethodGroupsHelper.collectMethodsByGroup() took 0 ms.
2026-04-24 12:38:30 INFO  org.testng.internal.Utils - [Utils] MethodGroupsHelper.sortMethods() took 0 ms.
2026-04-24 12:38:30 INFO  org.testng.internal.Utils - [Utils] MethodGroupsHelper.collectMethodsByGroup() took 0 ms.
2026-04-24 12:38:30 INFO  org.testng.internal.Utils - [Utils] MethodGroupsHelper.sortMethods() took 0 ms.
2026-04-24 12:38:30 INFO  org.testng.internal.Utils - [Utils] MethodGroupsHelper.collectMethodsByGroup() took 0 ms.
2026-04-24 12:38:30 INFO  org.testng.internal.Utils - [Utils] MethodGroupsHelper.sortMethods() took 0 ms.
2026-04-24 12:38:30 INFO  org.testng.internal.Utils - [Utils] MethodGroupsHelper.collectMethodsByGroup() took 14 ms.
2026-04-24 12:38:30 INFO  org.testng.internal.Utils - [Utils] MethodGroupsHelper.sortMethods() took 0 ms.
2026-04-24 12:38:30 INFO  org.testng.internal.Utils - [Utils] MethodGroupsHelper.collectMethodsByGroup() took 0 ms.
2026-04-24 12:38:30 INFO  org.testng.internal.Utils - [Utils] MethodGroupsHelper.sortMethods() took 0 ms.
2026-04-24 12:38:30 INFO  org.testng.internal.Utils - [Utils] MethodGroupsHelper.collectMethodsByGroup() took 0 ms.
2026-04-24 12:38:30 INFO  org.testng.internal.Utils - [Utils] MethodGroupsHelper.sortMethods() took 0 ms.
2026-04-24 12:38:30 INFO  org.testng.internal.Utils - [TestNG] Running:
  C:\Users\Rahul\AppData\Local\Temp\testng-eclipse-731954906\testng-customsuite.xml

2026-04-24 12:38:30 INFO  org.testng.internal.Utils - [Utils] DynamicGraphHelper.createDynamicGraph() took 5 ms.
2026-04-24 12:38:46 INFO  org.testng.internal.Utils - [TestNG] Time taken by org.testng.reporters.jq.Main@288ca5f0: 56 ms
2026-04-24 12:38:46 INFO  org.testng.internal.Utils - [TestNG] Time taken by org.testng.reporters.FailedReporter@6c008c24: 1 ms
2026-04-24 12:38:46 INFO  org.testng.internal.Utils - [TestNG] Time taken by org.testng.reporters.XMLReporter@fd9ebde: 8 ms
2026-04-24 12:38:46 INFO  org.testng.internal.Utils - [TestNG] Time taken by org.testng.reporters.EmailableReporter2@1ba359bd: 9 ms
2026-04-24 12:38:46 INFO  org.testng.internal.Utils - [TestNG] Time taken by org.testng.reporters.JUnitReportReporter@5f038248: 10 ms
2026-04-24 12:38:46 INFO  org.testng.internal.Utils - [TestNG] Time taken by org.testng.internal.ExitCodeListener@78e22d35: 0 ms
2026-04-24 12:39:08 DEBUG org.testng.TestNG - suiteXmlPath: "C:\Users\Rahul\AppData\Local\Temp\testng-eclipse-341696928\testng-customsuite.xml"
2026-04-24 12:39:08 INFO  org.testng.internal.Utils - [Utils] MethodGroupsHelper.collectMethodsByGroup() took 0 ms.
2026-04-24 12:39:08 INFO  org.testng.internal.Utils - [Utils] MethodGroupsHelper.sortMethods() took 2 ms.
2026-04-24 12:39:08 INFO  org.testng.internal.Utils - [Utils] MethodGroupsHelper.collectMethodsByGroup() took 0 ms.
2026-04-24 12:39:08 INFO  org.testng.internal.Utils - [Utils] MethodGroupsHelper.sortMethods() took 0 ms.
2026-04-24 12:39:08 INFO  org.testng.internal.Utils - [Utils] MethodGroupsHelper.collectMethodsByGroup() took 0 ms.
2026-04-24 12:39:08 INFO  org.testng.internal.Utils - [Utils] MethodGroupsHelper.sortMethods() took 0 ms.
2026-04-24 12:39:08 INFO  org.testng.internal.Utils - [Utils] MethodGroupsHelper.collectMethodsByGroup() took 0 ms.
2026-04-24 12:39:08 INFO  org.testng.internal.Utils - [Utils] MethodGroupsHelper.sortMethods() took 0 ms.
2026-04-24 12:39:08 INFO  org.testng.internal.Utils - [Utils] MethodGroupsHelper.collectMethodsByGroup() took 0 ms.
2026-04-24 12:39:08 INFO  org.testng.internal.Utils - [Utils] MethodGroupsHelper.sortMethods() took 0 ms.
2026-04-24 12:39:08 INFO  org.testng.internal.Utils - [Utils] MethodGroupsHelper.collectMethodsByGroup() took 0 ms.
2026-04-24 12:39:08 INFO  org.testng.internal.Utils - [Utils] MethodGroupsHelper.sortMethods() took 0 ms.
2026-04-24 12:39:08 INFO  org.testng.internal.Utils - [Utils] MethodGroupsHelper.collectMethodsByGroup() took 0 ms.
2026-04-24 12:39:08 INFO  org.testng.internal.Utils - [Utils] MethodGroupsHelper.sortMethods() took 0 ms.
2026-04-24 12:39:08 INFO  org.testng.internal.Utils - [Utils] MethodGroupsHelper.collectMethodsByGroup() took 0 ms.
2026-04-24 12:39:08 INFO  org.testng.internal.Utils - [Utils] MethodGroupsHelper.sortMethods() took 0 ms.
2026-04-24 12:39:08 INFO  org.testng.internal.Utils - [Utils] MethodGroupsHelper.collectMethodsByGroup() took 8 ms.
2026-04-24 12:39:08 INFO  org.testng.internal.Utils - [Utils] MethodGroupsHelper.sortMethods() took 15 ms.
2026-04-24 12:39:08 INFO  org.testng.internal.Utils - [Utils] MethodGroupsHelper.collectMethodsByGroup() took 0 ms.
2026-04-24 12:39:08 INFO  org.testng.internal.Utils - [Utils] MethodGroupsHelper.sortMethods() took 1 ms.
2026-04-24 12:39:08 INFO  org.testng.internal.Utils - [Utils] MethodGroupsHelper.collectMethodsByGroup() took 0 ms.
2026-04-24 12:39:08 INFO  org.testng.internal.Utils - [Utils] MethodGroupsHelper.sortMethods() took 0 ms.
2026-04-24 12:39:08 INFO  org.testng.internal.Utils - [Utils] MethodGroupsHelper.collectMethodsByGroup() took 0 ms.
2026-04-24 12:39:08 INFO  org.testng.internal.Utils - [Utils] MethodGroupsHelper.sortMethods() took 0 ms.
2026-04-24 12:39:08 INFO  org.testng.internal.Utils - [Utils] MethodGroupsHelper.collectMethodsByGroup() took 9 ms.
2026-04-24 12:39:08 INFO  org.testng.internal.Utils - [Utils] MethodGroupsHelper.sortMethods() took 1 ms.
2026-04-24 12:39:08 INFO  org.testng.internal.Utils - [Utils] MethodGroupsHelper.collectMethodsByGroup() took 0 ms.
2026-04-24 12:39:08 INFO  org.testng.internal.Utils - [Utils] MethodGroupsHelper.sortMethods() took 0 ms.
2026-04-24 12:39:08 INFO  org.testng.internal.Utils - [Utils] MethodGroupsHelper.collectMethodsByGroup() took 0 ms.
2026-04-24 12:39:08 INFO  org.testng.internal.Utils - [Utils] MethodGroupsHelper.sortMethods() took 0 ms.
2026-04-24 12:39:08 INFO  org.testng.internal.Utils - [TestNG] Running:
  C:\Users\Rahul\AppData\Local\Temp\testng-eclipse-341696928\testng-customsuite.xml

2026-04-24 12:39:08 INFO  org.testng.internal.Utils - [Utils] DynamicGraphHelper.createDynamicGraph() took 6 ms.
2026-04-24 12:39:57 INFO  org.testng.internal.Utils - [TestNG] Time taken by org.testng.reporters.jq.Main@404db674: 60 ms
2026-04-24 12:39:57 INFO  org.testng.internal.Utils - [TestNG] Time taken by org.testng.reporters.FailedReporter@3662bdff: 2 ms
2026-04-24 12:39:57 INFO  org.testng.internal.Utils - [TestNG] Time taken by org.testng.reporters.XMLReporter@380e1909: 5 ms
2026-04-24 12:39:57 INFO  org.testng.internal.Utils - [TestNG] Time taken by org.testng.reporters.EmailableReporter2@6af5bbd0: 4 ms
2026-04-24 12:39:57 INFO  org.testng.internal.Utils - [TestNG] Time taken by org.testng.reporters.JUnitReportReporter@43a09ce2: 5 ms
2026-04-24 12:39:57 INFO  org.testng.internal.Utils - [TestNG] Time taken by org.testng.internal.ExitCodeListener@3f183caa: 0 ms
2026-04-24 12:40:38 DEBUG org.testng.TestNG - suiteXmlPath: "C:\Users\Rahul\AppData\Local\Temp\testng-eclipse--1265460524\testng-customsuite.xml"
2026-04-24 12:40:39 INFO  org.testng.internal.Utils - [Utils] MethodGroupsHelper.collectMethodsByGroup() took 0 ms.
2026-04-24 12:40:39 INFO  org.testng.internal.Utils - [Utils] MethodGroupsHelper.sortMethods() took 2 ms.
2026-04-24 12:40:39 INFO  org.testng.internal.Utils - [Utils] MethodGroupsHelper.collectMethodsByGroup() took 0 ms.
2026-04-24 12:40:39 INFO  org.testng.internal.Utils - [Utils] MethodGroupsHelper.sortMethods() took 0 ms.
2026-04-24 12:40:39 INFO  org.testng.internal.Utils - [Utils] MethodGroupsHelper.collectMethodsByGroup() took 0 ms.
2026-04-24 12:40:39 INFO  org.testng.internal.Utils - [Utils] MethodGroupsHelper.sortMethods() took 0 ms.
2026-04-24 12:40:39 INFO  org.testng.internal.Utils - [Utils] MethodGroupsHelper.collectMethodsByGroup() took 0 ms.
2026-04-24 12:40:39 INFO  org.testng.internal.Utils - [Utils] MethodGroupsHelper.sortMethods() took 0 ms.
2026-04-24 12:40:39 INFO  org.testng.internal.Utils - [Utils] MethodGroupsHelper.collectMethodsByGroup() took 0 ms.
2026-04-24 12:40:39 INFO  org.testng.internal.Utils - [Utils] MethodGroupsHelper.sortMethods() took 0 ms.
2026-04-24 12:40:39 INFO  org.testng.internal.Utils - [Utils] MethodGroupsHelper.collectMethodsByGroup() took 0 ms.
2026-04-24 12:40:39 INFO  org.testng.internal.Utils - [Utils] MethodGroupsHelper.sortMethods() took 0 ms.
2026-04-24 12:40:39 INFO  org.testng.internal.Utils - [Utils] MethodGroupsHelper.collectMethodsByGroup() took 0 ms.
2026-04-24 12:40:39 INFO  org.testng.internal.Utils - [Utils] MethodGroupsHelper.sortMethods() took 0 ms.
2026-04-24 12:40:39 INFO  org.testng.internal.Utils - [Utils] MethodGroupsHelper.collectMethodsByGroup() took 0 ms.
2026-04-24 12:40:39 INFO  org.testng.internal.Utils - [Utils] MethodGroupsHelper.sortMethods() took 0 ms.
2026-04-24 12:40:39 INFO  org.testng.internal.Utils - [Utils] MethodGroupsHelper.collectMethodsByGroup() took 9 ms.
2026-04-24 12:40:39 INFO  org.testng.internal.Utils - [Utils] MethodGroupsHelper.sortMethods() took 15 ms.
2026-04-24 12:40:39 INFO  org.testng.internal.Utils - [Utils] MethodGroupsHelper.collectMethodsByGroup() took 0 ms.
2026-04-24 12:40:39 INFO  org.testng.internal.Utils - [Utils] MethodGroupsHelper.sortMethods() took 0 ms.
2026-04-24 12:40:39 INFO  org.testng.internal.Utils - [Utils] MethodGroupsHelper.collectMethodsByGroup() took 0 ms.
2026-04-24 12:40:39 INFO  org.testng.internal.Utils - [Utils] MethodGroupsHelper.sortMethods() took 0 ms.
2026-04-24 12:40:39 INFO  org.testng.internal.Utils - [Utils] MethodGroupsHelper.collectMethodsByGroup() took 0 ms.
2026-04-24 12:40:39 INFO  org.testng.internal.Utils - [Utils] MethodGroupsHelper.sortMethods() took 0 ms.
2026-04-24 12:40:39 INFO  org.testng.internal.Utils - [Utils] MethodGroupsHelper.collectMethodsByGroup() took 13 ms.
2026-04-24 12:40:39 INFO  org.testng.internal.Utils - [Utils] MethodGroupsHelper.sortMethods() took 0 ms.
2026-04-24 12:40:39 INFO  org.testng.internal.Utils - [Utils] MethodGroupsHelper.collectMethodsByGroup() took 0 ms.
2026-04-24 12:40:39 INFO  org.testng.internal.Utils - [Utils] MethodGroupsHelper.sortMethods() took 1 ms.
2026-04-24 12:40:39 INFO  org.testng.internal.Utils - [Utils] MethodGroupsHelper.collectMethodsByGroup() took 0 ms.
2026-04-24 12:40:39 INFO  org.testng.internal.Utils - [Utils] MethodGroupsHelper.sortMethods() took 0 ms.
2026-04-24 12:40:39 INFO  org.testng.internal.Utils - [TestNG] Running:
  C:\Users\Rahul\AppData\Local\Temp\testng-eclipse--1265460524\testng-customsuite.xml

2026-04-24 12:40:39 INFO  org.testng.internal.Utils - [Utils] DynamicGraphHelper.createDynamicGraph() took 3 ms.
2026-04-24 12:41:44 INFO  org.testng.internal.Utils - [TestNG] Time taken by org.testng.reporters.jq.Main@7ff8a9dc: 50 ms
2026-04-24 12:41:44 INFO  org.testng.internal.Utils - [TestNG] Time taken by org.testng.reporters.FailedReporter@3bb87d36: 1 ms
2026-04-24 12:41:44 INFO  org.testng.internal.Utils - [TestNG] Time taken by org.testng.reporters.XMLReporter@c29fe36: 8 ms
2026-04-24 12:41:44 INFO  org.testng.internal.Utils - [TestNG] Time taken by org.testng.reporters.EmailableReporter2@77681ce4: 5 ms
2026-04-24 12:41:44 INFO  org.testng.internal.Utils - [TestNG] Time taken by org.testng.reporters.JUnitReportReporter@441b8382: 6 ms
2026-04-24 12:41:44 INFO  org.testng.internal.Utils - [TestNG] Time taken by org.testng.internal.ExitCodeListener@1df1ced0: 0 ms
2026-04-24 12:41:49 DEBUG org.testng.TestNG - suiteXmlPath: "C:\Users\Rahul\AppData\Local\Temp\testng-eclipse-858981695\testng-customsuite.xml"
2026-04-24 12:41:50 INFO  org.testng.internal.Utils - [Utils] MethodGroupsHelper.collectMethodsByGroup() took 1 ms.
2026-04-24 12:41:50 INFO  org.testng.internal.Utils - [Utils] MethodGroupsHelper.sortMethods() took 3 ms.
2026-04-24 12:41:50 INFO  org.testng.internal.Utils - [Utils] MethodGroupsHelper.collectMethodsByGroup() took 0 ms.
2026-04-24 12:41:50 INFO  org.testng.internal.Utils - [Utils] MethodGroupsHelper.sortMethods() took 0 ms.
2026-04-24 12:41:50 INFO  org.testng.internal.Utils - [Utils] MethodGroupsHelper.collectMethodsByGroup() took 0 ms.
2026-04-24 12:41:50 INFO  org.testng.internal.Utils - [Utils] MethodGroupsHelper.sortMethods() took 0 ms.
2026-04-24 12:41:50 INFO  org.testng.internal.Utils - [Utils] MethodGroupsHelper.collectMethodsByGroup() took 0 ms.
2026-04-24 12:41:50 INFO  org.testng.internal.Utils - [Utils] MethodGroupsHelper.sortMethods() took 0 ms.
2026-04-24 12:41:50 INFO  org.testng.internal.Utils - [Utils] MethodGroupsHelper.collectMethodsByGroup() took 0 ms.
2026-04-24 12:41:50 INFO  org.testng.internal.Utils - [Utils] MethodGroupsHelper.sortMethods() took 0 ms.
2026-04-24 12:41:50 INFO  org.testng.internal.Utils - [Utils] MethodGroupsHelper.collectMethodsByGroup() took 0 ms.
2026-04-24 12:41:50 INFO  org.testng.internal.Utils - [Utils] MethodGroupsHelper.sortMethods() took 0 ms.
2026-04-24 12:41:50 INFO  org.testng.internal.Utils - [Utils] MethodGroupsHelper.collectMethodsByGroup() took 0 ms.
2026-04-24 12:41:50 INFO  org.testng.internal.Utils - [Utils] MethodGroupsHelper.sortMethods() took 0 ms.
2026-04-24 12:41:50 INFO  org.testng.internal.Utils - [Utils] MethodGroupsHelper.collectMethodsByGroup() took 0 ms.
2026-04-24 12:41:50 INFO  org.testng.internal.Utils - [Utils] MethodGroupsHelper.sortMethods() took 0 ms.
2026-04-24 12:41:50 INFO  org.testng.internal.Utils - [Utils] MethodGroupsHelper.collectMethodsByGroup() took 8 ms.
2026-04-24 12:41:50 INFO  org.testng.internal.Utils - [Utils] MethodGroupsHelper.sortMethods() took 13 ms.
2026-04-24 12:41:50 INFO  org.testng.internal.Utils - [Utils] MethodGroupsHelper.collectMethodsByGroup() took 0 ms.
2026-04-24 12:41:50 INFO  org.testng.internal.Utils - [Utils] MethodGroupsHelper.sortMethods() took 0 ms.
2026-04-24 12:41:50 INFO  org.testng.internal.Utils - [Utils] MethodGroupsHelper.collectMethodsByGroup() took 0 ms.
2026-04-24 12:41:50 INFO  org.testng.internal.Utils - [Utils] MethodGroupsHelper.sortMethods() took 0 ms.
2026-04-24 12:41:50 INFO  org.testng.internal.Utils - [Utils] MethodGroupsHelper.collectMethodsByGroup() took 0 ms.
2026-04-24 12:41:50 INFO  org.testng.internal.Utils - [Utils] MethodGroupsHelper.sortMethods() took 0 ms.
2026-04-24 12:41:50 INFO  org.testng.internal.Utils - [Utils] MethodGroupsHelper.collectMethodsByGroup() took 16 ms.
2026-04-24 12:41:50 INFO  org.testng.internal.Utils - [Utils] MethodGroupsHelper.sortMethods() took 0 ms.
2026-04-24 12:41:50 INFO  org.testng.internal.Utils - [Utils] MethodGroupsHelper.collectMethodsByGroup() took 0 ms.
2026-04-24 12:41:50 INFO  org.testng.internal.Utils - [Utils] MethodGroupsHelper.sortMethods() took 0 ms.
2026-04-24 12:41:50 INFO  org.testng.internal.Utils - [Utils] MethodGroupsHelper.collectMethodsByGroup() took 0 ms.
2026-04-24 12:41:50 INFO  org.testng.internal.Utils - [Utils] MethodGroupsHelper.sortMethods() took 0 ms.
2026-04-24 12:41:50 INFO  org.testng.internal.Utils - [TestNG] Running:
  C:\Users\Rahul\AppData\Local\Temp\testng-eclipse-858981695\testng-customsuite.xml

2026-04-24 12:41:50 INFO  org.testng.internal.Utils - [Utils] DynamicGraphHelper.createDynamicGraph() took 5 ms.
2026-04-24 12:42:05 INFO  org.testng.internal.Utils - [TestNG] Time taken by org.testng.reporters.jq.Main@336206d8: 46 ms
2026-04-24 12:42:05 INFO  org.testng.internal.Utils - [TestNG] Time taken by org.testng.reporters.FailedReporter@2b2f5fcf: 1 ms
2026-04-24 12:42:05 INFO  org.testng.internal.Utils - [TestNG] Time taken by org.testng.reporters.XMLReporter@216e0771: 7 ms
2026-04-24 12:42:05 INFO  org.testng.internal.Utils - [TestNG] Time taken by org.testng.reporters.EmailableReporter2@72f8ae0c: 6 ms
2026-04-24 12:42:05 INFO  org.testng.internal.Utils - [TestNG] Time taken by org.testng.reporters.JUnitReportReporter@644ded04: 5 ms
2026-04-24 12:42:05 INFO  org.testng.internal.Utils - [TestNG] Time taken by org.testng.internal.ExitCodeListener@5292ceca: 0 ms
2026-04-24 12:42:10 DEBUG org.testng.TestNG - suiteXmlPath: "C:\Users\Rahul\AppData\Local\Temp\testng-eclipse-1460390199\testng-customsuite.xml"
2026-04-24 12:42:10 INFO  org.testng.internal.Utils - [Utils] MethodGroupsHelper.collectMethodsByGroup() took 1 ms.
2026-04-24 12:42:10 INFO  org.testng.internal.Utils - [Utils] MethodGroupsHelper.sortMethods() took 2 ms.
2026-04-24 12:42:10 INFO  org.testng.internal.Utils - [Utils] MethodGroupsHelper.collectMethodsByGroup() took 0 ms.
2026-04-24 12:42:10 INFO  org.testng.internal.Utils - [Utils] MethodGroupsHelper.sortMethods() took 0 ms.
2026-04-24 12:42:10 INFO  org.testng.internal.Utils - [Utils] MethodGroupsHelper.collectMethodsByGroup() took 0 ms.
2026-04-24 12:42:10 INFO  org.testng.internal.Utils - [Utils] MethodGroupsHelper.sortMethods() took 0 ms.
2026-04-24 12:42:10 INFO  org.testng.internal.Utils - [Utils] MethodGroupsHelper.collectMethodsByGroup() took 0 ms.
2026-04-24 12:42:10 INFO  org.testng.internal.Utils - [Utils] MethodGroupsHelper.sortMethods() took 0 ms.
2026-04-24 12:42:10 INFO  org.testng.internal.Utils - [Utils] MethodGroupsHelper.collectMethodsByGroup() took 0 ms.
2026-04-24 12:42:10 INFO  org.testng.internal.Utils - [Utils] MethodGroupsHelper.sortMethods() took 0 ms.
2026-04-24 12:42:10 INFO  org.testng.internal.Utils - [Utils] MethodGroupsHelper.collectMethodsByGroup() took 0 ms.
2026-04-24 12:42:10 INFO  org.testng.internal.Utils - [Utils] MethodGroupsHelper.sortMethods() took 0 ms.
2026-04-24 12:42:10 INFO  org.testng.internal.Utils - [Utils] MethodGroupsHelper.collectMethodsByGroup() took 0 ms.
2026-04-24 12:42:10 INFO  org.testng.internal.Utils - [Utils] MethodGroupsHelper.sortMethods() took 0 ms.
2026-04-24 12:42:10 INFO  org.testng.internal.Utils - [Utils] MethodGroupsHelper.collectMethodsByGroup() took 0 ms.
2026-04-24 12:42:10 INFO  org.testng.internal.Utils - [Utils] MethodGroupsHelper.sortMethods() took 0 ms.
2026-04-24 12:42:10 INFO  org.testng.internal.Utils - [Utils] MethodGroupsHelper.collectMethodsByGroup() took 6 ms.
2026-04-24 12:42:10 INFO  org.testng.internal.Utils - [Utils] MethodGroupsHelper.sortMethods() took 16 ms.
2026-04-24 12:42:10 INFO  org.testng.internal.Utils - [Utils] MethodGroupsHelper.collectMethodsByGroup() took 0 ms.
2026-04-24 12:42:10 INFO  org.testng.internal.Utils - [Utils] MethodGroupsHelper.sortMethods() took 1 ms.
2026-04-24 12:42:10 INFO  org.testng.internal.Utils - [Utils] MethodGroupsHelper.collectMethodsByGroup() took 0 ms.
2026-04-24 12:42:10 INFO  org.testng.internal.Utils - [Utils] MethodGroupsHelper.sortMethods() took 0 ms.
2026-04-24 12:42:10 INFO  org.testng.internal.Utils - [Utils] MethodGroupsHelper.collectMethodsByGroup() took 0 ms.
2026-04-24 12:42:10 INFO  org.testng.internal.Utils - [Utils] MethodGroupsHelper.sortMethods() took 0 ms.
2026-04-24 12:42:10 INFO  org.testng.internal.Utils - [Utils] MethodGroupsHelper.collectMethodsByGroup() took 10 ms.
2026-04-24 12:42:10 INFO  org.testng.internal.Utils - [Utils] MethodGroupsHelper.sortMethods() took 1 ms.
2026-04-24 12:42:10 INFO  org.testng.internal.Utils - [Utils] MethodGroupsHelper.collectMethodsByGroup() took 0 ms.
2026-04-24 12:42:10 INFO  org.testng.internal.Utils - [Utils] MethodGroupsHelper.sortMethods() took 0 ms.
2026-04-24 12:42:10 INFO  org.testng.internal.Utils - [Utils] MethodGroupsHelper.collectMethodsByGroup() took 0 ms.
2026-04-24 12:42:10 INFO  org.testng.internal.Utils - [Utils] MethodGroupsHelper.sortMethods() took 0 ms.
2026-04-24 12:42:10 INFO  org.testng.internal.Utils - [TestNG] Running:
  C:\Users\Rahul\AppData\Local\Temp\testng-eclipse-1460390199\testng-customsuite.xml

2026-04-24 12:42:10 INFO  org.testng.internal.Utils - [Utils] DynamicGraphHelper.createDynamicGraph() took 10 ms.
2026-04-24 12:43:29 INFO  org.testng.internal.Utils - [TestNG] Time taken by org.testng.reporters.jq.Main@7c37f145: 47 ms
2026-04-24 12:43:29 INFO  org.testng.internal.Utils - [TestNG] Time taken by org.testng.reporters.FailedReporter@1823b9c4: 1 ms
2026-04-24 12:43:29 INFO  org.testng.internal.Utils - [TestNG] Time taken by org.testng.reporters.XMLReporter@2c9a6717: 8 ms
2026-04-24 12:43:29 INFO  org.testng.internal.Utils - [TestNG] Time taken by org.testng.reporters.EmailableReporter2@6a9344f5: 6 ms
2026-04-24 12:43:29 INFO  org.testng.internal.Utils - [TestNG] Time taken by org.testng.reporters.JUnitReportReporter@631cb129: 6 ms
2026-04-24 12:43:29 INFO  org.testng.internal.Utils - [TestNG] Time taken by org.testng.internal.ExitCodeListener@3d20e575: 0 ms
2026-04-24 12:43:36 DEBUG org.testng.TestNG - suiteXmlPath: "C:\Users\Rahul\AppData\Local\Temp\testng-eclipse--746790003\testng-customsuite.xml"
2026-04-24 12:43:36 INFO  org.testng.internal.Utils - [Utils] MethodGroupsHelper.collectMethodsByGroup() took 1 ms.
2026-04-24 12:43:36 INFO  org.testng.internal.Utils - [Utils] MethodGroupsHelper.sortMethods() took 2 ms.
2026-04-24 12:43:36 INFO  org.testng.internal.Utils - [Utils] MethodGroupsHelper.collectMethodsByGroup() took 0 ms.
2026-04-24 12:43:36 INFO  org.testng.internal.Utils - [Utils] MethodGroupsHelper.sortMethods() took 0 ms.
2026-04-24 12:43:36 INFO  org.testng.internal.Utils - [Utils] MethodGroupsHelper.collectMethodsByGroup() took 0 ms.
2026-04-24 12:43:36 INFO  org.testng.internal.Utils - [Utils] MethodGroupsHelper.sortMethods() took 0 ms.
2026-04-24 12:43:36 INFO  org.testng.internal.Utils - [Utils] MethodGroupsHelper.collectMethodsByGroup() took 0 ms.
2026-04-24 12:43:36 INFO  org.testng.internal.Utils - [Utils] MethodGroupsHelper.sortMethods() took 0 ms.
2026-04-24 12:43:36 INFO  org.testng.internal.Utils - [Utils] MethodGroupsHelper.collectMethodsByGroup() took 0 ms.
2026-04-24 12:43:36 INFO  org.testng.internal.Utils - [Utils] MethodGroupsHelper.sortMethods() took 0 ms.
2026-04-24 12:43:36 INFO  org.testng.internal.Utils - [Utils] MethodGroupsHelper.collectMethodsByGroup() took 0 ms.
2026-04-24 12:43:36 INFO  org.testng.internal.Utils - [Utils] MethodGroupsHelper.sortMethods() took 0 ms.
2026-04-24 12:43:36 INFO  org.testng.internal.Utils - [Utils] MethodGroupsHelper.collectMethodsByGroup() took 0 ms.
2026-04-24 12:43:36 INFO  org.testng.internal.Utils - [Utils] MethodGroupsHelper.sortMethods() took 1 ms.
2026-04-24 12:43:36 INFO  org.testng.internal.Utils - [Utils] MethodGroupsHelper.collectMethodsByGroup() took 0 ms.
2026-04-24 12:43:36 INFO  org.testng.internal.Utils - [Utils] MethodGroupsHelper.sortMethods() took 0 ms.
2026-04-24 12:43:36 INFO  org.testng.internal.Utils - [Utils] MethodGroupsHelper.collectMethodsByGroup() took 6 ms.
2026-04-24 12:43:36 INFO  org.testng.internal.Utils - [Utils] MethodGroupsHelper.sortMethods() took 16 ms.
2026-04-24 12:43:36 INFO  org.testng.internal.Utils - [Utils] MethodGroupsHelper.collectMethodsByGroup() took 0 ms.
2026-04-24 12:43:36 INFO  org.testng.internal.Utils - [Utils] MethodGroupsHelper.sortMethods() took 0 ms.
2026-04-24 12:43:36 INFO  org.testng.internal.Utils - [Utils] MethodGroupsHelper.collectMethodsByGroup() took 0 ms.
2026-04-24 12:43:36 INFO  org.testng.internal.Utils - [Utils] MethodGroupsHelper.sortMethods() took 0 ms.
2026-04-24 12:43:36 INFO  org.testng.internal.Utils - [Utils] MethodGroupsHelper.collectMethodsByGroup() took 0 ms.
2026-04-24 12:43:36 INFO  org.testng.internal.Utils - [Utils] MethodGroupsHelper.sortMethods() took 0 ms.
2026-04-24 12:43:36 INFO  org.testng.internal.Utils - [Utils] MethodGroupsHelper.collectMethodsByGroup() took 12 ms.
2026-04-24 12:43:36 INFO  org.testng.internal.Utils - [Utils] MethodGroupsHelper.sortMethods() took 0 ms.
2026-04-24 12:43:36 INFO  org.testng.internal.Utils - [Utils] MethodGroupsHelper.collectMethodsByGroup() took 0 ms.
2026-04-24 12:43:36 INFO  org.testng.internal.Utils - [Utils] MethodGroupsHelper.sortMethods() took 0 ms.
2026-04-24 12:43:36 INFO  org.testng.internal.Utils - [Utils] MethodGroupsHelper.collectMethodsByGroup() took 0 ms.
2026-04-24 12:43:36 INFO  org.testng.internal.Utils - [Utils] MethodGroupsHelper.sortMethods() took 0 ms.
2026-04-24 12:43:36 INFO  org.testng.internal.Utils - [TestNG] Running:
  C:\Users\Rahul\AppData\Local\Temp\testng-eclipse--746790003\testng-customsuite.xml

2026-04-24 12:43:36 INFO  org.testng.internal.Utils - [Utils] DynamicGraphHelper.createDynamicGraph() took 9 ms.
2026-04-24 12:43:51 INFO  org.testng.internal.Utils - [TestNG] Time taken by org.testng.reporters.jq.Main@46185a1b: 65 ms
2026-04-24 12:43:51 INFO  org.testng.internal.Utils - [TestNG] Time taken by org.testng.reporters.FailedReporter@582a764a: 18 ms
2026-04-24 12:43:51 INFO  org.testng.internal.Utils - [TestNG] Time taken by org.testng.reporters.XMLReporter@546e61d5: 13 ms
2026-04-24 12:43:51 INFO  org.testng.internal.Utils - [TestNG] Time taken by org.testng.reporters.EmailableReporter2@5b9396d3: 12 ms
2026-04-24 12:43:51 INFO  org.testng.internal.Utils - [TestNG] Time taken by org.testng.reporters.JUnitReportReporter@5ef6fd7f: 9 ms
2026-04-24 12:43:51 INFO  org.testng.internal.Utils - [TestNG] Time taken by org.testng.internal.ExitCodeListener@5633ed82: 0 ms
2026-04-24 12:44:14 DEBUG org.testng.TestNG - suiteXmlPath: "C:\Users\Rahul\AppData\Local\Temp\testng-eclipse-95101887\testng-customsuite.xml"
2026-04-24 12:44:14 INFO  org.testng.internal.Utils - [Utils] MethodGroupsHelper.collectMethodsByGroup() took 1 ms.
2026-04-24 12:44:14 INFO  org.testng.internal.Utils - [Utils] MethodGroupsHelper.sortMethods() took 0 ms.
2026-04-24 12:44:14 INFO  org.testng.internal.Utils - [Utils] MethodGroupsHelper.collectMethodsByGroup() took 0 ms.
2026-04-24 12:44:14 INFO  org.testng.internal.Utils - [Utils] MethodGroupsHelper.sortMethods() took 0 ms.
2026-04-24 12:44:14 INFO  org.testng.internal.Utils - [Utils] MethodGroupsHelper.collectMethodsByGroup() took 0 ms.
2026-04-24 12:44:14 INFO  org.testng.internal.Utils - [Utils] MethodGroupsHelper.sortMethods() took 0 ms.
2026-04-24 12:44:14 INFO  org.testng.internal.Utils - [Utils] MethodGroupsHelper.collectMethodsByGroup() took 0 ms.
2026-04-24 12:44:14 INFO  org.testng.internal.Utils - [Utils] MethodGroupsHelper.sortMethods() took 0 ms.
2026-04-24 12:44:14 INFO  org.testng.internal.Utils - [Utils] MethodGroupsHelper.collectMethodsByGroup() took 0 ms.
2026-04-24 12:44:14 INFO  org.testng.internal.Utils - [Utils] MethodGroupsHelper.sortMethods() took 0 ms.
2026-04-24 12:44:14 INFO  org.testng.internal.Utils - [Utils] MethodGroupsHelper.collectMethodsByGroup() took 0 ms.
2026-04-24 12:44:14 INFO  org.testng.internal.Utils - [Utils] MethodGroupsHelper.sortMethods() took 0 ms.
2026-04-24 12:44:14 INFO  org.testng.internal.Utils - [Utils] MethodGroupsHelper.collectMethodsByGroup() took 0 ms.
2026-04-24 12:44:14 INFO  org.testng.internal.Utils - [Utils] MethodGroupsHelper.sortMethods() took 0 ms.
2026-04-24 12:44:14 INFO  org.testng.internal.Utils - [Utils] MethodGroupsHelper.collectMethodsByGroup() took 0 ms.
2026-04-24 12:44:14 INFO  org.testng.internal.Utils - [Utils] MethodGroupsHelper.sortMethods() took 0 ms.
2026-04-24 12:44:14 INFO  org.testng.internal.Utils - [Utils] MethodGroupsHelper.collectMethodsByGroup() took 5 ms.
2026-04-24 12:44:14 INFO  org.testng.internal.Utils - [Utils] MethodGroupsHelper.sortMethods() took 11 ms.
2026-04-24 12:44:14 INFO  org.testng.internal.Utils - [Utils] MethodGroupsHelper.collectMethodsByGroup() took 0 ms.
2026-04-24 12:44:14 INFO  org.testng.internal.Utils - [Utils] MethodGroupsHelper.sortMethods() took 0 ms.
2026-04-24 12:44:14 INFO  org.testng.internal.Utils - [Utils] MethodGroupsHelper.collectMethodsByGroup() took 0 ms.
2026-04-24 12:44:14 INFO  org.testng.internal.Utils - [Utils] MethodGroupsHelper.sortMethods() took 0 ms.
2026-04-24 12:44:14 INFO  org.testng.internal.Utils - [Utils] MethodGroupsHelper.collectMethodsByGroup() took 0 ms.
2026-04-24 12:44:14 INFO  org.testng.internal.Utils - [Utils] MethodGroupsHelper.sortMethods() took 0 ms.
2026-04-24 12:44:14 INFO  org.testng.internal.Utils - [Utils] MethodGroupsHelper.collectMethodsByGroup() took 10 ms.
2026-04-24 12:44:14 INFO  org.testng.internal.Utils - [Utils] MethodGroupsHelper.sortMethods() took 0 ms.
2026-04-24 12:44:14 INFO  org.testng.internal.Utils - [Utils] MethodGroupsHelper.collectMethodsByGroup() took 0 ms.
2026-04-24 12:44:14 INFO  org.testng.internal.Utils - [Utils] MethodGroupsHelper.sortMethods() took 0 ms.
2026-04-24 12:44:14 INFO  org.testng.internal.Utils - [Utils] MethodGroupsHelper.collectMethodsByGroup() took 0 ms.
2026-04-24 12:44:14 INFO  org.testng.internal.Utils - [Utils] MethodGroupsHelper.sortMethods() took 0 ms.
2026-04-24 12:44:14 INFO  org.testng.internal.Utils - [TestNG] Running:
  C:\Users\Rahul\AppData\Local\Temp\testng-eclipse-95101887\testng-customsuite.xml

2026-04-24 12:44:14 INFO  org.testng.internal.Utils - [Utils] DynamicGraphHelper.createDynamicGraph() took 5 ms.
2026-04-24 12:44:33 INFO  org.testng.internal.Utils - [TestNG] Time taken by org.testng.reporters.jq.Main@2cae9b8: 76 ms
2026-04-24 12:44:33 INFO  org.testng.internal.Utils - [TestNG] Time taken by org.testng.reporters.FailedReporter@17fa1336: 2 ms
2026-04-24 12:44:33 INFO  org.testng.internal.Utils - [TestNG] Time taken by org.testng.reporters.XMLReporter@16727bf0: 12 ms
2026-04-24 12:44:33 INFO  org.testng.internal.Utils - [TestNG] Time taken by org.testng.reporters.EmailableReporter2@2630dbc4: 7 ms
2026-04-24 12:44:33 INFO  org.testng.internal.Utils - [TestNG] Time taken by org.testng.reporters.JUnitReportReporter@423b2b62: 8 ms
2026-04-24 12:44:33 INFO  org.testng.internal.Utils - [TestNG] Time taken by org.testng.internal.ExitCodeListener@2b7962a2: 0 ms
2026-04-24 12:44:42 DEBUG org.testng.TestNG - suiteXmlPath: "C:\Users\Rahul\AppData\Local\Temp\testng-eclipse--131668457\testng-customsuite.xml"
2026-04-24 12:44:43 INFO  org.testng.internal.Utils - [Utils] MethodGroupsHelper.collectMethodsByGroup() took 1 ms.
2026-04-24 12:44:43 INFO  org.testng.internal.Utils - [Utils] MethodGroupsHelper.sortMethods() took 0 ms.
2026-04-24 12:44:43 INFO  org.testng.internal.Utils - [Utils] MethodGroupsHelper.collectMethodsByGroup() took 0 ms.
2026-04-24 12:44:43 INFO  org.testng.internal.Utils - [Utils] MethodGroupsHelper.sortMethods() took 0 ms.
2026-04-24 12:44:43 INFO  org.testng.internal.Utils - [Utils] MethodGroupsHelper.collectMethodsByGroup() took 0 ms.
2026-04-24 12:44:43 INFO  org.testng.internal.Utils - [Utils] MethodGroupsHelper.sortMethods() took 0 ms.
2026-04-24 12:44:43 INFO  org.testng.internal.Utils - [Utils] MethodGroupsHelper.collectMethodsByGroup() took 0 ms.
2026-04-24 12:44:43 INFO  org.testng.internal.Utils - [Utils] MethodGroupsHelper.sortMethods() took 0 ms.
2026-04-24 12:44:43 INFO  org.testng.internal.Utils - [Utils] MethodGroupsHelper.collectMethodsByGroup() took 0 ms.
2026-04-24 12:44:43 INFO  org.testng.internal.Utils - [Utils] MethodGroupsHelper.sortMethods() took 0 ms.
2026-04-24 12:44:43 INFO  org.testng.internal.Utils - [Utils] MethodGroupsHelper.collectMethodsByGroup() took 0 ms.
2026-04-24 12:44:43 INFO  org.testng.internal.Utils - [Utils] MethodGroupsHelper.sortMethods() took 0 ms.
2026-04-24 12:44:43 INFO  org.testng.internal.Utils - [Utils] MethodGroupsHelper.collectMethodsByGroup() took 0 ms.
2026-04-24 12:44:43 INFO  org.testng.internal.Utils - [Utils] MethodGroupsHelper.sortMethods() took 0 ms.
2026-04-24 12:44:43 INFO  org.testng.internal.Utils - [Utils] MethodGroupsHelper.collectMethodsByGroup() took 0 ms.
2026-04-24 12:44:43 INFO  org.testng.internal.Utils - [Utils] MethodGroupsHelper.sortMethods() took 0 ms.
2026-04-24 12:44:43 INFO  org.testng.internal.Utils - [Utils] MethodGroupsHelper.collectMethodsByGroup() took 5 ms.
2026-04-24 12:44:43 INFO  org.testng.internal.Utils - [Utils] MethodGroupsHelper.sortMethods() took 12 ms.
2026-04-24 12:44:43 INFO  org.testng.internal.Utils - [Utils] MethodGroupsHelper.collectMethodsByGroup() took 0 ms.
2026-04-24 12:44:43 INFO  org.testng.internal.Utils - [Utils] MethodGroupsHelper.sortMethods() took 0 ms.
2026-04-24 12:44:43 INFO  org.testng.internal.Utils - [Utils] MethodGroupsHelper.collectMethodsByGroup() took 0 ms.
2026-04-24 12:44:43 INFO  org.testng.internal.Utils - [Utils] MethodGroupsHelper.sortMethods() took 0 ms.
2026-04-24 12:44:43 INFO  org.testng.internal.Utils - [Utils] MethodGroupsHelper.collectMethodsByGroup() took 0 ms.
2026-04-24 12:44:43 INFO  org.testng.internal.Utils - [Utils] MethodGroupsHelper.sortMethods() took 0 ms.
2026-04-24 12:44:43 INFO  org.testng.internal.Utils - [Utils] MethodGroupsHelper.collectMethodsByGroup() took 12 ms.
2026-04-24 12:44:43 INFO  org.testng.internal.Utils - [Utils] MethodGroupsHelper.sortMethods() took 0 ms.
2026-04-24 12:44:43 INFO  org.testng.internal.Utils - [Utils] MethodGroupsHelper.collectMethodsByGroup() took 0 ms.
2026-04-24 12:44:43 INFO  org.testng.internal.Utils - [Utils] MethodGroupsHelper.sortMethods() took 0 ms.
2026-04-24 12:44:43 INFO  org.testng.internal.Utils - [Utils] MethodGroupsHelper.collectMethodsByGroup() took 0 ms.
2026-04-24 12:44:43 INFO  org.testng.internal.Utils - [Utils] MethodGroupsHelper.sortMethods() took 0 ms.
2026-04-24 12:44:43 INFO  org.testng.internal.Utils - [TestNG] Running:
  C:\Users\Rahul\AppData\Local\Temp\testng-eclipse--131668457\testng-customsuite.xml

2026-04-24 12:44:43 INFO  org.testng.internal.Utils - [Utils] DynamicGraphHelper.createDynamicGraph() took 5 ms.
2026-04-24 12:46:32 INFO  org.testng.internal.Utils - [TestNG] Time taken by org.testng.reporters.jq.Main@11b32a14: 77 ms
2026-04-24 12:46:32 INFO  org.testng.internal.Utils - [TestNG] Time taken by org.testng.reporters.FailedReporter@27e2287c: 23 ms
2026-04-24 12:46:32 INFO  org.testng.internal.Utils - [TestNG] Time taken by org.testng.reporters.XMLReporter@39de9bda: 27 ms
2026-04-24 12:46:32 INFO  org.testng.internal.Utils - [TestNG] Time taken by org.testng.reporters.EmailableReporter2@56846330: 14 ms
2026-04-24 12:46:32 INFO  org.testng.internal.Utils - [TestNG] Time taken by org.testng.reporters.JUnitReportReporter@14c141c0: 9 ms
2026-04-24 12:46:32 INFO  org.testng.internal.Utils - [TestNG] Time taken by org.testng.internal.ExitCodeListener@61874b9d: 0 ms
2026-04-24 12:46:48 DEBUG org.testng.TestNG - suiteXmlPath: "C:\Users\Rahul\AppData\Local\Temp\testng-eclipse-761885411\testng-customsuite.xml"
2026-04-24 12:46:49 INFO  org.testng.internal.Utils - [Utils] MethodGroupsHelper.collectMethodsByGroup() took 0 ms.
2026-04-24 12:46:49 INFO  org.testng.internal.Utils - [Utils] MethodGroupsHelper.sortMethods() took 1 ms.
2026-04-24 12:46:49 INFO  org.testng.internal.Utils - [Utils] MethodGroupsHelper.collectMethodsByGroup() took 0 ms.
2026-04-24 12:46:49 INFO  org.testng.internal.Utils - [Utils] MethodGroupsHelper.sortMethods() took 0 ms.
2026-04-24 12:46:49 INFO  org.testng.internal.Utils - [Utils] MethodGroupsHelper.collectMethodsByGroup() took 0 ms.
2026-04-24 12:46:49 INFO  org.testng.internal.Utils - [Utils] MethodGroupsHelper.sortMethods() took 0 ms.
2026-04-24 12:46:49 INFO  org.testng.internal.Utils - [Utils] MethodGroupsHelper.collectMethodsByGroup() took 0 ms.
2026-04-24 12:46:49 INFO  org.testng.internal.Utils - [Utils] MethodGroupsHelper.sortMethods() took 0 ms.
2026-04-24 12:46:49 INFO  org.testng.internal.Utils - [Utils] MethodGroupsHelper.collectMethodsByGroup() took 0 ms.
2026-04-24 12:46:49 INFO  org.testng.internal.Utils - [Utils] MethodGroupsHelper.sortMethods() took 0 ms.
2026-04-24 12:46:49 INFO  org.testng.internal.Utils - [Utils] MethodGroupsHelper.collectMethodsByGroup() took 0 ms.
2026-04-24 12:46:49 INFO  org.testng.internal.Utils - [Utils] MethodGroupsHelper.sortMethods() took 0 ms.
2026-04-24 12:46:49 INFO  org.testng.internal.Utils - [Utils] MethodGroupsHelper.collectMethodsByGroup() took 0 ms.
2026-04-24 12:46:49 INFO  org.testng.internal.Utils - [Utils] MethodGroupsHelper.sortMethods() took 0 ms.
2026-04-24 12:46:49 INFO  org.testng.internal.Utils - [Utils] MethodGroupsHelper.collectMethodsByGroup() took 0 ms.
2026-04-24 12:46:49 INFO  org.testng.internal.Utils - [Utils] MethodGroupsHelper.sortMethods() took 0 ms.
2026-04-24 12:46:49 INFO  org.testng.internal.Utils - [Utils] MethodGroupsHelper.collectMethodsByGroup() took 8 ms.
2026-04-24 12:46:49 INFO  org.testng.internal.Utils - [Utils] MethodGroupsHelper.sortMethods() took 14 ms.
2026-04-24 12:46:49 INFO  org.testng.internal.Utils - [Utils] MethodGroupsHelper.collectMethodsByGroup() took 0 ms.
2026-04-24 12:46:49 INFO  org.testng.internal.Utils - [Utils] MethodGroupsHelper.sortMethods() took 0 ms.
2026-04-24 12:46:49 INFO  org.testng.internal.Utils - [Utils] MethodGroupsHelper.collectMethodsByGroup() took 0 ms.
2026-04-24 12:46:49 INFO  org.testng.internal.Utils - [Utils] MethodGroupsHelper.sortMethods() took 0 ms.
2026-04-24 12:46:49 INFO  org.testng.internal.Utils - [Utils] MethodGroupsHelper.collectMethodsByGroup() took 0 ms.
2026-04-24 12:46:49 INFO  org.testng.internal.Utils - [Utils] MethodGroupsHelper.sortMethods() took 0 ms.
2026-04-24 12:46:49 INFO  org.testng.internal.Utils - [Utils] MethodGroupsHelper.collectMethodsByGroup() took 13 ms.
2026-04-24 12:46:49 INFO  org.testng.internal.Utils - [Utils] MethodGroupsHelper.sortMethods() took 1 ms.
2026-04-24 12:46:49 INFO  org.testng.internal.Utils - [Utils] MethodGroupsHelper.collectMethodsByGroup() took 0 ms.
2026-04-24 12:46:49 INFO  org.testng.internal.Utils - [Utils] MethodGroupsHelper.sortMethods() took 0 ms.
2026-04-24 12:46:49 INFO  org.testng.internal.Utils - [Utils] MethodGroupsHelper.collectMethodsByGroup() took 0 ms.
2026-04-24 12:46:49 INFO  org.testng.internal.Utils - [Utils] MethodGroupsHelper.sortMethods() took 0 ms.
2026-04-24 12:46:49 INFO  org.testng.internal.Utils - [TestNG] Running:
  C:\Users\Rahul\AppData\Local\Temp\testng-eclipse-761885411\testng-customsuite.xml

2026-04-24 12:46:49 INFO  org.testng.internal.Utils - [Utils] DynamicGraphHelper.createDynamicGraph() took 4 ms.
2026-04-24 12:47:00 INFO  org.testng.internal.Utils - [TestNG] Time taken by org.testng.reporters.jq.Main@716e431d: 78 ms
2026-04-24 12:47:00 INFO  org.testng.internal.Utils - [TestNG] Time taken by org.testng.reporters.FailedReporter@2123064f: 15 ms
2026-04-24 12:47:00 INFO  org.testng.internal.Utils - [TestNG] Time taken by org.testng.reporters.XMLReporter@3c69362a: 10 ms
2026-04-24 12:47:00 INFO  org.testng.internal.Utils - [TestNG] Time taken by org.testng.reporters.EmailableReporter2@212dfd39: 12 ms
2026-04-24 12:47:00 INFO  org.testng.internal.Utils - [TestNG] Time taken by org.testng.reporters.JUnitReportReporter@108a46d6: 10 ms
2026-04-24 12:47:00 INFO  org.testng.internal.Utils - [TestNG] Time taken by org.testng.internal.ExitCodeListener@7a8406c2: 0 ms
2026-04-24 12:48:05 DEBUG org.testng.TestNG - suiteXmlPath: "C:\Users\Rahul\AppData\Local\Temp\testng-eclipse--1182342727\testng-customsuite.xml"
2026-04-24 12:48:05 INFO  org.testng.internal.Utils - [Utils] MethodGroupsHelper.collectMethodsByGroup() took 0 ms.
2026-04-24 12:48:06 INFO  org.testng.internal.Utils - [Utils] MethodGroupsHelper.sortMethods() took 1 ms.
2026-04-24 12:48:06 INFO  org.testng.internal.Utils - [Utils] MethodGroupsHelper.collectMethodsByGroup() took 0 ms.
2026-04-24 12:48:06 INFO  org.testng.internal.Utils - [Utils] MethodGroupsHelper.sortMethods() took 0 ms.
2026-04-24 12:48:06 INFO  org.testng.internal.Utils - [Utils] MethodGroupsHelper.collectMethodsByGroup() took 0 ms.
2026-04-24 12:48:06 INFO  org.testng.internal.Utils - [Utils] MethodGroupsHelper.sortMethods() took 0 ms.
2026-04-24 12:48:06 INFO  org.testng.internal.Utils - [Utils] MethodGroupsHelper.collectMethodsByGroup() took 0 ms.
2026-04-24 12:48:06 INFO  org.testng.internal.Utils - [Utils] MethodGroupsHelper.sortMethods() took 0 ms.
2026-04-24 12:48:06 INFO  org.testng.internal.Utils - [Utils] MethodGroupsHelper.collectMethodsByGroup() took 0 ms.
2026-04-24 12:48:06 INFO  org.testng.internal.Utils - [Utils] MethodGroupsHelper.sortMethods() took 0 ms.
2026-04-24 12:48:06 INFO  org.testng.internal.Utils - [Utils] MethodGroupsHelper.collectMethodsByGroup() took 0 ms.
2026-04-24 12:48:06 INFO  org.testng.internal.Utils - [Utils] MethodGroupsHelper.sortMethods() took 0 ms.
2026-04-24 12:48:06 INFO  org.testng.internal.Utils - [Utils] MethodGroupsHelper.collectMethodsByGroup() took 0 ms.
2026-04-24 12:48:06 INFO  org.testng.internal.Utils - [Utils] MethodGroupsHelper.sortMethods() took 0 ms.
2026-04-24 12:48:06 INFO  org.testng.internal.Utils - [Utils] MethodGroupsHelper.collectMethodsByGroup() took 0 ms.
2026-04-24 12:48:06 INFO  org.testng.internal.Utils - [Utils] MethodGroupsHelper.sortMethods() took 0 ms.
2026-04-24 12:48:06 INFO  org.testng.internal.Utils - [Utils] MethodGroupsHelper.collectMethodsByGroup() took 5 ms.
2026-04-24 12:48:06 INFO  org.testng.internal.Utils - [Utils] MethodGroupsHelper.sortMethods() took 14 ms.
2026-04-24 12:48:06 INFO  org.testng.internal.Utils - [Utils] MethodGroupsHelper.collectMethodsByGroup() took 1 ms.
2026-04-24 12:48:06 INFO  org.testng.internal.Utils - [Utils] MethodGroupsHelper.sortMethods() took 0 ms.
2026-04-24 12:48:06 INFO  org.testng.internal.Utils - [Utils] MethodGroupsHelper.collectMethodsByGroup() took 0 ms.
2026-04-24 12:48:06 INFO  org.testng.internal.Utils - [Utils] MethodGroupsHelper.sortMethods() took 0 ms.
2026-04-24 12:48:06 INFO  org.testng.internal.Utils - [Utils] MethodGroupsHelper.collectMethodsByGroup() took 0 ms.
2026-04-24 12:48:06 INFO  org.testng.internal.Utils - [Utils] MethodGroupsHelper.sortMethods() took 0 ms.
2026-04-24 12:48:06 INFO  org.testng.internal.Utils - [Utils] MethodGroupsHelper.collectMethodsByGroup() took 9 ms.
2026-04-24 12:48:06 INFO  org.testng.internal.Utils - [Utils] MethodGroupsHelper.sortMethods() took 0 ms.
2026-04-24 12:48:06 INFO  org.testng.internal.Utils - [Utils] MethodGroupsHelper.collectMethodsByGroup() took 0 ms.
2026-04-24 12:48:06 INFO  org.testng.internal.Utils - [Utils] MethodGroupsHelper.sortMethods() took 0 ms.
2026-04-24 12:48:06 INFO  org.testng.internal.Utils - [Utils] MethodGroupsHelper.collectMethodsByGroup() took 0 ms.
2026-04-24 12:48:06 INFO  org.testng.internal.Utils - [Utils] MethodGroupsHelper.sortMethods() took 0 ms.
2026-04-24 12:48:06 INFO  org.testng.internal.Utils - [TestNG] Running:
  C:\Users\Rahul\AppData\Local\Temp\testng-eclipse--1182342727\testng-customsuite.xml

2026-04-24 12:48:06 INFO  org.testng.internal.Utils - [Utils] DynamicGraphHelper.createDynamicGraph() took 5 ms.
2026-04-24 12:50:05 INFO  org.testng.internal.Utils - [TestNG] Time taken by org.testng.reporters.jq.Main@468173fa: 38 ms
2026-04-24 12:50:05 INFO  org.testng.internal.Utils - [TestNG] Time taken by org.testng.reporters.FailedReporter@750a04ec: 11 ms
2026-04-24 12:50:05 INFO  org.testng.internal.Utils - [TestNG] Time taken by org.testng.reporters.XMLReporter@1d98daa0: 9 ms
2026-04-24 12:50:05 INFO  org.testng.internal.Utils - [TestNG] Time taken by org.testng.reporters.EmailableReporter2@66522ead: 7 ms
2026-04-24 12:50:05 INFO  org.testng.internal.Utils - [TestNG] Time taken by org.testng.reporters.JUnitReportReporter@3728a578: 7 ms
2026-04-24 12:50:05 INFO  org.testng.internal.Utils - [TestNG] Time taken by org.testng.internal.ExitCodeListener@3e3cd6fe: 0 ms
2026-04-24 12:51:59 DEBUG org.testng.TestNG - suiteXmlPath: "C:\Users\Rahul\AppData\Local\Temp\testng-eclipse-1067420365\testng-customsuite.xml"
2026-04-24 12:51:59 INFO  org.testng.internal.Utils - [Utils] MethodGroupsHelper.collectMethodsByGroup() took 0 ms.
2026-04-24 12:51:59 INFO  org.testng.internal.Utils - [Utils] MethodGroupsHelper.sortMethods() took 2 ms.
2026-04-24 12:51:59 INFO  org.testng.internal.Utils - [Utils] MethodGroupsHelper.collectMethodsByGroup() took 0 ms.
2026-04-24 12:51:59 INFO  org.testng.internal.Utils - [Utils] MethodGroupsHelper.sortMethods() took 0 ms.
2026-04-24 12:51:59 INFO  org.testng.internal.Utils - [Utils] MethodGroupsHelper.collectMethodsByGroup() took 0 ms.
2026-04-24 12:51:59 INFO  org.testng.internal.Utils - [Utils] MethodGroupsHelper.sortMethods() took 0 ms.
2026-04-24 12:51:59 INFO  org.testng.internal.Utils - [Utils] MethodGroupsHelper.collectMethodsByGroup() took 0 ms.
2026-04-24 12:51:59 INFO  org.testng.internal.Utils - [Utils] MethodGroupsHelper.sortMethods() took 0 ms.
2026-04-24 12:51:59 INFO  org.testng.internal.Utils - [Utils] MethodGroupsHelper.collectMethodsByGroup() took 0 ms.
2026-04-24 12:51:59 INFO  org.testng.internal.Utils - [Utils] MethodGroupsHelper.sortMethods() took 0 ms.
2026-04-24 12:51:59 INFO  org.testng.internal.Utils - [Utils] MethodGroupsHelper.collectMethodsByGroup() took 0 ms.
2026-04-24 12:51:59 INFO  org.testng.internal.Utils - [Utils] MethodGroupsHelper.sortMethods() took 1 ms.
2026-04-24 12:51:59 INFO  org.testng.internal.Utils - [Utils] MethodGroupsHelper.collectMethodsByGroup() took 0 ms.
2026-04-24 12:51:59 INFO  org.testng.internal.Utils - [Utils] MethodGroupsHelper.sortMethods() took 0 ms.
2026-04-24 12:51:59 INFO  org.testng.internal.Utils - [Utils] MethodGroupsHelper.collectMethodsByGroup() took 0 ms.
2026-04-24 12:51:59 INFO  org.testng.internal.Utils - [Utils] MethodGroupsHelper.sortMethods() took 0 ms.
2026-04-24 12:51:59 INFO  org.testng.internal.Utils - [Utils] MethodGroupsHelper.collectMethodsByGroup() took 3 ms.
2026-04-24 12:51:59 INFO  org.testng.internal.Utils - [Utils] MethodGroupsHelper.sortMethods() took 7 ms.
2026-04-24 12:51:59 INFO  org.testng.internal.Utils - [Utils] MethodGroupsHelper.collectMethodsByGroup() took 0 ms.
2026-04-24 12:51:59 INFO  org.testng.internal.Utils - [Utils] MethodGroupsHelper.sortMethods() took 0 ms.
2026-04-24 12:51:59 INFO  org.testng.internal.Utils - [Utils] MethodGroupsHelper.collectMethodsByGroup() took 0 ms.
2026-04-24 12:51:59 INFO  org.testng.internal.Utils - [Utils] MethodGroupsHelper.sortMethods() took 0 ms.
2026-04-24 12:51:59 INFO  org.testng.internal.Utils - [Utils] MethodGroupsHelper.collectMethodsByGroup() took 0 ms.
2026-04-24 12:51:59 INFO  org.testng.internal.Utils - [Utils] MethodGroupsHelper.sortMethods() took 0 ms.
2026-04-24 12:51:59 INFO  org.testng.internal.Utils - [Utils] MethodGroupsHelper.collectMethodsByGroup() took 11 ms.
2026-04-24 12:51:59 INFO  org.testng.internal.Utils - [Utils] MethodGroupsHelper.sortMethods() took 0 ms.
2026-04-24 12:51:59 INFO  org.testng.internal.Utils - [Utils] MethodGroupsHelper.collectMethodsByGroup() took 0 ms.
2026-04-24 12:51:59 INFO  org.testng.internal.Utils - [Utils] MethodGroupsHelper.sortMethods() took 0 ms.
2026-04-24 12:51:59 INFO  org.testng.internal.Utils - [Utils] MethodGroupsHelper.collectMethodsByGroup() took 0 ms.
2026-04-24 12:51:59 INFO  org.testng.internal.Utils - [Utils] MethodGroupsHelper.sortMethods() took 0 ms.
2026-04-24 12:51:59 INFO  org.testng.internal.Utils - [TestNG] Running:
  C:\Users\Rahul\AppData\Local\Temp\testng-eclipse-1067420365\testng-customsuite.xml

2026-04-24 12:51:59 INFO  org.testng.internal.Utils - [Utils] DynamicGraphHelper.createDynamicGraph() took 3 ms.
2026-04-24 12:52:39 INFO  org.testng.internal.Utils - [TestNG] Time taken by org.testng.reporters.jq.Main@539a138b: 38 ms
2026-04-24 12:52:39 INFO  org.testng.internal.Utils - [TestNG] Time taken by org.testng.reporters.FailedReporter@4eb9f2af: 10 ms
2026-04-24 12:52:39 INFO  org.testng.internal.Utils - [TestNG] Time taken by org.testng.reporters.XMLReporter@5b20706: 6 ms
2026-04-24 12:52:39 INFO  org.testng.internal.Utils - [TestNG] Time taken by org.testng.reporters.EmailableReporter2@493b01ef: 7 ms
2026-04-24 12:52:39 INFO  org.testng.internal.Utils - [TestNG] Time taken by org.testng.reporters.JUnitReportReporter@7c37f145: 7 ms
2026-04-24 12:52:39 INFO  org.testng.internal.Utils - [TestNG] Time taken by org.testng.internal.ExitCodeListener@68699afc: 0 ms
2026-04-24 12:52:42 DEBUG org.testng.TestNG - suiteXmlPath: "C:\Users\Rahul\AppData\Local\Temp\testng-eclipse--784514009\testng-customsuite.xml"
2026-04-24 12:52:43 INFO  org.testng.internal.Utils - [Utils] MethodGroupsHelper.collectMethodsByGroup() took 1 ms.
2026-04-24 12:52:43 INFO  org.testng.internal.Utils - [Utils] MethodGroupsHelper.sortMethods() took 0 ms.
2026-04-24 12:52:43 INFO  org.testng.internal.Utils - [Utils] MethodGroupsHelper.collectMethodsByGroup() took 0 ms.
2026-04-24 12:52:43 INFO  org.testng.internal.Utils - [Utils] MethodGroupsHelper.sortMethods() took 0 ms.
2026-04-24 12:52:43 INFO  org.testng.internal.Utils - [Utils] MethodGroupsHelper.collectMethodsByGroup() took 0 ms.
2026-04-24 12:52:43 INFO  org.testng.internal.Utils - [Utils] MethodGroupsHelper.sortMethods() took 0 ms.
2026-04-24 12:52:43 INFO  org.testng.internal.Utils - [Utils] MethodGroupsHelper.collectMethodsByGroup() took 0 ms.
2026-04-24 12:52:43 INFO  org.testng.internal.Utils - [Utils] MethodGroupsHelper.sortMethods() took 0 ms.
2026-04-24 12:52:43 INFO  org.testng.internal.Utils - [Utils] MethodGroupsHelper.collectMethodsByGroup() took 0 ms.
2026-04-24 12:52:43 INFO  org.testng.internal.Utils - [Utils] MethodGroupsHelper.sortMethods() took 0 ms.
2026-04-24 12:52:43 INFO  org.testng.internal.Utils - [Utils] MethodGroupsHelper.collectMethodsByGroup() took 0 ms.
2026-04-24 12:52:43 INFO  org.testng.internal.Utils - [Utils] MethodGroupsHelper.sortMethods() took 0 ms.
2026-04-24 12:52:43 INFO  org.testng.internal.Utils - [Utils] MethodGroupsHelper.collectMethodsByGroup() took 0 ms.
2026-04-24 12:52:43 INFO  org.testng.internal.Utils - [Utils] MethodGroupsHelper.sortMethods() took 0 ms.
2026-04-24 12:52:43 INFO  org.testng.internal.Utils - [Utils] MethodGroupsHelper.collectMethodsByGroup() took 0 ms.
2026-04-24 12:52:43 INFO  org.testng.internal.Utils - [Utils] MethodGroupsHelper.sortMethods() took 0 ms.
2026-04-24 12:52:43 INFO  org.testng.internal.Utils - [Utils] MethodGroupsHelper.collectMethodsByGroup() took 4 ms.
2026-04-24 12:52:43 INFO  org.testng.internal.Utils - [Utils] MethodGroupsHelper.sortMethods() took 9 ms.
2026-04-24 12:52:43 INFO  org.testng.internal.Utils - [Utils] MethodGroupsHelper.collectMethodsByGroup() took 0 ms.
2026-04-24 12:52:43 INFO  org.testng.internal.Utils - [Utils] MethodGroupsHelper.sortMethods() took 0 ms.
2026-04-24 12:52:43 INFO  org.testng.internal.Utils - [Utils] MethodGroupsHelper.collectMethodsByGroup() took 0 ms.
2026-04-24 12:52:43 INFO  org.testng.internal.Utils - [Utils] MethodGroupsHelper.sortMethods() took 0 ms.
2026-04-24 12:52:43 INFO  org.testng.internal.Utils - [Utils] MethodGroupsHelper.collectMethodsByGroup() took 0 ms.
2026-04-24 12:52:43 INFO  org.testng.internal.Utils - [Utils] MethodGroupsHelper.sortMethods() took 0 ms.
2026-04-24 12:52:43 INFO  org.testng.internal.Utils - [Utils] MethodGroupsHelper.collectMethodsByGroup() took 8 ms.
2026-04-24 12:52:43 INFO  org.testng.internal.Utils - [Utils] MethodGroupsHelper.sortMethods() took 1 ms.
2026-04-24 12:52:43 INFO  org.testng.internal.Utils - [Utils] MethodGroupsHelper.collectMethodsByGroup() took 0 ms.
2026-04-24 12:52:43 INFO  org.testng.internal.Utils - [Utils] MethodGroupsHelper.sortMethods() took 0 ms.
2026-04-24 12:52:43 INFO  org.testng.internal.Utils - [Utils] MethodGroupsHelper.collectMethodsByGroup() took 0 ms.
2026-04-24 12:52:43 INFO  org.testng.internal.Utils - [Utils] MethodGroupsHelper.sortMethods() took 0 ms.
2026-04-24 12:52:43 INFO  org.testng.internal.Utils - [TestNG] Running:
  C:\Users\Rahul\AppData\Local\Temp\testng-eclipse--784514009\testng-customsuite.xml

2026-04-24 12:52:43 INFO  org.testng.internal.Utils - [Utils] DynamicGraphHelper.createDynamicGraph() took 3 ms.
2026-04-24 12:53:22 INFO  org.testng.internal.Utils - [TestNG] Time taken by org.testng.reporters.jq.Main@56476c16: 93 ms
2026-04-24 12:53:22 INFO  org.testng.internal.Utils - [TestNG] Time taken by org.testng.reporters.FailedReporter@33a55bd8: 21 ms
2026-04-24 12:53:22 INFO  org.testng.internal.Utils - [TestNG] Time taken by org.testng.reporters.XMLReporter@b3e86d5: 25 ms
2026-04-24 12:53:22 INFO  org.testng.internal.Utils - [TestNG] Time taken by org.testng.reporters.EmailableReporter2@77fa9381: 25 ms
2026-04-24 12:53:22 INFO  org.testng.internal.Utils - [TestNG] Time taken by org.testng.reporters.JUnitReportReporter@3f5156a6: 16 ms
2026-04-24 12:53:22 INFO  org.testng.internal.Utils - [TestNG] Time taken by org.testng.internal.ExitCodeListener@72bdd7c7: 0 ms
2026-04-24 12:54:07 DEBUG org.testng.TestNG - suiteXmlPath: "C:\Users\Rahul\AppData\Local\Temp\testng-eclipse-1497370421\testng-customsuite.xml"
2026-04-24 12:54:07 INFO  org.testng.internal.Utils - [Utils] MethodGroupsHelper.collectMethodsByGroup() took 0 ms.
2026-04-24 12:54:07 INFO  org.testng.internal.Utils - [Utils] MethodGroupsHelper.sortMethods() took 0 ms.
2026-04-24 12:54:07 INFO  org.testng.internal.Utils - [Utils] MethodGroupsHelper.collectMethodsByGroup() took 0 ms.
2026-04-24 12:54:07 INFO  org.testng.internal.Utils - [Utils] MethodGroupsHelper.sortMethods() took 0 ms.
2026-04-24 12:54:07 INFO  org.testng.internal.Utils - [Utils] MethodGroupsHelper.collectMethodsByGroup() took 0 ms.
2026-04-24 12:54:07 INFO  org.testng.internal.Utils - [Utils] MethodGroupsHelper.sortMethods() took 0 ms.
2026-04-24 12:54:07 INFO  org.testng.internal.Utils - [Utils] MethodGroupsHelper.collectMethodsByGroup() took 0 ms.
2026-04-24 12:54:07 INFO  org.testng.internal.Utils - [Utils] MethodGroupsHelper.sortMethods() took 0 ms.
2026-04-24 12:54:07 INFO  org.testng.internal.Utils - [Utils] MethodGroupsHelper.collectMethodsByGroup() took 0 ms.
2026-04-24 12:54:07 INFO  org.testng.internal.Utils - [Utils] MethodGroupsHelper.sortMethods() took 0 ms.
2026-04-24 12:54:07 INFO  org.testng.internal.Utils - [Utils] MethodGroupsHelper.collectMethodsByGroup() took 0 ms.
2026-04-24 12:54:07 INFO  org.testng.internal.Utils - [Utils] MethodGroupsHelper.sortMethods() took 0 ms.
2026-04-24 12:54:07 INFO  org.testng.internal.Utils - [Utils] MethodGroupsHelper.collectMethodsByGroup() took 0 ms.
2026-04-24 12:54:07 INFO  org.testng.internal.Utils - [Utils] MethodGroupsHelper.sortMethods() took 0 ms.
2026-04-24 12:54:07 INFO  org.testng.internal.Utils - [Utils] MethodGroupsHelper.collectMethodsByGroup() took 0 ms.
2026-04-24 12:54:07 INFO  org.testng.internal.Utils - [Utils] MethodGroupsHelper.sortMethods() took 0 ms.
2026-04-24 12:54:07 INFO  org.testng.internal.Utils - [Utils] MethodGroupsHelper.collectMethodsByGroup() took 7 ms.
2026-04-24 12:54:07 INFO  org.testng.internal.Utils - [Utils] MethodGroupsHelper.sortMethods() took 15 ms.
2026-04-24 12:54:07 INFO  org.testng.internal.Utils - [Utils] MethodGroupsHelper.collectMethodsByGroup() took 0 ms.
2026-04-24 12:54:07 INFO  org.testng.internal.Utils - [Utils] MethodGroupsHelper.sortMethods() took 0 ms.
2026-04-24 12:54:07 INFO  org.testng.internal.Utils - [Utils] MethodGroupsHelper.collectMethodsByGroup() took 0 ms.
2026-04-24 12:54:07 INFO  org.testng.internal.Utils - [Utils] MethodGroupsHelper.sortMethods() took 0 ms.
2026-04-24 12:54:07 INFO  org.testng.internal.Utils - [Utils] MethodGroupsHelper.collectMethodsByGroup() took 0 ms.
2026-04-24 12:54:07 INFO  org.testng.internal.Utils - [Utils] MethodGroupsHelper.sortMethods() took 0 ms.
2026-04-24 12:54:07 INFO  org.testng.internal.Utils - [Utils] MethodGroupsHelper.collectMethodsByGroup() took 7 ms.
2026-04-24 12:54:07 INFO  org.testng.internal.Utils - [Utils] MethodGroupsHelper.sortMethods() took 0 ms.
2026-04-24 12:54:07 INFO  org.testng.internal.Utils - [Utils] MethodGroupsHelper.collectMethodsByGroup() took 0 ms.
2026-04-24 12:54:07 INFO  org.testng.internal.Utils - [Utils] MethodGroupsHelper.sortMethods() took 0 ms.
2026-04-24 12:54:07 INFO  org.testng.internal.Utils - [Utils] MethodGroupsHelper.collectMethodsByGroup() took 0 ms.
2026-04-24 12:54:07 INFO  org.testng.internal.Utils - [Utils] MethodGroupsHelper.sortMethods() took 0 ms.
2026-04-24 12:54:07 INFO  org.testng.internal.Utils - [TestNG] Running:
  C:\Users\Rahul\AppData\Local\Temp\testng-eclipse-1497370421\testng-customsuite.xml

2026-04-24 12:54:07 INFO  org.testng.internal.Utils - [Utils] DynamicGraphHelper.createDynamicGraph() took 3 ms.
2026-04-24 12:57:16 DEBUG org.testng.TestNG - suiteXmlPath: "C:\Users\Rahul\AppData\Local\Temp\testng-eclipse--517712287\testng-customsuite.xml"
2026-04-24 12:57:16 INFO  org.testng.internal.Utils - [Utils] MethodGroupsHelper.collectMethodsByGroup() took 1 ms.
2026-04-24 12:57:16 INFO  org.testng.internal.Utils - [Utils] MethodGroupsHelper.sortMethods() took 1 ms.
2026-04-24 12:57:16 INFO  org.testng.internal.Utils - [Utils] MethodGroupsHelper.collectMethodsByGroup() took 0 ms.
2026-04-24 12:57:16 INFO  org.testng.internal.Utils - [Utils] MethodGroupsHelper.sortMethods() took 0 ms.
2026-04-24 12:57:16 INFO  org.testng.internal.Utils - [Utils] MethodGroupsHelper.collectMethodsByGroup() took 0 ms.
2026-04-24 12:57:16 INFO  org.testng.internal.Utils - [Utils] MethodGroupsHelper.sortMethods() took 0 ms.
2026-04-24 12:57:16 INFO  org.testng.internal.Utils - [Utils] MethodGroupsHelper.collectMethodsByGroup() took 0 ms.
2026-04-24 12:57:16 INFO  org.testng.internal.Utils - [Utils] MethodGroupsHelper.sortMethods() took 0 ms.
2026-04-24 12:57:16 INFO  org.testng.internal.Utils - [Utils] MethodGroupsHelper.collectMethodsByGroup() took 0 ms.
2026-04-24 12:57:16 INFO  org.testng.internal.Utils - [Utils] MethodGroupsHelper.sortMethods() took 0 ms.
2026-04-24 12:57:16 INFO  org.testng.internal.Utils - [Utils] MethodGroupsHelper.collectMethodsByGroup() took 0 ms.
2026-04-24 12:57:16 INFO  org.testng.internal.Utils - [Utils] MethodGroupsHelper.sortMethods() took 0 ms.
2026-04-24 12:57:16 INFO  org.testng.internal.Utils - [Utils] MethodGroupsHelper.collectMethodsByGroup() took 0 ms.
2026-04-24 12:57:16 INFO  org.testng.internal.Utils - [Utils] MethodGroupsHelper.sortMethods() took 0 ms.
2026-04-24 12:57:16 INFO  org.testng.internal.Utils - [Utils] MethodGroupsHelper.collectMethodsByGroup() took 0 ms.
2026-04-24 12:57:16 INFO  org.testng.internal.Utils - [Utils] MethodGroupsHelper.sortMethods() took 0 ms.
2026-04-24 12:57:16 INFO  org.testng.internal.Utils - [Utils] MethodGroupsHelper.collectMethodsByGroup() took 8 ms.
2026-04-24 12:57:16 INFO  org.testng.internal.Utils - [Utils] MethodGroupsHelper.sortMethods() took 13 ms.
2026-04-24 12:57:16 INFO  org.testng.internal.Utils - [Utils] MethodGroupsHelper.collectMethodsByGroup() took 0 ms.
2026-04-24 12:57:16 INFO  org.testng.internal.Utils - [Utils] MethodGroupsHelper.sortMethods() took 0 ms.
2026-04-24 12:57:16 INFO  org.testng.internal.Utils - [Utils] MethodGroupsHelper.collectMethodsByGroup() took 0 ms.
2026-04-24 12:57:16 INFO  org.testng.internal.Utils - [Utils] MethodGroupsHelper.sortMethods() took 0 ms.
2026-04-24 12:57:16 INFO  org.testng.internal.Utils - [Utils] MethodGroupsHelper.collectMethodsByGroup() took 0 ms.
2026-04-24 12:57:16 INFO  org.testng.internal.Utils - [Utils] MethodGroupsHelper.sortMethods() took 0 ms.
2026-04-24 12:57:16 INFO  org.testng.internal.Utils - [Utils] MethodGroupsHelper.collectMethodsByGroup() took 10 ms.
2026-04-24 12:57:16 INFO  org.testng.internal.Utils - [Utils] MethodGroupsHelper.sortMethods() took 0 ms.
2026-04-24 12:57:16 INFO  org.testng.internal.Utils - [Utils] MethodGroupsHelper.collectMethodsByGroup() took 0 ms.
2026-04-24 12:57:16 INFO  org.testng.internal.Utils - [Utils] MethodGroupsHelper.sortMethods() took 0 ms.
2026-04-24 12:57:16 INFO  org.testng.internal.Utils - [Utils] MethodGroupsHelper.collectMethodsByGroup() took 0 ms.
2026-04-24 12:57:16 INFO  org.testng.internal.Utils - [Utils] MethodGroupsHelper.sortMethods() took 0 ms.
2026-04-24 12:57:16 INFO  org.testng.internal.Utils - [TestNG] Running:
  C:\Users\Rahul\AppData\Local\Temp\testng-eclipse--517712287\testng-customsuite.xml

2026-04-24 12:57:16 INFO  org.testng.internal.Utils - [Utils] DynamicGraphHelper.createDynamicGraph() took 7 ms.
2026-04-24 12:57:56 INFO  org.testng.internal.Utils - [TestNG] Time taken by org.testng.reporters.jq.Main@61ce238e: 45 ms
2026-04-24 12:57:56 INFO  org.testng.internal.Utils - [TestNG] Time taken by org.testng.reporters.FailedReporter@282c5075: 8 ms
2026-04-24 12:57:56 INFO  org.testng.internal.Utils - [TestNG] Time taken by org.testng.reporters.XMLReporter@37b470df: 13 ms
2026-04-24 12:57:56 INFO  org.testng.internal.Utils - [TestNG] Time taken by org.testng.reporters.EmailableReporter2@6c8d8b60: 6 ms
2026-04-24 12:57:56 INFO  org.testng.internal.Utils - [TestNG] Time taken by org.testng.reporters.JUnitReportReporter@79fcd194: 9 ms
2026-04-24 12:57:56 INFO  org.testng.internal.Utils - [TestNG] Time taken by org.testng.internal.ExitCodeListener@73d8c8d7: 0 ms
2026-04-24 12:57:58 INFO  org.testng.internal.Utils - [TestNG] Time taken by org.testng.reporters.jq.Main@4190bc8a: 50 ms
2026-04-24 12:57:58 INFO  org.testng.internal.Utils - [TestNG] Time taken by org.testng.reporters.FailedReporter@196ae579: 12 ms
2026-04-24 12:57:58 INFO  org.testng.internal.Utils - [TestNG] Time taken by org.testng.reporters.XMLReporter@1df1ced0: 11 ms
2026-04-24 12:57:58 INFO  org.testng.internal.Utils - [TestNG] Time taken by org.testng.reporters.EmailableReporter2@65ddee5a: 9 ms
2026-04-24 12:57:58 INFO  org.testng.internal.Utils - [TestNG] Time taken by org.testng.reporters.JUnitReportReporter@ef60710: 10 ms
2026-04-24 12:57:58 INFO  org.testng.internal.Utils - [TestNG] Time taken by org.testng.internal.ExitCodeListener@600f5704: 0 ms
2026-04-24 13:01:39 DEBUG org.testng.TestNG - suiteXmlPath: "C:\Users\Rahul\AppData\Local\Temp\testng-eclipse-1257502170\testng-customsuite.xml"
2026-04-24 13:01:39 INFO  org.testng.internal.Utils - [Utils] MethodGroupsHelper.collectMethodsByGroup() took 1 ms.
2026-04-24 13:01:39 INFO  org.testng.internal.Utils - [Utils] MethodGroupsHelper.sortMethods() took 1 ms.
2026-04-24 13:01:39 INFO  org.testng.internal.Utils - [Utils] MethodGroupsHelper.collectMethodsByGroup() took 0 ms.
2026-04-24 13:01:39 INFO  org.testng.internal.Utils - [Utils] MethodGroupsHelper.sortMethods() took 0 ms.
2026-04-24 13:01:39 INFO  org.testng.internal.Utils - [Utils] MethodGroupsHelper.collectMethodsByGroup() took 0 ms.
2026-04-24 13:01:39 INFO  org.testng.internal.Utils - [Utils] MethodGroupsHelper.sortMethods() took 0 ms.
2026-04-24 13:01:39 INFO  org.testng.internal.Utils - [Utils] MethodGroupsHelper.collectMethodsByGroup() took 0 ms.
2026-04-24 13:01:39 INFO  org.testng.internal.Utils - [Utils] MethodGroupsHelper.sortMethods() took 0 ms.
2026-04-24 13:01:39 INFO  org.testng.internal.Utils - [Utils] MethodGroupsHelper.collectMethodsByGroup() took 0 ms.
2026-04-24 13:01:39 INFO  org.testng.internal.Utils - [Utils] MethodGroupsHelper.sortMethods() took 0 ms.
2026-04-24 13:01:39 INFO  org.testng.internal.Utils - [Utils] MethodGroupsHelper.collectMethodsByGroup() took 0 ms.
2026-04-24 13:01:39 INFO  org.testng.internal.Utils - [Utils] MethodGroupsHelper.sortMethods() took 0 ms.
2026-04-24 13:01:39 INFO  org.testng.internal.Utils - [Utils] MethodGroupsHelper.collectMethodsByGroup() took 0 ms.
2026-04-24 13:01:39 INFO  org.testng.internal.Utils - [Utils] MethodGroupsHelper.sortMethods() took 0 ms.
2026-04-24 13:01:39 INFO  org.testng.internal.Utils - [Utils] MethodGroupsHelper.collectMethodsByGroup() took 0 ms.
2026-04-24 13:01:39 INFO  org.testng.internal.Utils - [Utils] MethodGroupsHelper.sortMethods() took 0 ms.
2026-04-24 13:01:39 INFO  org.testng.internal.Utils - [Utils] MethodGroupsHelper.collectMethodsByGroup() took 8 ms.
2026-04-24 13:01:39 INFO  org.testng.internal.Utils - [Utils] MethodGroupsHelper.sortMethods() took 13 ms.
2026-04-24 13:01:39 INFO  org.testng.internal.Utils - [Utils] MethodGroupsHelper.collectMethodsByGroup() took 1 ms.
2026-04-24 13:01:39 INFO  org.testng.internal.Utils - [Utils] MethodGroupsHelper.sortMethods() took 0 ms.
2026-04-24 13:01:39 INFO  org.testng.internal.Utils - [Utils] MethodGroupsHelper.collectMethodsByGroup() took 0 ms.
2026-04-24 13:01:39 INFO  org.testng.internal.Utils - [Utils] MethodGroupsHelper.sortMethods() took 0 ms.
2026-04-24 13:01:39 INFO  org.testng.internal.Utils - [Utils] MethodGroupsHelper.collectMethodsByGroup() took 0 ms.
2026-04-24 13:01:39 INFO  org.testng.internal.Utils - [Utils] MethodGroupsHelper.sortMethods() took 0 ms.
2026-04-24 13:01:39 INFO  org.testng.internal.Utils - [Utils] MethodGroupsHelper.collectMethodsByGroup() took 10 ms.
2026-04-24 13:01:39 INFO  org.testng.internal.Utils - [Utils] MethodGroupsHelper.sortMethods() took 0 ms.
2026-04-24 13:01:39 INFO  org.testng.internal.Utils - [Utils] MethodGroupsHelper.collectMethodsByGroup() took 0 ms.
2026-04-24 13:01:39 INFO  org.testng.internal.Utils - [Utils] MethodGroupsHelper.sortMethods() took 0 ms.
2026-04-24 13:01:39 INFO  org.testng.internal.Utils - [Utils] MethodGroupsHelper.collectMethodsByGroup() took 0 ms.
2026-04-24 13:01:39 INFO  org.testng.internal.Utils - [Utils] MethodGroupsHelper.sortMethods() took 0 ms.
2026-04-24 13:01:39 INFO  org.testng.internal.Utils - [TestNG] Running:
  C:\Users\Rahul\AppData\Local\Temp\testng-eclipse-1257502170\testng-customsuite.xml

2026-04-24 13:01:39 INFO  org.testng.internal.Utils - [Utils] DynamicGraphHelper.createDynamicGraph() took 3 ms.
2026-04-24 13:02:20 INFO  org.testng.internal.Utils - [TestNG] Time taken by org.testng.reporters.jq.Main@5584d9c6: 52 ms
2026-04-24 13:02:20 INFO  org.testng.internal.Utils - [TestNG] Time taken by org.testng.reporters.FailedReporter@d3f4505: 16 ms
2026-04-24 13:02:20 INFO  org.testng.internal.Utils - [TestNG] Time taken by org.testng.reporters.XMLReporter@52b46d52: 10 ms
2026-04-24 13:02:20 INFO  org.testng.internal.Utils - [TestNG] Time taken by org.testng.reporters.EmailableReporter2@650c405c: 8 ms
2026-04-24 13:02:20 INFO  org.testng.internal.Utils - [TestNG] Time taken by org.testng.reporters.JUnitReportReporter@70f68288: 10 ms
2026-04-24 13:02:20 INFO  org.testng.internal.Utils - [TestNG] Time taken by org.testng.internal.ExitCodeListener@46911148: 0 ms
2026-04-24 13:02:50 DEBUG org.testng.TestNG - suiteXmlPath: "C:\Users\Rahul\AppData\Local\Temp\testng-eclipse--1951395602\testng-customsuite.xml"
2026-04-24 13:02:51 INFO  org.testng.internal.Utils - [Utils] MethodGroupsHelper.collectMethodsByGroup() took 0 ms.
2026-04-24 13:02:51 INFO  org.testng.internal.Utils - [Utils] MethodGroupsHelper.sortMethods() took 1 ms.
2026-04-24 13:02:51 INFO  org.testng.internal.Utils - [Utils] MethodGroupsHelper.collectMethodsByGroup() took 0 ms.
2026-04-24 13:02:51 INFO  org.testng.internal.Utils - [Utils] MethodGroupsHelper.sortMethods() took 0 ms.
2026-04-24 13:02:51 INFO  org.testng.internal.Utils - [Utils] MethodGroupsHelper.collectMethodsByGroup() took 0 ms.
2026-04-24 13:02:51 INFO  org.testng.internal.Utils - [Utils] MethodGroupsHelper.sortMethods() took 0 ms.
2026-04-24 13:02:51 INFO  org.testng.internal.Utils - [Utils] MethodGroupsHelper.collectMethodsByGroup() took 0 ms.
2026-04-24 13:02:51 INFO  org.testng.internal.Utils - [Utils] MethodGroupsHelper.sortMethods() took 0 ms.
2026-04-24 13:02:51 INFO  org.testng.internal.Utils - [Utils] MethodGroupsHelper.collectMethodsByGroup() took 0 ms.
2026-04-24 13:02:51 INFO  org.testng.internal.Utils - [Utils] MethodGroupsHelper.sortMethods() took 0 ms.
2026-04-24 13:02:51 INFO  org.testng.internal.Utils - [Utils] MethodGroupsHelper.collectMethodsByGroup() took 0 ms.
2026-04-24 13:02:51 INFO  org.testng.internal.Utils - [Utils] MethodGroupsHelper.sortMethods() took 0 ms.
2026-04-24 13:02:51 INFO  org.testng.internal.Utils - [Utils] MethodGroupsHelper.collectMethodsByGroup() took 0 ms.
2026-04-24 13:02:51 INFO  org.testng.internal.Utils - [Utils] MethodGroupsHelper.sortMethods() took 0 ms.
2026-04-24 13:02:51 INFO  org.testng.internal.Utils - [Utils] MethodGroupsHelper.collectMethodsByGroup() took 0 ms.
2026-04-24 13:02:51 INFO  org.testng.internal.Utils - [Utils] MethodGroupsHelper.sortMethods() took 0 ms.
2026-04-24 13:02:51 INFO  org.testng.internal.Utils - [Utils] MethodGroupsHelper.collectMethodsByGroup() took 6 ms.
2026-04-24 13:02:51 INFO  org.testng.internal.Utils - [Utils] MethodGroupsHelper.sortMethods() took 14 ms.
2026-04-24 13:02:51 INFO  org.testng.internal.Utils - [Utils] MethodGroupsHelper.collectMethodsByGroup() took 0 ms.
2026-04-24 13:02:51 INFO  org.testng.internal.Utils - [Utils] MethodGroupsHelper.sortMethods() took 0 ms.
2026-04-24 13:02:51 INFO  org.testng.internal.Utils - [Utils] MethodGroupsHelper.collectMethodsByGroup() took 0 ms.
2026-04-24 13:02:51 INFO  org.testng.internal.Utils - [Utils] MethodGroupsHelper.sortMethods() took 0 ms.
2026-04-24 13:02:51 INFO  org.testng.internal.Utils - [Utils] MethodGroupsHelper.collectMethodsByGroup() took 0 ms.
2026-04-24 13:02:51 INFO  org.testng.internal.Utils - [Utils] MethodGroupsHelper.sortMethods() took 0 ms.
2026-04-24 13:02:51 INFO  org.testng.internal.Utils - [Utils] MethodGroupsHelper.collectMethodsByGroup() took 7 ms.
2026-04-24 13:02:51 INFO  org.testng.internal.Utils - [Utils] MethodGroupsHelper.sortMethods() took 0 ms.
2026-04-24 13:02:51 INFO  org.testng.internal.Utils - [Utils] MethodGroupsHelper.collectMethodsByGroup() took 0 ms.
2026-04-24 13:02:51 INFO  org.testng.internal.Utils - [Utils] MethodGroupsHelper.sortMethods() took 0 ms.
2026-04-24 13:02:51 INFO  org.testng.internal.Utils - [Utils] MethodGroupsHelper.collectMethodsByGroup() took 0 ms.
2026-04-24 13:02:51 INFO  org.testng.internal.Utils - [Utils] MethodGroupsHelper.sortMethods() took 0 ms.
2026-04-24 13:02:51 INFO  org.testng.internal.Utils - [TestNG] Running:
  C:\Users\Rahul\AppData\Local\Temp\testng-eclipse--1951395602\testng-customsuite.xml

2026-04-24 13:02:51 INFO  org.testng.internal.Utils - [Utils] DynamicGraphHelper.createDynamicGraph() took 3 ms.
2026-04-24 13:03:35 INFO  org.testng.internal.Utils - [TestNG] Time taken by org.testng.reporters.jq.Main@7b3cde6f: 54 ms
2026-04-24 13:03:35 INFO  org.testng.internal.Utils - [TestNG] Time taken by org.testng.reporters.FailedReporter@2577a95d: 10 ms
2026-04-24 13:03:35 INFO  org.testng.internal.Utils - [TestNG] Time taken by org.testng.reporters.XMLReporter@3eb292cd: 7 ms
2026-04-24 13:03:35 INFO  org.testng.internal.Utils - [TestNG] Time taken by org.testng.reporters.EmailableReporter2@52b46d52: 5 ms
2026-04-24 13:03:35 INFO  org.testng.internal.Utils - [TestNG] Time taken by org.testng.reporters.JUnitReportReporter@1943c1f2: 8 ms
2026-04-24 13:03:35 INFO  org.testng.internal.Utils - [TestNG] Time taken by org.testng.internal.ExitCodeListener@d70f722: 0 ms
2026-04-24 13:04:02 DEBUG org.testng.TestNG - suiteXmlPath: "C:\Users\Rahul\AppData\Local\Temp\testng-eclipse--1992304868\testng-customsuite.xml"
2026-04-24 13:04:02 INFO  org.testng.internal.Utils - [Utils] MethodGroupsHelper.collectMethodsByGroup() took 0 ms.
2026-04-24 13:04:02 INFO  org.testng.internal.Utils - [Utils] MethodGroupsHelper.sortMethods() took 0 ms.
2026-04-24 13:04:02 INFO  org.testng.internal.Utils - [Utils] MethodGroupsHelper.collectMethodsByGroup() took 0 ms.
2026-04-24 13:04:02 INFO  org.testng.internal.Utils - [Utils] MethodGroupsHelper.sortMethods() took 0 ms.
2026-04-24 13:04:02 INFO  org.testng.internal.Utils - [Utils] MethodGroupsHelper.collectMethodsByGroup() took 0 ms.
2026-04-24 13:04:03 INFO  org.testng.internal.Utils - [Utils] MethodGroupsHelper.sortMethods() took 0 ms.
2026-04-24 13:04:03 INFO  org.testng.internal.Utils - [Utils] MethodGroupsHelper.collectMethodsByGroup() took 0 ms.
2026-04-24 13:04:03 INFO  org.testng.internal.Utils - [Utils] MethodGroupsHelper.sortMethods() took 0 ms.
2026-04-24 13:04:03 INFO  org.testng.internal.Utils - [Utils] MethodGroupsHelper.collectMethodsByGroup() took 0 ms.
2026-04-24 13:04:03 INFO  org.testng.internal.Utils - [Utils] MethodGroupsHelper.sortMethods() took 0 ms.
2026-04-24 13:04:03 INFO  org.testng.internal.Utils - [Utils] MethodGroupsHelper.collectMethodsByGroup() took 0 ms.
2026-04-24 13:04:03 INFO  org.testng.internal.Utils - [Utils] MethodGroupsHelper.sortMethods() took 0 ms.
2026-04-24 13:04:03 INFO  org.testng.internal.Utils - [Utils] MethodGroupsHelper.collectMethodsByGroup() took 0 ms.
2026-04-24 13:04:03 INFO  org.testng.internal.Utils - [Utils] MethodGroupsHelper.sortMethods() took 0 ms.
2026-04-24 13:04:03 INFO  org.testng.internal.Utils - [Utils] MethodGroupsHelper.collectMethodsByGroup() took 0 ms.
2026-04-24 13:04:03 INFO  org.testng.internal.Utils - [Utils] MethodGroupsHelper.sortMethods() took 0 ms.
2026-04-24 13:04:03 INFO  org.testng.internal.Utils - [Utils] MethodGroupsHelper.collectMethodsByGroup() took 3 ms.
2026-04-24 13:04:03 INFO  org.testng.internal.Utils - [Utils] MethodGroupsHelper.sortMethods() took 13 ms.
2026-04-24 13:04:03 INFO  org.testng.internal.Utils - [Utils] MethodGroupsHelper.collectMethodsByGroup() took 0 ms.
2026-04-24 13:04:03 INFO  org.testng.internal.Utils - [Utils] MethodGroupsHelper.sortMethods() took 0 ms.
2026-04-24 13:04:03 INFO  org.testng.internal.Utils - [Utils] MethodGroupsHelper.collectMethodsByGroup() took 0 ms.
2026-04-24 13:04:03 INFO  org.testng.internal.Utils - [Utils] MethodGroupsHelper.sortMethods() took 0 ms.
2026-04-24 13:04:03 INFO  org.testng.internal.Utils - [Utils] MethodGroupsHelper.collectMethodsByGroup() took 0 ms.
2026-04-24 13:04:03 INFO  org.testng.internal.Utils - [Utils] MethodGroupsHelper.sortMethods() took 0 ms.
2026-04-24 13:04:03 INFO  org.testng.internal.Utils - [Utils] MethodGroupsHelper.collectMethodsByGroup() took 5 ms.
2026-04-24 13:04:03 INFO  org.testng.internal.Utils - [Utils] MethodGroupsHelper.sortMethods() took 0 ms.
2026-04-24 13:04:03 INFO  org.testng.internal.Utils - [Utils] MethodGroupsHelper.collectMethodsByGroup() took 0 ms.
2026-04-24 13:04:03 INFO  org.testng.internal.Utils - [Utils] MethodGroupsHelper.sortMethods() took 0 ms.
2026-04-24 13:04:03 INFO  org.testng.internal.Utils - [Utils] MethodGroupsHelper.collectMethodsByGroup() took 0 ms.
2026-04-24 13:04:03 INFO  org.testng.internal.Utils - [Utils] MethodGroupsHelper.sortMethods() took 0 ms.
2026-04-24 13:04:03 INFO  org.testng.internal.Utils - [TestNG] Running:
  C:\Users\Rahul\AppData\Local\Temp\testng-eclipse--1992304868\testng-customsuite.xml

2026-04-24 13:04:03 INFO  org.testng.internal.Utils - [Utils] DynamicGraphHelper.createDynamicGraph() took 4 ms.
2026-04-24 13:04:44 INFO  org.testng.internal.Utils - [TestNG] Time taken by org.testng.reporters.jq.Main@2c9a6717: 48 ms
2026-04-24 13:04:44 INFO  org.testng.internal.Utils - [TestNG] Time taken by org.testng.reporters.FailedReporter@2c7db926: 11 ms
2026-04-24 13:04:44 INFO  org.testng.internal.Utils - [TestNG] Time taken by org.testng.reporters.XMLReporter@d3f4505: 8 ms
2026-04-24 13:04:44 INFO  org.testng.internal.Utils - [TestNG] Time taken by org.testng.reporters.EmailableReporter2@25f15f50: 7 ms
2026-04-24 13:04:44 INFO  org.testng.internal.Utils - [TestNG] Time taken by org.testng.reporters.JUnitReportReporter@1fbf088b: 9 ms
2026-04-24 13:04:44 INFO  org.testng.internal.Utils - [TestNG] Time taken by org.testng.internal.ExitCodeListener@1943c1f2: 0 ms
2026-04-24 13:09:12 DEBUG org.testng.TestNG - suiteXmlPath: "C:\Users\Rahul\AppData\Local\Temp\testng-eclipse-719281142\testng-customsuite.xml"
2026-04-24 13:09:13 INFO  org.testng.internal.Utils - [Utils] MethodGroupsHelper.collectMethodsByGroup() took 1 ms.
2026-04-24 13:09:13 INFO  org.testng.internal.Utils - [Utils] MethodGroupsHelper.sortMethods() took 1 ms.
2026-04-24 13:09:13 INFO  org.testng.internal.Utils - [Utils] MethodGroupsHelper.collectMethodsByGroup() took 0 ms.
2026-04-24 13:09:13 INFO  org.testng.internal.Utils - [Utils] MethodGroupsHelper.sortMethods() took 0 ms.
2026-04-24 13:09:13 INFO  org.testng.internal.Utils - [Utils] MethodGroupsHelper.collectMethodsByGroup() took 0 ms.
2026-04-24 13:09:13 INFO  org.testng.internal.Utils - [Utils] MethodGroupsHelper.sortMethods() took 0 ms.
2026-04-24 13:09:13 INFO  org.testng.internal.Utils - [Utils] MethodGroupsHelper.collectMethodsByGroup() took 0 ms.
2026-04-24 13:09:13 INFO  org.testng.internal.Utils - [Utils] MethodGroupsHelper.sortMethods() took 0 ms.
2026-04-24 13:09:13 INFO  org.testng.internal.Utils - [Utils] MethodGroupsHelper.collectMethodsByGroup() took 0 ms.
2026-04-24 13:09:13 INFO  org.testng.internal.Utils - [Utils] MethodGroupsHelper.sortMethods() took 0 ms.
2026-04-24 13:09:13 INFO  org.testng.internal.Utils - [Utils] MethodGroupsHelper.collectMethodsByGroup() took 0 ms.
2026-04-24 13:09:13 INFO  org.testng.internal.Utils - [Utils] MethodGroupsHelper.sortMethods() took 0 ms.
2026-04-24 13:09:13 INFO  org.testng.internal.Utils - [Utils] MethodGroupsHelper.collectMethodsByGroup() took 0 ms.
2026-04-24 13:09:13 INFO  org.testng.internal.Utils - [Utils] MethodGroupsHelper.sortMethods() took 0 ms.
2026-04-24 13:09:13 INFO  org.testng.internal.Utils - [Utils] MethodGroupsHelper.collectMethodsByGroup() took 0 ms.
2026-04-24 13:09:13 INFO  org.testng.internal.Utils - [Utils] MethodGroupsHelper.sortMethods() took 0 ms.
2026-04-24 13:09:13 INFO  org.testng.internal.Utils - [Utils] MethodGroupsHelper.collectMethodsByGroup() took 5 ms.
2026-04-24 13:09:13 INFO  org.testng.internal.Utils - [Utils] MethodGroupsHelper.sortMethods() took 16 ms.
2026-04-24 13:09:13 INFO  org.testng.internal.Utils - [Utils] MethodGroupsHelper.collectMethodsByGroup() took 0 ms.
2026-04-24 13:09:13 INFO  org.testng.internal.Utils - [Utils] MethodGroupsHelper.sortMethods() took 0 ms.
2026-04-24 13:09:13 INFO  org.testng.internal.Utils - [Utils] MethodGroupsHelper.collectMethodsByGroup() took 0 ms.
2026-04-24 13:09:13 INFO  org.testng.internal.Utils - [Utils] MethodGroupsHelper.sortMethods() took 0 ms.
2026-04-24 13:09:13 INFO  org.testng.internal.Utils - [Utils] MethodGroupsHelper.collectMethodsByGroup() took 0 ms.
2026-04-24 13:09:13 INFO  org.testng.internal.Utils - [Utils] MethodGroupsHelper.sortMethods() took 1 ms.
2026-04-24 13:09:13 INFO  org.testng.internal.Utils - [Utils] MethodGroupsHelper.collectMethodsByGroup() took 9 ms.
2026-04-24 13:09:13 INFO  org.testng.internal.Utils - [Utils] MethodGroupsHelper.sortMethods() took 0 ms.
2026-04-24 13:09:13 INFO  org.testng.internal.Utils - [Utils] MethodGroupsHelper.collectMethodsByGroup() took 0 ms.
2026-04-24 13:09:13 INFO  org.testng.internal.Utils - [Utils] MethodGroupsHelper.sortMethods() took 0 ms.
2026-04-24 13:09:13 INFO  org.testng.internal.Utils - [Utils] MethodGroupsHelper.collectMethodsByGroup() took 0 ms.
2026-04-24 13:09:13 INFO  org.testng.internal.Utils - [Utils] MethodGroupsHelper.sortMethods() took 0 ms.
2026-04-24 13:09:13 INFO  org.testng.internal.Utils - [TestNG] Running:
  C:\Users\Rahul\AppData\Local\Temp\testng-eclipse-719281142\testng-customsuite.xml

2026-04-24 13:09:13 INFO  org.testng.internal.Utils - [Utils] DynamicGraphHelper.createDynamicGraph() took 5 ms.
2026-04-24 13:09:22 INFO  org.testng.internal.Utils - [TestNG] Time taken by org.testng.reporters.jq.Main@46349b95: 45 ms
2026-04-24 13:09:22 INFO  org.testng.internal.Utils - [TestNG] Time taken by org.testng.reporters.FailedReporter@1687eb01: 1 ms
2026-04-24 13:09:22 INFO  org.testng.internal.Utils - [TestNG] Time taken by org.testng.reporters.XMLReporter@333c8791: 7 ms
2026-04-24 13:09:22 INFO  org.testng.internal.Utils - [TestNG] Time taken by org.testng.reporters.EmailableReporter2@60c8a093: 5 ms
2026-04-24 13:09:22 INFO  org.testng.internal.Utils - [TestNG] Time taken by org.testng.reporters.JUnitReportReporter@4f89331f: 5 ms
2026-04-24 13:09:22 INFO  org.testng.internal.Utils - [TestNG] Time taken by org.testng.internal.ExitCodeListener@618ff5c2: 0 ms
2026-04-24 13:09:29 DEBUG org.testng.TestNG - suiteXmlPath: "C:\Users\Rahul\AppData\Local\Temp\testng-eclipse--1521096379\testng-customsuite.xml"
2026-04-24 13:09:29 INFO  org.testng.internal.Utils - [Utils] MethodGroupsHelper.collectMethodsByGroup() took 0 ms.
2026-04-24 13:09:29 INFO  org.testng.internal.Utils - [Utils] MethodGroupsHelper.sortMethods() took 1 ms.
2026-04-24 13:09:29 INFO  org.testng.internal.Utils - [Utils] MethodGroupsHelper.collectMethodsByGroup() took 0 ms.
2026-04-24 13:09:29 INFO  org.testng.internal.Utils - [Utils] MethodGroupsHelper.sortMethods() took 0 ms.
2026-04-24 13:09:29 INFO  org.testng.internal.Utils - [Utils] MethodGroupsHelper.collectMethodsByGroup() took 0 ms.
2026-04-24 13:09:29 INFO  org.testng.internal.Utils - [Utils] MethodGroupsHelper.sortMethods() took 0 ms.
2026-04-24 13:09:29 INFO  org.testng.internal.Utils - [Utils] MethodGroupsHelper.collectMethodsByGroup() took 0 ms.
2026-04-24 13:09:29 INFO  org.testng.internal.Utils - [Utils] MethodGroupsHelper.sortMethods() took 0 ms.
2026-04-24 13:09:29 INFO  org.testng.internal.Utils - [Utils] MethodGroupsHelper.collectMethodsByGroup() took 0 ms.
2026-04-24 13:09:29 INFO  org.testng.internal.Utils - [Utils] MethodGroupsHelper.sortMethods() took 0 ms.
2026-04-24 13:09:29 INFO  org.testng.internal.Utils - [Utils] MethodGroupsHelper.collectMethodsByGroup() took 0 ms.
2026-04-24 13:09:29 INFO  org.testng.internal.Utils - [Utils] MethodGroupsHelper.sortMethods() took 0 ms.
2026-04-24 13:09:29 INFO  org.testng.internal.Utils - [Utils] MethodGroupsHelper.collectMethodsByGroup() took 0 ms.
2026-04-24 13:09:29 INFO  org.testng.internal.Utils - [Utils] MethodGroupsHelper.sortMethods() took 0 ms.
2026-04-24 13:09:29 INFO  org.testng.internal.Utils - [Utils] MethodGroupsHelper.collectMethodsByGroup() took 0 ms.
2026-04-24 13:09:29 INFO  org.testng.internal.Utils - [Utils] MethodGroupsHelper.sortMethods() took 0 ms.
2026-04-24 13:09:29 INFO  org.testng.internal.Utils - [Utils] MethodGroupsHelper.collectMethodsByGroup() took 4 ms.
2026-04-24 13:09:29 INFO  org.testng.internal.Utils - [Utils] MethodGroupsHelper.sortMethods() took 12 ms.
2026-04-24 13:09:29 INFO  org.testng.internal.Utils - [Utils] MethodGroupsHelper.collectMethodsByGroup() took 0 ms.
2026-04-24 13:09:29 INFO  org.testng.internal.Utils - [Utils] MethodGroupsHelper.sortMethods() took 0 ms.
2026-04-24 13:09:29 INFO  org.testng.internal.Utils - [Utils] MethodGroupsHelper.collectMethodsByGroup() took 0 ms.
2026-04-24 13:09:29 INFO  org.testng.internal.Utils - [Utils] MethodGroupsHelper.sortMethods() took 0 ms.
2026-04-24 13:09:29 INFO  org.testng.internal.Utils - [Utils] MethodGroupsHelper.collectMethodsByGroup() took 0 ms.
2026-04-24 13:09:29 INFO  org.testng.internal.Utils - [Utils] MethodGroupsHelper.sortMethods() took 0 ms.
2026-04-24 13:09:29 INFO  org.testng.internal.Utils - [Utils] MethodGroupsHelper.collectMethodsByGroup() took 6 ms.
2026-04-24 13:09:29 INFO  org.testng.internal.Utils - [Utils] MethodGroupsHelper.sortMethods() took 0 ms.
2026-04-24 13:09:29 INFO  org.testng.internal.Utils - [Utils] MethodGroupsHelper.collectMethodsByGroup() took 0 ms.
2026-04-24 13:09:29 INFO  org.testng.internal.Utils - [Utils] MethodGroupsHelper.sortMethods() took 0 ms.
2026-04-24 13:09:29 INFO  org.testng.internal.Utils - [Utils] MethodGroupsHelper.collectMethodsByGroup() took 0 ms.
2026-04-24 13:09:29 INFO  org.testng.internal.Utils - [Utils] MethodGroupsHelper.sortMethods() took 0 ms.
2026-04-24 13:09:29 INFO  org.testng.internal.Utils - [TestNG] Running:
  C:\Users\Rahul\AppData\Local\Temp\testng-eclipse--1521096379\testng-customsuite.xml

2026-04-24 13:09:29 INFO  org.testng.internal.Utils - [Utils] DynamicGraphHelper.createDynamicGraph() took 5 ms.
2026-04-24 13:10:32 INFO  org.testng.internal.Utils - [TestNG] Time taken by org.testng.reporters.jq.Main@54c425b1: 44 ms
2026-04-24 13:10:32 INFO  org.testng.internal.Utils - [TestNG] Time taken by org.testng.reporters.FailedReporter@16d0e521: 1 ms
2026-04-24 13:10:32 INFO  org.testng.internal.Utils - [TestNG] Time taken by org.testng.reporters.XMLReporter@12952aff: 9 ms
2026-04-24 13:10:32 INFO  org.testng.internal.Utils - [TestNG] Time taken by org.testng.reporters.EmailableReporter2@76973a6: 5 ms
2026-04-24 13:10:32 INFO  org.testng.internal.Utils - [TestNG] Time taken by org.testng.reporters.JUnitReportReporter@1a9ec80e: 6 ms
2026-04-24 13:10:32 INFO  org.testng.internal.Utils - [TestNG] Time taken by org.testng.internal.ExitCodeListener@7fd4e815: 0 ms
2026-04-24 13:10:39 DEBUG org.testng.TestNG - suiteXmlPath: "C:\Users\Rahul\AppData\Local\Temp\testng-eclipse--334622716\testng-customsuite.xml"
2026-04-24 13:10:39 INFO  org.testng.internal.Utils - [Utils] MethodGroupsHelper.collectMethodsByGroup() took 0 ms.
2026-04-24 13:10:39 INFO  org.testng.internal.Utils - [Utils] MethodGroupsHelper.sortMethods() took 2 ms.
2026-04-24 13:10:39 INFO  org.testng.internal.Utils - [Utils] MethodGroupsHelper.collectMethodsByGroup() took 0 ms.
2026-04-24 13:10:39 INFO  org.testng.internal.Utils - [Utils] MethodGroupsHelper.sortMethods() took 0 ms.
2026-04-24 13:10:39 INFO  org.testng.internal.Utils - [Utils] MethodGroupsHelper.collectMethodsByGroup() took 0 ms.
2026-04-24 13:10:39 INFO  org.testng.internal.Utils - [Utils] MethodGroupsHelper.sortMethods() took 0 ms.
2026-04-24 13:10:39 INFO  org.testng.internal.Utils - [Utils] MethodGroupsHelper.collectMethodsByGroup() took 0 ms.
2026-04-24 13:10:39 INFO  org.testng.internal.Utils - [Utils] MethodGroupsHelper.sortMethods() took 0 ms.
2026-04-24 13:10:39 INFO  org.testng.internal.Utils - [Utils] MethodGroupsHelper.collectMethodsByGroup() took 0 ms.
2026-04-24 13:10:39 INFO  org.testng.internal.Utils - [Utils] MethodGroupsHelper.sortMethods() took 0 ms.
2026-04-24 13:10:39 INFO  org.testng.internal.Utils - [Utils] MethodGroupsHelper.collectMethodsByGroup() took 0 ms.
2026-04-24 13:10:39 INFO  org.testng.internal.Utils - [Utils] MethodGroupsHelper.sortMethods() took 0 ms.
2026-04-24 13:10:39 INFO  org.testng.internal.Utils - [Utils] MethodGroupsHelper.collectMethodsByGroup() took 0 ms.
2026-04-24 13:10:39 INFO  org.testng.internal.Utils - [Utils] MethodGroupsHelper.sortMethods() took 1 ms.
2026-04-24 13:10:39 INFO  org.testng.internal.Utils - [Utils] MethodGroupsHelper.collectMethodsByGroup() took 0 ms.
2026-04-24 13:10:39 INFO  org.testng.internal.Utils - [Utils] MethodGroupsHelper.sortMethods() took 0 ms.
2026-04-24 13:10:39 INFO  org.testng.internal.Utils - [Utils] MethodGroupsHelper.collectMethodsByGroup() took 10 ms.
2026-04-24 13:10:39 INFO  org.testng.internal.Utils - [Utils] MethodGroupsHelper.sortMethods() took 16 ms.
2026-04-24 13:10:39 INFO  org.testng.internal.Utils - [Utils] MethodGroupsHelper.collectMethodsByGroup() took 0 ms.
2026-04-24 13:10:39 INFO  org.testng.internal.Utils - [Utils] MethodGroupsHelper.sortMethods() took 0 ms.
2026-04-24 13:10:39 INFO  org.testng.internal.Utils - [Utils] MethodGroupsHelper.collectMethodsByGroup() took 0 ms.
2026-04-24 13:10:39 INFO  org.testng.internal.Utils - [Utils] MethodGroupsHelper.sortMethods() took 0 ms.
2026-04-24 13:10:39 INFO  org.testng.internal.Utils - [Utils] MethodGroupsHelper.collectMethodsByGroup() took 0 ms.
2026-04-24 13:10:39 INFO  org.testng.internal.Utils - [Utils] MethodGroupsHelper.sortMethods() took 0 ms.
2026-04-24 13:10:39 INFO  org.testng.internal.Utils - [Utils] MethodGroupsHelper.collectMethodsByGroup() took 7 ms.
2026-04-24 13:10:39 INFO  org.testng.internal.Utils - [Utils] MethodGroupsHelper.sortMethods() took 0 ms.
2026-04-24 13:10:39 INFO  org.testng.internal.Utils - [Utils] MethodGroupsHelper.collectMethodsByGroup() took 0 ms.
2026-04-24 13:10:39 INFO  org.testng.internal.Utils - [Utils] MethodGroupsHelper.sortMethods() took 0 ms.
2026-04-24 13:10:39 INFO  org.testng.internal.Utils - [Utils] MethodGroupsHelper.collectMethodsByGroup() took 0 ms.
2026-04-24 13:10:39 INFO  org.testng.internal.Utils - [Utils] MethodGroupsHelper.sortMethods() took 0 ms.
2026-04-24 13:10:39 INFO  org.testng.internal.Utils - [TestNG] Running:
  C:\Users\Rahul\AppData\Local\Temp\testng-eclipse--334622716\testng-customsuite.xml

2026-04-24 13:10:39 INFO  org.testng.internal.Utils - [Utils] DynamicGraphHelper.createDynamicGraph() took 5 ms.
2026-04-24 13:10:40 DEBUG org.testng.TestNG - suiteXmlPath: "C:\Users\Rahul\AppData\Local\Temp\testng-eclipse-1880608209\testng-customsuite.xml"
2026-04-24 13:10:40 INFO  org.testng.internal.Utils - [Utils] MethodGroupsHelper.collectMethodsByGroup() took 1 ms.
2026-04-24 13:10:40 INFO  org.testng.internal.Utils - [Utils] MethodGroupsHelper.sortMethods() took 1 ms.
2026-04-24 13:10:40 INFO  org.testng.internal.Utils - [Utils] MethodGroupsHelper.collectMethodsByGroup() took 0 ms.
2026-04-24 13:10:40 INFO  org.testng.internal.Utils - [Utils] MethodGroupsHelper.sortMethods() took 0 ms.
2026-04-24 13:10:40 INFO  org.testng.internal.Utils - [Utils] MethodGroupsHelper.collectMethodsByGroup() took 0 ms.
2026-04-24 13:10:40 INFO  org.testng.internal.Utils - [Utils] MethodGroupsHelper.sortMethods() took 0 ms.
2026-04-24 13:10:40 INFO  org.testng.internal.Utils - [Utils] MethodGroupsHelper.collectMethodsByGroup() took 0 ms.
2026-04-24 13:10:40 INFO  org.testng.internal.Utils - [Utils] MethodGroupsHelper.sortMethods() took 0 ms.
2026-04-24 13:10:40 INFO  org.testng.internal.Utils - [Utils] MethodGroupsHelper.collectMethodsByGroup() took 0 ms.
2026-04-24 13:10:40 INFO  org.testng.internal.Utils - [Utils] MethodGroupsHelper.sortMethods() took 0 ms.
2026-04-24 13:10:40 INFO  org.testng.internal.Utils - [Utils] MethodGroupsHelper.collectMethodsByGroup() took 0 ms.
2026-04-24 13:10:40 INFO  org.testng.internal.Utils - [Utils] MethodGroupsHelper.sortMethods() took 0 ms.
2026-04-24 13:10:40 INFO  org.testng.internal.Utils - [Utils] MethodGroupsHelper.collectMethodsByGroup() took 0 ms.
2026-04-24 13:10:40 INFO  org.testng.internal.Utils - [Utils] MethodGroupsHelper.sortMethods() took 0 ms.
2026-04-24 13:10:40 INFO  org.testng.internal.Utils - [Utils] MethodGroupsHelper.collectMethodsByGroup() took 0 ms.
2026-04-24 13:10:40 INFO  org.testng.internal.Utils - [Utils] MethodGroupsHelper.sortMethods() took 0 ms.
2026-04-24 13:10:40 INFO  org.testng.internal.Utils - [Utils] MethodGroupsHelper.collectMethodsByGroup() took 5 ms.
2026-04-24 13:10:40 INFO  org.testng.internal.Utils - [Utils] MethodGroupsHelper.sortMethods() took 11 ms.
2026-04-24 13:10:40 INFO  org.testng.internal.Utils - [Utils] MethodGroupsHelper.collectMethodsByGroup() took 0 ms.
2026-04-24 13:10:40 INFO  org.testng.internal.Utils - [Utils] MethodGroupsHelper.sortMethods() took 0 ms.
2026-04-24 13:10:40 INFO  org.testng.internal.Utils - [Utils] MethodGroupsHelper.collectMethodsByGroup() took 0 ms.
2026-04-24 13:10:40 INFO  org.testng.internal.Utils - [Utils] MethodGroupsHelper.sortMethods() took 0 ms.
2026-04-24 13:10:40 INFO  org.testng.internal.Utils - [Utils] MethodGroupsHelper.collectMethodsByGroup() took 0 ms.
2026-04-24 13:10:40 INFO  org.testng.internal.Utils - [Utils] MethodGroupsHelper.sortMethods() took 0 ms.
2026-04-24 13:10:40 INFO  org.testng.internal.Utils - [Utils] MethodGroupsHelper.collectMethodsByGroup() took 7 ms.
2026-04-24 13:10:40 INFO  org.testng.internal.Utils - [Utils] MethodGroupsHelper.sortMethods() took 0 ms.
2026-04-24 13:10:40 INFO  org.testng.internal.Utils - [Utils] MethodGroupsHelper.collectMethodsByGroup() took 0 ms.
2026-04-24 13:10:40 INFO  org.testng.internal.Utils - [Utils] MethodGroupsHelper.sortMethods() took 0 ms.
2026-04-24 13:10:40 INFO  org.testng.internal.Utils - [Utils] MethodGroupsHelper.collectMethodsByGroup() took 0 ms.
2026-04-24 13:10:40 INFO  org.testng.internal.Utils - [Utils] MethodGroupsHelper.sortMethods() took 0 ms.
2026-04-24 13:10:40 INFO  org.testng.internal.Utils - [TestNG] Running:
  C:\Users\Rahul\AppData\Local\Temp\testng-eclipse-1880608209\testng-customsuite.xml

2026-04-24 13:10:40 INFO  org.testng.internal.Utils - [Utils] DynamicGraphHelper.createDynamicGraph() took 4 ms.
2026-04-24 13:11:23 INFO  org.testng.internal.Utils - [TestNG] Time taken by org.testng.reporters.jq.Main@21a9a705: 105 ms
2026-04-24 13:11:24 INFO  org.testng.internal.Utils - [TestNG] Time taken by org.testng.reporters.FailedReporter@630390b9: 37 ms
2026-04-24 13:11:24 INFO  org.testng.internal.Utils - [TestNG] Time taken by org.testng.reporters.XMLReporter@fb49fdf: 18 ms
2026-04-24 13:11:24 INFO  org.testng.internal.Utils - [TestNG] Time taken by org.testng.reporters.EmailableReporter2@3ba0ae41: 15 ms
2026-04-24 13:11:24 INFO  org.testng.internal.Utils - [TestNG] Time taken by org.testng.reporters.JUnitReportReporter@682af059: 17 ms
2026-04-24 13:11:24 INFO  org.testng.internal.Utils - [TestNG] Time taken by org.testng.internal.ExitCodeListener@5f36c8e3: 1 ms
2026-04-24 13:11:24 INFO  org.testng.internal.Utils - [TestNG] Time taken by org.testng.reporters.jq.Main@58f4b31a: 88 ms
2026-04-24 13:11:24 INFO  org.testng.internal.Utils - [TestNG] Time taken by org.testng.reporters.FailedReporter@1e977098: 19 ms
2026-04-24 13:11:24 INFO  org.testng.internal.Utils - [TestNG] Time taken by org.testng.reporters.XMLReporter@adcfad9: 14 ms
2026-04-24 13:11:24 INFO  org.testng.internal.Utils - [TestNG] Time taken by org.testng.reporters.EmailableReporter2@1e692555: 14 ms
2026-04-24 13:11:24 INFO  org.testng.internal.Utils - [TestNG] Time taken by org.testng.reporters.JUnitReportReporter@32a2a6be: 13 ms
2026-04-24 13:11:24 INFO  org.testng.internal.Utils - [TestNG] Time taken by org.testng.internal.ExitCodeListener@682af059: 0 ms
2026-04-24 13:12:05 DEBUG org.testng.TestNG - suiteXmlPath: "C:\Users\Rahul\AppData\Local\Temp\testng-eclipse--840649598\testng-customsuite.xml"
2026-04-24 13:12:06 INFO  org.testng.internal.Utils - [Utils] MethodGroupsHelper.collectMethodsByGroup() took 0 ms.
2026-04-24 13:12:06 INFO  org.testng.internal.Utils - [Utils] MethodGroupsHelper.sortMethods() took 2 ms.
2026-04-24 13:12:06 INFO  org.testng.internal.Utils - [Utils] MethodGroupsHelper.collectMethodsByGroup() took 0 ms.
2026-04-24 13:12:06 INFO  org.testng.internal.Utils - [Utils] MethodGroupsHelper.sortMethods() took 0 ms.
2026-04-24 13:12:06 INFO  org.testng.internal.Utils - [Utils] MethodGroupsHelper.collectMethodsByGroup() took 0 ms.
2026-04-24 13:12:06 INFO  org.testng.internal.Utils - [Utils] MethodGroupsHelper.sortMethods() took 0 ms.
2026-04-24 13:12:06 INFO  org.testng.internal.Utils - [Utils] MethodGroupsHelper.collectMethodsByGroup() took 0 ms.
2026-04-24 13:12:06 INFO  org.testng.internal.Utils - [Utils] MethodGroupsHelper.sortMethods() took 0 ms.
2026-04-24 13:12:06 INFO  org.testng.internal.Utils - [Utils] MethodGroupsHelper.collectMethodsByGroup() took 0 ms.
2026-04-24 13:12:06 INFO  org.testng.internal.Utils - [Utils] MethodGroupsHelper.sortMethods() took 0 ms.
2026-04-24 13:12:06 INFO  org.testng.internal.Utils - [Utils] MethodGroupsHelper.collectMethodsByGroup() took 0 ms.
2026-04-24 13:12:06 INFO  org.testng.internal.Utils - [Utils] MethodGroupsHelper.sortMethods() took 0 ms.
2026-04-24 13:12:06 INFO  org.testng.internal.Utils - [Utils] MethodGroupsHelper.collectMethodsByGroup() took 0 ms.
2026-04-24 13:12:06 INFO  org.testng.internal.Utils - [Utils] MethodGroupsHelper.sortMethods() took 0 ms.
2026-04-24 13:12:06 INFO  org.testng.internal.Utils - [Utils] MethodGroupsHelper.collectMethodsByGroup() took 0 ms.
2026-04-24 13:12:06 INFO  org.testng.internal.Utils - [Utils] MethodGroupsHelper.sortMethods() took 0 ms.
2026-04-24 13:12:06 INFO  org.testng.internal.Utils - [Utils] MethodGroupsHelper.collectMethodsByGroup() took 5 ms.
2026-04-24 13:12:06 INFO  org.testng.internal.Utils - [Utils] MethodGroupsHelper.sortMethods() took 9 ms.
2026-04-24 13:12:06 INFO  org.testng.internal.Utils - [Utils] MethodGroupsHelper.collectMethodsByGroup() took 0 ms.
2026-04-24 13:12:06 INFO  org.testng.internal.Utils - [Utils] MethodGroupsHelper.sortMethods() took 0 ms.
2026-04-24 13:12:06 INFO  org.testng.internal.Utils - [Utils] MethodGroupsHelper.collectMethodsByGroup() took 0 ms.
2026-04-24 13:12:06 INFO  org.testng.internal.Utils - [Utils] MethodGroupsHelper.sortMethods() took 0 ms.
2026-04-24 13:12:06 INFO  org.testng.internal.Utils - [Utils] MethodGroupsHelper.collectMethodsByGroup() took 0 ms.
2026-04-24 13:12:06 INFO  org.testng.internal.Utils - [Utils] MethodGroupsHelper.sortMethods() took 0 ms.
2026-04-24 13:12:06 INFO  org.testng.internal.Utils - [Utils] MethodGroupsHelper.collectMethodsByGroup() took 6 ms.
2026-04-24 13:12:06 INFO  org.testng.internal.Utils - [Utils] MethodGroupsHelper.sortMethods() took 0 ms.
2026-04-24 13:12:06 INFO  org.testng.internal.Utils - [Utils] MethodGroupsHelper.collectMethodsByGroup() took 0 ms.
2026-04-24 13:12:06 INFO  org.testng.internal.Utils - [Utils] MethodGroupsHelper.sortMethods() took 0 ms.
2026-04-24 13:12:06 INFO  org.testng.internal.Utils - [Utils] MethodGroupsHelper.collectMethodsByGroup() took 0 ms.
2026-04-24 13:12:06 INFO  org.testng.internal.Utils - [Utils] MethodGroupsHelper.sortMethods() took 0 ms.
2026-04-24 13:12:06 INFO  org.testng.internal.Utils - [TestNG] Running:
  C:\Users\Rahul\AppData\Local\Temp\testng-eclipse--840649598\testng-customsuite.xml

2026-04-24 13:12:06 INFO  org.testng.internal.Utils - [Utils] DynamicGraphHelper.createDynamicGraph() took 2 ms.
2026-04-24 13:12:46 INFO  org.testng.internal.Utils - [TestNG] Time taken by org.testng.reporters.jq.Main@2c9a6717: 42 ms
2026-04-24 13:12:46 INFO  org.testng.internal.Utils - [TestNG] Time taken by org.testng.reporters.FailedReporter@2c7db926: 10 ms
2026-04-24 13:12:46 INFO  org.testng.internal.Utils - [TestNG] Time taken by org.testng.reporters.XMLReporter@d3f4505: 8 ms
2026-04-24 13:12:46 INFO  org.testng.internal.Utils - [TestNG] Time taken by org.testng.reporters.EmailableReporter2@25f15f50: 8 ms
2026-04-24 13:12:46 INFO  org.testng.internal.Utils - [TestNG] Time taken by org.testng.reporters.JUnitReportReporter@1fbf088b: 8 ms
2026-04-24 13:12:46 INFO  org.testng.internal.Utils - [TestNG] Time taken by org.testng.internal.ExitCodeListener@1943c1f2: 0 ms
2026-04-24 13:17:16 DEBUG org.testng.TestNG - suiteXmlPath: "C:\Users\Rahul\AppData\Local\Temp\testng-eclipse--1527565947\testng-customsuite.xml"
2026-04-24 13:17:17 INFO  org.testng.internal.Utils - [Utils] MethodGroupsHelper.collectMethodsByGroup() took 1 ms.
2026-04-24 13:17:17 INFO  org.testng.internal.Utils - [Utils] MethodGroupsHelper.sortMethods() took 1 ms.
2026-04-24 13:17:17 INFO  org.testng.internal.Utils - [Utils] MethodGroupsHelper.collectMethodsByGroup() took 0 ms.
2026-04-24 13:17:17 INFO  org.testng.internal.Utils - [Utils] MethodGroupsHelper.sortMethods() took 0 ms.
2026-04-24 13:17:17 INFO  org.testng.internal.Utils - [Utils] MethodGroupsHelper.collectMethodsByGroup() took 0 ms.
2026-04-24 13:17:17 INFO  org.testng.internal.Utils - [Utils] MethodGroupsHelper.sortMethods() took 0 ms.
2026-04-24 13:17:17 INFO  org.testng.internal.Utils - [Utils] MethodGroupsHelper.collectMethodsByGroup() took 0 ms.
2026-04-24 13:17:17 INFO  org.testng.internal.Utils - [Utils] MethodGroupsHelper.sortMethods() took 0 ms.
2026-04-24 13:17:17 INFO  org.testng.internal.Utils - [Utils] MethodGroupsHelper.collectMethodsByGroup() took 0 ms.
2026-04-24 13:17:17 INFO  org.testng.internal.Utils - [Utils] MethodGroupsHelper.sortMethods() took 0 ms.
2026-04-24 13:17:17 INFO  org.testng.internal.Utils - [Utils] MethodGroupsHelper.collectMethodsByGroup() took 0 ms.
2026-04-24 13:17:17 INFO  org.testng.internal.Utils - [Utils] MethodGroupsHelper.sortMethods() took 0 ms.
2026-04-24 13:17:17 INFO  org.testng.internal.Utils - [Utils] MethodGroupsHelper.collectMethodsByGroup() took 0 ms.
2026-04-24 13:17:17 INFO  org.testng.internal.Utils - [Utils] MethodGroupsHelper.sortMethods() took 0 ms.
2026-04-24 13:17:17 INFO  org.testng.internal.Utils - [Utils] MethodGroupsHelper.collectMethodsByGroup() took 0 ms.
2026-04-24 13:17:17 INFO  org.testng.internal.Utils - [Utils] MethodGroupsHelper.sortMethods() took 0 ms.
2026-04-24 13:17:17 INFO  org.testng.internal.Utils - [Utils] MethodGroupsHelper.collectMethodsByGroup() took 5 ms.
2026-04-24 13:17:17 INFO  org.testng.internal.Utils - [Utils] MethodGroupsHelper.sortMethods() took 8 ms.
2026-04-24 13:17:17 INFO  org.testng.internal.Utils - [Utils] MethodGroupsHelper.collectMethodsByGroup() took 0 ms.
2026-04-24 13:17:17 INFO  org.testng.internal.Utils - [Utils] MethodGroupsHelper.sortMethods() took 1 ms.
2026-04-24 13:17:17 INFO  org.testng.internal.Utils - [Utils] MethodGroupsHelper.collectMethodsByGroup() took 0 ms.
2026-04-24 13:17:17 INFO  org.testng.internal.Utils - [Utils] MethodGroupsHelper.sortMethods() took 0 ms.
2026-04-24 13:17:17 INFO  org.testng.internal.Utils - [Utils] MethodGroupsHelper.collectMethodsByGroup() took 0 ms.
2026-04-24 13:17:17 INFO  org.testng.internal.Utils - [Utils] MethodGroupsHelper.sortMethods() took 0 ms.
2026-04-24 13:17:17 INFO  org.testng.internal.Utils - [Utils] MethodGroupsHelper.collectMethodsByGroup() took 5 ms.
2026-04-24 13:17:17 INFO  org.testng.internal.Utils - [Utils] MethodGroupsHelper.sortMethods() took 0 ms.
2026-04-24 13:17:17 INFO  org.testng.internal.Utils - [Utils] MethodGroupsHelper.collectMethodsByGroup() took 0 ms.
2026-04-24 13:17:17 INFO  org.testng.internal.Utils - [Utils] MethodGroupsHelper.sortMethods() took 0 ms.
2026-04-24 13:17:17 INFO  org.testng.internal.Utils - [Utils] MethodGroupsHelper.collectMethodsByGroup() took 0 ms.
2026-04-24 13:17:17 INFO  org.testng.internal.Utils - [Utils] MethodGroupsHelper.sortMethods() took 0 ms.
2026-04-24 13:17:17 INFO  org.testng.internal.Utils - [TestNG] Running:
  C:\Users\Rahul\AppData\Local\Temp\testng-eclipse--1527565947\testng-customsuite.xml

2026-04-24 13:17:17 INFO  org.testng.internal.Utils - [Utils] DynamicGraphHelper.createDynamicGraph() took 3 ms.
2026-04-24 13:17:57 INFO  org.testng.internal.Utils - [TestNG] Time taken by org.testng.reporters.jq.Main@5584d9c6: 40 ms
2026-04-24 13:17:57 INFO  org.testng.internal.Utils - [TestNG] Time taken by org.testng.reporters.FailedReporter@d3f4505: 9 ms
2026-04-24 13:17:57 INFO  org.testng.internal.Utils - [TestNG] Time taken by org.testng.reporters.XMLReporter@52b46d52: 8 ms
2026-04-24 13:17:57 INFO  org.testng.internal.Utils - [TestNG] Time taken by org.testng.reporters.EmailableReporter2@650c405c: 6 ms
2026-04-24 13:17:57 INFO  org.testng.internal.Utils - [TestNG] Time taken by org.testng.reporters.JUnitReportReporter@70f68288: 7 ms
2026-04-24 13:17:57 INFO  org.testng.internal.Utils - [TestNG] Time taken by org.testng.internal.ExitCodeListener@46911148: 0 ms
2026-04-24 13:18:25 DEBUG org.testng.TestNG - suiteXmlPath: "C:\Users\Rahul\AppData\Local\Temp\testng-eclipse--142946600\testng-customsuite.xml"
2026-04-24 13:18:25 INFO  org.testng.internal.Utils - [Utils] MethodGroupsHelper.collectMethodsByGroup() took 0 ms.
2026-04-24 13:18:25 INFO  org.testng.internal.Utils - [Utils] MethodGroupsHelper.sortMethods() took 2 ms.
2026-04-24 13:18:25 INFO  org.testng.internal.Utils - [Utils] MethodGroupsHelper.collectMethodsByGroup() took 0 ms.
2026-04-24 13:18:25 INFO  org.testng.internal.Utils - [Utils] MethodGroupsHelper.sortMethods() took 0 ms.
2026-04-24 13:18:25 INFO  org.testng.internal.Utils - [Utils] MethodGroupsHelper.collectMethodsByGroup() took 0 ms.
2026-04-24 13:18:25 INFO  org.testng.internal.Utils - [Utils] MethodGroupsHelper.sortMethods() took 0 ms.
2026-04-24 13:18:25 INFO  org.testng.internal.Utils - [Utils] MethodGroupsHelper.collectMethodsByGroup() took 0 ms.
2026-04-24 13:18:25 INFO  org.testng.internal.Utils - [Utils] MethodGroupsHelper.sortMethods() took 0 ms.
2026-04-24 13:18:25 INFO  org.testng.internal.Utils - [Utils] MethodGroupsHelper.collectMethodsByGroup() took 0 ms.
2026-04-24 13:18:25 INFO  org.testng.internal.Utils - [Utils] MethodGroupsHelper.sortMethods() took 0 ms.
2026-04-24 13:18:25 INFO  org.testng.internal.Utils - [Utils] MethodGroupsHelper.collectMethodsByGroup() took 0 ms.
2026-04-24 13:18:25 INFO  org.testng.internal.Utils - [Utils] MethodGroupsHelper.sortMethods() took 0 ms.
2026-04-24 13:18:25 INFO  org.testng.internal.Utils - [Utils] MethodGroupsHelper.collectMethodsByGroup() took 0 ms.
2026-04-24 13:18:25 INFO  org.testng.internal.Utils - [Utils] MethodGroupsHelper.sortMethods() took 0 ms.
2026-04-24 13:18:25 INFO  org.testng.internal.Utils - [Utils] MethodGroupsHelper.collectMethodsByGroup() took 0 ms.
2026-04-24 13:18:25 INFO  org.testng.internal.Utils - [Utils] MethodGroupsHelper.sortMethods() took 0 ms.
2026-04-24 13:18:25 INFO  org.testng.internal.Utils - [Utils] MethodGroupsHelper.collectMethodsByGroup() took 4 ms.
2026-04-24 13:18:25 INFO  org.testng.internal.Utils - [Utils] MethodGroupsHelper.sortMethods() took 10 ms.
2026-04-24 13:18:25 INFO  org.testng.internal.Utils - [Utils] MethodGroupsHelper.collectMethodsByGroup() took 0 ms.
2026-04-24 13:18:25 INFO  org.testng.internal.Utils - [Utils] MethodGroupsHelper.sortMethods() took 0 ms.
2026-04-24 13:18:25 INFO  org.testng.internal.Utils - [Utils] MethodGroupsHelper.collectMethodsByGroup() took 0 ms.
2026-04-24 13:18:25 INFO  org.testng.internal.Utils - [Utils] MethodGroupsHelper.sortMethods() took 0 ms.
2026-04-24 13:18:25 INFO  org.testng.internal.Utils - [Utils] MethodGroupsHelper.collectMethodsByGroup() took 0 ms.
2026-04-24 13:18:25 INFO  org.testng.internal.Utils - [Utils] MethodGroupsHelper.sortMethods() took 0 ms.
2026-04-24 13:18:25 INFO  org.testng.internal.Utils - [Utils] MethodGroupsHelper.collectMethodsByGroup() took 7 ms.
2026-04-24 13:18:25 INFO  org.testng.internal.Utils - [Utils] MethodGroupsHelper.sortMethods() took 0 ms.
2026-04-24 13:18:25 INFO  org.testng.internal.Utils - [Utils] MethodGroupsHelper.collectMethodsByGroup() took 0 ms.
2026-04-24 13:18:25 INFO  org.testng.internal.Utils - [Utils] MethodGroupsHelper.sortMethods() took 0 ms.
2026-04-24 13:18:25 INFO  org.testng.internal.Utils - [Utils] MethodGroupsHelper.collectMethodsByGroup() took 0 ms.
2026-04-24 13:18:25 INFO  org.testng.internal.Utils - [Utils] MethodGroupsHelper.sortMethods() took 0 ms.
2026-04-24 13:18:25 INFO  org.testng.internal.Utils - [TestNG] Running:
  C:\Users\Rahul\AppData\Local\Temp\testng-eclipse--142946600\testng-customsuite.xml

2026-04-24 13:18:25 INFO  org.testng.internal.Utils - [Utils] DynamicGraphHelper.createDynamicGraph() took 4 ms.
2026-04-24 13:19:08 INFO  org.testng.internal.Utils - [TestNG] Time taken by org.testng.reporters.jq.Main@4364863: 118 ms
2026-04-24 13:19:08 INFO  org.testng.internal.Utils - [TestNG] Time taken by org.testng.reporters.FailedReporter@44fdce3c: 39 ms
2026-04-24 13:19:08 INFO  org.testng.internal.Utils - [TestNG] Time taken by org.testng.reporters.XMLReporter@630390b9: 14 ms
2026-04-24 13:19:08 INFO  org.testng.internal.Utils - [TestNG] Time taken by org.testng.reporters.EmailableReporter2@adcfad9: 17 ms
2026-04-24 13:19:08 INFO  org.testng.internal.Utils - [TestNG] Time taken by org.testng.reporters.JUnitReportReporter@21b6c9c2: 18 ms
2026-04-24 13:19:08 INFO  org.testng.internal.Utils - [TestNG] Time taken by org.testng.internal.ExitCodeListener@309cedb6: 0 ms
2026-04-24 13:22:59 DEBUG org.testng.TestNG - suiteXmlPath: "C:\Users\Rahul\AppData\Local\Temp\testng-eclipse--1415312857\testng-customsuite.xml"
2026-04-24 13:23:00 INFO  org.testng.internal.Utils - [Utils] MethodGroupsHelper.collectMethodsByGroup() took 1 ms.
2026-04-24 13:23:00 INFO  org.testng.internal.Utils - [Utils] MethodGroupsHelper.sortMethods() took 2 ms.
2026-04-24 13:23:00 INFO  org.testng.internal.Utils - [Utils] MethodGroupsHelper.collectMethodsByGroup() took 0 ms.
2026-04-24 13:23:00 INFO  org.testng.internal.Utils - [Utils] MethodGroupsHelper.sortMethods() took 0 ms.
2026-04-24 13:23:00 INFO  org.testng.internal.Utils - [Utils] MethodGroupsHelper.collectMethodsByGroup() took 0 ms.
2026-04-24 13:23:00 INFO  org.testng.internal.Utils - [Utils] MethodGroupsHelper.sortMethods() took 0 ms.
2026-04-24 13:23:00 INFO  org.testng.internal.Utils - [Utils] MethodGroupsHelper.collectMethodsByGroup() took 0 ms.
2026-04-24 13:23:00 INFO  org.testng.internal.Utils - [Utils] MethodGroupsHelper.sortMethods() took 0 ms.
2026-04-24 13:23:00 INFO  org.testng.internal.Utils - [Utils] MethodGroupsHelper.collectMethodsByGroup() took 0 ms.
2026-04-24 13:23:00 INFO  org.testng.internal.Utils - [Utils] MethodGroupsHelper.sortMethods() took 0 ms.
2026-04-24 13:23:00 INFO  org.testng.internal.Utils - [Utils] MethodGroupsHelper.collectMethodsByGroup() took 0 ms.
2026-04-24 13:23:00 INFO  org.testng.internal.Utils - [Utils] MethodGroupsHelper.sortMethods() took 0 ms.
2026-04-24 13:23:00 INFO  org.testng.internal.Utils - [Utils] MethodGroupsHelper.collectMethodsByGroup() took 0 ms.
2026-04-24 13:23:00 INFO  org.testng.internal.Utils - [Utils] MethodGroupsHelper.sortMethods() took 0 ms.
2026-04-24 13:23:00 INFO  org.testng.internal.Utils - [Utils] MethodGroupsHelper.collectMethodsByGroup() took 0 ms.
2026-04-24 13:23:00 INFO  org.testng.internal.Utils - [Utils] MethodGroupsHelper.sortMethods() took 0 ms.
2026-04-24 13:23:00 INFO  org.testng.internal.Utils - [Utils] MethodGroupsHelper.collectMethodsByGroup() took 5 ms.
2026-04-24 13:23:00 INFO  org.testng.internal.Utils - [Utils] MethodGroupsHelper.sortMethods() took 10 ms.
2026-04-24 13:23:00 INFO  org.testng.internal.Utils - [Utils] MethodGroupsHelper.collectMethodsByGroup() took 0 ms.
2026-04-24 13:23:00 INFO  org.testng.internal.Utils - [Utils] MethodGroupsHelper.sortMethods() took 0 ms.
2026-04-24 13:23:00 INFO  org.testng.internal.Utils - [Utils] MethodGroupsHelper.collectMethodsByGroup() took 0 ms.
2026-04-24 13:23:00 INFO  org.testng.internal.Utils - [Utils] MethodGroupsHelper.sortMethods() took 0 ms.
2026-04-24 13:23:00 INFO  org.testng.internal.Utils - [Utils] MethodGroupsHelper.collectMethodsByGroup() took 0 ms.
2026-04-24 13:23:00 INFO  org.testng.internal.Utils - [Utils] MethodGroupsHelper.sortMethods() took 0 ms.
2026-04-24 13:23:00 INFO  org.testng.internal.Utils - [Utils] MethodGroupsHelper.collectMethodsByGroup() took 6 ms.
2026-04-24 13:23:00 INFO  org.testng.internal.Utils - [Utils] MethodGroupsHelper.sortMethods() took 0 ms.
2026-04-24 13:23:00 INFO  org.testng.internal.Utils - [Utils] MethodGroupsHelper.collectMethodsByGroup() took 0 ms.
2026-04-24 13:23:00 INFO  org.testng.internal.Utils - [Utils] MethodGroupsHelper.sortMethods() took 0 ms.
2026-04-24 13:23:00 INFO  org.testng.internal.Utils - [Utils] MethodGroupsHelper.collectMethodsByGroup() took 0 ms.
2026-04-24 13:23:00 INFO  org.testng.internal.Utils - [Utils] MethodGroupsHelper.sortMethods() took 0 ms.
2026-04-24 13:23:00 INFO  org.testng.internal.Utils - [TestNG] Running:
  C:\Users\Rahul\AppData\Local\Temp\testng-eclipse--1415312857\testng-customsuite.xml

2026-04-24 13:23:00 INFO  org.testng.internal.Utils - [Utils] DynamicGraphHelper.createDynamicGraph() took 4 ms.
2026-04-24 13:23:00 ERROR org.testng.internal.Utils - [Error] org.testng.TestNGException: 
Method public void com.Tests.ProductDetailsTest.verifyValidPincodeIsAccepted(java.lang.String) requires a @DataProvider named : validPincodes in class com.dataprovider.TshirstDataProvider
	at org.testng.internal.Parameters.findDataProvider(Parameters.java:532)
	at org.testng.internal.Parameters.handleParameters(Parameters.java:769)
	at org.testng.internal.Parameters.handleParameters(Parameters.java:734)
	at org.testng.internal.invokers.ParameterHandler.handleParameters(ParameterHandler.java:72)
	at org.testng.internal.invokers.ParameterHandler.createParameters(ParameterHandler.java:51)
	at org.testng.internal.invokers.TestInvoker$MethodInvocationAgent.invoke(TestInvoker.java:949)
	at org.testng.internal.invokers.TestInvoker.invokeTestMethods(TestInvoker.java:203)
	at org.testng.internal.invokers.TestMethodWorker.invokeTestMethods(TestMethodWorker.java:154)
	at org.testng.internal.invokers.TestMethodWorker.run(TestMethodWorker.java:134)
	at java.base/java.util.ArrayList.forEach(ArrayList.java:1596)
	at org.testng.TestRunner.privateRun(TestRunner.java:741)
	at org.testng.TestRunner.run(TestRunner.java:616)
	at org.testng.SuiteRunner.runTest(SuiteRunner.java:421)
	at org.testng.SuiteRunner.runSequentially(SuiteRunner.java:413)
	at org.testng.SuiteRunner.privateRun(SuiteRunner.java:373)
	at org.testng.SuiteRunner.run(SuiteRunner.java:312)
	at org.testng.SuiteRunnerWorker.runSuite(SuiteRunnerWorker.java:52)
	at org.testng.SuiteRunnerWorker.run(SuiteRunnerWorker.java:95)
	at org.testng.TestNG.runSuitesSequentially(TestNG.java:1274)
	at org.testng.TestNG.runSuitesLocally(TestNG.java:1208)
	at org.testng.TestNG.runSuites(TestNG.java:1112)
	at org.testng.TestNG.run(TestNG.java:1079)
	at org.testng.remote.AbstractRemoteTestNG.run(AbstractRemoteTestNG.java:115)
	at org.testng.remote.RemoteTestNG.initAndRun(RemoteTestNG.java:293)
	at org.testng.remote.RemoteTestNG.main(RemoteTestNG.java:91)

2026-04-24 13:23:00 INFO  org.testng.internal.Utils - [TestNG] Time taken by org.testng.reporters.jq.Main@6d6cb754: 35 ms
2026-04-24 13:23:00 INFO  org.testng.internal.Utils - [TestNG] Time taken by org.testng.reporters.FailedReporter@2160e52a: 9 ms
2026-04-24 13:23:00 INFO  org.testng.internal.Utils - [TestNG] Time taken by org.testng.reporters.XMLReporter@779de014: 6 ms
2026-04-24 13:23:00 INFO  org.testng.internal.Utils - [TestNG] Time taken by org.testng.reporters.EmailableReporter2@4d6f197e: 5 ms
2026-04-24 13:23:00 INFO  org.testng.internal.Utils - [TestNG] Time taken by org.testng.reporters.JUnitReportReporter@7ed9ae94: 4 ms
2026-04-24 13:23:00 INFO  org.testng.internal.Utils - [TestNG] Time taken by org.testng.internal.ExitCodeListener@66908383: 0 ms
2026-04-24 13:24:09 DEBUG org.testng.TestNG - suiteXmlPath: "C:\Users\Rahul\AppData\Local\Temp\testng-eclipse--638596773\testng-customsuite.xml"
2026-04-24 13:24:10 INFO  org.testng.internal.Utils - [Utils] MethodGroupsHelper.collectMethodsByGroup() took 0 ms.
2026-04-24 13:24:10 INFO  org.testng.internal.Utils - [Utils] MethodGroupsHelper.sortMethods() took 0 ms.
2026-04-24 13:24:10 INFO  org.testng.internal.Utils - [Utils] MethodGroupsHelper.collectMethodsByGroup() took 0 ms.
2026-04-24 13:24:10 INFO  org.testng.internal.Utils - [Utils] MethodGroupsHelper.sortMethods() took 0 ms.
2026-04-24 13:24:10 INFO  org.testng.internal.Utils - [Utils] MethodGroupsHelper.collectMethodsByGroup() took 0 ms.
2026-04-24 13:24:10 INFO  org.testng.internal.Utils - [Utils] MethodGroupsHelper.sortMethods() took 0 ms.
2026-04-24 13:24:10 INFO  org.testng.internal.Utils - [Utils] MethodGroupsHelper.collectMethodsByGroup() took 0 ms.
2026-04-24 13:24:10 INFO  org.testng.internal.Utils - [Utils] MethodGroupsHelper.sortMethods() took 0 ms.
2026-04-24 13:24:10 INFO  org.testng.internal.Utils - [Utils] MethodGroupsHelper.collectMethodsByGroup() took 0 ms.
2026-04-24 13:24:10 INFO  org.testng.internal.Utils - [Utils] MethodGroupsHelper.sortMethods() took 0 ms.
2026-04-24 13:24:10 INFO  org.testng.internal.Utils - [Utils] MethodGroupsHelper.collectMethodsByGroup() took 0 ms.
2026-04-24 13:24:10 INFO  org.testng.internal.Utils - [Utils] MethodGroupsHelper.sortMethods() took 0 ms.
2026-04-24 13:24:10 INFO  org.testng.internal.Utils - [Utils] MethodGroupsHelper.collectMethodsByGroup() took 0 ms.
2026-04-24 13:24:10 INFO  org.testng.internal.Utils - [Utils] MethodGroupsHelper.sortMethods() took 0 ms.
2026-04-24 13:24:10 INFO  org.testng.internal.Utils - [Utils] MethodGroupsHelper.collectMethodsByGroup() took 0 ms.
2026-04-24 13:24:10 INFO  org.testng.internal.Utils - [Utils] MethodGroupsHelper.sortMethods() took 0 ms.
2026-04-24 13:24:10 INFO  org.testng.internal.Utils - [Utils] MethodGroupsHelper.collectMethodsByGroup() took 4 ms.
2026-04-24 13:24:10 INFO  org.testng.internal.Utils - [Utils] MethodGroupsHelper.sortMethods() took 8 ms.
2026-04-24 13:24:10 INFO  org.testng.internal.Utils - [Utils] MethodGroupsHelper.collectMethodsByGroup() took 0 ms.
2026-04-24 13:24:10 INFO  org.testng.internal.Utils - [Utils] MethodGroupsHelper.sortMethods() took 1 ms.
2026-04-24 13:24:10 INFO  org.testng.internal.Utils - [Utils] MethodGroupsHelper.collectMethodsByGroup() took 0 ms.
2026-04-24 13:24:10 INFO  org.testng.internal.Utils - [Utils] MethodGroupsHelper.sortMethods() took 0 ms.
2026-04-24 13:24:10 INFO  org.testng.internal.Utils - [Utils] MethodGroupsHelper.collectMethodsByGroup() took 0 ms.
2026-04-24 13:24:10 INFO  org.testng.internal.Utils - [Utils] MethodGroupsHelper.sortMethods() took 0 ms.
2026-04-24 13:24:10 INFO  org.testng.internal.Utils - [Utils] MethodGroupsHelper.collectMethodsByGroup() took 5 ms.
2026-04-24 13:24:10 INFO  org.testng.internal.Utils - [Utils] MethodGroupsHelper.sortMethods() took 0 ms.
2026-04-24 13:24:10 INFO  org.testng.internal.Utils - [Utils] MethodGroupsHelper.collectMethodsByGroup() took 0 ms.
2026-04-24 13:24:10 INFO  org.testng.internal.Utils - [Utils] MethodGroupsHelper.sortMethods() took 0 ms.
2026-04-24 13:24:10 INFO  org.testng.internal.Utils - [Utils] MethodGroupsHelper.collectMethodsByGroup() took 0 ms.
2026-04-24 13:24:10 INFO  org.testng.internal.Utils - [Utils] MethodGroupsHelper.sortMethods() took 0 ms.
2026-04-24 13:24:10 INFO  org.testng.internal.Utils - [TestNG] Running:
  C:\Users\Rahul\AppData\Local\Temp\testng-eclipse--638596773\testng-customsuite.xml

2026-04-24 13:24:10 INFO  org.testng.internal.Utils - [Utils] DynamicGraphHelper.createDynamicGraph() took 2 ms.
2026-04-24 13:24:10 ERROR org.testng.internal.Utils - [Error] org.testng.TestNGException: 
Method public void com.Tests.ProductDetailsTest.verifyValidPincodeIsAccepted(java.lang.String) requires a @DataProvider named : validPincodes in class com.dataprovider.TshirstDataProvider
	at org.testng.internal.Parameters.findDataProvider(Parameters.java:532)
	at org.testng.internal.Parameters.handleParameters(Parameters.java:769)
	at org.testng.internal.Parameters.handleParameters(Parameters.java:734)
	at org.testng.internal.invokers.ParameterHandler.handleParameters(ParameterHandler.java:72)
	at org.testng.internal.invokers.ParameterHandler.createParameters(ParameterHandler.java:51)
	at org.testng.internal.invokers.TestInvoker$MethodInvocationAgent.invoke(TestInvoker.java:949)
	at org.testng.internal.invokers.TestInvoker.invokeTestMethods(TestInvoker.java:203)
	at org.testng.internal.invokers.TestMethodWorker.invokeTestMethods(TestMethodWorker.java:154)
	at org.testng.internal.invokers.TestMethodWorker.run(TestMethodWorker.java:134)
	at java.base/java.util.ArrayList.forEach(ArrayList.java:1596)
	at org.testng.TestRunner.privateRun(TestRunner.java:741)
	at org.testng.TestRunner.run(TestRunner.java:616)
	at org.testng.SuiteRunner.runTest(SuiteRunner.java:421)
	at org.testng.SuiteRunner.runSequentially(SuiteRunner.java:413)
	at org.testng.SuiteRunner.privateRun(SuiteRunner.java:373)
	at org.testng.SuiteRunner.run(SuiteRunner.java:312)
	at org.testng.SuiteRunnerWorker.runSuite(SuiteRunnerWorker.java:52)
	at org.testng.SuiteRunnerWorker.run(SuiteRunnerWorker.java:95)
	at org.testng.TestNG.runSuitesSequentially(TestNG.java:1274)
	at org.testng.TestNG.runSuitesLocally(TestNG.java:1208)
	at org.testng.TestNG.runSuites(TestNG.java:1112)
	at org.testng.TestNG.run(TestNG.java:1079)
	at org.testng.remote.AbstractRemoteTestNG.run(AbstractRemoteTestNG.java:115)
	at org.testng.remote.RemoteTestNG.initAndRun(RemoteTestNG.java:293)
	at org.testng.remote.RemoteTestNG.main(RemoteTestNG.java:91)

2026-04-24 13:24:10 INFO  org.testng.internal.Utils - [TestNG] Time taken by org.testng.reporters.jq.Main@6d6cb754: 36 ms
2026-04-24 13:24:10 INFO  org.testng.internal.Utils - [TestNG] Time taken by org.testng.reporters.FailedReporter@2160e52a: 9 ms
2026-04-24 13:24:10 INFO  org.testng.internal.Utils - [TestNG] Time taken by org.testng.reporters.XMLReporter@779de014: 5 ms
2026-04-24 13:24:10 INFO  org.testng.internal.Utils - [TestNG] Time taken by org.testng.reporters.EmailableReporter2@4d6f197e: 6 ms
2026-04-24 13:24:10 INFO  org.testng.internal.Utils - [TestNG] Time taken by org.testng.reporters.JUnitReportReporter@7ed9ae94: 3 ms
2026-04-24 13:24:10 INFO  org.testng.internal.Utils - [TestNG] Time taken by org.testng.internal.ExitCodeListener@66908383: 0 ms
2026-04-24 13:27:15 DEBUG org.testng.TestNG - suiteXmlPath: "C:\Users\Rahul\AppData\Local\Temp\testng-eclipse-476465192\testng-customsuite.xml"
2026-04-24 13:27:16 INFO  org.testng.internal.Utils - [Utils] MethodGroupsHelper.collectMethodsByGroup() took 0 ms.
2026-04-24 13:27:16 INFO  org.testng.internal.Utils - [Utils] MethodGroupsHelper.sortMethods() took 0 ms.
2026-04-24 13:27:16 INFO  org.testng.internal.Utils - [Utils] MethodGroupsHelper.collectMethodsByGroup() took 0 ms.
2026-04-24 13:27:16 INFO  org.testng.internal.Utils - [Utils] MethodGroupsHelper.sortMethods() took 0 ms.
2026-04-24 13:27:16 INFO  org.testng.internal.Utils - [Utils] MethodGroupsHelper.collectMethodsByGroup() took 0 ms.
2026-04-24 13:27:16 INFO  org.testng.internal.Utils - [Utils] MethodGroupsHelper.sortMethods() took 0 ms.
2026-04-24 13:27:16 INFO  org.testng.internal.Utils - [Utils] MethodGroupsHelper.collectMethodsByGroup() took 0 ms.
2026-04-24 13:27:16 INFO  org.testng.internal.Utils - [Utils] MethodGroupsHelper.sortMethods() took 0 ms.
2026-04-24 13:27:16 INFO  org.testng.internal.Utils - [Utils] MethodGroupsHelper.collectMethodsByGroup() took 0 ms.
2026-04-24 13:27:16 INFO  org.testng.internal.Utils - [Utils] MethodGroupsHelper.sortMethods() took 0 ms.
2026-04-24 13:27:16 INFO  org.testng.internal.Utils - [Utils] MethodGroupsHelper.collectMethodsByGroup() took 0 ms.
2026-04-24 13:27:16 INFO  org.testng.internal.Utils - [Utils] MethodGroupsHelper.sortMethods() took 0 ms.
2026-04-24 13:27:16 INFO  org.testng.internal.Utils - [Utils] MethodGroupsHelper.collectMethodsByGroup() took 0 ms.
2026-04-24 13:27:16 INFO  org.testng.internal.Utils - [Utils] MethodGroupsHelper.sortMethods() took 0 ms.
2026-04-24 13:27:16 INFO  org.testng.internal.Utils - [Utils] MethodGroupsHelper.collectMethodsByGroup() took 0 ms.
2026-04-24 13:27:16 INFO  org.testng.internal.Utils - [Utils] MethodGroupsHelper.sortMethods() took 0 ms.
2026-04-24 13:27:16 INFO  org.testng.internal.Utils - [Utils] MethodGroupsHelper.collectMethodsByGroup() took 5 ms.
2026-04-24 13:27:16 INFO  org.testng.internal.Utils - [Utils] MethodGroupsHelper.sortMethods() took 7 ms.
2026-04-24 13:27:16 INFO  org.testng.internal.Utils - [Utils] MethodGroupsHelper.collectMethodsByGroup() took 0 ms.
2026-04-24 13:27:16 INFO  org.testng.internal.Utils - [Utils] MethodGroupsHelper.sortMethods() took 0 ms.
2026-04-24 13:27:16 INFO  org.testng.internal.Utils - [Utils] MethodGroupsHelper.collectMethodsByGroup() took 0 ms.
2026-04-24 13:27:16 INFO  org.testng.internal.Utils - [Utils] MethodGroupsHelper.sortMethods() took 0 ms.
2026-04-24 13:27:16 INFO  org.testng.internal.Utils - [Utils] MethodGroupsHelper.collectMethodsByGroup() took 0 ms.
2026-04-24 13:27:16 INFO  org.testng.internal.Utils - [Utils] MethodGroupsHelper.sortMethods() took 0 ms.
2026-04-24 13:27:16 INFO  org.testng.internal.Utils - [Utils] MethodGroupsHelper.collectMethodsByGroup() took 6 ms.
2026-04-24 13:27:16 INFO  org.testng.internal.Utils - [Utils] MethodGroupsHelper.sortMethods() took 0 ms.
2026-04-24 13:27:16 INFO  org.testng.internal.Utils - [Utils] MethodGroupsHelper.collectMethodsByGroup() took 0 ms.
2026-04-24 13:27:16 INFO  org.testng.internal.Utils - [Utils] MethodGroupsHelper.sortMethods() took 0 ms.
2026-04-24 13:27:16 INFO  org.testng.internal.Utils - [Utils] MethodGroupsHelper.collectMethodsByGroup() took 0 ms.
2026-04-24 13:27:16 INFO  org.testng.internal.Utils - [Utils] MethodGroupsHelper.sortMethods() took 0 ms.
2026-04-24 13:27:16 INFO  org.testng.internal.Utils - [TestNG] Running:
  C:\Users\Rahul\AppData\Local\Temp\testng-eclipse-476465192\testng-customsuite.xml

2026-04-24 13:27:16 INFO  org.testng.internal.Utils - [Utils] DynamicGraphHelper.createDynamicGraph() took 4 ms.
2026-04-24 13:27:16 DEBUG org.apache.poi.openxml4j.opc.PackageRelationshipCollection - Parsing relationship: /xl/_rels/workbook.xml.rels
2026-04-24 13:27:16 DEBUG org.apache.poi.openxml4j.opc.PackageRelationshipCollection - Parsing relationship: /_rels/.rels
2026-04-24 13:27:16 ERROR org.testng.internal.Utils - [Error] java.lang.IllegalArgumentException: Unexpected value: NUMERIC
	at com.utilities.ExcelReader.readExcel(ExcelReader.java:56)
	at com.dataprovider.TshirstDataProvider.readExcelOfPincodes(TshirstDataProvider.java:19)
	at java.base/jdk.internal.reflect.DirectMethodHandleAccessor.invoke(DirectMethodHandleAccessor.java:103)
	at java.base/java.lang.reflect.Method.invoke(Method.java:580)
	at org.testng.internal.invokers.MethodInvocationHelper.invokeMethod(MethodInvocationHelper.java:141)
	at org.testng.internal.invokers.MethodInvocationHelper.invokeMethod(MethodInvocationHelper.java:86)
	at org.testng.internal.invokers.MethodInvocationHelper.invokeMethodNoCheckedException(MethodInvocationHelper.java:54)
	at org.testng.internal.invokers.MethodInvocationHelper.invokeDataProvider(MethodInvocationHelper.java:159)
	at org.testng.internal.Parameters.handleParameters(Parameters.java:809)
	at org.testng.internal.Parameters.handleParameters(Parameters.java:734)
	at org.testng.internal.invokers.ParameterHandler.handleParameters(ParameterHandler.java:72)
	at org.testng.internal.invokers.ParameterHandler.createParameters(ParameterHandler.java:51)
	at org.testng.internal.invokers.TestInvoker$MethodInvocationAgent.invoke(TestInvoker.java:949)
	at org.testng.internal.invokers.TestInvoker.invokeTestMethods(TestInvoker.java:203)
	at org.testng.internal.invokers.TestMethodWorker.invokeTestMethods(TestMethodWorker.java:154)
	at org.testng.internal.invokers.TestMethodWorker.run(TestMethodWorker.java:134)
	at java.base/java.util.ArrayList.forEach(ArrayList.java:1596)
	at org.testng.TestRunner.privateRun(TestRunner.java:741)
	at org.testng.TestRunner.run(TestRunner.java:616)
	at org.testng.SuiteRunner.runTest(SuiteRunner.java:421)
	at org.testng.SuiteRunner.runSequentially(SuiteRunner.java:413)
	at org.testng.SuiteRunner.privateRun(SuiteRunner.java:373)
	at org.testng.SuiteRunner.run(SuiteRunner.java:312)
	at org.testng.SuiteRunnerWorker.runSuite(SuiteRunnerWorker.java:52)
	at org.testng.SuiteRunnerWorker.run(SuiteRunnerWorker.java:95)
	at org.testng.TestNG.runSuitesSequentially(TestNG.java:1274)
	at org.testng.TestNG.runSuitesLocally(TestNG.java:1208)
	at org.testng.TestNG.runSuites(TestNG.java:1112)
	at org.testng.TestNG.run(TestNG.java:1079)
	at org.testng.remote.AbstractRemoteTestNG.run(AbstractRemoteTestNG.java:115)
	at org.testng.remote.RemoteTestNG.initAndRun(RemoteTestNG.java:293)
	at org.testng.remote.RemoteTestNG.main(RemoteTestNG.java:91)

2026-04-24 13:27:16 INFO  org.testng.internal.Utils - [TestNG] Time taken by org.testng.reporters.jq.Main@60859f5a: 36 ms
2026-04-24 13:27:16 INFO  org.testng.internal.Utils - [TestNG] Time taken by org.testng.reporters.FailedReporter@42b28ff1: 10 ms
2026-04-24 13:27:16 INFO  org.testng.internal.Utils - [TestNG] Time taken by org.testng.reporters.XMLReporter@4c18621b: 6 ms
2026-04-24 13:27:16 INFO  org.testng.internal.Utils - [TestNG] Time taken by org.testng.reporters.EmailableReporter2@5c8e67b9: 4 ms
2026-04-24 13:27:16 INFO  org.testng.internal.Utils - [TestNG] Time taken by org.testng.reporters.JUnitReportReporter@2e51d054: 5 ms
2026-04-24 13:27:16 INFO  org.testng.internal.Utils - [TestNG] Time taken by org.testng.internal.ExitCodeListener@4f5f6e45: 0 ms
2026-04-24 13:27:55 DEBUG org.testng.TestNG - suiteXmlPath: "C:\Users\Rahul\AppData\Local\Temp\testng-eclipse-636197282\testng-customsuite.xml"
2026-04-24 13:27:56 INFO  org.testng.internal.Utils - [Utils] MethodGroupsHelper.collectMethodsByGroup() took 1 ms.
2026-04-24 13:27:56 INFO  org.testng.internal.Utils - [Utils] MethodGroupsHelper.sortMethods() took 2 ms.
2026-04-24 13:27:56 INFO  org.testng.internal.Utils - [Utils] MethodGroupsHelper.collectMethodsByGroup() took 0 ms.
2026-04-24 13:27:56 INFO  org.testng.internal.Utils - [Utils] MethodGroupsHelper.sortMethods() took 0 ms.
2026-04-24 13:27:56 INFO  org.testng.internal.Utils - [Utils] MethodGroupsHelper.collectMethodsByGroup() took 0 ms.
2026-04-24 13:27:56 INFO  org.testng.internal.Utils - [Utils] MethodGroupsHelper.sortMethods() took 0 ms.
2026-04-24 13:27:56 INFO  org.testng.internal.Utils - [Utils] MethodGroupsHelper.collectMethodsByGroup() took 0 ms.
2026-04-24 13:27:56 INFO  org.testng.internal.Utils - [Utils] MethodGroupsHelper.sortMethods() took 0 ms.
2026-04-24 13:27:56 INFO  org.testng.internal.Utils - [Utils] MethodGroupsHelper.collectMethodsByGroup() took 0 ms.
2026-04-24 13:27:56 INFO  org.testng.internal.Utils - [Utils] MethodGroupsHelper.sortMethods() took 0 ms.
2026-04-24 13:27:56 INFO  org.testng.internal.Utils - [Utils] MethodGroupsHelper.collectMethodsByGroup() took 0 ms.
2026-04-24 13:27:56 INFO  org.testng.internal.Utils - [Utils] MethodGroupsHelper.sortMethods() took 0 ms.
2026-04-24 13:27:56 INFO  org.testng.internal.Utils - [Utils] MethodGroupsHelper.collectMethodsByGroup() took 0 ms.
2026-04-24 13:27:56 INFO  org.testng.internal.Utils - [Utils] MethodGroupsHelper.sortMethods() took 0 ms.
2026-04-24 13:27:56 INFO  org.testng.internal.Utils - [Utils] MethodGroupsHelper.collectMethodsByGroup() took 0 ms.
2026-04-24 13:27:56 INFO  org.testng.internal.Utils - [Utils] MethodGroupsHelper.sortMethods() took 0 ms.
2026-04-24 13:27:56 INFO  org.testng.internal.Utils - [Utils] MethodGroupsHelper.collectMethodsByGroup() took 4 ms.
2026-04-24 13:27:56 INFO  org.testng.internal.Utils - [Utils] MethodGroupsHelper.sortMethods() took 12 ms.
2026-04-24 13:27:56 INFO  org.testng.internal.Utils - [Utils] MethodGroupsHelper.collectMethodsByGroup() took 0 ms.
2026-04-24 13:27:56 INFO  org.testng.internal.Utils - [Utils] MethodGroupsHelper.sortMethods() took 0 ms.
2026-04-24 13:27:56 INFO  org.testng.internal.Utils - [Utils] MethodGroupsHelper.collectMethodsByGroup() took 0 ms.
2026-04-24 13:27:56 INFO  org.testng.internal.Utils - [Utils] MethodGroupsHelper.sortMethods() took 0 ms.
2026-04-24 13:27:56 INFO  org.testng.internal.Utils - [Utils] MethodGroupsHelper.collectMethodsByGroup() took 0 ms.
2026-04-24 13:27:56 INFO  org.testng.internal.Utils - [Utils] MethodGroupsHelper.sortMethods() took 0 ms.
2026-04-24 13:27:56 INFO  org.testng.internal.Utils - [Utils] MethodGroupsHelper.collectMethodsByGroup() took 7 ms.
2026-04-24 13:27:56 INFO  org.testng.internal.Utils - [Utils] MethodGroupsHelper.sortMethods() took 0 ms.
2026-04-24 13:27:56 INFO  org.testng.internal.Utils - [Utils] MethodGroupsHelper.collectMethodsByGroup() took 0 ms.
2026-04-24 13:27:56 INFO  org.testng.internal.Utils - [Utils] MethodGroupsHelper.sortMethods() took 0 ms.
2026-04-24 13:27:56 INFO  org.testng.internal.Utils - [Utils] MethodGroupsHelper.collectMethodsByGroup() took 0 ms.
2026-04-24 13:27:56 INFO  org.testng.internal.Utils - [Utils] MethodGroupsHelper.sortMethods() took 0 ms.
2026-04-24 13:27:56 INFO  org.testng.internal.Utils - [TestNG] Running:
  C:\Users\Rahul\AppData\Local\Temp\testng-eclipse-636197282\testng-customsuite.xml

2026-04-24 13:27:56 INFO  org.testng.internal.Utils - [Utils] DynamicGraphHelper.createDynamicGraph() took 3 ms.
2026-04-24 13:27:56 DEBUG org.apache.poi.openxml4j.opc.PackageRelationshipCollection - Parsing relationship: /xl/_rels/workbook.xml.rels
2026-04-24 13:27:56 DEBUG org.apache.poi.openxml4j.opc.PackageRelationshipCollection - Parsing relationship: /_rels/.rels
2026-04-24 13:27:56 ERROR org.testng.internal.Utils - [Error] java.lang.IllegalArgumentException: Unexpected value: NUMERIC
	at com.utilities.ExcelReader.readExcel(ExcelReader.java:56)
	at com.dataprovider.TshirstDataProvider.readExcelOfPincodes(TshirstDataProvider.java:19)
	at java.base/jdk.internal.reflect.DirectMethodHandleAccessor.invoke(DirectMethodHandleAccessor.java:103)
	at java.base/java.lang.reflect.Method.invoke(Method.java:580)
	at org.testng.internal.invokers.MethodInvocationHelper.invokeMethod(MethodInvocationHelper.java:141)
	at org.testng.internal.invokers.MethodInvocationHelper.invokeMethod(MethodInvocationHelper.java:86)
	at org.testng.internal.invokers.MethodInvocationHelper.invokeMethodNoCheckedException(MethodInvocationHelper.java:54)
	at org.testng.internal.invokers.MethodInvocationHelper.invokeDataProvider(MethodInvocationHelper.java:159)
	at org.testng.internal.Parameters.handleParameters(Parameters.java:809)
	at org.testng.internal.Parameters.handleParameters(Parameters.java:734)
	at org.testng.internal.invokers.ParameterHandler.handleParameters(ParameterHandler.java:72)
	at org.testng.internal.invokers.ParameterHandler.createParameters(ParameterHandler.java:51)
	at org.testng.internal.invokers.TestInvoker$MethodInvocationAgent.invoke(TestInvoker.java:949)
	at org.testng.internal.invokers.TestInvoker.invokeTestMethods(TestInvoker.java:203)
	at org.testng.internal.invokers.TestMethodWorker.invokeTestMethods(TestMethodWorker.java:154)
	at org.testng.internal.invokers.TestMethodWorker.run(TestMethodWorker.java:134)
	at java.base/java.util.ArrayList.forEach(ArrayList.java:1596)
	at org.testng.TestRunner.privateRun(TestRunner.java:741)
	at org.testng.TestRunner.run(TestRunner.java:616)
	at org.testng.SuiteRunner.runTest(SuiteRunner.java:421)
	at org.testng.SuiteRunner.runSequentially(SuiteRunner.java:413)
	at org.testng.SuiteRunner.privateRun(SuiteRunner.java:373)
	at org.testng.SuiteRunner.run(SuiteRunner.java:312)
	at org.testng.SuiteRunnerWorker.runSuite(SuiteRunnerWorker.java:52)
	at org.testng.SuiteRunnerWorker.run(SuiteRunnerWorker.java:95)
	at org.testng.TestNG.runSuitesSequentially(TestNG.java:1274)
	at org.testng.TestNG.runSuitesLocally(TestNG.java:1208)
	at org.testng.TestNG.runSuites(TestNG.java:1112)
	at org.testng.TestNG.run(TestNG.java:1079)
	at org.testng.remote.AbstractRemoteTestNG.run(AbstractRemoteTestNG.java:115)
	at org.testng.remote.RemoteTestNG.initAndRun(RemoteTestNG.java:293)
	at org.testng.remote.RemoteTestNG.main(RemoteTestNG.java:91)

2026-04-24 13:27:56 INFO  org.testng.internal.Utils - [TestNG] Time taken by org.testng.reporters.jq.Main@60859f5a: 42 ms
2026-04-24 13:27:56 INFO  org.testng.internal.Utils - [TestNG] Time taken by org.testng.reporters.FailedReporter@42b28ff1: 12 ms
2026-04-24 13:27:56 INFO  org.testng.internal.Utils - [TestNG] Time taken by org.testng.reporters.XMLReporter@4c18621b: 6 ms
2026-04-24 13:27:56 INFO  org.testng.internal.Utils - [TestNG] Time taken by org.testng.reporters.EmailableReporter2@5c8e67b9: 8 ms
2026-04-24 13:27:56 INFO  org.testng.internal.Utils - [TestNG] Time taken by org.testng.reporters.JUnitReportReporter@2e51d054: 5 ms
2026-04-24 13:27:56 INFO  org.testng.internal.Utils - [TestNG] Time taken by org.testng.internal.ExitCodeListener@4f5f6e45: 0 ms
2026-04-24 13:28:54 DEBUG org.testng.TestNG - suiteXmlPath: "C:\Users\Rahul\AppData\Local\Temp\testng-eclipse-38574971\testng-customsuite.xml"
2026-04-24 13:28:55 INFO  org.testng.internal.Utils - [Utils] MethodGroupsHelper.collectMethodsByGroup() took 1 ms.
2026-04-24 13:28:55 INFO  org.testng.internal.Utils - [Utils] MethodGroupsHelper.sortMethods() took 0 ms.
2026-04-24 13:28:55 INFO  org.testng.internal.Utils - [Utils] MethodGroupsHelper.collectMethodsByGroup() took 0 ms.
2026-04-24 13:28:55 INFO  org.testng.internal.Utils - [Utils] MethodGroupsHelper.sortMethods() took 0 ms.
2026-04-24 13:28:55 INFO  org.testng.internal.Utils - [Utils] MethodGroupsHelper.collectMethodsByGroup() took 0 ms.
2026-04-24 13:28:55 INFO  org.testng.internal.Utils - [Utils] MethodGroupsHelper.sortMethods() took 0 ms.
2026-04-24 13:28:55 INFO  org.testng.internal.Utils - [Utils] MethodGroupsHelper.collectMethodsByGroup() took 0 ms.
2026-04-24 13:28:55 INFO  org.testng.internal.Utils - [Utils] MethodGroupsHelper.sortMethods() took 0 ms.
2026-04-24 13:28:55 INFO  org.testng.internal.Utils - [Utils] MethodGroupsHelper.collectMethodsByGroup() took 0 ms.
2026-04-24 13:28:55 INFO  org.testng.internal.Utils - [Utils] MethodGroupsHelper.sortMethods() took 0 ms.
2026-04-24 13:28:55 INFO  org.testng.internal.Utils - [Utils] MethodGroupsHelper.collectMethodsByGroup() took 0 ms.
2026-04-24 13:28:55 INFO  org.testng.internal.Utils - [Utils] MethodGroupsHelper.sortMethods() took 0 ms.
2026-04-24 13:28:55 INFO  org.testng.internal.Utils - [Utils] MethodGroupsHelper.collectMethodsByGroup() took 0 ms.
2026-04-24 13:28:55 INFO  org.testng.internal.Utils - [Utils] MethodGroupsHelper.sortMethods() took 0 ms.
2026-04-24 13:28:55 INFO  org.testng.internal.Utils - [Utils] MethodGroupsHelper.collectMethodsByGroup() took 0 ms.
2026-04-24 13:28:55 INFO  org.testng.internal.Utils - [Utils] MethodGroupsHelper.sortMethods() took 0 ms.
2026-04-24 13:28:55 INFO  org.testng.internal.Utils - [Utils] MethodGroupsHelper.collectMethodsByGroup() took 4 ms.
2026-04-24 13:28:55 INFO  org.testng.internal.Utils - [Utils] MethodGroupsHelper.sortMethods() took 8 ms.
2026-04-24 13:28:55 INFO  org.testng.internal.Utils - [Utils] MethodGroupsHelper.collectMethodsByGroup() took 0 ms.
2026-04-24 13:28:55 INFO  org.testng.internal.Utils - [Utils] MethodGroupsHelper.sortMethods() took 0 ms.
2026-04-24 13:28:55 INFO  org.testng.internal.Utils - [Utils] MethodGroupsHelper.collectMethodsByGroup() took 0 ms.
2026-04-24 13:28:55 INFO  org.testng.internal.Utils - [Utils] MethodGroupsHelper.sortMethods() took 0 ms.
2026-04-24 13:28:55 INFO  org.testng.internal.Utils - [Utils] MethodGroupsHelper.collectMethodsByGroup() took 0 ms.
2026-04-24 13:28:55 INFO  org.testng.internal.Utils - [Utils] MethodGroupsHelper.sortMethods() took 0 ms.
2026-04-24 13:28:55 INFO  org.testng.internal.Utils - [Utils] MethodGroupsHelper.collectMethodsByGroup() took 7 ms.
2026-04-24 13:28:55 INFO  org.testng.internal.Utils - [Utils] MethodGroupsHelper.sortMethods() took 0 ms.
2026-04-24 13:28:55 INFO  org.testng.internal.Utils - [Utils] MethodGroupsHelper.collectMethodsByGroup() took 0 ms.
2026-04-24 13:28:55 INFO  org.testng.internal.Utils - [Utils] MethodGroupsHelper.sortMethods() took 0 ms.
2026-04-24 13:28:55 INFO  org.testng.internal.Utils - [Utils] MethodGroupsHelper.collectMethodsByGroup() took 0 ms.
2026-04-24 13:28:55 INFO  org.testng.internal.Utils - [Utils] MethodGroupsHelper.sortMethods() took 0 ms.
2026-04-24 13:28:55 INFO  org.testng.internal.Utils - [TestNG] Running:
  C:\Users\Rahul\AppData\Local\Temp\testng-eclipse-38574971\testng-customsuite.xml

2026-04-24 13:28:55 INFO  org.testng.internal.Utils - [Utils] DynamicGraphHelper.createDynamicGraph() took 3 ms.
2026-04-24 13:28:55 DEBUG org.apache.poi.openxml4j.opc.PackageRelationshipCollection - Parsing relationship: /xl/_rels/workbook.xml.rels
2026-04-24 13:28:55 DEBUG org.apache.poi.openxml4j.opc.PackageRelationshipCollection - Parsing relationship: /_rels/.rels
2026-04-24 13:28:55 ERROR org.testng.internal.Utils - [Error] java.lang.IllegalArgumentException: Unexpected value: NUMERIC
	at com.utilities.ExcelReader.readExcel(ExcelReader.java:56)
	at com.dataprovider.TshirstDataProvider.readExcelOfPincodes(TshirstDataProvider.java:19)
	at java.base/jdk.internal.reflect.DirectMethodHandleAccessor.invoke(DirectMethodHandleAccessor.java:103)
	at java.base/java.lang.reflect.Method.invoke(Method.java:580)
	at org.testng.internal.invokers.MethodInvocationHelper.invokeMethod(MethodInvocationHelper.java:141)
	at org.testng.internal.invokers.MethodInvocationHelper.invokeMethod(MethodInvocationHelper.java:86)
	at org.testng.internal.invokers.MethodInvocationHelper.invokeMethodNoCheckedException(MethodInvocationHelper.java:54)
	at org.testng.internal.invokers.MethodInvocationHelper.invokeDataProvider(MethodInvocationHelper.java:159)
	at org.testng.internal.Parameters.handleParameters(Parameters.java:809)
	at org.testng.internal.Parameters.handleParameters(Parameters.java:734)
	at org.testng.internal.invokers.ParameterHandler.handleParameters(ParameterHandler.java:72)
	at org.testng.internal.invokers.ParameterHandler.createParameters(ParameterHandler.java:51)
	at org.testng.internal.invokers.TestInvoker$MethodInvocationAgent.invoke(TestInvoker.java:949)
	at org.testng.internal.invokers.TestInvoker.invokeTestMethods(TestInvoker.java:203)
	at org.testng.internal.invokers.TestMethodWorker.invokeTestMethods(TestMethodWorker.java:154)
	at org.testng.internal.invokers.TestMethodWorker.run(TestMethodWorker.java:134)
	at java.base/java.util.ArrayList.forEach(ArrayList.java:1596)
	at org.testng.TestRunner.privateRun(TestRunner.java:741)
	at org.testng.TestRunner.run(TestRunner.java:616)
	at org.testng.SuiteRunner.runTest(SuiteRunner.java:421)
	at org.testng.SuiteRunner.runSequentially(SuiteRunner.java:413)
	at org.testng.SuiteRunner.privateRun(SuiteRunner.java:373)
	at org.testng.SuiteRunner.run(SuiteRunner.java:312)
	at org.testng.SuiteRunnerWorker.runSuite(SuiteRunnerWorker.java:52)
	at org.testng.SuiteRunnerWorker.run(SuiteRunnerWorker.java:95)
	at org.testng.TestNG.runSuitesSequentially(TestNG.java:1274)
	at org.testng.TestNG.runSuitesLocally(TestNG.java:1208)
	at org.testng.TestNG.runSuites(TestNG.java:1112)
	at org.testng.TestNG.run(TestNG.java:1079)
	at org.testng.remote.AbstractRemoteTestNG.run(AbstractRemoteTestNG.java:115)
	at org.testng.remote.RemoteTestNG.initAndRun(RemoteTestNG.java:293)
	at org.testng.remote.RemoteTestNG.main(RemoteTestNG.java:91)

2026-04-24 13:28:55 INFO  org.testng.internal.Utils - [TestNG] Time taken by org.testng.reporters.jq.Main@60859f5a: 32 ms
2026-04-24 13:28:55 INFO  org.testng.internal.Utils - [TestNG] Time taken by org.testng.reporters.FailedReporter@42b28ff1: 10 ms
2026-04-24 13:28:55 INFO  org.testng.internal.Utils - [TestNG] Time taken by org.testng.reporters.XMLReporter@4c18621b: 5 ms
2026-04-24 13:28:55 INFO  org.testng.internal.Utils - [TestNG] Time taken by org.testng.reporters.EmailableReporter2@5c8e67b9: 4 ms
2026-04-24 13:28:55 INFO  org.testng.internal.Utils - [TestNG] Time taken by org.testng.reporters.JUnitReportReporter@2e51d054: 4 ms
2026-04-24 13:28:55 INFO  org.testng.internal.Utils - [TestNG] Time taken by org.testng.internal.ExitCodeListener@4f5f6e45: 0 ms
2026-04-24 13:30:00 DEBUG org.testng.TestNG - suiteXmlPath: "C:\Users\Rahul\AppData\Local\Temp\testng-eclipse--16012877\testng-customsuite.xml"
2026-04-24 13:30:01 INFO  org.testng.internal.Utils - [Utils] MethodGroupsHelper.collectMethodsByGroup() took 0 ms.
2026-04-24 13:30:01 INFO  org.testng.internal.Utils - [Utils] MethodGroupsHelper.sortMethods() took 1 ms.
2026-04-24 13:30:01 INFO  org.testng.internal.Utils - [Utils] MethodGroupsHelper.collectMethodsByGroup() took 0 ms.
2026-04-24 13:30:01 INFO  org.testng.internal.Utils - [Utils] MethodGroupsHelper.sortMethods() took 0 ms.
2026-04-24 13:30:01 INFO  org.testng.internal.Utils - [Utils] MethodGroupsHelper.collectMethodsByGroup() took 0 ms.
2026-04-24 13:30:01 INFO  org.testng.internal.Utils - [Utils] MethodGroupsHelper.sortMethods() took 0 ms.
2026-04-24 13:30:01 INFO  org.testng.internal.Utils - [Utils] MethodGroupsHelper.collectMethodsByGroup() took 0 ms.
2026-04-24 13:30:01 INFO  org.testng.internal.Utils - [Utils] MethodGroupsHelper.sortMethods() took 0 ms.
2026-04-24 13:30:01 INFO  org.testng.internal.Utils - [Utils] MethodGroupsHelper.collectMethodsByGroup() took 0 ms.
2026-04-24 13:30:01 INFO  org.testng.internal.Utils - [Utils] MethodGroupsHelper.sortMethods() took 0 ms.
2026-04-24 13:30:01 INFO  org.testng.internal.Utils - [Utils] MethodGroupsHelper.collectMethodsByGroup() took 0 ms.
2026-04-24 13:30:01 INFO  org.testng.internal.Utils - [Utils] MethodGroupsHelper.sortMethods() took 0 ms.
2026-04-24 13:30:01 INFO  org.testng.internal.Utils - [Utils] MethodGroupsHelper.collectMethodsByGroup() took 0 ms.
2026-04-24 13:30:01 INFO  org.testng.internal.Utils - [Utils] MethodGroupsHelper.sortMethods() took 0 ms.
2026-04-24 13:30:01 INFO  org.testng.internal.Utils - [Utils] MethodGroupsHelper.collectMethodsByGroup() took 0 ms.
2026-04-24 13:30:01 INFO  org.testng.internal.Utils - [Utils] MethodGroupsHelper.sortMethods() took 0 ms.
2026-04-24 13:30:01 INFO  org.testng.internal.Utils - [Utils] MethodGroupsHelper.collectMethodsByGroup() took 3 ms.
2026-04-24 13:30:01 INFO  org.testng.internal.Utils - [Utils] MethodGroupsHelper.sortMethods() took 7 ms.
2026-04-24 13:30:01 INFO  org.testng.internal.Utils - [Utils] MethodGroupsHelper.collectMethodsByGroup() took 0 ms.
2026-04-24 13:30:01 INFO  org.testng.internal.Utils - [Utils] MethodGroupsHelper.sortMethods() took 1 ms.
2026-04-24 13:30:01 INFO  org.testng.internal.Utils - [Utils] MethodGroupsHelper.collectMethodsByGroup() took 0 ms.
2026-04-24 13:30:01 INFO  org.testng.internal.Utils - [Utils] MethodGroupsHelper.sortMethods() took 0 ms.
2026-04-24 13:30:01 INFO  org.testng.internal.Utils - [Utils] MethodGroupsHelper.collectMethodsByGroup() took 0 ms.
2026-04-24 13:30:01 INFO  org.testng.internal.Utils - [Utils] MethodGroupsHelper.sortMethods() took 0 ms.
2026-04-24 13:30:01 INFO  org.testng.internal.Utils - [Utils] MethodGroupsHelper.collectMethodsByGroup() took 4 ms.
2026-04-24 13:30:01 INFO  org.testng.internal.Utils - [Utils] MethodGroupsHelper.sortMethods() took 0 ms.
2026-04-24 13:30:01 INFO  org.testng.internal.Utils - [Utils] MethodGroupsHelper.collectMethodsByGroup() took 0 ms.
2026-04-24 13:30:01 INFO  org.testng.internal.Utils - [Utils] MethodGroupsHelper.sortMethods() took 0 ms.
2026-04-24 13:30:01 INFO  org.testng.internal.Utils - [Utils] MethodGroupsHelper.collectMethodsByGroup() took 0 ms.
2026-04-24 13:30:01 INFO  org.testng.internal.Utils - [Utils] MethodGroupsHelper.sortMethods() took 0 ms.
2026-04-24 13:30:01 INFO  org.testng.internal.Utils - [TestNG] Running:
  C:\Users\Rahul\AppData\Local\Temp\testng-eclipse--16012877\testng-customsuite.xml

2026-04-24 13:30:01 INFO  org.testng.internal.Utils - [Utils] DynamicGraphHelper.createDynamicGraph() took 6 ms.
2026-04-24 13:30:01 DEBUG org.apache.poi.openxml4j.opc.PackageRelationshipCollection - Parsing relationship: /xl/_rels/workbook.xml.rels
2026-04-24 13:30:01 DEBUG org.apache.poi.openxml4j.opc.PackageRelationshipCollection - Parsing relationship: /_rels/.rels
2026-04-24 13:30:01 ERROR org.testng.internal.Utils - [Error] java.lang.IllegalArgumentException: Unexpected value: NUMERIC
	at com.utilities.ExcelReader.readExcel(ExcelReader.java:56)
	at com.dataprovider.TshirstDataProvider.readExcelOfPincodes(TshirstDataProvider.java:19)
	at java.base/jdk.internal.reflect.DirectMethodHandleAccessor.invoke(DirectMethodHandleAccessor.java:103)
	at java.base/java.lang.reflect.Method.invoke(Method.java:580)
	at org.testng.internal.invokers.MethodInvocationHelper.invokeMethod(MethodInvocationHelper.java:141)
	at org.testng.internal.invokers.MethodInvocationHelper.invokeMethod(MethodInvocationHelper.java:86)
	at org.testng.internal.invokers.MethodInvocationHelper.invokeMethodNoCheckedException(MethodInvocationHelper.java:54)
	at org.testng.internal.invokers.MethodInvocationHelper.invokeDataProvider(MethodInvocationHelper.java:159)
	at org.testng.internal.Parameters.handleParameters(Parameters.java:809)
	at org.testng.internal.Parameters.handleParameters(Parameters.java:734)
	at org.testng.internal.invokers.ParameterHandler.handleParameters(ParameterHandler.java:72)
	at org.testng.internal.invokers.ParameterHandler.createParameters(ParameterHandler.java:51)
	at org.testng.internal.invokers.TestInvoker$MethodInvocationAgent.invoke(TestInvoker.java:949)
	at org.testng.internal.invokers.TestInvoker.invokeTestMethods(TestInvoker.java:203)
	at org.testng.internal.invokers.TestMethodWorker.invokeTestMethods(TestMethodWorker.java:154)
	at org.testng.internal.invokers.TestMethodWorker.run(TestMethodWorker.java:134)
	at java.base/java.util.ArrayList.forEach(ArrayList.java:1596)
	at org.testng.TestRunner.privateRun(TestRunner.java:741)
	at org.testng.TestRunner.run(TestRunner.java:616)
	at org.testng.SuiteRunner.runTest(SuiteRunner.java:421)
	at org.testng.SuiteRunner.runSequentially(SuiteRunner.java:413)
	at org.testng.SuiteRunner.privateRun(SuiteRunner.java:373)
	at org.testng.SuiteRunner.run(SuiteRunner.java:312)
	at org.testng.SuiteRunnerWorker.runSuite(SuiteRunnerWorker.java:52)
	at org.testng.SuiteRunnerWorker.run(SuiteRunnerWorker.java:95)
	at org.testng.TestNG.runSuitesSequentially(TestNG.java:1274)
	at org.testng.TestNG.runSuitesLocally(TestNG.java:1208)
	at org.testng.TestNG.runSuites(TestNG.java:1112)
	at org.testng.TestNG.run(TestNG.java:1079)
	at org.testng.remote.AbstractRemoteTestNG.run(AbstractRemoteTestNG.java:115)
	at org.testng.remote.RemoteTestNG.initAndRun(RemoteTestNG.java:293)
	at org.testng.remote.RemoteTestNG.main(RemoteTestNG.java:91)

2026-04-24 13:30:01 INFO  org.testng.internal.Utils - [TestNG] Time taken by org.testng.reporters.jq.Main@60859f5a: 39 ms
2026-04-24 13:30:01 INFO  org.testng.internal.Utils - [TestNG] Time taken by org.testng.reporters.FailedReporter@42b28ff1: 10 ms
2026-04-24 13:30:01 INFO  org.testng.internal.Utils - [TestNG] Time taken by org.testng.reporters.XMLReporter@4c18621b: 5 ms
2026-04-24 13:30:01 INFO  org.testng.internal.Utils - [TestNG] Time taken by org.testng.reporters.EmailableReporter2@5c8e67b9: 5 ms
2026-04-24 13:30:01 INFO  org.testng.internal.Utils - [TestNG] Time taken by org.testng.reporters.JUnitReportReporter@2e51d054: 3 ms
2026-04-24 13:30:01 INFO  org.testng.internal.Utils - [TestNG] Time taken by org.testng.internal.ExitCodeListener@4f5f6e45: 1 ms
2026-04-24 13:30:35 DEBUG org.testng.TestNG - suiteXmlPath: "C:\Users\Rahul\AppData\Local\Temp\testng-eclipse-158525206\testng-customsuite.xml"
2026-04-24 13:30:35 INFO  org.testng.internal.Utils - [Utils] MethodGroupsHelper.collectMethodsByGroup() took 0 ms.
2026-04-24 13:30:35 INFO  org.testng.internal.Utils - [Utils] MethodGroupsHelper.sortMethods() took 1 ms.
2026-04-24 13:30:35 INFO  org.testng.internal.Utils - [Utils] MethodGroupsHelper.collectMethodsByGroup() took 0 ms.
2026-04-24 13:30:35 INFO  org.testng.internal.Utils - [Utils] MethodGroupsHelper.sortMethods() took 0 ms.
2026-04-24 13:30:35 INFO  org.testng.internal.Utils - [Utils] MethodGroupsHelper.collectMethodsByGroup() took 0 ms.
2026-04-24 13:30:35 INFO  org.testng.internal.Utils - [Utils] MethodGroupsHelper.sortMethods() took 0 ms.
2026-04-24 13:30:35 INFO  org.testng.internal.Utils - [Utils] MethodGroupsHelper.collectMethodsByGroup() took 0 ms.
2026-04-24 13:30:35 INFO  org.testng.internal.Utils - [Utils] MethodGroupsHelper.sortMethods() took 0 ms.
2026-04-24 13:30:35 INFO  org.testng.internal.Utils - [Utils] MethodGroupsHelper.collectMethodsByGroup() took 0 ms.
2026-04-24 13:30:35 INFO  org.testng.internal.Utils - [Utils] MethodGroupsHelper.sortMethods() took 0 ms.
2026-04-24 13:30:35 INFO  org.testng.internal.Utils - [Utils] MethodGroupsHelper.collectMethodsByGroup() took 0 ms.
2026-04-24 13:30:35 INFO  org.testng.internal.Utils - [Utils] MethodGroupsHelper.sortMethods() took 0 ms.
2026-04-24 13:30:35 INFO  org.testng.internal.Utils - [Utils] MethodGroupsHelper.collectMethodsByGroup() took 0 ms.
2026-04-24 13:30:35 INFO  org.testng.internal.Utils - [Utils] MethodGroupsHelper.sortMethods() took 0 ms.
2026-04-24 13:30:35 INFO  org.testng.internal.Utils - [Utils] MethodGroupsHelper.collectMethodsByGroup() took 0 ms.
2026-04-24 13:30:35 INFO  org.testng.internal.Utils - [Utils] MethodGroupsHelper.sortMethods() took 0 ms.
2026-04-24 13:30:35 INFO  org.testng.internal.Utils - [Utils] MethodGroupsHelper.collectMethodsByGroup() took 11 ms.
2026-04-24 13:30:35 INFO  org.testng.internal.Utils - [Utils] MethodGroupsHelper.sortMethods() took 15 ms.
2026-04-24 13:30:35 INFO  org.testng.internal.Utils - [Utils] MethodGroupsHelper.collectMethodsByGroup() took 0 ms.
2026-04-24 13:30:35 INFO  org.testng.internal.Utils - [Utils] MethodGroupsHelper.sortMethods() took 1 ms.
2026-04-24 13:30:35 INFO  org.testng.internal.Utils - [Utils] MethodGroupsHelper.collectMethodsByGroup() took 0 ms.
2026-04-24 13:30:35 INFO  org.testng.internal.Utils - [Utils] MethodGroupsHelper.sortMethods() took 0 ms.
2026-04-24 13:30:35 INFO  org.testng.internal.Utils - [Utils] MethodGroupsHelper.collectMethodsByGroup() took 0 ms.
2026-04-24 13:30:35 INFO  org.testng.internal.Utils - [Utils] MethodGroupsHelper.sortMethods() took 0 ms.
2026-04-24 13:30:35 INFO  org.testng.internal.Utils - [Utils] MethodGroupsHelper.collectMethodsByGroup() took 7 ms.
2026-04-24 13:30:35 INFO  org.testng.internal.Utils - [Utils] MethodGroupsHelper.sortMethods() took 0 ms.
2026-04-24 13:30:35 INFO  org.testng.internal.Utils - [Utils] MethodGroupsHelper.collectMethodsByGroup() took 0 ms.
2026-04-24 13:30:35 INFO  org.testng.internal.Utils - [Utils] MethodGroupsHelper.sortMethods() took 0 ms.
2026-04-24 13:30:35 INFO  org.testng.internal.Utils - [Utils] MethodGroupsHelper.collectMethodsByGroup() took 0 ms.
2026-04-24 13:30:35 INFO  org.testng.internal.Utils - [Utils] MethodGroupsHelper.sortMethods() took 0 ms.
2026-04-24 13:30:35 INFO  org.testng.internal.Utils - [TestNG] Running:
  C:\Users\Rahul\AppData\Local\Temp\testng-eclipse-158525206\testng-customsuite.xml

2026-04-24 13:30:35 INFO  org.testng.internal.Utils - [Utils] DynamicGraphHelper.createDynamicGraph() took 4 ms.
2026-04-24 13:30:35 ERROR org.testng.internal.Utils - [Error] org.testng.TestNGException: 
Method public void com.Tests.ProductDetailsTest.verifyValidPincodeIsAccepted(java.lang.String) requires a @DataProvider named : validPincode in class com.dataprovider.MyntraSearchTest
	at org.testng.internal.Parameters.findDataProvider(Parameters.java:532)
	at org.testng.internal.Parameters.handleParameters(Parameters.java:769)
	at org.testng.internal.Parameters.handleParameters(Parameters.java:734)
	at org.testng.internal.invokers.ParameterHandler.handleParameters(ParameterHandler.java:72)
	at org.testng.internal.invokers.ParameterHandler.createParameters(ParameterHandler.java:51)
	at org.testng.internal.invokers.TestInvoker$MethodInvocationAgent.invoke(TestInvoker.java:949)
	at org.testng.internal.invokers.TestInvoker.invokeTestMethods(TestInvoker.java:203)
	at org.testng.internal.invokers.TestMethodWorker.invokeTestMethods(TestMethodWorker.java:154)
	at org.testng.internal.invokers.TestMethodWorker.run(TestMethodWorker.java:134)
	at java.base/java.util.ArrayList.forEach(ArrayList.java:1596)
	at org.testng.TestRunner.privateRun(TestRunner.java:741)
	at org.testng.TestRunner.run(TestRunner.java:616)
	at org.testng.SuiteRunner.runTest(SuiteRunner.java:421)
	at org.testng.SuiteRunner.runSequentially(SuiteRunner.java:413)
	at org.testng.SuiteRunner.privateRun(SuiteRunner.java:373)
	at org.testng.SuiteRunner.run(SuiteRunner.java:312)
	at org.testng.SuiteRunnerWorker.runSuite(SuiteRunnerWorker.java:52)
	at org.testng.SuiteRunnerWorker.run(SuiteRunnerWorker.java:95)
	at org.testng.TestNG.runSuitesSequentially(TestNG.java:1274)
	at org.testng.TestNG.runSuitesLocally(TestNG.java:1208)
	at org.testng.TestNG.runSuites(TestNG.java:1112)
	at org.testng.TestNG.run(TestNG.java:1079)
	at org.testng.remote.AbstractRemoteTestNG.run(AbstractRemoteTestNG.java:115)
	at org.testng.remote.RemoteTestNG.initAndRun(RemoteTestNG.java:293)
	at org.testng.remote.RemoteTestNG.main(RemoteTestNG.java:91)

2026-04-24 13:30:35 INFO  org.testng.internal.Utils - [TestNG] Time taken by org.testng.reporters.jq.Main@6d6cb754: 38 ms
2026-04-24 13:30:35 INFO  org.testng.internal.Utils - [TestNG] Time taken by org.testng.reporters.FailedReporter@2160e52a: 8 ms
2026-04-24 13:30:35 INFO  org.testng.internal.Utils - [TestNG] Time taken by org.testng.reporters.XMLReporter@779de014: 5 ms
2026-04-24 13:30:35 INFO  org.testng.internal.Utils - [TestNG] Time taken by org.testng.reporters.EmailableReporter2@4d6f197e: 6 ms
2026-04-24 13:30:35 INFO  org.testng.internal.Utils - [TestNG] Time taken by org.testng.reporters.JUnitReportReporter@7ed9ae94: 5 ms
2026-04-24 13:30:35 INFO  org.testng.internal.Utils - [TestNG] Time taken by org.testng.internal.ExitCodeListener@66908383: 0 ms
2026-04-24 13:30:47 DEBUG org.testng.TestNG - suiteXmlPath: "C:\Users\Rahul\AppData\Local\Temp\testng-eclipse-752608156\testng-customsuite.xml"
2026-04-24 13:30:47 INFO  org.testng.internal.Utils - [Utils] MethodGroupsHelper.collectMethodsByGroup() took 0 ms.
2026-04-24 13:30:47 INFO  org.testng.internal.Utils - [Utils] MethodGroupsHelper.sortMethods() took 1 ms.
2026-04-24 13:30:47 INFO  org.testng.internal.Utils - [Utils] MethodGroupsHelper.collectMethodsByGroup() took 0 ms.
2026-04-24 13:30:47 INFO  org.testng.internal.Utils - [Utils] MethodGroupsHelper.sortMethods() took 0 ms.
2026-04-24 13:30:47 INFO  org.testng.internal.Utils - [Utils] MethodGroupsHelper.collectMethodsByGroup() took 0 ms.
2026-04-24 13:30:47 INFO  org.testng.internal.Utils - [Utils] MethodGroupsHelper.sortMethods() took 0 ms.
2026-04-24 13:30:47 INFO  org.testng.internal.Utils - [Utils] MethodGroupsHelper.collectMethodsByGroup() took 0 ms.
2026-04-24 13:30:47 INFO  org.testng.internal.Utils - [Utils] MethodGroupsHelper.sortMethods() took 0 ms.
2026-04-24 13:30:47 INFO  org.testng.internal.Utils - [Utils] MethodGroupsHelper.collectMethodsByGroup() took 0 ms.
2026-04-24 13:30:47 INFO  org.testng.internal.Utils - [Utils] MethodGroupsHelper.sortMethods() took 0 ms.
2026-04-24 13:30:47 INFO  org.testng.internal.Utils - [Utils] MethodGroupsHelper.collectMethodsByGroup() took 0 ms.
2026-04-24 13:30:47 INFO  org.testng.internal.Utils - [Utils] MethodGroupsHelper.sortMethods() took 0 ms.
2026-04-24 13:30:47 INFO  org.testng.internal.Utils - [Utils] MethodGroupsHelper.collectMethodsByGroup() took 0 ms.
2026-04-24 13:30:47 INFO  org.testng.internal.Utils - [Utils] MethodGroupsHelper.sortMethods() took 0 ms.
2026-04-24 13:30:47 INFO  org.testng.internal.Utils - [Utils] MethodGroupsHelper.collectMethodsByGroup() took 0 ms.
2026-04-24 13:30:47 INFO  org.testng.internal.Utils - [Utils] MethodGroupsHelper.sortMethods() took 0 ms.
2026-04-24 13:30:47 INFO  org.testng.internal.Utils - [Utils] MethodGroupsHelper.collectMethodsByGroup() took 3 ms.
2026-04-24 13:30:47 INFO  org.testng.internal.Utils - [Utils] MethodGroupsHelper.sortMethods() took 7 ms.
2026-04-24 13:30:47 INFO  org.testng.internal.Utils - [Utils] MethodGroupsHelper.collectMethodsByGroup() took 0 ms.
2026-04-24 13:30:47 INFO  org.testng.internal.Utils - [Utils] MethodGroupsHelper.sortMethods() took 0 ms.
2026-04-24 13:30:47 INFO  org.testng.internal.Utils - [Utils] MethodGroupsHelper.collectMethodsByGroup() took 0 ms.
2026-04-24 13:30:47 INFO  org.testng.internal.Utils - [Utils] MethodGroupsHelper.sortMethods() took 0 ms.
2026-04-24 13:30:47 INFO  org.testng.internal.Utils - [Utils] MethodGroupsHelper.collectMethodsByGroup() took 0 ms.
2026-04-24 13:30:47 INFO  org.testng.internal.Utils - [Utils] MethodGroupsHelper.sortMethods() took 0 ms.
2026-04-24 13:30:47 INFO  org.testng.internal.Utils - [Utils] MethodGroupsHelper.collectMethodsByGroup() took 5 ms.
2026-04-24 13:30:47 INFO  org.testng.internal.Utils - [Utils] MethodGroupsHelper.sortMethods() took 0 ms.
2026-04-24 13:30:47 INFO  org.testng.internal.Utils - [Utils] MethodGroupsHelper.collectMethodsByGroup() took 0 ms.
2026-04-24 13:30:47 INFO  org.testng.internal.Utils - [Utils] MethodGroupsHelper.sortMethods() took 0 ms.
2026-04-24 13:30:47 INFO  org.testng.internal.Utils - [Utils] MethodGroupsHelper.collectMethodsByGroup() took 0 ms.
2026-04-24 13:30:47 INFO  org.testng.internal.Utils - [Utils] MethodGroupsHelper.sortMethods() took 0 ms.
2026-04-24 13:30:47 INFO  org.testng.internal.Utils - [TestNG] Running:
  C:\Users\Rahul\AppData\Local\Temp\testng-eclipse-752608156\testng-customsuite.xml

2026-04-24 13:30:47 INFO  org.testng.internal.Utils - [Utils] DynamicGraphHelper.createDynamicGraph() took 5 ms.
2026-04-24 13:31:28 INFO  org.testng.internal.Utils - [TestNG] Time taken by org.testng.reporters.jq.Main@43245559: 41 ms
2026-04-24 13:31:28 INFO  org.testng.internal.Utils - [TestNG] Time taken by org.testng.reporters.FailedReporter@39da5e49: 8 ms
2026-04-24 13:31:28 INFO  org.testng.internal.Utils - [TestNG] Time taken by org.testng.reporters.XMLReporter@29d405e6: 8 ms
2026-04-24 13:31:28 INFO  org.testng.internal.Utils - [TestNG] Time taken by org.testng.reporters.EmailableReporter2@577bf0aa: 6 ms
2026-04-24 13:31:28 INFO  org.testng.internal.Utils - [TestNG] Time taken by org.testng.reporters.JUnitReportReporter@681c0ae6: 6 ms
2026-04-24 13:31:28 INFO  org.testng.internal.Utils - [TestNG] Time taken by org.testng.internal.ExitCodeListener@73ca34e7: 0 ms
2026-04-24 13:37:48 DEBUG org.testng.TestNG - suiteXmlPath: "C:\Users\Rahul\AppData\Local\Temp\testng-eclipse--1507977167\testng-customsuite.xml"
2026-04-24 13:37:48 INFO  org.testng.internal.Utils - [Utils] MethodGroupsHelper.collectMethodsByGroup() took 1 ms.
2026-04-24 13:37:48 INFO  org.testng.internal.Utils - [Utils] MethodGroupsHelper.sortMethods() took 0 ms.
2026-04-24 13:37:48 INFO  org.testng.internal.Utils - [Utils] MethodGroupsHelper.collectMethodsByGroup() took 0 ms.
2026-04-24 13:37:48 INFO  org.testng.internal.Utils - [Utils] MethodGroupsHelper.sortMethods() took 0 ms.
2026-04-24 13:37:48 INFO  org.testng.internal.Utils - [Utils] MethodGroupsHelper.collectMethodsByGroup() took 0 ms.
2026-04-24 13:37:48 INFO  org.testng.internal.Utils - [Utils] MethodGroupsHelper.sortMethods() took 0 ms.
2026-04-24 13:37:48 INFO  org.testng.internal.Utils - [Utils] MethodGroupsHelper.collectMethodsByGroup() took 0 ms.
2026-04-24 13:37:48 INFO  org.testng.internal.Utils - [Utils] MethodGroupsHelper.sortMethods() took 0 ms.
2026-04-24 13:37:48 INFO  org.testng.internal.Utils - [Utils] MethodGroupsHelper.collectMethodsByGroup() took 0 ms.
2026-04-24 13:37:48 INFO  org.testng.internal.Utils - [Utils] MethodGroupsHelper.sortMethods() took 0 ms.
2026-04-24 13:37:48 INFO  org.testng.internal.Utils - [Utils] MethodGroupsHelper.collectMethodsByGroup() took 0 ms.
2026-04-24 13:37:48 INFO  org.testng.internal.Utils - [Utils] MethodGroupsHelper.sortMethods() took 0 ms.
2026-04-24 13:37:48 INFO  org.testng.internal.Utils - [Utils] MethodGroupsHelper.collectMethodsByGroup() took 0 ms.
2026-04-24 13:37:48 INFO  org.testng.internal.Utils - [Utils] MethodGroupsHelper.sortMethods() took 0 ms.
2026-04-24 13:37:48 INFO  org.testng.internal.Utils - [Utils] MethodGroupsHelper.collectMethodsByGroup() took 0 ms.
2026-04-24 13:37:48 INFO  org.testng.internal.Utils - [Utils] MethodGroupsHelper.sortMethods() took 0 ms.
2026-04-24 13:37:48 INFO  org.testng.internal.Utils - [Utils] MethodGroupsHelper.collectMethodsByGroup() took 4 ms.
2026-04-24 13:37:48 INFO  org.testng.internal.Utils - [Utils] MethodGroupsHelper.sortMethods() took 9 ms.
2026-04-24 13:37:48 INFO  org.testng.internal.Utils - [Utils] MethodGroupsHelper.collectMethodsByGroup() took 0 ms.
2026-04-24 13:37:48 INFO  org.testng.internal.Utils - [Utils] MethodGroupsHelper.sortMethods() took 1 ms.
2026-04-24 13:37:48 INFO  org.testng.internal.Utils - [Utils] MethodGroupsHelper.collectMethodsByGroup() took 0 ms.
2026-04-24 13:37:48 INFO  org.testng.internal.Utils - [Utils] MethodGroupsHelper.sortMethods() took 0 ms.
2026-04-24 13:37:48 INFO  org.testng.internal.Utils - [Utils] MethodGroupsHelper.collectMethodsByGroup() took 0 ms.
2026-04-24 13:37:48 INFO  org.testng.internal.Utils - [Utils] MethodGroupsHelper.sortMethods() took 0 ms.
2026-04-24 13:37:48 INFO  org.testng.internal.Utils - [Utils] MethodGroupsHelper.collectMethodsByGroup() took 6 ms.
2026-04-24 13:37:49 INFO  org.testng.internal.Utils - [Utils] MethodGroupsHelper.sortMethods() took 0 ms.
2026-04-24 13:37:49 INFO  org.testng.internal.Utils - [Utils] MethodGroupsHelper.collectMethodsByGroup() took 0 ms.
2026-04-24 13:37:49 INFO  org.testng.internal.Utils - [Utils] MethodGroupsHelper.sortMethods() took 0 ms.
2026-04-24 13:37:49 INFO  org.testng.internal.Utils - [Utils] MethodGroupsHelper.collectMethodsByGroup() took 0 ms.
2026-04-24 13:37:49 INFO  org.testng.internal.Utils - [Utils] MethodGroupsHelper.sortMethods() took 0 ms.
2026-04-24 13:37:49 INFO  org.testng.internal.Utils - [TestNG] Running:
  C:\Users\Rahul\AppData\Local\Temp\testng-eclipse--1507977167\testng-customsuite.xml

2026-04-24 13:37:49 INFO  org.testng.internal.Utils - [Utils] DynamicGraphHelper.createDynamicGraph() took 2 ms.
2026-04-24 13:37:49 DEBUG org.apache.poi.openxml4j.opc.PackageRelationshipCollection - Parsing relationship: /_rels/.rels
2026-04-24 13:37:49 ERROR org.testng.internal.Utils - [Error] org.apache.poi.ooxml.POIXMLException: org.apache.xmlbeans.XmlException: error: Premature end of file.
	at org.apache.poi.xssf.usermodel.XSSFWorkbook.onDocumentRead(XSSFWorkbook.java:479)
	at org.apache.poi.ooxml.POIXMLDocument.load(POIXMLDocument.java:169)
	at org.apache.poi.xssf.usermodel.XSSFWorkbook.&lt;init&gt;(XSSFWorkbook.java:260)
	at org.apache.poi.xssf.usermodel.XSSFWorkbook.&lt;init&gt;(XSSFWorkbook.java:313)
	at org.apache.poi.xssf.usermodel.XSSFWorkbook.&lt;init&gt;(XSSFWorkbook.java:287)
	at com.utilities.ExcelReader.readExcel(ExcelReader.java:27)
	at com.dataprovider.Pincode.getExcelData(Pincode.java:11)
	at java.base/jdk.internal.reflect.DirectMethodHandleAccessor.invoke(DirectMethodHandleAccessor.java:103)
	at java.base/java.lang.reflect.Method.invoke(Method.java:580)
	at org.testng.internal.invokers.MethodInvocationHelper.invokeMethod(MethodInvocationHelper.java:141)
	at org.testng.internal.invokers.MethodInvocationHelper.invokeMethod(MethodInvocationHelper.java:86)
	at org.testng.internal.invokers.MethodInvocationHelper.invokeMethodNoCheckedException(MethodInvocationHelper.java:54)
	at org.testng.internal.invokers.MethodInvocationHelper.invokeDataProvider(MethodInvocationHelper.java:159)
	at org.testng.internal.Parameters.handleParameters(Parameters.java:809)
	at org.testng.internal.Parameters.handleParameters(Parameters.java:734)
	at org.testng.internal.invokers.ParameterHandler.handleParameters(ParameterHandler.java:72)
	at org.testng.internal.invokers.ParameterHandler.createParameters(ParameterHandler.java:51)
	at org.testng.internal.invokers.TestInvoker$MethodInvocationAgent.invoke(TestInvoker.java:949)
	at org.testng.internal.invokers.TestInvoker.invokeTestMethods(TestInvoker.java:203)
	at org.testng.internal.invokers.TestMethodWorker.invokeTestMethods(TestMethodWorker.java:154)
	at org.testng.internal.invokers.TestMethodWorker.run(TestMethodWorker.java:134)
	at java.base/java.util.ArrayList.forEach(ArrayList.java:1596)
	at org.testng.TestRunner.privateRun(TestRunner.java:741)
	at org.testng.TestRunner.run(TestRunner.java:616)
	at org.testng.SuiteRunner.runTest(SuiteRunner.java:421)
	at org.testng.SuiteRunner.runSequentially(SuiteRunner.java:413)
	at org.testng.SuiteRunner.privateRun(SuiteRunner.java:373)
	at org.testng.SuiteRunner.run(SuiteRunner.java:312)
	at org.testng.SuiteRunnerWorker.runSuite(SuiteRunnerWorker.java:52)
	at org.testng.SuiteRunnerWorker.run(SuiteRunnerWorker.java:95)
	at org.testng.TestNG.runSuitesSequentially(TestNG.java:1274)
	at org.testng.TestNG.runSuitesLocally(TestNG.java:1208)
	at org.testng.TestNG.runSuites(TestNG.java:1112)
	at org.testng.TestNG.run(TestNG.java:1079)
	at org.testng.remote.AbstractRemoteTestNG.run(AbstractRemoteTestNG.java:115)
	at org.testng.remote.RemoteTestNG.initAndRun(RemoteTestNG.java:293)
	at org.testng.remote.RemoteTestNG.main(RemoteTestNG.java:91)
Caused by: org.apache.xmlbeans.XmlException: error: Premature end of file.
	at org.apache.xmlbeans.impl.store.Locale$SaxLoader.load(Locale.java:2563)
	at org.apache.xmlbeans.impl.store.Locale.lambda$parseToXmlObject$3(Locale.java:718)
	at org.apache.xmlbeans.impl.store.Locale.syncWrap(Locale.java:491)
	at org.apache.xmlbeans.impl.store.Locale.parseToXmlObject(Locale.java:717)
	at org.apache.xmlbeans.impl.schema.SchemaTypeLoaderBase.parse(SchemaTypeLoaderBase.java:234)
	at org.apache.xmlbeans.impl.schema.AbstractDocumentFactory.parse(AbstractDocumentFactory.java:71)
	at org.apache.poi.xssf.usermodel.XSSFWorkbook.onDocumentRead(XSSFWorkbook.java:395)
	... 36 more
Caused by: org.xml.sax.SAXParseException; systemId: file://; lineNumber: 1; columnNumber: 1; Premature end of file.
	at java.xml/com.sun.org.apache.xerces.internal.util.ErrorHandlerWrapper.createSAXParseException(ErrorHandlerWrapper.java:204)
	at java.xml/com.sun.org.apache.xerces.internal.util.ErrorHandlerWrapper.fatalError(ErrorHandlerWrapper.java:178)
	at java.xml/com.sun.org.apache.xerces.internal.impl.XMLErrorReporter.reportError(XMLErrorReporter.java:400)
	at java.xml/com.sun.org.apache.xerces.internal.impl.XMLErrorReporter.reportError(XMLErrorReporter.java:327)
	at java.xml/com.sun.org.apache.xerces.internal.impl.XMLScanner.reportFatalError(XMLScanner.java:1465)
	at java.xml/com.sun.org.apache.xerces.internal.impl.XMLDocumentScannerImpl$PrologDriver.next(XMLDocumentScannerImpl.java:1013)
	at java.xml/com.sun.org.apache.xerces.internal.impl.XMLDocumentScannerImpl.next(XMLDocumentScannerImpl.java:605)
	at java.xml/com.sun.org.apache.xerces.internal.impl.XMLNSDocumentScannerImpl.next(XMLNSDocumentScannerImpl.java:114)
	at java.xml/com.sun.org.apache.xerces.internal.impl.XMLDocumentFragmentScannerImpl.scanDocument(XMLDocumentFragmentScannerImpl.java:542)
	at java.xml/com.sun.org.apache.xerces.internal.parsers.XML11Configuration.parse(XML11Configuration.java:889)
	at java.xml/com.sun.org.apache.xerces.internal.parsers.XML11Configuration.parse(XML11Configuration.java:825)
	at java.xml/com.sun.org.apache.xerces.internal.parsers.XMLParser.parse(XMLParser.java:141)
	at java.xml/com.sun.org.apache.xerces.internal.parsers.AbstractSAXParser.parse(AbstractSAXParser.java:1224)
	at java.xml/com.sun.org.apache.xerces.internal.jaxp.SAXParserImpl$JAXPSAXParser.parse(SAXParserImpl.java:637)
	at org.apache.xmlbeans.impl.store.Locale$SaxLoader.load(Locale.java:2542)
	... 42 more

2026-04-24 13:37:49 INFO  org.testng.internal.Utils - [TestNG] Time taken by org.testng.reporters.jq.Main@7ea899a9: 45 ms
2026-04-24 13:37:49 INFO  org.testng.internal.Utils - [TestNG] Time taken by org.testng.reporters.FailedReporter@77e7246b: 12 ms
2026-04-24 13:37:49 INFO  org.testng.internal.Utils - [TestNG] Time taken by org.testng.reporters.XMLReporter@719d35e8: 5 ms
2026-04-24 13:37:49 INFO  org.testng.internal.Utils - [TestNG] Time taken by org.testng.reporters.EmailableReporter2@51a8313b: 5 ms
2026-04-24 13:37:49 INFO  org.testng.internal.Utils - [TestNG] Time taken by org.testng.reporters.JUnitReportReporter@50d951e7: 5 ms
2026-04-24 13:37:49 INFO  org.testng.internal.Utils - [TestNG] Time taken by org.testng.internal.ExitCodeListener@39ad12b6: 0 ms
2026-04-24 13:45:52 DEBUG org.testng.TestNG - suiteXmlPath: "C:\Users\Rahul\AppData\Local\Temp\testng-eclipse-1132074552\testng-customsuite.xml"
2026-04-24 13:45:53 INFO  org.testng.internal.Utils - [Utils] MethodGroupsHelper.collectMethodsByGroup() took 1 ms.
2026-04-24 13:45:53 INFO  org.testng.internal.Utils - [Utils] MethodGroupsHelper.sortMethods() took 1 ms.
2026-04-24 13:45:53 INFO  org.testng.internal.Utils - [Utils] MethodGroupsHelper.collectMethodsByGroup() took 0 ms.
2026-04-24 13:45:53 INFO  org.testng.internal.Utils - [Utils] MethodGroupsHelper.sortMethods() took 0 ms.
2026-04-24 13:45:53 INFO  org.testng.internal.Utils - [Utils] MethodGroupsHelper.collectMethodsByGroup() took 0 ms.
2026-04-24 13:45:53 INFO  org.testng.internal.Utils - [Utils] MethodGroupsHelper.sortMethods() took 0 ms.
2026-04-24 13:45:53 INFO  org.testng.internal.Utils - [Utils] MethodGroupsHelper.collectMethodsByGroup() took 0 ms.
2026-04-24 13:45:53 INFO  org.testng.internal.Utils - [Utils] MethodGroupsHelper.sortMethods() took 0 ms.
2026-04-24 13:45:53 INFO  org.testng.internal.Utils - [Utils] MethodGroupsHelper.collectMethodsByGroup() took 0 ms.
2026-04-24 13:45:53 INFO  org.testng.internal.Utils - [Utils] MethodGroupsHelper.sortMethods() took 0 ms.
2026-04-24 13:45:53 INFO  org.testng.internal.Utils - [Utils] MethodGroupsHelper.collectMethodsByGroup() took 0 ms.
2026-04-24 13:45:53 INFO  org.testng.internal.Utils - [Utils] MethodGroupsHelper.sortMethods() took 0 ms.
2026-04-24 13:45:53 INFO  org.testng.internal.Utils - [Utils] MethodGroupsHelper.collectMethodsByGroup() took 0 ms.
2026-04-24 13:45:53 INFO  org.testng.internal.Utils - [Utils] MethodGroupsHelper.sortMethods() took 0 ms.
2026-04-24 13:45:53 INFO  org.testng.internal.Utils - [Utils] MethodGroupsHelper.collectMethodsByGroup() took 0 ms.
2026-04-24 13:45:53 INFO  org.testng.internal.Utils - [Utils] MethodGroupsHelper.sortMethods() took 0 ms.
2026-04-24 13:45:53 INFO  org.testng.internal.Utils - [Utils] MethodGroupsHelper.collectMethodsByGroup() took 8 ms.
2026-04-24 13:45:53 INFO  org.testng.internal.Utils - [Utils] MethodGroupsHelper.sortMethods() took 12 ms.
2026-04-24 13:45:53 INFO  org.testng.internal.Utils - [Utils] MethodGroupsHelper.collectMethodsByGroup() took 1 ms.
2026-04-24 13:45:53 INFO  org.testng.internal.Utils - [Utils] MethodGroupsHelper.sortMethods() took 0 ms.
2026-04-24 13:45:53 INFO  org.testng.internal.Utils - [Utils] MethodGroupsHelper.collectMethodsByGroup() took 0 ms.
2026-04-24 13:45:53 INFO  org.testng.internal.Utils - [Utils] MethodGroupsHelper.sortMethods() took 0 ms.
2026-04-24 13:45:53 INFO  org.testng.internal.Utils - [Utils] MethodGroupsHelper.collectMethodsByGroup() took 0 ms.
2026-04-24 13:45:53 INFO  org.testng.internal.Utils - [Utils] MethodGroupsHelper.sortMethods() took 0 ms.
2026-04-24 13:45:53 INFO  org.testng.internal.Utils - [Utils] MethodGroupsHelper.collectMethodsByGroup() took 9 ms.
2026-04-24 13:45:53 INFO  org.testng.internal.Utils - [Utils] MethodGroupsHelper.sortMethods() took 0 ms.
2026-04-24 13:45:53 INFO  org.testng.internal.Utils - [Utils] MethodGroupsHelper.collectMethodsByGroup() took 0 ms.
2026-04-24 13:45:53 INFO  org.testng.internal.Utils - [Utils] MethodGroupsHelper.sortMethods() took 0 ms.
2026-04-24 13:45:53 INFO  org.testng.internal.Utils - [Utils] MethodGroupsHelper.collectMethodsByGroup() took 0 ms.
2026-04-24 13:45:53 INFO  org.testng.internal.Utils - [Utils] MethodGroupsHelper.sortMethods() took 0 ms.
2026-04-24 13:45:53 INFO  org.testng.internal.Utils - [TestNG] Running:
  C:\Users\Rahul\AppData\Local\Temp\testng-eclipse-1132074552\testng-customsuite.xml

2026-04-24 13:45:53 INFO  org.testng.internal.Utils - [Utils] DynamicGraphHelper.createDynamicGraph() took 3 ms.
2026-04-24 13:45:53 DEBUG org.apache.poi.openxml4j.opc.PackageRelationshipCollection - Parsing relationship: /_rels/.rels
2026-04-24 13:45:53 ERROR org.testng.internal.Utils - [Error] org.apache.poi.ooxml.POIXMLException: org.apache.xmlbeans.XmlException: error: Premature end of file.
	at org.apache.poi.xssf.usermodel.XSSFWorkbook.onDocumentRead(XSSFWorkbook.java:479)
	at org.apache.poi.ooxml.POIXMLDocument.load(POIXMLDocument.java:169)
	at org.apache.poi.xssf.usermodel.XSSFWorkbook.&lt;init&gt;(XSSFWorkbook.java:260)
	at org.apache.poi.xssf.usermodel.XSSFWorkbook.&lt;init&gt;(XSSFWorkbook.java:313)
	at org.apache.poi.xssf.usermodel.XSSFWorkbook.&lt;init&gt;(XSSFWorkbook.java:287)
	at com.utilities.ExcelReader.readExcel(ExcelReader.java:26)
	at com.dataprovider.Pincode.getExcelData(Pincode.java:11)
	at java.base/jdk.internal.reflect.DirectMethodHandleAccessor.invoke(DirectMethodHandleAccessor.java:103)
	at java.base/java.lang.reflect.Method.invoke(Method.java:580)
	at org.testng.internal.invokers.MethodInvocationHelper.invokeMethod(MethodInvocationHelper.java:141)
	at org.testng.internal.invokers.MethodInvocationHelper.invokeMethod(MethodInvocationHelper.java:86)
	at org.testng.internal.invokers.MethodInvocationHelper.invokeMethodNoCheckedException(MethodInvocationHelper.java:54)
	at org.testng.internal.invokers.MethodInvocationHelper.invokeDataProvider(MethodInvocationHelper.java:159)
	at org.testng.internal.Parameters.handleParameters(Parameters.java:809)
	at org.testng.internal.Parameters.handleParameters(Parameters.java:734)
	at org.testng.internal.invokers.ParameterHandler.handleParameters(ParameterHandler.java:72)
	at org.testng.internal.invokers.ParameterHandler.createParameters(ParameterHandler.java:51)
	at org.testng.internal.invokers.TestInvoker$MethodInvocationAgent.invoke(TestInvoker.java:949)
	at org.testng.internal.invokers.TestInvoker.invokeTestMethods(TestInvoker.java:203)
	at org.testng.internal.invokers.TestMethodWorker.invokeTestMethods(TestMethodWorker.java:154)
	at org.testng.internal.invokers.TestMethodWorker.run(TestMethodWorker.java:134)
	at java.base/java.util.ArrayList.forEach(ArrayList.java:1596)
	at org.testng.TestRunner.privateRun(TestRunner.java:741)
	at org.testng.TestRunner.run(TestRunner.java:616)
	at org.testng.SuiteRunner.runTest(SuiteRunner.java:421)
	at org.testng.SuiteRunner.runSequentially(SuiteRunner.java:413)
	at org.testng.SuiteRunner.privateRun(SuiteRunner.java:373)
	at org.testng.SuiteRunner.run(SuiteRunner.java:312)
	at org.testng.SuiteRunnerWorker.runSuite(SuiteRunnerWorker.java:52)
	at org.testng.SuiteRunnerWorker.run(SuiteRunnerWorker.java:95)
	at org.testng.TestNG.runSuitesSequentially(TestNG.java:1274)
	at org.testng.TestNG.runSuitesLocally(TestNG.java:1208)
	at org.testng.TestNG.runSuites(TestNG.java:1112)
	at org.testng.TestNG.run(TestNG.java:1079)
	at org.testng.remote.AbstractRemoteTestNG.run(AbstractRemoteTestNG.java:115)
	at org.testng.remote.RemoteTestNG.initAndRun(RemoteTestNG.java:293)
	at org.testng.remote.RemoteTestNG.main(RemoteTestNG.java:91)
Caused by: org.apache.xmlbeans.XmlException: error: Premature end of file.
	at org.apache.xmlbeans.impl.store.Locale$SaxLoader.load(Locale.java:2563)
	at org.apache.xmlbeans.impl.store.Locale.lambda$parseToXmlObject$3(Locale.java:718)
	at org.apache.xmlbeans.impl.store.Locale.syncWrap(Locale.java:491)
	at org.apache.xmlbeans.impl.store.Locale.parseToXmlObject(Locale.java:717)
	at org.apache.xmlbeans.impl.schema.SchemaTypeLoaderBase.parse(SchemaTypeLoaderBase.java:234)
	at org.apache.xmlbeans.impl.schema.AbstractDocumentFactory.parse(AbstractDocumentFactory.java:71)
	at org.apache.poi.xssf.usermodel.XSSFWorkbook.onDocumentRead(XSSFWorkbook.java:395)
	... 36 more
Caused by: org.xml.sax.SAXParseException; systemId: file://; lineNumber: 1; columnNumber: 1; Premature end of file.
	at java.xml/com.sun.org.apache.xerces.internal.util.ErrorHandlerWrapper.createSAXParseException(ErrorHandlerWrapper.java:204)
	at java.xml/com.sun.org.apache.xerces.internal.util.ErrorHandlerWrapper.fatalError(ErrorHandlerWrapper.java:178)
	at java.xml/com.sun.org.apache.xerces.internal.impl.XMLErrorReporter.reportError(XMLErrorReporter.java:400)
	at java.xml/com.sun.org.apache.xerces.internal.impl.XMLErrorReporter.reportError(XMLErrorReporter.java:327)
	at java.xml/com.sun.org.apache.xerces.internal.impl.XMLScanner.reportFatalError(XMLScanner.java:1465)
	at java.xml/com.sun.org.apache.xerces.internal.impl.XMLDocumentScannerImpl$PrologDriver.next(XMLDocumentScannerImpl.java:1013)
	at java.xml/com.sun.org.apache.xerces.internal.impl.XMLDocumentScannerImpl.next(XMLDocumentScannerImpl.java:605)
	at java.xml/com.sun.org.apache.xerces.internal.impl.XMLNSDocumentScannerImpl.next(XMLNSDocumentScannerImpl.java:114)
	at java.xml/com.sun.org.apache.xerces.internal.impl.XMLDocumentFragmentScannerImpl.scanDocument(XMLDocumentFragmentScannerImpl.java:542)
	at java.xml/com.sun.org.apache.xerces.internal.parsers.XML11Configuration.parse(XML11Configuration.java:889)
	at java.xml/com.sun.org.apache.xerces.internal.parsers.XML11Configuration.parse(XML11Configuration.java:825)
	at java.xml/com.sun.org.apache.xerces.internal.parsers.XMLParser.parse(XMLParser.java:141)
	at java.xml/com.sun.org.apache.xerces.internal.parsers.AbstractSAXParser.parse(AbstractSAXParser.java:1224)
	at java.xml/com.sun.org.apache.xerces.internal.jaxp.SAXParserImpl$JAXPSAXParser.parse(SAXParserImpl.java:637)
	at org.apache.xmlbeans.impl.store.Locale$SaxLoader.load(Locale.java:2542)
	... 42 more

2026-04-24 13:45:53 INFO  org.testng.internal.Utils - [TestNG] Time taken by org.testng.reporters.jq.Main@7ea899a9: 39 ms
2026-04-24 13:45:53 INFO  org.testng.internal.Utils - [TestNG] Time taken by org.testng.reporters.FailedReporter@77e7246b: 11 ms
2026-04-24 13:45:53 INFO  org.testng.internal.Utils - [TestNG] Time taken by org.testng.reporters.XMLReporter@719d35e8: 6 ms
2026-04-24 13:45:53 INFO  org.testng.internal.Utils - [TestNG] Time taken by org.testng.reporters.EmailableReporter2@51a8313b: 4 ms
2026-04-24 13:45:53 INFO  org.testng.internal.Utils - [TestNG] Time taken by org.testng.reporters.JUnitReportReporter@50d951e7: 5 ms
2026-04-24 13:45:53 INFO  org.testng.internal.Utils - [TestNG] Time taken by org.testng.internal.ExitCodeListener@39ad12b6: 0 ms
2026-04-24 13:47:36 DEBUG org.testng.TestNG - suiteXmlPath: "C:\Users\Rahul\AppData\Local\Temp\testng-eclipse-1446531540\testng-customsuite.xml"
2026-04-24 13:47:36 INFO  org.testng.internal.Utils - [Utils] MethodGroupsHelper.collectMethodsByGroup() took 0 ms.
2026-04-24 13:47:36 INFO  org.testng.internal.Utils - [Utils] MethodGroupsHelper.sortMethods() took 1 ms.
2026-04-24 13:47:36 INFO  org.testng.internal.Utils - [Utils] MethodGroupsHelper.collectMethodsByGroup() took 0 ms.
2026-04-24 13:47:36 INFO  org.testng.internal.Utils - [Utils] MethodGroupsHelper.sortMethods() took 0 ms.
2026-04-24 13:47:36 INFO  org.testng.internal.Utils - [Utils] MethodGroupsHelper.collectMethodsByGroup() took 0 ms.
2026-04-24 13:47:36 INFO  org.testng.internal.Utils - [Utils] MethodGroupsHelper.sortMethods() took 0 ms.
2026-04-24 13:47:36 INFO  org.testng.internal.Utils - [Utils] MethodGroupsHelper.collectMethodsByGroup() took 0 ms.
2026-04-24 13:47:36 INFO  org.testng.internal.Utils - [Utils] MethodGroupsHelper.sortMethods() took 0 ms.
2026-04-24 13:47:36 INFO  org.testng.internal.Utils - [Utils] MethodGroupsHelper.collectMethodsByGroup() took 0 ms.
2026-04-24 13:47:36 INFO  org.testng.internal.Utils - [Utils] MethodGroupsHelper.sortMethods() took 0 ms.
2026-04-24 13:47:36 INFO  org.testng.internal.Utils - [Utils] MethodGroupsHelper.collectMethodsByGroup() took 0 ms.
2026-04-24 13:47:36 INFO  org.testng.internal.Utils - [Utils] MethodGroupsHelper.sortMethods() took 0 ms.
2026-04-24 13:47:36 INFO  org.testng.internal.Utils - [Utils] MethodGroupsHelper.collectMethodsByGroup() took 0 ms.
2026-04-24 13:47:36 INFO  org.testng.internal.Utils - [Utils] MethodGroupsHelper.sortMethods() took 0 ms.
2026-04-24 13:47:36 INFO  org.testng.internal.Utils - [Utils] MethodGroupsHelper.collectMethodsByGroup() took 0 ms.
2026-04-24 13:47:36 INFO  org.testng.internal.Utils - [Utils] MethodGroupsHelper.sortMethods() took 0 ms.
2026-04-24 13:47:36 INFO  org.testng.internal.Utils - [Utils] MethodGroupsHelper.collectMethodsByGroup() took 4 ms.
2026-04-24 13:47:36 INFO  org.testng.internal.Utils - [Utils] MethodGroupsHelper.sortMethods() took 9 ms.
2026-04-24 13:47:36 INFO  org.testng.internal.Utils - [Utils] MethodGroupsHelper.collectMethodsByGroup() took 0 ms.
2026-04-24 13:47:36 INFO  org.testng.internal.Utils - [Utils] MethodGroupsHelper.sortMethods() took 0 ms.
2026-04-24 13:47:36 INFO  org.testng.internal.Utils - [Utils] MethodGroupsHelper.collectMethodsByGroup() took 0 ms.
2026-04-24 13:47:36 INFO  org.testng.internal.Utils - [Utils] MethodGroupsHelper.sortMethods() took 0 ms.
2026-04-24 13:47:36 INFO  org.testng.internal.Utils - [Utils] MethodGroupsHelper.collectMethodsByGroup() took 0 ms.
2026-04-24 13:47:36 INFO  org.testng.internal.Utils - [Utils] MethodGroupsHelper.sortMethods() took 0 ms.
2026-04-24 13:47:36 INFO  org.testng.internal.Utils - [Utils] MethodGroupsHelper.collectMethodsByGroup() took 5 ms.
2026-04-24 13:47:36 INFO  org.testng.internal.Utils - [Utils] MethodGroupsHelper.sortMethods() took 0 ms.
2026-04-24 13:47:36 INFO  org.testng.internal.Utils - [Utils] MethodGroupsHelper.collectMethodsByGroup() took 0 ms.
2026-04-24 13:47:36 INFO  org.testng.internal.Utils - [Utils] MethodGroupsHelper.sortMethods() took 0 ms.
2026-04-24 13:47:36 INFO  org.testng.internal.Utils - [Utils] MethodGroupsHelper.collectMethodsByGroup() took 0 ms.
2026-04-24 13:47:36 INFO  org.testng.internal.Utils - [Utils] MethodGroupsHelper.sortMethods() took 0 ms.
2026-04-24 13:47:36 INFO  org.testng.internal.Utils - [TestNG] Running:
  C:\Users\Rahul\AppData\Local\Temp\testng-eclipse-1446531540\testng-customsuite.xml

2026-04-24 13:47:36 INFO  org.testng.internal.Utils - [Utils] DynamicGraphHelper.createDynamicGraph() took 4 ms.
2026-04-24 13:47:36 DEBUG org.apache.poi.openxml4j.opc.PackageRelationshipCollection - Parsing relationship: /_rels/.rels
2026-04-24 13:47:36 ERROR org.testng.internal.Utils - [Error] org.apache.poi.ooxml.POIXMLException: org.apache.xmlbeans.XmlException: error: Premature end of file.
	at org.apache.poi.xssf.usermodel.XSSFWorkbook.onDocumentRead(XSSFWorkbook.java:479)
	at org.apache.poi.ooxml.POIXMLDocument.load(POIXMLDocument.java:169)
	at org.apache.poi.xssf.usermodel.XSSFWorkbook.&lt;init&gt;(XSSFWorkbook.java:260)
	at org.apache.poi.xssf.usermodel.XSSFWorkbook.&lt;init&gt;(XSSFWorkbook.java:313)
	at org.apache.poi.xssf.usermodel.XSSFWorkbook.&lt;init&gt;(XSSFWorkbook.java:287)
	at com.utilities.ExcelReader.readExcel(ExcelReader.java:26)
	at com.dataprovider.Pincode.getExcelData(Pincode.java:11)
	at java.base/jdk.internal.reflect.DirectMethodHandleAccessor.invoke(DirectMethodHandleAccessor.java:103)
	at java.base/java.lang.reflect.Method.invoke(Method.java:580)
	at org.testng.internal.invokers.MethodInvocationHelper.invokeMethod(MethodInvocationHelper.java:141)
	at org.testng.internal.invokers.MethodInvocationHelper.invokeMethod(MethodInvocationHelper.java:86)
	at org.testng.internal.invokers.MethodInvocationHelper.invokeMethodNoCheckedException(MethodInvocationHelper.java:54)
	at org.testng.internal.invokers.MethodInvocationHelper.invokeDataProvider(MethodInvocationHelper.java:159)
	at org.testng.internal.Parameters.handleParameters(Parameters.java:809)
	at org.testng.internal.Parameters.handleParameters(Parameters.java:734)
	at org.testng.internal.invokers.ParameterHandler.handleParameters(ParameterHandler.java:72)
	at org.testng.internal.invokers.ParameterHandler.createParameters(ParameterHandler.java:51)
	at org.testng.internal.invokers.TestInvoker$MethodInvocationAgent.invoke(TestInvoker.java:949)
	at org.testng.internal.invokers.TestInvoker.invokeTestMethods(TestInvoker.java:203)
	at org.testng.internal.invokers.TestMethodWorker.invokeTestMethods(TestMethodWorker.java:154)
	at org.testng.internal.invokers.TestMethodWorker.run(TestMethodWorker.java:134)
	at java.base/java.util.ArrayList.forEach(ArrayList.java:1596)
	at org.testng.TestRunner.privateRun(TestRunner.java:741)
	at org.testng.TestRunner.run(TestRunner.java:616)
	at org.testng.SuiteRunner.runTest(SuiteRunner.java:421)
	at org.testng.SuiteRunner.runSequentially(SuiteRunner.java:413)
	at org.testng.SuiteRunner.privateRun(SuiteRunner.java:373)
	at org.testng.SuiteRunner.run(SuiteRunner.java:312)
	at org.testng.SuiteRunnerWorker.runSuite(SuiteRunnerWorker.java:52)
	at org.testng.SuiteRunnerWorker.run(SuiteRunnerWorker.java:95)
	at org.testng.TestNG.runSuitesSequentially(TestNG.java:1274)
	at org.testng.TestNG.runSuitesLocally(TestNG.java:1208)
	at org.testng.TestNG.runSuites(TestNG.java:1112)
	at org.testng.TestNG.run(TestNG.java:1079)
	at org.testng.remote.AbstractRemoteTestNG.run(AbstractRemoteTestNG.java:115)
	at org.testng.remote.RemoteTestNG.initAndRun(RemoteTestNG.java:293)
	at org.testng.remote.RemoteTestNG.main(RemoteTestNG.java:91)
Caused by: org.apache.xmlbeans.XmlException: error: Premature end of file.
	at org.apache.xmlbeans.impl.store.Locale$SaxLoader.load(Locale.java:2563)
	at org.apache.xmlbeans.impl.store.Locale.lambda$parseToXmlObject$3(Locale.java:718)
	at org.apache.xmlbeans.impl.store.Locale.syncWrap(Locale.java:491)
	at org.apache.xmlbeans.impl.store.Locale.parseToXmlObject(Locale.java:717)
	at org.apache.xmlbeans.impl.schema.SchemaTypeLoaderBase.parse(SchemaTypeLoaderBase.java:234)
	at org.apache.xmlbeans.impl.schema.AbstractDocumentFactory.parse(AbstractDocumentFactory.java:71)
	at org.apache.poi.xssf.usermodel.XSSFWorkbook.onDocumentRead(XSSFWorkbook.java:395)
	... 36 more
Caused by: org.xml.sax.SAXParseException; systemId: file://; lineNumber: 1; columnNumber: 1; Premature end of file.
	at java.xml/com.sun.org.apache.xerces.internal.util.ErrorHandlerWrapper.createSAXParseException(ErrorHandlerWrapper.java:204)
	at java.xml/com.sun.org.apache.xerces.internal.util.ErrorHandlerWrapper.fatalError(ErrorHandlerWrapper.java:178)
	at java.xml/com.sun.org.apache.xerces.internal.impl.XMLErrorReporter.reportError(XMLErrorReporter.java:400)
	at java.xml/com.sun.org.apache.xerces.internal.impl.XMLErrorReporter.reportError(XMLErrorReporter.java:327)
	at java.xml/com.sun.org.apache.xerces.internal.impl.XMLScanner.reportFatalError(XMLScanner.java:1465)
	at java.xml/com.sun.org.apache.xerces.internal.impl.XMLDocumentScannerImpl$PrologDriver.next(XMLDocumentScannerImpl.java:1013)
	at java.xml/com.sun.org.apache.xerces.internal.impl.XMLDocumentScannerImpl.next(XMLDocumentScannerImpl.java:605)
	at java.xml/com.sun.org.apache.xerces.internal.impl.XMLNSDocumentScannerImpl.next(XMLNSDocumentScannerImpl.java:114)
	at java.xml/com.sun.org.apache.xerces.internal.impl.XMLDocumentFragmentScannerImpl.scanDocument(XMLDocumentFragmentScannerImpl.java:542)
	at java.xml/com.sun.org.apache.xerces.internal.parsers.XML11Configuration.parse(XML11Configuration.java:889)
	at java.xml/com.sun.org.apache.xerces.internal.parsers.XML11Configuration.parse(XML11Configuration.java:825)
	at java.xml/com.sun.org.apache.xerces.internal.parsers.XMLParser.parse(XMLParser.java:141)
	at java.xml/com.sun.org.apache.xerces.internal.parsers.AbstractSAXParser.parse(AbstractSAXParser.java:1224)
	at java.xml/com.sun.org.apache.xerces.internal.jaxp.SAXParserImpl$JAXPSAXParser.parse(SAXParserImpl.java:637)
	at org.apache.xmlbeans.impl.store.Locale$SaxLoader.load(Locale.java:2542)
	... 42 more

2026-04-24 13:47:37 INFO  org.testng.internal.Utils - [TestNG] Time taken by org.testng.reporters.jq.Main@7ea899a9: 42 ms
2026-04-24 13:47:37 INFO  org.testng.internal.Utils - [TestNG] Time taken by org.testng.reporters.FailedReporter@77e7246b: 10 ms
2026-04-24 13:47:37 INFO  org.testng.internal.Utils - [TestNG] Time taken by org.testng.reporters.XMLReporter@719d35e8: 6 ms
2026-04-24 13:47:37 INFO  org.testng.internal.Utils - [TestNG] Time taken by org.testng.reporters.EmailableReporter2@51a8313b: 4 ms
2026-04-24 13:47:37 INFO  org.testng.internal.Utils - [TestNG] Time taken by org.testng.reporters.JUnitReportReporter@50d951e7: 4 ms
2026-04-24 13:47:37 INFO  org.testng.internal.Utils - [TestNG] Time taken by org.testng.internal.ExitCodeListener@39ad12b6: 0 ms
2026-04-24 13:51:37 DEBUG org.testng.TestNG - suiteXmlPath: "C:\Users\Rahul\AppData\Local\Temp\testng-eclipse-423421273\testng-customsuite.xml"
2026-04-24 13:51:37 INFO  org.testng.internal.Utils - [Utils] MethodGroupsHelper.collectMethodsByGroup() took 0 ms.
2026-04-24 13:51:37 INFO  org.testng.internal.Utils - [Utils] MethodGroupsHelper.sortMethods() took 1 ms.
2026-04-24 13:51:37 INFO  org.testng.internal.Utils - [Utils] MethodGroupsHelper.collectMethodsByGroup() took 0 ms.
2026-04-24 13:51:37 INFO  org.testng.internal.Utils - [Utils] MethodGroupsHelper.sortMethods() took 0 ms.
2026-04-24 13:51:37 INFO  org.testng.internal.Utils - [Utils] MethodGroupsHelper.collectMethodsByGroup() took 0 ms.
2026-04-24 13:51:37 INFO  org.testng.internal.Utils - [Utils] MethodGroupsHelper.sortMethods() took 0 ms.
2026-04-24 13:51:37 INFO  org.testng.internal.Utils - [Utils] MethodGroupsHelper.collectMethodsByGroup() took 0 ms.
2026-04-24 13:51:37 INFO  org.testng.internal.Utils - [Utils] MethodGroupsHelper.sortMethods() took 0 ms.
2026-04-24 13:51:37 INFO  org.testng.internal.Utils - [Utils] MethodGroupsHelper.collectMethodsByGroup() took 0 ms.
2026-04-24 13:51:37 INFO  org.testng.internal.Utils - [Utils] MethodGroupsHelper.sortMethods() took 0 ms.
2026-04-24 13:51:37 INFO  org.testng.internal.Utils - [Utils] MethodGroupsHelper.collectMethodsByGroup() took 0 ms.
2026-04-24 13:51:37 INFO  org.testng.internal.Utils - [Utils] MethodGroupsHelper.sortMethods() took 0 ms.
2026-04-24 13:51:37 INFO  org.testng.internal.Utils - [Utils] MethodGroupsHelper.collectMethodsByGroup() took 0 ms.
2026-04-24 13:51:37 INFO  org.testng.internal.Utils - [Utils] MethodGroupsHelper.sortMethods() took 0 ms.
2026-04-24 13:51:37 INFO  org.testng.internal.Utils - [Utils] MethodGroupsHelper.collectMethodsByGroup() took 0 ms.
2026-04-24 13:51:37 INFO  org.testng.internal.Utils - [Utils] MethodGroupsHelper.sortMethods() took 0 ms.
2026-04-24 13:51:37 INFO  org.testng.internal.Utils - [Utils] MethodGroupsHelper.collectMethodsByGroup() took 7 ms.
2026-04-24 13:51:37 INFO  org.testng.internal.Utils - [Utils] MethodGroupsHelper.sortMethods() took 14 ms.
2026-04-24 13:51:37 INFO  org.testng.internal.Utils - [Utils] MethodGroupsHelper.collectMethodsByGroup() took 0 ms.
2026-04-24 13:51:37 INFO  org.testng.internal.Utils - [Utils] MethodGroupsHelper.sortMethods() took 1 ms.
2026-04-24 13:51:37 INFO  org.testng.internal.Utils - [Utils] MethodGroupsHelper.collectMethodsByGroup() took 0 ms.
2026-04-24 13:51:37 INFO  org.testng.internal.Utils - [Utils] MethodGroupsHelper.sortMethods() took 0 ms.
2026-04-24 13:51:37 INFO  org.testng.internal.Utils - [Utils] MethodGroupsHelper.collectMethodsByGroup() took 0 ms.
2026-04-24 13:51:37 INFO  org.testng.internal.Utils - [Utils] MethodGroupsHelper.sortMethods() took 0 ms.
2026-04-24 13:51:37 INFO  org.testng.internal.Utils - [Utils] MethodGroupsHelper.collectMethodsByGroup() took 6 ms.
2026-04-24 13:51:37 INFO  org.testng.internal.Utils - [Utils] MethodGroupsHelper.sortMethods() took 0 ms.
2026-04-24 13:51:37 INFO  org.testng.internal.Utils - [Utils] MethodGroupsHelper.collectMethodsByGroup() took 0 ms.
2026-04-24 13:51:37 INFO  org.testng.internal.Utils - [Utils] MethodGroupsHelper.sortMethods() took 0 ms.
2026-04-24 13:51:37 INFO  org.testng.internal.Utils - [Utils] MethodGroupsHelper.collectMethodsByGroup() took 0 ms.
2026-04-24 13:51:37 INFO  org.testng.internal.Utils - [Utils] MethodGroupsHelper.sortMethods() took 0 ms.
2026-04-24 13:51:37 INFO  org.testng.internal.Utils - [TestNG] Running:
  C:\Users\Rahul\AppData\Local\Temp\testng-eclipse-423421273\testng-customsuite.xml

2026-04-24 13:51:37 INFO  org.testng.internal.Utils - [Utils] DynamicGraphHelper.createDynamicGraph() took 3 ms.
2026-04-24 13:51:37 DEBUG org.apache.poi.openxml4j.opc.PackageRelationshipCollection - Parsing relationship: /_rels/.rels
2026-04-24 13:51:38 ERROR org.testng.internal.Utils - [Error] org.apache.poi.ooxml.POIXMLException: org.apache.xmlbeans.XmlException: error: Premature end of file.
	at org.apache.poi.xssf.usermodel.XSSFWorkbook.onDocumentRead(XSSFWorkbook.java:479)
	at org.apache.poi.ooxml.POIXMLDocument.load(POIXMLDocument.java:169)
	at org.apache.poi.xssf.usermodel.XSSFWorkbook.&lt;init&gt;(XSSFWorkbook.java:260)
	at org.apache.poi.xssf.usermodel.XSSFWorkbook.&lt;init&gt;(XSSFWorkbook.java:313)
	at org.apache.poi.xssf.usermodel.XSSFWorkbook.&lt;init&gt;(XSSFWorkbook.java:287)
	at com.utilities.ExcelReader.readExcel(ExcelReader.java:24)
	at com.dataprovider.Pincode.getExcelData(Pincode.java:11)
	at java.base/jdk.internal.reflect.DirectMethodHandleAccessor.invoke(DirectMethodHandleAccessor.java:103)
	at java.base/java.lang.reflect.Method.invoke(Method.java:580)
	at org.testng.internal.invokers.MethodInvocationHelper.invokeMethod(MethodInvocationHelper.java:141)
	at org.testng.internal.invokers.MethodInvocationHelper.invokeMethod(MethodInvocationHelper.java:86)
	at org.testng.internal.invokers.MethodInvocationHelper.invokeMethodNoCheckedException(MethodInvocationHelper.java:54)
	at org.testng.internal.invokers.MethodInvocationHelper.invokeDataProvider(MethodInvocationHelper.java:159)
	at org.testng.internal.Parameters.handleParameters(Parameters.java:809)
	at org.testng.internal.Parameters.handleParameters(Parameters.java:734)
	at org.testng.internal.invokers.ParameterHandler.handleParameters(ParameterHandler.java:72)
	at org.testng.internal.invokers.ParameterHandler.createParameters(ParameterHandler.java:51)
	at org.testng.internal.invokers.TestInvoker$MethodInvocationAgent.invoke(TestInvoker.java:949)
	at org.testng.internal.invokers.TestInvoker.invokeTestMethods(TestInvoker.java:203)
	at org.testng.internal.invokers.TestMethodWorker.invokeTestMethods(TestMethodWorker.java:154)
	at org.testng.internal.invokers.TestMethodWorker.run(TestMethodWorker.java:134)
	at java.base/java.util.ArrayList.forEach(ArrayList.java:1596)
	at org.testng.TestRunner.privateRun(TestRunner.java:741)
	at org.testng.TestRunner.run(TestRunner.java:616)
	at org.testng.SuiteRunner.runTest(SuiteRunner.java:421)
	at org.testng.SuiteRunner.runSequentially(SuiteRunner.java:413)
	at org.testng.SuiteRunner.privateRun(SuiteRunner.java:373)
	at org.testng.SuiteRunner.run(SuiteRunner.java:312)
	at org.testng.SuiteRunnerWorker.runSuite(SuiteRunnerWorker.java:52)
	at org.testng.SuiteRunnerWorker.run(SuiteRunnerWorker.java:95)
	at org.testng.TestNG.runSuitesSequentially(TestNG.java:1274)
	at org.testng.TestNG.runSuitesLocally(TestNG.java:1208)
	at org.testng.TestNG.runSuites(TestNG.java:1112)
	at org.testng.TestNG.run(TestNG.java:1079)
	at org.testng.remote.AbstractRemoteTestNG.run(AbstractRemoteTestNG.java:115)
	at org.testng.remote.RemoteTestNG.initAndRun(RemoteTestNG.java:293)
	at org.testng.remote.RemoteTestNG.main(RemoteTestNG.java:91)
Caused by: org.apache.xmlbeans.XmlException: error: Premature end of file.
	at org.apache.xmlbeans.impl.store.Locale$SaxLoader.load(Locale.java:2563)
	at org.apache.xmlbeans.impl.store.Locale.lambda$parseToXmlObject$3(Locale.java:718)
	at org.apache.xmlbeans.impl.store.Locale.syncWrap(Locale.java:491)
	at org.apache.xmlbeans.impl.store.Locale.parseToXmlObject(Locale.java:717)
	at org.apache.xmlbeans.impl.schema.SchemaTypeLoaderBase.parse(SchemaTypeLoaderBase.java:234)
	at org.apache.xmlbeans.impl.schema.AbstractDocumentFactory.parse(AbstractDocumentFactory.java:71)
	at org.apache.poi.xssf.usermodel.XSSFWorkbook.onDocumentRead(XSSFWorkbook.java:395)
	... 36 more
Caused by: org.xml.sax.SAXParseException; systemId: file://; lineNumber: 1; columnNumber: 1; Premature end of file.
	at java.xml/com.sun.org.apache.xerces.internal.util.ErrorHandlerWrapper.createSAXParseException(ErrorHandlerWrapper.java:204)
	at java.xml/com.sun.org.apache.xerces.internal.util.ErrorHandlerWrapper.fatalError(ErrorHandlerWrapper.java:178)
	at java.xml/com.sun.org.apache.xerces.internal.impl.XMLErrorReporter.reportError(XMLErrorReporter.java:400)
	at java.xml/com.sun.org.apache.xerces.internal.impl.XMLErrorReporter.reportError(XMLErrorReporter.java:327)
	at java.xml/com.sun.org.apache.xerces.internal.impl.XMLScanner.reportFatalError(XMLScanner.java:1465)
	at java.xml/com.sun.org.apache.xerces.internal.impl.XMLDocumentScannerImpl$PrologDriver.next(XMLDocumentScannerImpl.java:1013)
	at java.xml/com.sun.org.apache.xerces.internal.impl.XMLDocumentScannerImpl.next(XMLDocumentScannerImpl.java:605)
	at java.xml/com.sun.org.apache.xerces.internal.impl.XMLNSDocumentScannerImpl.next(XMLNSDocumentScannerImpl.java:114)
	at java.xml/com.sun.org.apache.xerces.internal.impl.XMLDocumentFragmentScannerImpl.scanDocument(XMLDocumentFragmentScannerImpl.java:542)
	at java.xml/com.sun.org.apache.xerces.internal.parsers.XML11Configuration.parse(XML11Configuration.java:889)
	at java.xml/com.sun.org.apache.xerces.internal.parsers.XML11Configuration.parse(XML11Configuration.java:825)
	at java.xml/com.sun.org.apache.xerces.internal.parsers.XMLParser.parse(XMLParser.java:141)
	at java.xml/com.sun.org.apache.xerces.internal.parsers.AbstractSAXParser.parse(AbstractSAXParser.java:1224)
	at java.xml/com.sun.org.apache.xerces.internal.jaxp.SAXParserImpl$JAXPSAXParser.parse(SAXParserImpl.java:637)
	at org.apache.xmlbeans.impl.store.Locale$SaxLoader.load(Locale.java:2542)
	... 42 more

2026-04-24 13:51:38 INFO  org.testng.internal.Utils - [TestNG] Time taken by org.testng.reporters.jq.Main@7ea899a9: 40 ms
2026-04-24 13:51:38 INFO  org.testng.internal.Utils - [TestNG] Time taken by org.testng.reporters.FailedReporter@77e7246b: 9 ms
2026-04-24 13:51:38 INFO  org.testng.internal.Utils - [TestNG] Time taken by org.testng.reporters.XMLReporter@719d35e8: 6 ms
2026-04-24 13:51:38 INFO  org.testng.internal.Utils - [TestNG] Time taken by org.testng.reporters.EmailableReporter2@51a8313b: 4 ms
2026-04-24 13:51:38 INFO  org.testng.internal.Utils - [TestNG] Time taken by org.testng.reporters.JUnitReportReporter@50d951e7: 4 ms
2026-04-24 13:51:38 INFO  org.testng.internal.Utils - [TestNG] Time taken by org.testng.internal.ExitCodeListener@39ad12b6: 0 ms
2026-04-24 13:54:00 DEBUG org.testng.TestNG - suiteXmlPath: "C:\Users\Rahul\AppData\Local\Temp\testng-eclipse--49973116\testng-customsuite.xml"
2026-04-24 13:54:00 INFO  org.testng.internal.Utils - [Utils] MethodGroupsHelper.collectMethodsByGroup() took 1 ms.
2026-04-24 13:54:00 INFO  org.testng.internal.Utils - [Utils] MethodGroupsHelper.sortMethods() took 1 ms.
2026-04-24 13:54:00 INFO  org.testng.internal.Utils - [Utils] MethodGroupsHelper.collectMethodsByGroup() took 0 ms.
2026-04-24 13:54:00 INFO  org.testng.internal.Utils - [Utils] MethodGroupsHelper.sortMethods() took 0 ms.
2026-04-24 13:54:00 INFO  org.testng.internal.Utils - [Utils] MethodGroupsHelper.collectMethodsByGroup() took 0 ms.
2026-04-24 13:54:00 INFO  org.testng.internal.Utils - [Utils] MethodGroupsHelper.sortMethods() took 0 ms.
2026-04-24 13:54:00 INFO  org.testng.internal.Utils - [Utils] MethodGroupsHelper.collectMethodsByGroup() took 0 ms.
2026-04-24 13:54:00 INFO  org.testng.internal.Utils - [Utils] MethodGroupsHelper.sortMethods() took 0 ms.
2026-04-24 13:54:00 INFO  org.testng.internal.Utils - [Utils] MethodGroupsHelper.collectMethodsByGroup() took 0 ms.
2026-04-24 13:54:00 INFO  org.testng.internal.Utils - [Utils] MethodGroupsHelper.sortMethods() took 0 ms.
2026-04-24 13:54:00 INFO  org.testng.internal.Utils - [Utils] MethodGroupsHelper.collectMethodsByGroup() took 0 ms.
2026-04-24 13:54:00 INFO  org.testng.internal.Utils - [Utils] MethodGroupsHelper.sortMethods() took 0 ms.
2026-04-24 13:54:00 INFO  org.testng.internal.Utils - [Utils] MethodGroupsHelper.collectMethodsByGroup() took 0 ms.
2026-04-24 13:54:00 INFO  org.testng.internal.Utils - [Utils] MethodGroupsHelper.sortMethods() took 0 ms.
2026-04-24 13:54:00 INFO  org.testng.internal.Utils - [Utils] MethodGroupsHelper.collectMethodsByGroup() took 0 ms.
2026-04-24 13:54:00 INFO  org.testng.internal.Utils - [Utils] MethodGroupsHelper.sortMethods() took 0 ms.
2026-04-24 13:54:00 INFO  org.testng.internal.Utils - [Utils] MethodGroupsHelper.collectMethodsByGroup() took 4 ms.
2026-04-24 13:54:00 INFO  org.testng.internal.Utils - [Utils] MethodGroupsHelper.sortMethods() took 13 ms.
2026-04-24 13:54:00 INFO  org.testng.internal.Utils - [Utils] MethodGroupsHelper.collectMethodsByGroup() took 0 ms.
2026-04-24 13:54:00 INFO  org.testng.internal.Utils - [Utils] MethodGroupsHelper.sortMethods() took 0 ms.
2026-04-24 13:54:00 INFO  org.testng.internal.Utils - [Utils] MethodGroupsHelper.collectMethodsByGroup() took 0 ms.
2026-04-24 13:54:00 INFO  org.testng.internal.Utils - [Utils] MethodGroupsHelper.sortMethods() took 0 ms.
2026-04-24 13:54:00 INFO  org.testng.internal.Utils - [Utils] MethodGroupsHelper.collectMethodsByGroup() took 0 ms.
2026-04-24 13:54:00 INFO  org.testng.internal.Utils - [Utils] MethodGroupsHelper.sortMethods() took 0 ms.
2026-04-24 13:54:00 INFO  org.testng.internal.Utils - [Utils] MethodGroupsHelper.collectMethodsByGroup() took 8 ms.
2026-04-24 13:54:00 INFO  org.testng.internal.Utils - [Utils] MethodGroupsHelper.sortMethods() took 0 ms.
2026-04-24 13:54:00 INFO  org.testng.internal.Utils - [Utils] MethodGroupsHelper.collectMethodsByGroup() took 0 ms.
2026-04-24 13:54:00 INFO  org.testng.internal.Utils - [Utils] MethodGroupsHelper.sortMethods() took 0 ms.
2026-04-24 13:54:00 INFO  org.testng.internal.Utils - [Utils] MethodGroupsHelper.collectMethodsByGroup() took 0 ms.
2026-04-24 13:54:00 INFO  org.testng.internal.Utils - [Utils] MethodGroupsHelper.sortMethods() took 0 ms.
2026-04-24 13:54:00 INFO  org.testng.internal.Utils - [TestNG] Running:
  C:\Users\Rahul\AppData\Local\Temp\testng-eclipse--49973116\testng-customsuite.xml

2026-04-24 13:54:00 INFO  org.testng.internal.Utils - [Utils] DynamicGraphHelper.createDynamicGraph() took 3 ms.
2026-04-24 13:54:00 DEBUG org.apache.poi.openxml4j.opc.PackageRelationshipCollection - Parsing relationship: /_rels/.rels
2026-04-24 13:54:01 ERROR org.testng.internal.Utils - [Error] org.apache.poi.ooxml.POIXMLException: org.apache.xmlbeans.XmlException: error: Premature end of file.
	at org.apache.poi.xssf.usermodel.XSSFWorkbook.onDocumentRead(XSSFWorkbook.java:479)
	at org.apache.poi.ooxml.POIXMLDocument.load(POIXMLDocument.java:169)
	at org.apache.poi.xssf.usermodel.XSSFWorkbook.&lt;init&gt;(XSSFWorkbook.java:260)
	at org.apache.poi.xssf.usermodel.XSSFWorkbook.&lt;init&gt;(XSSFWorkbook.java:313)
	at org.apache.poi.xssf.usermodel.XSSFWorkbook.&lt;init&gt;(XSSFWorkbook.java:287)
	at com.utilities.ExcelReader.readExcel(ExcelReader.java:24)
	at com.dataprovider.Pincode.getExcelData(Pincode.java:11)
	at java.base/jdk.internal.reflect.DirectMethodHandleAccessor.invoke(DirectMethodHandleAccessor.java:103)
	at java.base/java.lang.reflect.Method.invoke(Method.java:580)
	at org.testng.internal.invokers.MethodInvocationHelper.invokeMethod(MethodInvocationHelper.java:141)
	at org.testng.internal.invokers.MethodInvocationHelper.invokeMethod(MethodInvocationHelper.java:86)
	at org.testng.internal.invokers.MethodInvocationHelper.invokeMethodNoCheckedException(MethodInvocationHelper.java:54)
	at org.testng.internal.invokers.MethodInvocationHelper.invokeDataProvider(MethodInvocationHelper.java:159)
	at org.testng.internal.Parameters.handleParameters(Parameters.java:809)
	at org.testng.internal.Parameters.handleParameters(Parameters.java:734)
	at org.testng.internal.invokers.ParameterHandler.handleParameters(ParameterHandler.java:72)
	at org.testng.internal.invokers.ParameterHandler.createParameters(ParameterHandler.java:51)
	at org.testng.internal.invokers.TestInvoker$MethodInvocationAgent.invoke(TestInvoker.java:949)
	at org.testng.internal.invokers.TestInvoker.invokeTestMethods(TestInvoker.java:203)
	at org.testng.internal.invokers.TestMethodWorker.invokeTestMethods(TestMethodWorker.java:154)
	at org.testng.internal.invokers.TestMethodWorker.run(TestMethodWorker.java:134)
	at java.base/java.util.ArrayList.forEach(ArrayList.java:1596)
	at org.testng.TestRunner.privateRun(TestRunner.java:741)
	at org.testng.TestRunner.run(TestRunner.java:616)
	at org.testng.SuiteRunner.runTest(SuiteRunner.java:421)
	at org.testng.SuiteRunner.runSequentially(SuiteRunner.java:413)
	at org.testng.SuiteRunner.privateRun(SuiteRunner.java:373)
	at org.testng.SuiteRunner.run(SuiteRunner.java:312)
	at org.testng.SuiteRunnerWorker.runSuite(SuiteRunnerWorker.java:52)
	at org.testng.SuiteRunnerWorker.run(SuiteRunnerWorker.java:95)
	at org.testng.TestNG.runSuitesSequentially(TestNG.java:1274)
	at org.testng.TestNG.runSuitesLocally(TestNG.java:1208)
	at org.testng.TestNG.runSuites(TestNG.java:1112)
	at org.testng.TestNG.run(TestNG.java:1079)
	at org.testng.remote.AbstractRemoteTestNG.run(AbstractRemoteTestNG.java:115)
	at org.testng.remote.RemoteTestNG.initAndRun(RemoteTestNG.java:293)
	at org.testng.remote.RemoteTestNG.main(RemoteTestNG.java:91)
Caused by: org.apache.xmlbeans.XmlException: error: Premature end of file.
	at org.apache.xmlbeans.impl.store.Locale$SaxLoader.load(Locale.java:2563)
	at org.apache.xmlbeans.impl.store.Locale.lambda$parseToXmlObject$3(Locale.java:718)
	at org.apache.xmlbeans.impl.store.Locale.syncWrap(Locale.java:491)
	at org.apache.xmlbeans.impl.store.Locale.parseToXmlObject(Locale.java:717)
	at org.apache.xmlbeans.impl.schema.SchemaTypeLoaderBase.parse(SchemaTypeLoaderBase.java:234)
	at org.apache.xmlbeans.impl.schema.AbstractDocumentFactory.parse(AbstractDocumentFactory.java:71)
	at org.apache.poi.xssf.usermodel.XSSFWorkbook.onDocumentRead(XSSFWorkbook.java:395)
	... 36 more
Caused by: org.xml.sax.SAXParseException; systemId: file://; lineNumber: 1; columnNumber: 1; Premature end of file.
	at java.xml/com.sun.org.apache.xerces.internal.util.ErrorHandlerWrapper.createSAXParseException(ErrorHandlerWrapper.java:204)
	at java.xml/com.sun.org.apache.xerces.internal.util.ErrorHandlerWrapper.fatalError(ErrorHandlerWrapper.java:178)
	at java.xml/com.sun.org.apache.xerces.internal.impl.XMLErrorReporter.reportError(XMLErrorReporter.java:400)
	at java.xml/com.sun.org.apache.xerces.internal.impl.XMLErrorReporter.reportError(XMLErrorReporter.java:327)
	at java.xml/com.sun.org.apache.xerces.internal.impl.XMLScanner.reportFatalError(XMLScanner.java:1465)
	at java.xml/com.sun.org.apache.xerces.internal.impl.XMLDocumentScannerImpl$PrologDriver.next(XMLDocumentScannerImpl.java:1013)
	at java.xml/com.sun.org.apache.xerces.internal.impl.XMLDocumentScannerImpl.next(XMLDocumentScannerImpl.java:605)
	at java.xml/com.sun.org.apache.xerces.internal.impl.XMLNSDocumentScannerImpl.next(XMLNSDocumentScannerImpl.java:114)
	at java.xml/com.sun.org.apache.xerces.internal.impl.XMLDocumentFragmentScannerImpl.scanDocument(XMLDocumentFragmentScannerImpl.java:542)
	at java.xml/com.sun.org.apache.xerces.internal.parsers.XML11Configuration.parse(XML11Configuration.java:889)
	at java.xml/com.sun.org.apache.xerces.internal.parsers.XML11Configuration.parse(XML11Configuration.java:825)
	at java.xml/com.sun.org.apache.xerces.internal.parsers.XMLParser.parse(XMLParser.java:141)
	at java.xml/com.sun.org.apache.xerces.internal.parsers.AbstractSAXParser.parse(AbstractSAXParser.java:1224)
	at java.xml/com.sun.org.apache.xerces.internal.jaxp.SAXParserImpl$JAXPSAXParser.parse(SAXParserImpl.java:637)
	at org.apache.xmlbeans.impl.store.Locale$SaxLoader.load(Locale.java:2542)
	... 42 more

2026-04-24 13:54:01 INFO  org.testng.internal.Utils - [TestNG] Time taken by org.testng.reporters.jq.Main@7ea899a9: 42 ms
2026-04-24 13:54:01 INFO  org.testng.internal.Utils - [TestNG] Time taken by org.testng.reporters.FailedReporter@77e7246b: 12 ms
2026-04-24 13:54:01 INFO  org.testng.internal.Utils - [TestNG] Time taken by org.testng.reporters.XMLReporter@719d35e8: 5 ms
2026-04-24 13:54:01 INFO  org.testng.internal.Utils - [TestNG] Time taken by org.testng.reporters.EmailableReporter2@51a8313b: 5 ms
2026-04-24 13:54:01 INFO  org.testng.internal.Utils - [TestNG] Time taken by org.testng.reporters.JUnitReportReporter@50d951e7: 4 ms
2026-04-24 13:54:01 INFO  org.testng.internal.Utils - [TestNG] Time taken by org.testng.internal.ExitCodeListener@39ad12b6: 0 ms
2026-04-24 14:06:17 DEBUG org.testng.TestNG - suiteXmlPath: "C:\Users\Rahul\AppData\Local\Temp\testng-eclipse-1548117808\testng-customsuite.xml"
2026-04-24 14:06:18 INFO  org.testng.internal.Utils - [Utils] MethodGroupsHelper.collectMethodsByGroup() took 0 ms.
2026-04-24 14:06:18 INFO  org.testng.internal.Utils - [Utils] MethodGroupsHelper.sortMethods() took 2 ms.
2026-04-24 14:06:18 INFO  org.testng.internal.Utils - [Utils] MethodGroupsHelper.collectMethodsByGroup() took 0 ms.
2026-04-24 14:06:18 INFO  org.testng.internal.Utils - [Utils] MethodGroupsHelper.sortMethods() took 0 ms.
2026-04-24 14:06:18 INFO  org.testng.internal.Utils - [Utils] MethodGroupsHelper.collectMethodsByGroup() took 0 ms.
2026-04-24 14:06:18 INFO  org.testng.internal.Utils - [Utils] MethodGroupsHelper.sortMethods() took 0 ms.
2026-04-24 14:06:18 INFO  org.testng.internal.Utils - [Utils] MethodGroupsHelper.collectMethodsByGroup() took 0 ms.
2026-04-24 14:06:18 INFO  org.testng.internal.Utils - [Utils] MethodGroupsHelper.sortMethods() took 0 ms.
2026-04-24 14:06:18 INFO  org.testng.internal.Utils - [Utils] MethodGroupsHelper.collectMethodsByGroup() took 0 ms.
2026-04-24 14:06:18 INFO  org.testng.internal.Utils - [Utils] MethodGroupsHelper.sortMethods() took 0 ms.
2026-04-24 14:06:18 INFO  org.testng.internal.Utils - [Utils] MethodGroupsHelper.collectMethodsByGroup() took 0 ms.
2026-04-24 14:06:18 INFO  org.testng.internal.Utils - [Utils] MethodGroupsHelper.sortMethods() took 0 ms.
2026-04-24 14:06:18 INFO  org.testng.internal.Utils - [Utils] MethodGroupsHelper.collectMethodsByGroup() took 0 ms.
2026-04-24 14:06:18 INFO  org.testng.internal.Utils - [Utils] MethodGroupsHelper.sortMethods() took 0 ms.
2026-04-24 14:06:18 INFO  org.testng.internal.Utils - [Utils] MethodGroupsHelper.collectMethodsByGroup() took 0 ms.
2026-04-24 14:06:18 INFO  org.testng.internal.Utils - [Utils] MethodGroupsHelper.sortMethods() took 0 ms.
2026-04-24 14:06:18 INFO  org.testng.internal.Utils - [Utils] MethodGroupsHelper.collectMethodsByGroup() took 12 ms.
2026-04-24 14:06:18 INFO  org.testng.internal.Utils - [Utils] MethodGroupsHelper.sortMethods() took 15 ms.
2026-04-24 14:06:18 INFO  org.testng.internal.Utils - [Utils] MethodGroupsHelper.collectMethodsByGroup() took 0 ms.
2026-04-24 14:06:18 INFO  org.testng.internal.Utils - [Utils] MethodGroupsHelper.sortMethods() took 0 ms.
2026-04-24 14:06:18 INFO  org.testng.internal.Utils - [Utils] MethodGroupsHelper.collectMethodsByGroup() took 0 ms.
2026-04-24 14:06:18 INFO  org.testng.internal.Utils - [Utils] MethodGroupsHelper.sortMethods() took 0 ms.
2026-04-24 14:06:18 INFO  org.testng.internal.Utils - [Utils] MethodGroupsHelper.collectMethodsByGroup() took 0 ms.
2026-04-24 14:06:18 INFO  org.testng.internal.Utils - [Utils] MethodGroupsHelper.sortMethods() took 0 ms.
2026-04-24 14:06:18 INFO  org.testng.internal.Utils - [Utils] MethodGroupsHelper.collectMethodsByGroup() took 13 ms.
2026-04-24 14:06:18 INFO  org.testng.internal.Utils - [Utils] MethodGroupsHelper.sortMethods() took 0 ms.
2026-04-24 14:06:18 INFO  org.testng.internal.Utils - [Utils] MethodGroupsHelper.collectMethodsByGroup() took 0 ms.
2026-04-24 14:06:18 INFO  org.testng.internal.Utils - [Utils] MethodGroupsHelper.sortMethods() took 0 ms.
2026-04-24 14:06:18 INFO  org.testng.internal.Utils - [Utils] MethodGroupsHelper.collectMethodsByGroup() took 0 ms.
2026-04-24 14:06:18 INFO  org.testng.internal.Utils - [Utils] MethodGroupsHelper.sortMethods() took 0 ms.
2026-04-24 14:06:18 INFO  org.testng.internal.Utils - [TestNG] Running:
  C:\Users\Rahul\AppData\Local\Temp\testng-eclipse-1548117808\testng-customsuite.xml

2026-04-24 14:06:18 INFO  org.testng.internal.Utils - [Utils] DynamicGraphHelper.createDynamicGraph() took 15 ms.
2026-04-24 14:06:19 DEBUG org.apache.poi.openxml4j.opc.PackageRelationshipCollection - Parsing relationship: /xl/_rels/workbook.xml.rels
2026-04-24 14:06:19 DEBUG org.apache.poi.openxml4j.opc.PackageRelationshipCollection - Parsing relationship: /_rels/.rels
2026-04-24 14:06:19 ERROR org.testng.internal.Utils - [Error] java.lang.IllegalArgumentException: Unexpected value: NUMERIC
	at com.utilities.ExcelReader.readExcel(ExcelReader.java:53)
	at com.dataprovider.Pincode.getExcelData(Pincode.java:11)
	at java.base/jdk.internal.reflect.DirectMethodHandleAccessor.invoke(DirectMethodHandleAccessor.java:103)
	at java.base/java.lang.reflect.Method.invoke(Method.java:580)
	at org.testng.internal.invokers.MethodInvocationHelper.invokeMethod(MethodInvocationHelper.java:141)
	at org.testng.internal.invokers.MethodInvocationHelper.invokeMethod(MethodInvocationHelper.java:86)
	at org.testng.internal.invokers.MethodInvocationHelper.invokeMethodNoCheckedException(MethodInvocationHelper.java:54)
	at org.testng.internal.invokers.MethodInvocationHelper.invokeDataProvider(MethodInvocationHelper.java:159)
	at org.testng.internal.Parameters.handleParameters(Parameters.java:809)
	at org.testng.internal.Parameters.handleParameters(Parameters.java:734)
	at org.testng.internal.invokers.ParameterHandler.handleParameters(ParameterHandler.java:72)
	at org.testng.internal.invokers.ParameterHandler.createParameters(ParameterHandler.java:51)
	at org.testng.internal.invokers.TestInvoker$MethodInvocationAgent.invoke(TestInvoker.java:949)
	at org.testng.internal.invokers.TestInvoker.invokeTestMethods(TestInvoker.java:203)
	at org.testng.internal.invokers.TestMethodWorker.invokeTestMethods(TestMethodWorker.java:154)
	at org.testng.internal.invokers.TestMethodWorker.run(TestMethodWorker.java:134)
	at java.base/java.util.ArrayList.forEach(ArrayList.java:1596)
	at org.testng.TestRunner.privateRun(TestRunner.java:741)
	at org.testng.TestRunner.run(TestRunner.java:616)
	at org.testng.SuiteRunner.runTest(SuiteRunner.java:421)
	at org.testng.SuiteRunner.runSequentially(SuiteRunner.java:413)
	at org.testng.SuiteRunner.privateRun(SuiteRunner.java:373)
	at org.testng.SuiteRunner.run(SuiteRunner.java:312)
	at org.testng.SuiteRunnerWorker.runSuite(SuiteRunnerWorker.java:52)
	at org.testng.SuiteRunnerWorker.run(SuiteRunnerWorker.java:95)
	at org.testng.TestNG.runSuitesSequentially(TestNG.java:1274)
	at org.testng.TestNG.runSuitesLocally(TestNG.java:1208)
	at org.testng.TestNG.runSuites(TestNG.java:1112)
	at org.testng.TestNG.run(TestNG.java:1079)
	at org.testng.remote.AbstractRemoteTestNG.run(AbstractRemoteTestNG.java:115)
	at org.testng.remote.RemoteTestNG.initAndRun(RemoteTestNG.java:293)
	at org.testng.remote.RemoteTestNG.main(RemoteTestNG.java:91)

2026-04-24 14:06:19 INFO  org.testng.internal.Utils - [TestNG] Time taken by org.testng.reporters.jq.Main@7fd8c559: 61 ms
2026-04-24 14:06:19 INFO  org.testng.internal.Utils - [TestNG] Time taken by org.testng.reporters.FailedReporter@718dbd79: 18 ms
2026-04-24 14:06:19 INFO  org.testng.internal.Utils - [TestNG] Time taken by org.testng.reporters.XMLReporter@1cec219f: 9 ms
2026-04-24 14:06:19 INFO  org.testng.internal.Utils - [TestNG] Time taken by org.testng.reporters.EmailableReporter2@49206065: 6 ms
2026-04-24 14:06:20 INFO  org.testng.internal.Utils - [TestNG] Time taken by org.testng.reporters.JUnitReportReporter@615e3f51: 8 ms
2026-04-24 14:06:20 INFO  org.testng.internal.Utils - [TestNG] Time taken by org.testng.internal.ExitCodeListener@407873d3: 0 ms
2026-04-24 14:07:10 DEBUG org.testng.TestNG - suiteXmlPath: "C:\Users\Rahul\AppData\Local\Temp\testng-eclipse-791194128\testng-customsuite.xml"
2026-04-24 14:07:11 INFO  org.testng.internal.Utils - [Utils] MethodGroupsHelper.collectMethodsByGroup() took 0 ms.
2026-04-24 14:07:11 INFO  org.testng.internal.Utils - [Utils] MethodGroupsHelper.sortMethods() took 1 ms.
2026-04-24 14:07:11 INFO  org.testng.internal.Utils - [Utils] MethodGroupsHelper.collectMethodsByGroup() took 0 ms.
2026-04-24 14:07:11 INFO  org.testng.internal.Utils - [Utils] MethodGroupsHelper.sortMethods() took 0 ms.
2026-04-24 14:07:11 INFO  org.testng.internal.Utils - [Utils] MethodGroupsHelper.collectMethodsByGroup() took 0 ms.
2026-04-24 14:07:11 INFO  org.testng.internal.Utils - [Utils] MethodGroupsHelper.sortMethods() took 0 ms.
2026-04-24 14:07:11 INFO  org.testng.internal.Utils - [Utils] MethodGroupsHelper.collectMethodsByGroup() took 0 ms.
2026-04-24 14:07:11 INFO  org.testng.internal.Utils - [Utils] MethodGroupsHelper.sortMethods() took 0 ms.
2026-04-24 14:07:11 INFO  org.testng.internal.Utils - [Utils] MethodGroupsHelper.collectMethodsByGroup() took 0 ms.
2026-04-24 14:07:11 INFO  org.testng.internal.Utils - [Utils] MethodGroupsHelper.sortMethods() took 0 ms.
2026-04-24 14:07:11 INFO  org.testng.internal.Utils - [Utils] MethodGroupsHelper.collectMethodsByGroup() took 0 ms.
2026-04-24 14:07:11 INFO  org.testng.internal.Utils - [Utils] MethodGroupsHelper.sortMethods() took 0 ms.
2026-04-24 14:07:11 INFO  org.testng.internal.Utils - [Utils] MethodGroupsHelper.collectMethodsByGroup() took 0 ms.
2026-04-24 14:07:11 INFO  org.testng.internal.Utils - [Utils] MethodGroupsHelper.sortMethods() took 0 ms.
2026-04-24 14:07:11 INFO  org.testng.internal.Utils - [Utils] MethodGroupsHelper.collectMethodsByGroup() took 0 ms.
2026-04-24 14:07:11 INFO  org.testng.internal.Utils - [Utils] MethodGroupsHelper.sortMethods() took 0 ms.
2026-04-24 14:07:11 INFO  org.testng.internal.Utils - [Utils] MethodGroupsHelper.collectMethodsByGroup() took 10 ms.
2026-04-24 14:07:11 INFO  org.testng.internal.Utils - [Utils] MethodGroupsHelper.sortMethods() took 23 ms.
2026-04-24 14:07:11 INFO  org.testng.internal.Utils - [Utils] MethodGroupsHelper.collectMethodsByGroup() took 0 ms.
2026-04-24 14:07:11 INFO  org.testng.internal.Utils - [Utils] MethodGroupsHelper.sortMethods() took 0 ms.
2026-04-24 14:07:11 INFO  org.testng.internal.Utils - [Utils] MethodGroupsHelper.collectMethodsByGroup() took 0 ms.
2026-04-24 14:07:11 INFO  org.testng.internal.Utils - [Utils] MethodGroupsHelper.sortMethods() took 0 ms.
2026-04-24 14:07:11 INFO  org.testng.internal.Utils - [Utils] MethodGroupsHelper.collectMethodsByGroup() took 0 ms.
2026-04-24 14:07:11 INFO  org.testng.internal.Utils - [Utils] MethodGroupsHelper.sortMethods() took 0 ms.
2026-04-24 14:07:11 INFO  org.testng.internal.Utils - [Utils] MethodGroupsHelper.collectMethodsByGroup() took 10 ms.
2026-04-24 14:07:11 INFO  org.testng.internal.Utils - [Utils] MethodGroupsHelper.sortMethods() took 1 ms.
2026-04-24 14:07:11 INFO  org.testng.internal.Utils - [Utils] MethodGroupsHelper.collectMethodsByGroup() took 0 ms.
2026-04-24 14:07:11 INFO  org.testng.internal.Utils - [Utils] MethodGroupsHelper.sortMethods() took 0 ms.
2026-04-24 14:07:11 INFO  org.testng.internal.Utils - [Utils] MethodGroupsHelper.collectMethodsByGroup() took 0 ms.
2026-04-24 14:07:11 INFO  org.testng.internal.Utils - [Utils] MethodGroupsHelper.sortMethods() took 0 ms.
2026-04-24 14:07:11 INFO  org.testng.internal.Utils - [TestNG] Running:
  C:\Users\Rahul\AppData\Local\Temp\testng-eclipse-791194128\testng-customsuite.xml

2026-04-24 14:07:11 INFO  org.testng.internal.Utils - [Utils] DynamicGraphHelper.createDynamicGraph() took 10 ms.
2026-04-24 14:07:11 DEBUG org.apache.poi.openxml4j.opc.PackageRelationshipCollection - Parsing relationship: /xl/_rels/workbook.xml.rels
2026-04-24 14:07:11 DEBUG org.apache.poi.openxml4j.opc.PackageRelationshipCollection - Parsing relationship: /_rels/.rels
2026-04-24 14:07:12 ERROR org.testng.internal.Utils - [Error] java.lang.IllegalArgumentException: Unexpected value: NUMERIC
	at com.utilities.ExcelReader.readExcel(ExcelReader.java:53)
	at com.dataprovider.Pincode.getExcelData(Pincode.java:11)
	at java.base/jdk.internal.reflect.DirectMethodHandleAccessor.invoke(DirectMethodHandleAccessor.java:103)
	at java.base/java.lang.reflect.Method.invoke(Method.java:580)
	at org.testng.internal.invokers.MethodInvocationHelper.invokeMethod(MethodInvocationHelper.java:141)
	at org.testng.internal.invokers.MethodInvocationHelper.invokeMethod(MethodInvocationHelper.java:86)
	at org.testng.internal.invokers.MethodInvocationHelper.invokeMethodNoCheckedException(MethodInvocationHelper.java:54)
	at org.testng.internal.invokers.MethodInvocationHelper.invokeDataProvider(MethodInvocationHelper.java:159)
	at org.testng.internal.Parameters.handleParameters(Parameters.java:809)
	at org.testng.internal.Parameters.handleParameters(Parameters.java:734)
	at org.testng.internal.invokers.ParameterHandler.handleParameters(ParameterHandler.java:72)
	at org.testng.internal.invokers.ParameterHandler.createParameters(ParameterHandler.java:51)
	at org.testng.internal.invokers.TestInvoker$MethodInvocationAgent.invoke(TestInvoker.java:949)
	at org.testng.internal.invokers.TestInvoker.invokeTestMethods(TestInvoker.java:203)
	at org.testng.internal.invokers.TestMethodWorker.invokeTestMethods(TestMethodWorker.java:154)
	at org.testng.internal.invokers.TestMethodWorker.run(TestMethodWorker.java:134)
	at java.base/java.util.ArrayList.forEach(ArrayList.java:1596)
	at org.testng.TestRunner.privateRun(TestRunner.java:741)
	at org.testng.TestRunner.run(TestRunner.java:616)
	at org.testng.SuiteRunner.runTest(SuiteRunner.java:421)
	at org.testng.SuiteRunner.runSequentially(SuiteRunner.java:413)
	at org.testng.SuiteRunner.privateRun(SuiteRunner.java:373)
	at org.testng.SuiteRunner.run(SuiteRunner.java:312)
	at org.testng.SuiteRunnerWorker.runSuite(SuiteRunnerWorker.java:52)
	at org.testng.SuiteRunnerWorker.run(SuiteRunnerWorker.java:95)
	at org.testng.TestNG.runSuitesSequentially(TestNG.java:1274)
	at org.testng.TestNG.runSuitesLocally(TestNG.java:1208)
	at org.testng.TestNG.runSuites(TestNG.java:1112)
	at org.testng.TestNG.run(TestNG.java:1079)
	at org.testng.remote.AbstractRemoteTestNG.run(AbstractRemoteTestNG.java:115)
	at org.testng.remote.RemoteTestNG.initAndRun(RemoteTestNG.java:293)
	at org.testng.remote.RemoteTestNG.main(RemoteTestNG.java:91)

2026-04-24 14:07:12 INFO  org.testng.internal.Utils - [TestNG] Time taken by org.testng.reporters.jq.Main@7fd8c559: 54 ms
2026-04-24 14:07:12 INFO  org.testng.internal.Utils - [TestNG] Time taken by org.testng.reporters.FailedReporter@718dbd79: 14 ms
2026-04-24 14:07:12 INFO  org.testng.internal.Utils - [TestNG] Time taken by org.testng.reporters.XMLReporter@1cec219f: 8 ms
2026-04-24 14:07:12 INFO  org.testng.internal.Utils - [TestNG] Time taken by org.testng.reporters.EmailableReporter2@49206065: 8 ms
2026-04-24 14:07:12 INFO  org.testng.internal.Utils - [TestNG] Time taken by org.testng.reporters.JUnitReportReporter@615e3f51: 5 ms
2026-04-24 14:07:12 INFO  org.testng.internal.Utils - [TestNG] Time taken by org.testng.internal.ExitCodeListener@407873d3: 0 ms
2026-04-24 14:08:51 DEBUG org.testng.TestNG - suiteXmlPath: "C:\Users\Rahul\AppData\Local\Temp\testng-eclipse--1889615259\testng-customsuite.xml"
2026-04-24 14:08:51 INFO  org.testng.internal.Utils - [Utils] MethodGroupsHelper.collectMethodsByGroup() took 1 ms.
2026-04-24 14:08:51 INFO  org.testng.internal.Utils - [Utils] MethodGroupsHelper.sortMethods() took 1 ms.
2026-04-24 14:08:51 INFO  org.testng.internal.Utils - [Utils] MethodGroupsHelper.collectMethodsByGroup() took 0 ms.
2026-04-24 14:08:51 INFO  org.testng.internal.Utils - [Utils] MethodGroupsHelper.sortMethods() took 0 ms.
2026-04-24 14:08:51 INFO  org.testng.internal.Utils - [Utils] MethodGroupsHelper.collectMethodsByGroup() took 0 ms.
2026-04-24 14:08:51 INFO  org.testng.internal.Utils - [Utils] MethodGroupsHelper.sortMethods() took 0 ms.
2026-04-24 14:08:51 INFO  org.testng.internal.Utils - [Utils] MethodGroupsHelper.collectMethodsByGroup() took 0 ms.
2026-04-24 14:08:51 INFO  org.testng.internal.Utils - [Utils] MethodGroupsHelper.sortMethods() took 0 ms.
2026-04-24 14:08:51 INFO  org.testng.internal.Utils - [Utils] MethodGroupsHelper.collectMethodsByGroup() took 0 ms.
2026-04-24 14:08:51 INFO  org.testng.internal.Utils - [Utils] MethodGroupsHelper.sortMethods() took 0 ms.
2026-04-24 14:08:51 INFO  org.testng.internal.Utils - [Utils] MethodGroupsHelper.collectMethodsByGroup() took 0 ms.
2026-04-24 14:08:51 INFO  org.testng.internal.Utils - [Utils] MethodGroupsHelper.sortMethods() took 0 ms.
2026-04-24 14:08:51 INFO  org.testng.internal.Utils - [Utils] MethodGroupsHelper.collectMethodsByGroup() took 0 ms.
2026-04-24 14:08:51 INFO  org.testng.internal.Utils - [Utils] MethodGroupsHelper.sortMethods() took 0 ms.
2026-04-24 14:08:51 INFO  org.testng.internal.Utils - [Utils] MethodGroupsHelper.collectMethodsByGroup() took 0 ms.
2026-04-24 14:08:51 INFO  org.testng.internal.Utils - [Utils] MethodGroupsHelper.sortMethods() took 0 ms.
2026-04-24 14:08:51 INFO  org.testng.internal.Utils - [Utils] MethodGroupsHelper.collectMethodsByGroup() took 10 ms.
2026-04-24 14:08:51 INFO  org.testng.internal.Utils - [Utils] MethodGroupsHelper.sortMethods() took 15 ms.
2026-04-24 14:08:51 INFO  org.testng.internal.Utils - [Utils] MethodGroupsHelper.collectMethodsByGroup() took 1 ms.
2026-04-24 14:08:51 INFO  org.testng.internal.Utils - [Utils] MethodGroupsHelper.sortMethods() took 1 ms.
2026-04-24 14:08:51 INFO  org.testng.internal.Utils - [Utils] MethodGroupsHelper.collectMethodsByGroup() took 0 ms.
2026-04-24 14:08:51 INFO  org.testng.internal.Utils - [Utils] MethodGroupsHelper.sortMethods() took 0 ms.
2026-04-24 14:08:51 INFO  org.testng.internal.Utils - [Utils] MethodGroupsHelper.collectMethodsByGroup() took 0 ms.
2026-04-24 14:08:51 INFO  org.testng.internal.Utils - [Utils] MethodGroupsHelper.sortMethods() took 0 ms.
2026-04-24 14:08:51 INFO  org.testng.internal.Utils - [Utils] MethodGroupsHelper.collectMethodsByGroup() took 14 ms.
2026-04-24 14:08:51 INFO  org.testng.internal.Utils - [Utils] MethodGroupsHelper.sortMethods() took 0 ms.
2026-04-24 14:08:51 INFO  org.testng.internal.Utils - [Utils] MethodGroupsHelper.collectMethodsByGroup() took 0 ms.
2026-04-24 14:08:51 INFO  org.testng.internal.Utils - [Utils] MethodGroupsHelper.sortMethods() took 0 ms.
2026-04-24 14:08:51 INFO  org.testng.internal.Utils - [Utils] MethodGroupsHelper.collectMethodsByGroup() took 0 ms.
2026-04-24 14:08:51 INFO  org.testng.internal.Utils - [Utils] MethodGroupsHelper.sortMethods() took 0 ms.
2026-04-24 14:08:51 INFO  org.testng.internal.Utils - [TestNG] Running:
  C:\Users\Rahul\AppData\Local\Temp\testng-eclipse--1889615259\testng-customsuite.xml

2026-04-24 14:08:51 INFO  org.testng.internal.Utils - [Utils] DynamicGraphHelper.createDynamicGraph() took 8 ms.
2026-04-24 14:08:52 DEBUG org.apache.poi.openxml4j.opc.PackageRelationshipCollection - Parsing relationship: /xl/_rels/workbook.xml.rels
2026-04-24 14:08:52 DEBUG org.apache.poi.openxml4j.opc.PackageRelationshipCollection - Parsing relationship: /_rels/.rels
2026-04-24 14:08:52 ERROR org.testng.internal.Utils - [Error] java.lang.IllegalArgumentException: Unexpected value: NUMERIC
	at com.utilities.ExcelReader.readExcel(ExcelReader.java:53)
	at com.dataprovider.Pincode.getExcelData(Pincode.java:11)
	at java.base/jdk.internal.reflect.DirectMethodHandleAccessor.invoke(DirectMethodHandleAccessor.java:103)
	at java.base/java.lang.reflect.Method.invoke(Method.java:580)
	at org.testng.internal.invokers.MethodInvocationHelper.invokeMethod(MethodInvocationHelper.java:141)
	at org.testng.internal.invokers.MethodInvocationHelper.invokeMethod(MethodInvocationHelper.java:86)
	at org.testng.internal.invokers.MethodInvocationHelper.invokeMethodNoCheckedException(MethodInvocationHelper.java:54)
	at org.testng.internal.invokers.MethodInvocationHelper.invokeDataProvider(MethodInvocationHelper.java:159)
	at org.testng.internal.Parameters.handleParameters(Parameters.java:809)
	at org.testng.internal.Parameters.handleParameters(Parameters.java:734)
	at org.testng.internal.invokers.ParameterHandler.handleParameters(ParameterHandler.java:72)
	at org.testng.internal.invokers.ParameterHandler.createParameters(ParameterHandler.java:51)
	at org.testng.internal.invokers.TestInvoker$MethodInvocationAgent.invoke(TestInvoker.java:949)
	at org.testng.internal.invokers.TestInvoker.invokeTestMethods(TestInvoker.java:203)
	at org.testng.internal.invokers.TestMethodWorker.invokeTestMethods(TestMethodWorker.java:154)
	at org.testng.internal.invokers.TestMethodWorker.run(TestMethodWorker.java:134)
	at java.base/java.util.ArrayList.forEach(ArrayList.java:1596)
	at org.testng.TestRunner.privateRun(TestRunner.java:741)
	at org.testng.TestRunner.run(TestRunner.java:616)
	at org.testng.SuiteRunner.runTest(SuiteRunner.java:421)
	at org.testng.SuiteRunner.runSequentially(SuiteRunner.java:413)
	at org.testng.SuiteRunner.privateRun(SuiteRunner.java:373)
	at org.testng.SuiteRunner.run(SuiteRunner.java:312)
	at org.testng.SuiteRunnerWorker.runSuite(SuiteRunnerWorker.java:52)
	at org.testng.SuiteRunnerWorker.run(SuiteRunnerWorker.java:95)
	at org.testng.TestNG.runSuitesSequentially(TestNG.java:1274)
	at org.testng.TestNG.runSuitesLocally(TestNG.java:1208)
	at org.testng.TestNG.runSuites(TestNG.java:1112)
	at org.testng.TestNG.run(TestNG.java:1079)
	at org.testng.remote.AbstractRemoteTestNG.run(AbstractRemoteTestNG.java:115)
	at org.testng.remote.RemoteTestNG.initAndRun(RemoteTestNG.java:293)
	at org.testng.remote.RemoteTestNG.main(RemoteTestNG.java:91)

2026-04-24 14:08:52 INFO  org.testng.internal.Utils - [TestNG] Time taken by org.testng.reporters.jq.Main@7fd8c559: 54 ms
2026-04-24 14:08:52 INFO  org.testng.internal.Utils - [TestNG] Time taken by org.testng.reporters.FailedReporter@718dbd79: 16 ms
2026-04-24 14:08:52 INFO  org.testng.internal.Utils - [TestNG] Time taken by org.testng.reporters.XMLReporter@1cec219f: 8 ms
2026-04-24 14:08:52 INFO  org.testng.internal.Utils - [TestNG] Time taken by org.testng.reporters.EmailableReporter2@49206065: 9 ms
2026-04-24 14:08:52 INFO  org.testng.internal.Utils - [TestNG] Time taken by org.testng.reporters.JUnitReportReporter@615e3f51: 6 ms
2026-04-24 14:08:52 INFO  org.testng.internal.Utils - [TestNG] Time taken by org.testng.internal.ExitCodeListener@407873d3: 0 ms
2026-04-24 14:09:35 DEBUG org.testng.TestNG - suiteXmlPath: "C:\Users\Rahul\AppData\Local\Temp\testng-eclipse-1297705926\testng-customsuite.xml"
2026-04-24 14:09:35 INFO  org.testng.internal.Utils - [Utils] MethodGroupsHelper.collectMethodsByGroup() took 0 ms.
2026-04-24 14:09:35 INFO  org.testng.internal.Utils - [Utils] MethodGroupsHelper.sortMethods() took 1 ms.
2026-04-24 14:09:35 INFO  org.testng.internal.Utils - [Utils] MethodGroupsHelper.collectMethodsByGroup() took 0 ms.
2026-04-24 14:09:35 INFO  org.testng.internal.Utils - [Utils] MethodGroupsHelper.sortMethods() took 0 ms.
2026-04-24 14:09:35 INFO  org.testng.internal.Utils - [Utils] MethodGroupsHelper.collectMethodsByGroup() took 0 ms.
2026-04-24 14:09:35 INFO  org.testng.internal.Utils - [Utils] MethodGroupsHelper.sortMethods() took 0 ms.
2026-04-24 14:09:35 INFO  org.testng.internal.Utils - [Utils] MethodGroupsHelper.collectMethodsByGroup() took 0 ms.
2026-04-24 14:09:35 INFO  org.testng.internal.Utils - [Utils] MethodGroupsHelper.sortMethods() took 0 ms.
2026-04-24 14:09:35 INFO  org.testng.internal.Utils - [Utils] MethodGroupsHelper.collectMethodsByGroup() took 0 ms.
2026-04-24 14:09:36 INFO  org.testng.internal.Utils - [Utils] MethodGroupsHelper.sortMethods() took 0 ms.
2026-04-24 14:09:36 INFO  org.testng.internal.Utils - [Utils] MethodGroupsHelper.collectMethodsByGroup() took 0 ms.
2026-04-24 14:09:36 INFO  org.testng.internal.Utils - [Utils] MethodGroupsHelper.sortMethods() took 0 ms.
2026-04-24 14:09:36 INFO  org.testng.internal.Utils - [Utils] MethodGroupsHelper.collectMethodsByGroup() took 0 ms.
2026-04-24 14:09:36 INFO  org.testng.internal.Utils - [Utils] MethodGroupsHelper.sortMethods() took 0 ms.
2026-04-24 14:09:36 INFO  org.testng.internal.Utils - [Utils] MethodGroupsHelper.collectMethodsByGroup() took 0 ms.
2026-04-24 14:09:36 INFO  org.testng.internal.Utils - [Utils] MethodGroupsHelper.sortMethods() took 0 ms.
2026-04-24 14:09:36 INFO  org.testng.internal.Utils - [Utils] MethodGroupsHelper.collectMethodsByGroup() took 9 ms.
2026-04-24 14:09:36 INFO  org.testng.internal.Utils - [Utils] MethodGroupsHelper.sortMethods() took 15 ms.
2026-04-24 14:09:36 INFO  org.testng.internal.Utils - [Utils] MethodGroupsHelper.collectMethodsByGroup() took 0 ms.
2026-04-24 14:09:36 INFO  org.testng.internal.Utils - [Utils] MethodGroupsHelper.sortMethods() took 1 ms.
2026-04-24 14:09:36 INFO  org.testng.internal.Utils - [Utils] MethodGroupsHelper.collectMethodsByGroup() took 0 ms.
2026-04-24 14:09:36 INFO  org.testng.internal.Utils - [Utils] MethodGroupsHelper.sortMethods() took 0 ms.
2026-04-24 14:09:36 INFO  org.testng.internal.Utils - [Utils] MethodGroupsHelper.collectMethodsByGroup() took 0 ms.
2026-04-24 14:09:36 INFO  org.testng.internal.Utils - [Utils] MethodGroupsHelper.sortMethods() took 0 ms.
2026-04-24 14:09:36 INFO  org.testng.internal.Utils - [Utils] MethodGroupsHelper.collectMethodsByGroup() took 16 ms.
2026-04-24 14:09:36 INFO  org.testng.internal.Utils - [Utils] MethodGroupsHelper.sortMethods() took 0 ms.
2026-04-24 14:09:36 INFO  org.testng.internal.Utils - [Utils] MethodGroupsHelper.collectMethodsByGroup() took 0 ms.
2026-04-24 14:09:36 INFO  org.testng.internal.Utils - [Utils] MethodGroupsHelper.sortMethods() took 0 ms.
2026-04-24 14:09:36 INFO  org.testng.internal.Utils - [Utils] MethodGroupsHelper.collectMethodsByGroup() took 0 ms.
2026-04-24 14:09:36 INFO  org.testng.internal.Utils - [Utils] MethodGroupsHelper.sortMethods() took 0 ms.
2026-04-24 14:09:36 INFO  org.testng.internal.Utils - [TestNG] Running:
  C:\Users\Rahul\AppData\Local\Temp\testng-eclipse-1297705926\testng-customsuite.xml

2026-04-24 14:09:36 INFO  org.testng.internal.Utils - [Utils] DynamicGraphHelper.createDynamicGraph() took 2 ms.
2026-04-24 14:09:48 INFO  org.testng.internal.Utils - [TestNG] Time taken by org.testng.reporters.jq.Main@255eaa6b: 68 ms
2026-04-24 14:09:48 INFO  org.testng.internal.Utils - [TestNG] Time taken by org.testng.reporters.FailedReporter@cb7fa71: 16 ms
2026-04-24 14:09:48 INFO  org.testng.internal.Utils - [TestNG] Time taken by org.testng.reporters.XMLReporter@4b200971: 14 ms
2026-04-24 14:09:48 INFO  org.testng.internal.Utils - [TestNG] Time taken by org.testng.reporters.EmailableReporter2@7fdab70c: 12 ms
2026-04-24 14:09:48 INFO  org.testng.internal.Utils - [TestNG] Time taken by org.testng.reporters.JUnitReportReporter@7bc44ce8: 16 ms
2026-04-24 14:09:48 INFO  org.testng.internal.Utils - [TestNG] Time taken by org.testng.internal.ExitCodeListener@59072e9d: 0 ms
2026-04-24 14:10:20 DEBUG org.testng.TestNG - suiteXmlPath: "C:\Users\Rahul\AppData\Local\Temp\testng-eclipse-1167938278\testng-customsuite.xml"
2026-04-24 14:10:21 INFO  org.testng.internal.Utils - [Utils] MethodGroupsHelper.collectMethodsByGroup() took 1 ms.
2026-04-24 14:10:21 INFO  org.testng.internal.Utils - [Utils] MethodGroupsHelper.sortMethods() took 2 ms.
2026-04-24 14:10:21 INFO  org.testng.internal.Utils - [Utils] MethodGroupsHelper.collectMethodsByGroup() took 0 ms.
2026-04-24 14:10:21 INFO  org.testng.internal.Utils - [Utils] MethodGroupsHelper.sortMethods() took 0 ms.
2026-04-24 14:10:21 INFO  org.testng.internal.Utils - [Utils] MethodGroupsHelper.collectMethodsByGroup() took 0 ms.
2026-04-24 14:10:21 INFO  org.testng.internal.Utils - [Utils] MethodGroupsHelper.sortMethods() took 0 ms.
2026-04-24 14:10:21 INFO  org.testng.internal.Utils - [Utils] MethodGroupsHelper.collectMethodsByGroup() took 0 ms.
2026-04-24 14:10:21 INFO  org.testng.internal.Utils - [Utils] MethodGroupsHelper.sortMethods() took 0 ms.
2026-04-24 14:10:21 INFO  org.testng.internal.Utils - [Utils] MethodGroupsHelper.collectMethodsByGroup() took 1 ms.
2026-04-24 14:10:21 INFO  org.testng.internal.Utils - [Utils] MethodGroupsHelper.sortMethods() took 0 ms.
2026-04-24 14:10:21 INFO  org.testng.internal.Utils - [Utils] MethodGroupsHelper.collectMethodsByGroup() took 0 ms.
2026-04-24 14:10:21 INFO  org.testng.internal.Utils - [Utils] MethodGroupsHelper.sortMethods() took 0 ms.
2026-04-24 14:10:21 INFO  org.testng.internal.Utils - [Utils] MethodGroupsHelper.collectMethodsByGroup() took 0 ms.
2026-04-24 14:10:21 INFO  org.testng.internal.Utils - [Utils] MethodGroupsHelper.sortMethods() took 0 ms.
2026-04-24 14:10:21 INFO  org.testng.internal.Utils - [Utils] MethodGroupsHelper.collectMethodsByGroup() took 0 ms.
2026-04-24 14:10:21 INFO  org.testng.internal.Utils - [Utils] MethodGroupsHelper.sortMethods() took 0 ms.
2026-04-24 14:10:21 INFO  org.testng.internal.Utils - [Utils] MethodGroupsHelper.collectMethodsByGroup() took 10 ms.
2026-04-24 14:10:21 INFO  org.testng.internal.Utils - [Utils] MethodGroupsHelper.sortMethods() took 17 ms.
2026-04-24 14:10:21 INFO  org.testng.internal.Utils - [Utils] MethodGroupsHelper.collectMethodsByGroup() took 0 ms.
2026-04-24 14:10:21 INFO  org.testng.internal.Utils - [Utils] MethodGroupsHelper.sortMethods() took 1 ms.
2026-04-24 14:10:21 INFO  org.testng.internal.Utils - [Utils] MethodGroupsHelper.collectMethodsByGroup() took 0 ms.
2026-04-24 14:10:21 INFO  org.testng.internal.Utils - [Utils] MethodGroupsHelper.sortMethods() took 0 ms.
2026-04-24 14:10:21 INFO  org.testng.internal.Utils - [Utils] MethodGroupsHelper.collectMethodsByGroup() took 0 ms.
2026-04-24 14:10:21 INFO  org.testng.internal.Utils - [Utils] MethodGroupsHelper.sortMethods() took 0 ms.
2026-04-24 14:10:21 INFO  org.testng.internal.Utils - [Utils] MethodGroupsHelper.collectMethodsByGroup() took 18 ms.
2026-04-24 14:10:21 INFO  org.testng.internal.Utils - [Utils] MethodGroupsHelper.sortMethods() took 0 ms.
2026-04-24 14:10:21 INFO  org.testng.internal.Utils - [Utils] MethodGroupsHelper.collectMethodsByGroup() took 0 ms.
2026-04-24 14:10:21 INFO  org.testng.internal.Utils - [Utils] MethodGroupsHelper.sortMethods() took 0 ms.
2026-04-24 14:10:21 INFO  org.testng.internal.Utils - [Utils] MethodGroupsHelper.collectMethodsByGroup() took 0 ms.
2026-04-24 14:10:21 INFO  org.testng.internal.Utils - [Utils] MethodGroupsHelper.sortMethods() took 0 ms.
2026-04-24 14:10:21 INFO  org.testng.internal.Utils - [TestNG] Running:
  C:\Users\Rahul\AppData\Local\Temp\testng-eclipse-1167938278\testng-customsuite.xml

2026-04-24 14:10:21 INFO  org.testng.internal.Utils - [Utils] DynamicGraphHelper.createDynamicGraph() took 7 ms.
2026-04-24 14:11:12 INFO  org.testng.internal.Utils - [TestNG] Time taken by org.testng.reporters.jq.Main@7ff19c33: 64 ms
2026-04-24 14:11:12 INFO  org.testng.internal.Utils - [TestNG] Time taken by org.testng.reporters.FailedReporter@462abec3: 2 ms
2026-04-24 14:11:12 INFO  org.testng.internal.Utils - [TestNG] Time taken by org.testng.reporters.XMLReporter@1115433e: 8 ms
2026-04-24 14:11:12 INFO  org.testng.internal.Utils - [TestNG] Time taken by org.testng.reporters.EmailableReporter2@75e09567: 5 ms
2026-04-24 14:11:12 INFO  org.testng.internal.Utils - [TestNG] Time taken by org.testng.reporters.JUnitReportReporter@1a500561: 8 ms
2026-04-24 14:11:12 INFO  org.testng.internal.Utils - [TestNG] Time taken by org.testng.internal.ExitCodeListener@7f608e21: 0 ms
2026-04-24 14:11:44 DEBUG org.testng.TestNG - suiteXmlPath: "C:\Users\Rahul\AppData\Local\Temp\testng-eclipse--1963609641\testng-customsuite.xml"
2026-04-24 14:11:44 INFO  org.testng.internal.Utils - [Utils] MethodGroupsHelper.collectMethodsByGroup() took 1 ms.
2026-04-24 14:11:44 INFO  org.testng.internal.Utils - [Utils] MethodGroupsHelper.sortMethods() took 2 ms.
2026-04-24 14:11:44 INFO  org.testng.internal.Utils - [Utils] MethodGroupsHelper.collectMethodsByGroup() took 0 ms.
2026-04-24 14:11:44 INFO  org.testng.internal.Utils - [Utils] MethodGroupsHelper.sortMethods() took 0 ms.
2026-04-24 14:11:44 INFO  org.testng.internal.Utils - [Utils] MethodGroupsHelper.collectMethodsByGroup() took 0 ms.
2026-04-24 14:11:44 INFO  org.testng.internal.Utils - [Utils] MethodGroupsHelper.sortMethods() took 0 ms.
2026-04-24 14:11:44 INFO  org.testng.internal.Utils - [Utils] MethodGroupsHelper.collectMethodsByGroup() took 0 ms.
2026-04-24 14:11:44 INFO  org.testng.internal.Utils - [Utils] MethodGroupsHelper.sortMethods() took 0 ms.
2026-04-24 14:11:44 INFO  org.testng.internal.Utils - [Utils] MethodGroupsHelper.collectMethodsByGroup() took 0 ms.
2026-04-24 14:11:44 INFO  org.testng.internal.Utils - [Utils] MethodGroupsHelper.sortMethods() took 0 ms.
2026-04-24 14:11:44 INFO  org.testng.internal.Utils - [Utils] MethodGroupsHelper.collectMethodsByGroup() took 0 ms.
2026-04-24 14:11:44 INFO  org.testng.internal.Utils - [Utils] MethodGroupsHelper.sortMethods() took 0 ms.
2026-04-24 14:11:44 INFO  org.testng.internal.Utils - [Utils] MethodGroupsHelper.collectMethodsByGroup() took 0 ms.
2026-04-24 14:11:44 INFO  org.testng.internal.Utils - [Utils] MethodGroupsHelper.sortMethods() took 0 ms.
2026-04-24 14:11:44 INFO  org.testng.internal.Utils - [Utils] MethodGroupsHelper.collectMethodsByGroup() took 0 ms.
2026-04-24 14:11:44 INFO  org.testng.internal.Utils - [Utils] MethodGroupsHelper.sortMethods() took 0 ms.
2026-04-24 14:11:44 INFO  org.testng.internal.Utils - [Utils] MethodGroupsHelper.collectMethodsByGroup() took 9 ms.
2026-04-24 14:11:44 INFO  org.testng.internal.Utils - [Utils] MethodGroupsHelper.sortMethods() took 20 ms.
2026-04-24 14:11:44 INFO  org.testng.internal.Utils - [Utils] MethodGroupsHelper.collectMethodsByGroup() took 0 ms.
2026-04-24 14:11:44 INFO  org.testng.internal.Utils - [Utils] MethodGroupsHelper.sortMethods() took 1 ms.
2026-04-24 14:11:44 INFO  org.testng.internal.Utils - [Utils] MethodGroupsHelper.collectMethodsByGroup() took 0 ms.
2026-04-24 14:11:44 INFO  org.testng.internal.Utils - [Utils] MethodGroupsHelper.sortMethods() took 0 ms.
2026-04-24 14:11:44 INFO  org.testng.internal.Utils - [Utils] MethodGroupsHelper.collectMethodsByGroup() took 0 ms.
2026-04-24 14:11:44 INFO  org.testng.internal.Utils - [Utils] MethodGroupsHelper.sortMethods() took 0 ms.
2026-04-24 14:11:44 INFO  org.testng.internal.Utils - [Utils] MethodGroupsHelper.collectMethodsByGroup() took 14 ms.
2026-04-24 14:11:44 INFO  org.testng.internal.Utils - [Utils] MethodGroupsHelper.sortMethods() took 0 ms.
2026-04-24 14:11:44 INFO  org.testng.internal.Utils - [Utils] MethodGroupsHelper.collectMethodsByGroup() took 0 ms.
2026-04-24 14:11:44 INFO  org.testng.internal.Utils - [Utils] MethodGroupsHelper.sortMethods() took 1 ms.
2026-04-24 14:11:44 INFO  org.testng.internal.Utils - [Utils] MethodGroupsHelper.collectMethodsByGroup() took 0 ms.
2026-04-24 14:11:44 INFO  org.testng.internal.Utils - [Utils] MethodGroupsHelper.sortMethods() took 0 ms.
2026-04-24 14:11:44 INFO  org.testng.internal.Utils - [TestNG] Running:
  C:\Users\Rahul\AppData\Local\Temp\testng-eclipse--1963609641\testng-customsuite.xml

2026-04-24 14:11:44 INFO  org.testng.internal.Utils - [Utils] DynamicGraphHelper.createDynamicGraph() took 6 ms.
2026-04-24 14:12:22 INFO  org.testng.internal.Utils - [TestNG] Time taken by org.testng.reporters.jq.Main@b9a77c8: 66 ms
2026-04-24 14:12:22 INFO  org.testng.internal.Utils - [TestNG] Time taken by org.testng.reporters.FailedReporter@3650d4fc: 12 ms
2026-04-24 14:12:22 INFO  org.testng.internal.Utils - [TestNG] Time taken by org.testng.reporters.XMLReporter@23f86d8a: 11 ms
2026-04-24 14:12:22 INFO  org.testng.internal.Utils - [TestNG] Time taken by org.testng.reporters.EmailableReporter2@2bc426f0: 9 ms
2026-04-24 14:12:22 INFO  org.testng.internal.Utils - [TestNG] Time taken by org.testng.reporters.JUnitReportReporter@c2584d3: 7 ms
2026-04-24 14:12:22 INFO  org.testng.internal.Utils - [TestNG] Time taken by org.testng.internal.ExitCodeListener@6fa0450e: 0 ms
2026-04-24 14:12:37 DEBUG org.testng.TestNG - suiteXmlPath: "C:\Users\Rahul\AppData\Local\Temp\testng-eclipse-1122738766\testng-customsuite.xml"
2026-04-24 14:12:38 INFO  org.testng.internal.Utils - [Utils] MethodGroupsHelper.collectMethodsByGroup() took 1 ms.
2026-04-24 14:12:38 INFO  org.testng.internal.Utils - [Utils] MethodGroupsHelper.sortMethods() took 2 ms.
2026-04-24 14:12:38 INFO  org.testng.internal.Utils - [Utils] MethodGroupsHelper.collectMethodsByGroup() took 0 ms.
2026-04-24 14:12:38 INFO  org.testng.internal.Utils - [Utils] MethodGroupsHelper.sortMethods() took 0 ms.
2026-04-24 14:12:38 INFO  org.testng.internal.Utils - [Utils] MethodGroupsHelper.collectMethodsByGroup() took 0 ms.
2026-04-24 14:12:38 INFO  org.testng.internal.Utils - [Utils] MethodGroupsHelper.sortMethods() took 0 ms.
2026-04-24 14:12:38 INFO  org.testng.internal.Utils - [Utils] MethodGroupsHelper.collectMethodsByGroup() took 0 ms.
2026-04-24 14:12:38 INFO  org.testng.internal.Utils - [Utils] MethodGroupsHelper.sortMethods() took 0 ms.
2026-04-24 14:12:38 INFO  org.testng.internal.Utils - [Utils] MethodGroupsHelper.collectMethodsByGroup() took 0 ms.
2026-04-24 14:12:38 INFO  org.testng.internal.Utils - [Utils] MethodGroupsHelper.sortMethods() took 0 ms.
2026-04-24 14:12:38 INFO  org.testng.internal.Utils - [Utils] MethodGroupsHelper.collectMethodsByGroup() took 0 ms.
2026-04-24 14:12:38 INFO  org.testng.internal.Utils - [Utils] MethodGroupsHelper.sortMethods() took 0 ms.
2026-04-24 14:12:38 INFO  org.testng.internal.Utils - [Utils] MethodGroupsHelper.collectMethodsByGroup() took 0 ms.
2026-04-24 14:12:38 INFO  org.testng.internal.Utils - [Utils] MethodGroupsHelper.sortMethods() took 0 ms.
2026-04-24 14:12:38 INFO  org.testng.internal.Utils - [Utils] MethodGroupsHelper.collectMethodsByGroup() took 0 ms.
2026-04-24 14:12:38 INFO  org.testng.internal.Utils - [Utils] MethodGroupsHelper.sortMethods() took 0 ms.
2026-04-24 14:12:38 INFO  org.testng.internal.Utils - [Utils] MethodGroupsHelper.collectMethodsByGroup() took 7 ms.
2026-04-24 14:12:38 INFO  org.testng.internal.Utils - [Utils] MethodGroupsHelper.sortMethods() took 13 ms.
2026-04-24 14:12:38 INFO  org.testng.internal.Utils - [Utils] MethodGroupsHelper.collectMethodsByGroup() took 0 ms.
2026-04-24 14:12:38 INFO  org.testng.internal.Utils - [Utils] MethodGroupsHelper.sortMethods() took 0 ms.
2026-04-24 14:12:38 INFO  org.testng.internal.Utils - [Utils] MethodGroupsHelper.collectMethodsByGroup() took 0 ms.
2026-04-24 14:12:38 INFO  org.testng.internal.Utils - [Utils] MethodGroupsHelper.sortMethods() took 0 ms.
2026-04-24 14:12:38 INFO  org.testng.internal.Utils - [Utils] MethodGroupsHelper.collectMethodsByGroup() took 0 ms.
2026-04-24 14:12:38 INFO  org.testng.internal.Utils - [Utils] MethodGroupsHelper.sortMethods() took 0 ms.
2026-04-24 14:12:38 INFO  org.testng.internal.Utils - [Utils] MethodGroupsHelper.collectMethodsByGroup() took 12 ms.
2026-04-24 14:12:38 INFO  org.testng.internal.Utils - [Utils] MethodGroupsHelper.sortMethods() took 0 ms.
2026-04-24 14:12:38 INFO  org.testng.internal.Utils - [Utils] MethodGroupsHelper.collectMethodsByGroup() took 0 ms.
2026-04-24 14:12:38 INFO  org.testng.internal.Utils - [Utils] MethodGroupsHelper.sortMethods() took 0 ms.
2026-04-24 14:12:38 INFO  org.testng.internal.Utils - [Utils] MethodGroupsHelper.collectMethodsByGroup() took 0 ms.
2026-04-24 14:12:38 INFO  org.testng.internal.Utils - [Utils] MethodGroupsHelper.sortMethods() took 0 ms.
2026-04-24 14:12:38 INFO  org.testng.internal.Utils - [TestNG] Running:
  C:\Users\Rahul\AppData\Local\Temp\testng-eclipse-1122738766\testng-customsuite.xml

2026-04-24 14:12:38 INFO  org.testng.internal.Utils - [Utils] DynamicGraphHelper.createDynamicGraph() took 7 ms.
2026-04-24 14:13:56 INFO  org.testng.internal.Utils - [TestNG] Time taken by org.testng.reporters.jq.Main@52b46d52: 60 ms
2026-04-24 14:13:56 INFO  org.testng.internal.Utils - [TestNG] Time taken by org.testng.reporters.FailedReporter@642857e0: 13 ms
2026-04-24 14:13:56 INFO  org.testng.internal.Utils - [TestNG] Time taken by org.testng.reporters.XMLReporter@7b61bf11: 11 ms
2026-04-24 14:13:56 INFO  org.testng.internal.Utils - [TestNG] Time taken by org.testng.reporters.EmailableReporter2@29c17c3d: 14 ms
2026-04-24 14:13:56 INFO  org.testng.internal.Utils - [TestNG] Time taken by org.testng.reporters.JUnitReportReporter@30ec7d21: 11 ms
2026-04-24 14:13:56 INFO  org.testng.internal.Utils - [TestNG] Time taken by org.testng.internal.ExitCodeListener@70025b99: 0 ms
2026-04-24 14:14:19 DEBUG org.testng.TestNG - suiteXmlPath: "C:\Users\Rahul\AppData\Local\Temp\testng-eclipse--624669789\testng-customsuite.xml"
2026-04-24 14:14:20 INFO  org.testng.internal.Utils - [Utils] MethodGroupsHelper.collectMethodsByGroup() took 0 ms.
2026-04-24 14:14:20 INFO  org.testng.internal.Utils - [Utils] MethodGroupsHelper.sortMethods() took 2 ms.
2026-04-24 14:14:20 INFO  org.testng.internal.Utils - [Utils] MethodGroupsHelper.collectMethodsByGroup() took 0 ms.
2026-04-24 14:14:20 INFO  org.testng.internal.Utils - [Utils] MethodGroupsHelper.sortMethods() took 0 ms.
2026-04-24 14:14:20 INFO  org.testng.internal.Utils - [Utils] MethodGroupsHelper.collectMethodsByGroup() took 0 ms.
2026-04-24 14:14:20 INFO  org.testng.internal.Utils - [Utils] MethodGroupsHelper.sortMethods() took 0 ms.
2026-04-24 14:14:20 INFO  org.testng.internal.Utils - [Utils] MethodGroupsHelper.collectMethodsByGroup() took 0 ms.
2026-04-24 14:14:20 INFO  org.testng.internal.Utils - [Utils] MethodGroupsHelper.sortMethods() took 0 ms.
2026-04-24 14:14:20 INFO  org.testng.internal.Utils - [Utils] MethodGroupsHelper.collectMethodsByGroup() took 0 ms.
2026-04-24 14:14:20 INFO  org.testng.internal.Utils - [Utils] MethodGroupsHelper.sortMethods() took 0 ms.
2026-04-24 14:14:20 INFO  org.testng.internal.Utils - [Utils] MethodGroupsHelper.collectMethodsByGroup() took 0 ms.
2026-04-24 14:14:20 INFO  org.testng.internal.Utils - [Utils] MethodGroupsHelper.sortMethods() took 0 ms.
2026-04-24 14:14:20 INFO  org.testng.internal.Utils - [Utils] MethodGroupsHelper.collectMethodsByGroup() took 0 ms.
2026-04-24 14:14:20 INFO  org.testng.internal.Utils - [Utils] MethodGroupsHelper.sortMethods() took 0 ms.
2026-04-24 14:14:20 INFO  org.testng.internal.Utils - [Utils] MethodGroupsHelper.collectMethodsByGroup() took 0 ms.
2026-04-24 14:14:20 INFO  org.testng.internal.Utils - [Utils] MethodGroupsHelper.sortMethods() took 0 ms.
2026-04-24 14:14:20 INFO  org.testng.internal.Utils - [Utils] MethodGroupsHelper.collectMethodsByGroup() took 12 ms.
2026-04-24 14:14:20 INFO  org.testng.internal.Utils - [Utils] MethodGroupsHelper.sortMethods() took 17 ms.
2026-04-24 14:14:20 INFO  org.testng.internal.Utils - [Utils] MethodGroupsHelper.collectMethodsByGroup() took 0 ms.
2026-04-24 14:14:20 INFO  org.testng.internal.Utils - [Utils] MethodGroupsHelper.sortMethods() took 0 ms.
2026-04-24 14:14:20 INFO  org.testng.internal.Utils - [Utils] MethodGroupsHelper.collectMethodsByGroup() took 0 ms.
2026-04-24 14:14:20 INFO  org.testng.internal.Utils - [Utils] MethodGroupsHelper.sortMethods() took 0 ms.
2026-04-24 14:14:20 INFO  org.testng.internal.Utils - [Utils] MethodGroupsHelper.collectMethodsByGroup() took 0 ms.
2026-04-24 14:14:20 INFO  org.testng.internal.Utils - [Utils] MethodGroupsHelper.sortMethods() took 0 ms.
2026-04-24 14:14:20 INFO  org.testng.internal.Utils - [Utils] MethodGroupsHelper.collectMethodsByGroup() took 20 ms.
2026-04-24 14:14:20 INFO  org.testng.internal.Utils - [Utils] MethodGroupsHelper.sortMethods() took 0 ms.
2026-04-24 14:14:20 INFO  org.testng.internal.Utils - [Utils] MethodGroupsHelper.collectMethodsByGroup() took 0 ms.
2026-04-24 14:14:20 INFO  org.testng.internal.Utils - [Utils] MethodGroupsHelper.sortMethods() took 0 ms.
2026-04-24 14:14:20 INFO  org.testng.internal.Utils - [Utils] MethodGroupsHelper.collectMethodsByGroup() took 0 ms.
2026-04-24 14:14:20 INFO  org.testng.internal.Utils - [Utils] MethodGroupsHelper.sortMethods() took 0 ms.
2026-04-24 14:14:20 INFO  org.testng.internal.Utils - [TestNG] Running:
  C:\Users\Rahul\AppData\Local\Temp\testng-eclipse--624669789\testng-customsuite.xml

2026-04-24 14:14:20 INFO  org.testng.internal.Utils - [Utils] DynamicGraphHelper.createDynamicGraph() took 5 ms.
2026-04-24 14:15:06 INFO  org.testng.internal.Utils - [TestNG] Time taken by org.testng.reporters.jq.Main@2687725a: 90 ms
2026-04-24 14:15:06 INFO  org.testng.internal.Utils - [TestNG] Time taken by org.testng.reporters.FailedReporter@33956d1a: 2 ms
2026-04-24 14:15:06 INFO  org.testng.internal.Utils - [TestNG] Time taken by org.testng.reporters.XMLReporter@a4b5ce3: 22 ms
2026-04-24 14:15:06 INFO  org.testng.internal.Utils - [TestNG] Time taken by org.testng.reporters.EmailableReporter2@22752544: 12 ms
2026-04-24 14:15:06 INFO  org.testng.internal.Utils - [TestNG] Time taken by org.testng.reporters.JUnitReportReporter@16a9eb2e: 10 ms
2026-04-24 14:15:06 INFO  org.testng.internal.Utils - [TestNG] Time taken by org.testng.internal.ExitCodeListener@76332405: 0 ms
2026-04-24 14:15:15 DEBUG org.testng.TestNG - suiteXmlPath: "C:\Users\Rahul\AppData\Local\Temp\testng-eclipse--1003000551\testng-customsuite.xml"
2026-04-24 14:15:15 INFO  org.testng.internal.Utils - [Utils] MethodGroupsHelper.collectMethodsByGroup() took 1 ms.
2026-04-24 14:15:15 INFO  org.testng.internal.Utils - [Utils] MethodGroupsHelper.sortMethods() took 2 ms.
2026-04-24 14:15:15 INFO  org.testng.internal.Utils - [Utils] MethodGroupsHelper.collectMethodsByGroup() took 0 ms.
2026-04-24 14:15:15 INFO  org.testng.internal.Utils - [Utils] MethodGroupsHelper.sortMethods() took 0 ms.
2026-04-24 14:15:15 INFO  org.testng.internal.Utils - [Utils] MethodGroupsHelper.collectMethodsByGroup() took 0 ms.
2026-04-24 14:15:15 INFO  org.testng.internal.Utils - [Utils] MethodGroupsHelper.sortMethods() took 0 ms.
2026-04-24 14:15:15 INFO  org.testng.internal.Utils - [Utils] MethodGroupsHelper.collectMethodsByGroup() took 0 ms.
2026-04-24 14:15:15 INFO  org.testng.internal.Utils - [Utils] MethodGroupsHelper.sortMethods() took 0 ms.
2026-04-24 14:15:15 INFO  org.testng.internal.Utils - [Utils] MethodGroupsHelper.collectMethodsByGroup() took 0 ms.
2026-04-24 14:15:15 INFO  org.testng.internal.Utils - [Utils] MethodGroupsHelper.sortMethods() took 0 ms.
2026-04-24 14:15:15 INFO  org.testng.internal.Utils - [Utils] MethodGroupsHelper.collectMethodsByGroup() took 0 ms.
2026-04-24 14:15:15 INFO  org.testng.internal.Utils - [Utils] MethodGroupsHelper.sortMethods() took 0 ms.
2026-04-24 14:15:15 INFO  org.testng.internal.Utils - [Utils] MethodGroupsHelper.collectMethodsByGroup() took 0 ms.
2026-04-24 14:15:15 INFO  org.testng.internal.Utils - [Utils] MethodGroupsHelper.sortMethods() took 0 ms.
2026-04-24 14:15:15 INFO  org.testng.internal.Utils - [Utils] MethodGroupsHelper.collectMethodsByGroup() took 0 ms.
2026-04-24 14:15:15 INFO  org.testng.internal.Utils - [Utils] MethodGroupsHelper.sortMethods() took 0 ms.
2026-04-24 14:15:15 INFO  org.testng.internal.Utils - [Utils] MethodGroupsHelper.collectMethodsByGroup() took 9 ms.
2026-04-24 14:15:15 INFO  org.testng.internal.Utils - [Utils] MethodGroupsHelper.sortMethods() took 21 ms.
2026-04-24 14:15:15 INFO  org.testng.internal.Utils - [Utils] MethodGroupsHelper.collectMethodsByGroup() took 0 ms.
2026-04-24 14:15:15 INFO  org.testng.internal.Utils - [Utils] MethodGroupsHelper.sortMethods() took 0 ms.
2026-04-24 14:15:15 INFO  org.testng.internal.Utils - [Utils] MethodGroupsHelper.collectMethodsByGroup() took 0 ms.
2026-04-24 14:15:15 INFO  org.testng.internal.Utils - [Utils] MethodGroupsHelper.sortMethods() took 0 ms.
2026-04-24 14:15:15 INFO  org.testng.internal.Utils - [Utils] MethodGroupsHelper.collectMethodsByGroup() took 0 ms.
2026-04-24 14:15:15 INFO  org.testng.internal.Utils - [Utils] MethodGroupsHelper.sortMethods() took 0 ms.
2026-04-24 14:15:15 INFO  org.testng.internal.Utils - [Utils] MethodGroupsHelper.collectMethodsByGroup() took 10 ms.
2026-04-24 14:15:15 INFO  org.testng.internal.Utils - [Utils] MethodGroupsHelper.sortMethods() took 0 ms.
2026-04-24 14:15:15 INFO  org.testng.internal.Utils - [Utils] MethodGroupsHelper.collectMethodsByGroup() took 0 ms.
2026-04-24 14:15:15 INFO  org.testng.internal.Utils - [Utils] MethodGroupsHelper.sortMethods() took 0 ms.
2026-04-24 14:15:15 INFO  org.testng.internal.Utils - [Utils] MethodGroupsHelper.collectMethodsByGroup() took 0 ms.
2026-04-24 14:15:15 INFO  org.testng.internal.Utils - [Utils] MethodGroupsHelper.sortMethods() took 0 ms.
2026-04-24 14:15:15 INFO  org.testng.internal.Utils - [TestNG] Running:
  C:\Users\Rahul\AppData\Local\Temp\testng-eclipse--1003000551\testng-customsuite.xml

2026-04-24 14:15:15 INFO  org.testng.internal.Utils - [Utils] DynamicGraphHelper.createDynamicGraph() took 5 ms.
2026-04-24 14:15:23 INFO  org.testng.internal.Utils - [TestNG] Time taken by org.testng.reporters.jq.Main@760245e1: 70 ms
2026-04-24 14:15:23 INFO  org.testng.internal.Utils - [TestNG] Time taken by org.testng.reporters.FailedReporter@bbf9e07: 2 ms
2026-04-24 14:15:23 INFO  org.testng.internal.Utils - [TestNG] Time taken by org.testng.reporters.XMLReporter@396ef8b2: 11 ms
2026-04-24 14:15:23 INFO  org.testng.internal.Utils - [TestNG] Time taken by org.testng.reporters.EmailableReporter2@15b82644: 8 ms
2026-04-24 14:15:23 INFO  org.testng.internal.Utils - [TestNG] Time taken by org.testng.reporters.JUnitReportReporter@1bc776b7: 9 ms
2026-04-24 14:15:23 INFO  org.testng.internal.Utils - [TestNG] Time taken by org.testng.internal.ExitCodeListener@475646d4: 0 ms
2026-04-24 14:15:29 DEBUG org.testng.TestNG - suiteXmlPath: "C:\Users\Rahul\AppData\Local\Temp\testng-eclipse-1752601720\testng-customsuite.xml"
2026-04-24 14:15:30 INFO  org.testng.internal.Utils - [Utils] MethodGroupsHelper.collectMethodsByGroup() took 1 ms.
2026-04-24 14:15:30 INFO  org.testng.internal.Utils - [Utils] MethodGroupsHelper.sortMethods() took 3 ms.
2026-04-24 14:15:30 INFO  org.testng.internal.Utils - [Utils] MethodGroupsHelper.collectMethodsByGroup() took 0 ms.
2026-04-24 14:15:30 INFO  org.testng.internal.Utils - [Utils] MethodGroupsHelper.sortMethods() took 0 ms.
2026-04-24 14:15:30 INFO  org.testng.internal.Utils - [Utils] MethodGroupsHelper.collectMethodsByGroup() took 0 ms.
2026-04-24 14:15:30 INFO  org.testng.internal.Utils - [Utils] MethodGroupsHelper.sortMethods() took 0 ms.
2026-04-24 14:15:30 INFO  org.testng.internal.Utils - [Utils] MethodGroupsHelper.collectMethodsByGroup() took 0 ms.
2026-04-24 14:15:30 INFO  org.testng.internal.Utils - [Utils] MethodGroupsHelper.sortMethods() took 0 ms.
2026-04-24 14:15:30 INFO  org.testng.internal.Utils - [Utils] MethodGroupsHelper.collectMethodsByGroup() took 0 ms.
2026-04-24 14:15:30 INFO  org.testng.internal.Utils - [Utils] MethodGroupsHelper.sortMethods() took 0 ms.
2026-04-24 14:15:30 INFO  org.testng.internal.Utils - [Utils] MethodGroupsHelper.collectMethodsByGroup() took 0 ms.
2026-04-24 14:15:30 INFO  org.testng.internal.Utils - [Utils] MethodGroupsHelper.sortMethods() took 0 ms.
2026-04-24 14:15:30 INFO  org.testng.internal.Utils - [Utils] MethodGroupsHelper.collectMethodsByGroup() took 0 ms.
2026-04-24 14:15:30 INFO  org.testng.internal.Utils - [Utils] MethodGroupsHelper.sortMethods() took 0 ms.
2026-04-24 14:15:30 INFO  org.testng.internal.Utils - [Utils] MethodGroupsHelper.collectMethodsByGroup() took 0 ms.
2026-04-24 14:15:30 INFO  org.testng.internal.Utils - [Utils] MethodGroupsHelper.sortMethods() took 0 ms.
2026-04-24 14:15:30 INFO  org.testng.internal.Utils - [Utils] MethodGroupsHelper.collectMethodsByGroup() took 10 ms.
2026-04-24 14:15:30 INFO  org.testng.internal.Utils - [Utils] MethodGroupsHelper.sortMethods() took 14 ms.
2026-04-24 14:15:30 INFO  org.testng.internal.Utils - [Utils] MethodGroupsHelper.collectMethodsByGroup() took 0 ms.
2026-04-24 14:15:30 INFO  org.testng.internal.Utils - [Utils] MethodGroupsHelper.sortMethods() took 0 ms.
2026-04-24 14:15:30 INFO  org.testng.internal.Utils - [Utils] MethodGroupsHelper.collectMethodsByGroup() took 0 ms.
2026-04-24 14:15:30 INFO  org.testng.internal.Utils - [Utils] MethodGroupsHelper.sortMethods() took 0 ms.
2026-04-24 14:15:30 INFO  org.testng.internal.Utils - [Utils] MethodGroupsHelper.collectMethodsByGroup() took 0 ms.
2026-04-24 14:15:30 INFO  org.testng.internal.Utils - [Utils] MethodGroupsHelper.sortMethods() took 1 ms.
2026-04-24 14:15:30 INFO  org.testng.internal.Utils - [Utils] MethodGroupsHelper.collectMethodsByGroup() took 18 ms.
2026-04-24 14:15:30 INFO  org.testng.internal.Utils - [Utils] MethodGroupsHelper.sortMethods() took 1 ms.
2026-04-24 14:15:30 INFO  org.testng.internal.Utils - [Utils] MethodGroupsHelper.collectMethodsByGroup() took 0 ms.
2026-04-24 14:15:30 INFO  org.testng.internal.Utils - [Utils] MethodGroupsHelper.sortMethods() took 0 ms.
2026-04-24 14:15:30 INFO  org.testng.internal.Utils - [Utils] MethodGroupsHelper.collectMethodsByGroup() took 0 ms.
2026-04-24 14:15:30 INFO  org.testng.internal.Utils - [Utils] MethodGroupsHelper.sortMethods() took 0 ms.
2026-04-24 14:15:30 INFO  org.testng.internal.Utils - [TestNG] Running:
  C:\Users\Rahul\AppData\Local\Temp\testng-eclipse-1752601720\testng-customsuite.xml

2026-04-24 14:15:30 INFO  org.testng.internal.Utils - [Utils] DynamicGraphHelper.createDynamicGraph() took 3 ms.
2026-04-24 14:15:47 INFO  org.testng.internal.Utils - [TestNG] Time taken by org.testng.reporters.jq.Main@476fe690: 68 ms
2026-04-24 14:15:47 INFO  org.testng.internal.Utils - [TestNG] Time taken by org.testng.reporters.FailedReporter@3dffc764: 20 ms
2026-04-24 14:15:47 INFO  org.testng.internal.Utils - [TestNG] Time taken by org.testng.reporters.XMLReporter@1a2bcd56: 14 ms
2026-04-24 14:15:47 INFO  org.testng.internal.Utils - [TestNG] Time taken by org.testng.reporters.EmailableReporter2@25ad4f71: 13 ms
2026-04-24 14:15:47 INFO  org.testng.internal.Utils - [TestNG] Time taken by org.testng.reporters.JUnitReportReporter@59072e9d: 12 ms
2026-04-24 14:15:47 INFO  org.testng.internal.Utils - [TestNG] Time taken by org.testng.internal.ExitCodeListener@58472096: 0 ms
2026-04-24 14:16:07 DEBUG org.testng.TestNG - suiteXmlPath: "C:\Users\Rahul\AppData\Local\Temp\testng-eclipse-1335595209\testng-customsuite.xml"
2026-04-24 14:16:07 INFO  org.testng.internal.Utils - [Utils] MethodGroupsHelper.collectMethodsByGroup() took 1 ms.
2026-04-24 14:16:07 INFO  org.testng.internal.Utils - [Utils] MethodGroupsHelper.sortMethods() took 2 ms.
2026-04-24 14:16:07 INFO  org.testng.internal.Utils - [Utils] MethodGroupsHelper.collectMethodsByGroup() took 0 ms.
2026-04-24 14:16:07 INFO  org.testng.internal.Utils - [Utils] MethodGroupsHelper.sortMethods() took 0 ms.
2026-04-24 14:16:07 INFO  org.testng.internal.Utils - [Utils] MethodGroupsHelper.collectMethodsByGroup() took 0 ms.
2026-04-24 14:16:07 INFO  org.testng.internal.Utils - [Utils] MethodGroupsHelper.sortMethods() took 0 ms.
2026-04-24 14:16:07 INFO  org.testng.internal.Utils - [Utils] MethodGroupsHelper.collectMethodsByGroup() took 0 ms.
2026-04-24 14:16:07 INFO  org.testng.internal.Utils - [Utils] MethodGroupsHelper.sortMethods() took 0 ms.
2026-04-24 14:16:07 INFO  org.testng.internal.Utils - [Utils] MethodGroupsHelper.collectMethodsByGroup() took 0 ms.
2026-04-24 14:16:07 INFO  org.testng.internal.Utils - [Utils] MethodGroupsHelper.sortMethods() took 0 ms.
2026-04-24 14:16:07 INFO  org.testng.internal.Utils - [Utils] MethodGroupsHelper.collectMethodsByGroup() took 0 ms.
2026-04-24 14:16:07 INFO  org.testng.internal.Utils - [Utils] MethodGroupsHelper.sortMethods() took 0 ms.
2026-04-24 14:16:07 INFO  org.testng.internal.Utils - [Utils] MethodGroupsHelper.collectMethodsByGroup() took 0 ms.
2026-04-24 14:16:07 INFO  org.testng.internal.Utils - [Utils] MethodGroupsHelper.sortMethods() took 0 ms.
2026-04-24 14:16:07 INFO  org.testng.internal.Utils - [Utils] MethodGroupsHelper.collectMethodsByGroup() took 0 ms.
2026-04-24 14:16:07 INFO  org.testng.internal.Utils - [Utils] MethodGroupsHelper.sortMethods() took 0 ms.
2026-04-24 14:16:07 INFO  org.testng.internal.Utils - [Utils] MethodGroupsHelper.collectMethodsByGroup() took 11 ms.
2026-04-24 14:16:07 INFO  org.testng.internal.Utils - [Utils] MethodGroupsHelper.sortMethods() took 17 ms.
2026-04-24 14:16:07 INFO  org.testng.internal.Utils - [Utils] MethodGroupsHelper.collectMethodsByGroup() took 0 ms.
2026-04-24 14:16:07 INFO  org.testng.internal.Utils - [Utils] MethodGroupsHelper.sortMethods() took 0 ms.
2026-04-24 14:16:07 INFO  org.testng.internal.Utils - [Utils] MethodGroupsHelper.collectMethodsByGroup() took 0 ms.
2026-04-24 14:16:07 INFO  org.testng.internal.Utils - [Utils] MethodGroupsHelper.sortMethods() took 0 ms.
2026-04-24 14:16:07 INFO  org.testng.internal.Utils - [Utils] MethodGroupsHelper.collectMethodsByGroup() took 0 ms.
2026-04-24 14:16:07 INFO  org.testng.internal.Utils - [Utils] MethodGroupsHelper.sortMethods() took 0 ms.
2026-04-24 14:16:07 INFO  org.testng.internal.Utils - [Utils] MethodGroupsHelper.collectMethodsByGroup() took 11 ms.
2026-04-24 14:16:07 INFO  org.testng.internal.Utils - [Utils] MethodGroupsHelper.sortMethods() took 0 ms.
2026-04-24 14:16:07 INFO  org.testng.internal.Utils - [Utils] MethodGroupsHelper.collectMethodsByGroup() took 0 ms.
2026-04-24 14:16:07 INFO  org.testng.internal.Utils - [Utils] MethodGroupsHelper.sortMethods() took 0 ms.
2026-04-24 14:16:07 INFO  org.testng.internal.Utils - [Utils] MethodGroupsHelper.collectMethodsByGroup() took 0 ms.
2026-04-24 14:16:07 INFO  org.testng.internal.Utils - [Utils] MethodGroupsHelper.sortMethods() took 0 ms.
2026-04-24 14:16:08 INFO  org.testng.internal.Utils - [TestNG] Running:
  C:\Users\Rahul\AppData\Local\Temp\testng-eclipse-1335595209\testng-customsuite.xml

2026-04-24 14:16:08 INFO  org.testng.internal.Utils - [Utils] DynamicGraphHelper.createDynamicGraph() took 5 ms.
2026-04-24 14:17:17 INFO  org.testng.internal.Utils - [TestNG] Time taken by org.testng.reporters.jq.Main@2ecf5915: 65 ms
2026-04-24 14:17:17 INFO  org.testng.internal.Utils - [TestNG] Time taken by org.testng.reporters.FailedReporter@2fd64b11: 12 ms
2026-04-24 14:17:17 INFO  org.testng.internal.Utils - [TestNG] Time taken by org.testng.reporters.XMLReporter@abbe000: 13 ms
2026-04-24 14:17:17 INFO  org.testng.internal.Utils - [TestNG] Time taken by org.testng.reporters.EmailableReporter2@bc6288b: 11 ms
2026-04-24 14:17:17 INFO  org.testng.internal.Utils - [TestNG] Time taken by org.testng.reporters.JUnitReportReporter@10947c4e: 9 ms
2026-04-24 14:17:17 INFO  org.testng.internal.Utils - [TestNG] Time taken by org.testng.internal.ExitCodeListener@3667faa8: 0 ms
2026-04-24 14:17:38 DEBUG org.testng.TestNG - suiteXmlPath: "C:\Users\Rahul\AppData\Local\Temp\testng-eclipse--13244135\testng-customsuite.xml"
2026-04-24 14:17:39 INFO  org.testng.internal.Utils - [Utils] MethodGroupsHelper.collectMethodsByGroup() took 1 ms.
2026-04-24 14:17:39 INFO  org.testng.internal.Utils - [Utils] MethodGroupsHelper.sortMethods() took 1 ms.
2026-04-24 14:17:39 INFO  org.testng.internal.Utils - [Utils] MethodGroupsHelper.collectMethodsByGroup() took 0 ms.
2026-04-24 14:17:39 INFO  org.testng.internal.Utils - [Utils] MethodGroupsHelper.sortMethods() took 0 ms.
2026-04-24 14:17:39 INFO  org.testng.internal.Utils - [Utils] MethodGroupsHelper.collectMethodsByGroup() took 0 ms.
2026-04-24 14:17:39 INFO  org.testng.internal.Utils - [Utils] MethodGroupsHelper.sortMethods() took 0 ms.
2026-04-24 14:17:39 INFO  org.testng.internal.Utils - [Utils] MethodGroupsHelper.collectMethodsByGroup() took 0 ms.
2026-04-24 14:17:39 INFO  org.testng.internal.Utils - [Utils] MethodGroupsHelper.sortMethods() took 0 ms.
2026-04-24 14:17:39 INFO  org.testng.internal.Utils - [Utils] MethodGroupsHelper.collectMethodsByGroup() took 0 ms.
2026-04-24 14:17:39 INFO  org.testng.internal.Utils - [Utils] MethodGroupsHelper.sortMethods() took 0 ms.
2026-04-24 14:17:39 INFO  org.testng.internal.Utils - [Utils] MethodGroupsHelper.collectMethodsByGroup() took 0 ms.
2026-04-24 14:17:39 INFO  org.testng.internal.Utils - [Utils] MethodGroupsHelper.sortMethods() took 0 ms.
2026-04-24 14:17:39 INFO  org.testng.internal.Utils - [Utils] MethodGroupsHelper.collectMethodsByGroup() took 0 ms.
2026-04-24 14:17:39 INFO  org.testng.internal.Utils - [Utils] MethodGroupsHelper.sortMethods() took 0 ms.
2026-04-24 14:17:39 INFO  org.testng.internal.Utils - [Utils] MethodGroupsHelper.collectMethodsByGroup() took 0 ms.
2026-04-24 14:17:39 INFO  org.testng.internal.Utils - [Utils] MethodGroupsHelper.sortMethods() took 0 ms.
2026-04-24 14:17:39 INFO  org.testng.internal.Utils - [Utils] MethodGroupsHelper.collectMethodsByGroup() took 13 ms.
2026-04-24 14:17:39 INFO  org.testng.internal.Utils - [Utils] MethodGroupsHelper.sortMethods() took 23 ms.
2026-04-24 14:17:39 INFO  org.testng.internal.Utils - [Utils] MethodGroupsHelper.collectMethodsByGroup() took 0 ms.
2026-04-24 14:17:39 INFO  org.testng.internal.Utils - [Utils] MethodGroupsHelper.sortMethods() took 0 ms.
2026-04-24 14:17:39 INFO  org.testng.internal.Utils - [Utils] MethodGroupsHelper.collectMethodsByGroup() took 0 ms.
2026-04-24 14:17:39 INFO  org.testng.internal.Utils - [Utils] MethodGroupsHelper.sortMethods() took 0 ms.
2026-04-24 14:17:39 INFO  org.testng.internal.Utils - [Utils] MethodGroupsHelper.collectMethodsByGroup() took 0 ms.
2026-04-24 14:17:39 INFO  org.testng.internal.Utils - [Utils] MethodGroupsHelper.sortMethods() took 0 ms.
2026-04-24 14:17:39 INFO  org.testng.internal.Utils - [Utils] MethodGroupsHelper.collectMethodsByGroup() took 2 ms.
2026-04-24 14:17:39 INFO  org.testng.internal.Utils - [Utils] MethodGroupsHelper.sortMethods() took 18 ms.
2026-04-24 14:17:39 INFO  org.testng.internal.Utils - [Utils] MethodGroupsHelper.collectMethodsByGroup() took 0 ms.
2026-04-24 14:17:39 INFO  org.testng.internal.Utils - [Utils] MethodGroupsHelper.sortMethods() took 0 ms.
2026-04-24 14:17:39 INFO  org.testng.internal.Utils - [Utils] MethodGroupsHelper.collectMethodsByGroup() took 0 ms.
2026-04-24 14:17:39 INFO  org.testng.internal.Utils - [Utils] MethodGroupsHelper.sortMethods() took 0 ms.
2026-04-24 14:17:39 INFO  org.testng.internal.Utils - [TestNG] Running:
  C:\Users\Rahul\AppData\Local\Temp\testng-eclipse--13244135\testng-customsuite.xml

2026-04-24 14:17:39 INFO  org.testng.internal.Utils - [Utils] DynamicGraphHelper.createDynamicGraph() took 3 ms.
2026-04-24 14:30:09 DEBUG org.testng.TestNG - suiteXmlPath: "C:\Users\Rahul\AppData\Local\Temp\testng-eclipse-560349722\testng-customsuite.xml"
2026-04-24 14:30:10 INFO  org.testng.internal.Utils - [Utils] MethodGroupsHelper.collectMethodsByGroup() took 1 ms.
2026-04-24 14:30:10 INFO  org.testng.internal.Utils - [Utils] MethodGroupsHelper.sortMethods() took 2 ms.
2026-04-24 14:30:10 INFO  org.testng.internal.Utils - [Utils] MethodGroupsHelper.collectMethodsByGroup() took 0 ms.
2026-04-24 14:30:10 INFO  org.testng.internal.Utils - [Utils] MethodGroupsHelper.sortMethods() took 0 ms.
2026-04-24 14:30:10 INFO  org.testng.internal.Utils - [Utils] MethodGroupsHelper.collectMethodsByGroup() took 0 ms.
2026-04-24 14:30:10 INFO  org.testng.internal.Utils - [Utils] MethodGroupsHelper.sortMethods() took 0 ms.
2026-04-24 14:30:10 INFO  org.testng.internal.Utils - [Utils] MethodGroupsHelper.collectMethodsByGroup() took 0 ms.
2026-04-24 14:30:10 INFO  org.testng.internal.Utils - [Utils] MethodGroupsHelper.sortMethods() took 0 ms.
2026-04-24 14:30:10 INFO  org.testng.internal.Utils - [Utils] MethodGroupsHelper.collectMethodsByGroup() took 0 ms.
2026-04-24 14:30:10 INFO  org.testng.internal.Utils - [Utils] MethodGroupsHelper.sortMethods() took 0 ms.
2026-04-24 14:30:10 INFO  org.testng.internal.Utils - [Utils] MethodGroupsHelper.collectMethodsByGroup() took 0 ms.
2026-04-24 14:30:10 INFO  org.testng.internal.Utils - [Utils] MethodGroupsHelper.sortMethods() took 0 ms.
2026-04-24 14:30:10 INFO  org.testng.internal.Utils - [Utils] MethodGroupsHelper.collectMethodsByGroup() took 0 ms.
2026-04-24 14:30:10 INFO  org.testng.internal.Utils - [Utils] MethodGroupsHelper.sortMethods() took 0 ms.
2026-04-24 14:30:10 INFO  org.testng.internal.Utils - [Utils] MethodGroupsHelper.collectMethodsByGroup() took 0 ms.
2026-04-24 14:30:10 INFO  org.testng.internal.Utils - [Utils] MethodGroupsHelper.sortMethods() took 0 ms.
2026-04-24 14:30:10 INFO  org.testng.internal.Utils - [Utils] MethodGroupsHelper.collectMethodsByGroup() took 12 ms.
2026-04-24 14:30:10 INFO  org.testng.internal.Utils - [Utils] MethodGroupsHelper.sortMethods() took 21 ms.
2026-04-24 14:30:10 INFO  org.testng.internal.Utils - [Utils] MethodGroupsHelper.collectMethodsByGroup() took 0 ms.
2026-04-24 14:30:10 INFO  org.testng.internal.Utils - [Utils] MethodGroupsHelper.sortMethods() took 0 ms.
2026-04-24 14:30:10 INFO  org.testng.internal.Utils - [Utils] MethodGroupsHelper.collectMethodsByGroup() took 0 ms.
2026-04-24 14:30:10 INFO  org.testng.internal.Utils - [Utils] MethodGroupsHelper.sortMethods() took 0 ms.
2026-04-24 14:30:10 INFO  org.testng.internal.Utils - [Utils] MethodGroupsHelper.collectMethodsByGroup() took 0 ms.
2026-04-24 14:30:10 INFO  org.testng.internal.Utils - [Utils] MethodGroupsHelper.sortMethods() took 0 ms.
2026-04-24 14:30:10 INFO  org.testng.internal.Utils - [Utils] MethodGroupsHelper.collectMethodsByGroup() took 11 ms.
2026-04-24 14:30:10 INFO  org.testng.internal.Utils - [Utils] MethodGroupsHelper.sortMethods() took 0 ms.
2026-04-24 14:30:10 INFO  org.testng.internal.Utils - [Utils] MethodGroupsHelper.collectMethodsByGroup() took 0 ms.
2026-04-24 14:30:10 INFO  org.testng.internal.Utils - [Utils] MethodGroupsHelper.sortMethods() took 0 ms.
2026-04-24 14:30:10 INFO  org.testng.internal.Utils - [Utils] MethodGroupsHelper.collectMethodsByGroup() took 0 ms.
2026-04-24 14:30:10 INFO  org.testng.internal.Utils - [Utils] MethodGroupsHelper.sortMethods() took 0 ms.
2026-04-24 14:30:10 INFO  org.testng.internal.Utils - [TestNG] Running:
  C:\Users\Rahul\AppData\Local\Temp\testng-eclipse-560349722\testng-customsuite.xml

2026-04-24 14:30:10 INFO  org.testng.internal.Utils - [Utils] DynamicGraphHelper.createDynamicGraph() took 4 ms.
2026-04-24 14:30:25 INFO  org.testng.internal.Utils - [TestNG] Time taken by org.testng.reporters.jq.Main@778d82e9: 58 ms
2026-04-24 14:30:25 INFO  org.testng.internal.Utils - [TestNG] Time taken by org.testng.reporters.FailedReporter@4e1ce44: 23 ms
2026-04-24 14:30:25 INFO  org.testng.internal.Utils - [TestNG] Time taken by org.testng.reporters.XMLReporter@6a9b9909: 15 ms
2026-04-24 14:30:25 INFO  org.testng.internal.Utils - [TestNG] Time taken by org.testng.reporters.EmailableReporter2@1dd7796b: 11 ms
2026-04-24 14:30:25 INFO  org.testng.internal.Utils - [TestNG] Time taken by org.testng.reporters.JUnitReportReporter@2b22a1cc: 12 ms
2026-04-24 14:30:25 INFO  org.testng.internal.Utils - [TestNG] Time taken by org.testng.internal.ExitCodeListener@62573c86: 0 ms
2026-04-24 14:33:47 DEBUG org.testng.TestNG - suiteXmlPath: "C:\Users\Rahul\AppData\Local\Temp\testng-eclipse--1623209200\testng-customsuite.xml"
2026-04-24 14:33:48 INFO  org.testng.internal.Utils - [Utils] MethodGroupsHelper.collectMethodsByGroup() took 1 ms.
2026-04-24 14:33:48 INFO  org.testng.internal.Utils - [Utils] MethodGroupsHelper.sortMethods() took 1 ms.
2026-04-24 14:33:48 INFO  org.testng.internal.Utils - [Utils] MethodGroupsHelper.collectMethodsByGroup() took 0 ms.
2026-04-24 14:33:48 INFO  org.testng.internal.Utils - [Utils] MethodGroupsHelper.sortMethods() took 0 ms.
2026-04-24 14:33:48 INFO  org.testng.internal.Utils - [Utils] MethodGroupsHelper.collectMethodsByGroup() took 0 ms.
2026-04-24 14:33:48 INFO  org.testng.internal.Utils - [Utils] MethodGroupsHelper.sortMethods() took 0 ms.
2026-04-24 14:33:48 INFO  org.testng.internal.Utils - [Utils] MethodGroupsHelper.collectMethodsByGroup() took 0 ms.
2026-04-24 14:33:48 INFO  org.testng.internal.Utils - [Utils] MethodGroupsHelper.sortMethods() took 0 ms.
2026-04-24 14:33:48 INFO  org.testng.internal.Utils - [Utils] MethodGroupsHelper.collectMethodsByGroup() took 0 ms.
2026-04-24 14:33:48 INFO  org.testng.internal.Utils - [Utils] MethodGroupsHelper.sortMethods() took 0 ms.
2026-04-24 14:33:48 INFO  org.testng.internal.Utils - [Utils] MethodGroupsHelper.collectMethodsByGroup() took 0 ms.
2026-04-24 14:33:48 INFO  org.testng.internal.Utils - [Utils] MethodGroupsHelper.sortMethods() took 0 ms.
2026-04-24 14:33:48 INFO  org.testng.internal.Utils - [Utils] MethodGroupsHelper.collectMethodsByGroup() took 0 ms.
2026-04-24 14:33:48 INFO  org.testng.internal.Utils - [Utils] MethodGroupsHelper.sortMethods() took 0 ms.
2026-04-24 14:33:48 INFO  org.testng.internal.Utils - [Utils] MethodGroupsHelper.collectMethodsByGroup() took 0 ms.
2026-04-24 14:33:48 INFO  org.testng.internal.Utils - [Utils] MethodGroupsHelper.sortMethods() took 0 ms.
2026-04-24 14:33:48 INFO  org.testng.internal.Utils - [Utils] MethodGroupsHelper.collectMethodsByGroup() took 7 ms.
2026-04-24 14:33:48 INFO  org.testng.internal.Utils - [Utils] MethodGroupsHelper.sortMethods() took 14 ms.
2026-04-24 14:33:48 INFO  org.testng.internal.Utils - [Utils] MethodGroupsHelper.collectMethodsByGroup() took 1 ms.
2026-04-24 14:33:48 INFO  org.testng.internal.Utils - [Utils] MethodGroupsHelper.sortMethods() took 0 ms.
2026-04-24 14:33:48 INFO  org.testng.internal.Utils - [Utils] MethodGroupsHelper.collectMethodsByGroup() took 0 ms.
2026-04-24 14:33:48 INFO  org.testng.internal.Utils - [Utils] MethodGroupsHelper.sortMethods() took 0 ms.
2026-04-24 14:33:48 INFO  org.testng.internal.Utils - [Utils] MethodGroupsHelper.collectMethodsByGroup() took 0 ms.
2026-04-24 14:33:48 INFO  org.testng.internal.Utils - [Utils] MethodGroupsHelper.sortMethods() took 0 ms.
2026-04-24 14:33:48 INFO  org.testng.internal.Utils - [Utils] MethodGroupsHelper.collectMethodsByGroup() took 19 ms.
2026-04-24 14:33:48 INFO  org.testng.internal.Utils - [Utils] MethodGroupsHelper.sortMethods() took 0 ms.
2026-04-24 14:33:48 INFO  org.testng.internal.Utils - [Utils] MethodGroupsHelper.collectMethodsByGroup() took 0 ms.
2026-04-24 14:33:48 INFO  org.testng.internal.Utils - [Utils] MethodGroupsHelper.sortMethods() took 0 ms.
2026-04-24 14:33:48 INFO  org.testng.internal.Utils - [Utils] MethodGroupsHelper.collectMethodsByGroup() took 0 ms.
2026-04-24 14:33:48 INFO  org.testng.internal.Utils - [Utils] MethodGroupsHelper.sortMethods() took 0 ms.
2026-04-24 14:33:48 INFO  org.testng.internal.Utils - [TestNG] Running:
  C:\Users\Rahul\AppData\Local\Temp\testng-eclipse--1623209200\testng-customsuite.xml

2026-04-24 14:33:48 INFO  org.testng.internal.Utils - [Utils] DynamicGraphHelper.createDynamicGraph() took 4 ms.
2026-04-24 14:34:40 INFO  org.testng.internal.Utils - [TestNG] Time taken by org.testng.reporters.jq.Main@6f8aba08: 73 ms
2026-04-24 14:34:40 INFO  org.testng.internal.Utils - [TestNG] Time taken by org.testng.reporters.FailedReporter@7cca01a8: 1 ms
2026-04-24 14:34:40 INFO  org.testng.internal.Utils - [TestNG] Time taken by org.testng.reporters.XMLReporter@49d30c6f: 9 ms
2026-04-24 14:34:40 INFO  org.testng.internal.Utils - [TestNG] Time taken by org.testng.reporters.EmailableReporter2@30b975ad: 6 ms
2026-04-24 14:34:40 INFO  org.testng.internal.Utils - [TestNG] Time taken by org.testng.reporters.JUnitReportReporter@3ddeaa5f: 7 ms
2026-04-24 14:34:40 INFO  org.testng.internal.Utils - [TestNG] Time taken by org.testng.internal.ExitCodeListener@1a500561: 0 ms
2026-04-24 14:35:14 DEBUG org.testng.TestNG - suiteXmlPath: "C:\Users\Rahul\AppData\Local\Temp\testng-eclipse--305924200\testng-customsuite.xml"
2026-04-24 14:35:15 INFO  org.testng.internal.Utils - [Utils] MethodGroupsHelper.collectMethodsByGroup() took 0 ms.
2026-04-24 14:35:15 INFO  org.testng.internal.Utils - [Utils] MethodGroupsHelper.sortMethods() took 1 ms.
2026-04-24 14:35:15 INFO  org.testng.internal.Utils - [Utils] MethodGroupsHelper.collectMethodsByGroup() took 0 ms.
2026-04-24 14:35:15 INFO  org.testng.internal.Utils - [Utils] MethodGroupsHelper.sortMethods() took 0 ms.
2026-04-24 14:35:15 INFO  org.testng.internal.Utils - [Utils] MethodGroupsHelper.collectMethodsByGroup() took 0 ms.
2026-04-24 14:35:15 INFO  org.testng.internal.Utils - [Utils] MethodGroupsHelper.sortMethods() took 0 ms.
2026-04-24 14:35:15 INFO  org.testng.internal.Utils - [Utils] MethodGroupsHelper.collectMethodsByGroup() took 0 ms.
2026-04-24 14:35:15 INFO  org.testng.internal.Utils - [Utils] MethodGroupsHelper.sortMethods() took 0 ms.
2026-04-24 14:35:15 INFO  org.testng.internal.Utils - [Utils] MethodGroupsHelper.collectMethodsByGroup() took 0 ms.
2026-04-24 14:35:15 INFO  org.testng.internal.Utils - [Utils] MethodGroupsHelper.sortMethods() took 0 ms.
2026-04-24 14:35:15 INFO  org.testng.internal.Utils - [Utils] MethodGroupsHelper.collectMethodsByGroup() took 0 ms.
2026-04-24 14:35:15 INFO  org.testng.internal.Utils - [Utils] MethodGroupsHelper.sortMethods() took 0 ms.
2026-04-24 14:35:15 INFO  org.testng.internal.Utils - [Utils] MethodGroupsHelper.collectMethodsByGroup() took 0 ms.
2026-04-24 14:35:15 INFO  org.testng.internal.Utils - [Utils] MethodGroupsHelper.sortMethods() took 0 ms.
2026-04-24 14:35:15 INFO  org.testng.internal.Utils - [Utils] MethodGroupsHelper.collectMethodsByGroup() took 0 ms.
2026-04-24 14:35:15 INFO  org.testng.internal.Utils - [Utils] MethodGroupsHelper.sortMethods() took 0 ms.
2026-04-24 14:35:15 INFO  org.testng.internal.Utils - [Utils] MethodGroupsHelper.collectMethodsByGroup() took 9 ms.
2026-04-24 14:35:15 INFO  org.testng.internal.Utils - [Utils] MethodGroupsHelper.sortMethods() took 12 ms.
2026-04-24 14:35:15 INFO  org.testng.internal.Utils - [Utils] MethodGroupsHelper.collectMethodsByGroup() took 1 ms.
2026-04-24 14:35:15 INFO  org.testng.internal.Utils - [Utils] MethodGroupsHelper.sortMethods() took 1 ms.
2026-04-24 14:35:15 INFO  org.testng.internal.Utils - [Utils] MethodGroupsHelper.collectMethodsByGroup() took 0 ms.
2026-04-24 14:35:15 INFO  org.testng.internal.Utils - [Utils] MethodGroupsHelper.sortMethods() took 0 ms.
2026-04-24 14:35:15 INFO  org.testng.internal.Utils - [Utils] MethodGroupsHelper.collectMethodsByGroup() took 0 ms.
2026-04-24 14:35:15 INFO  org.testng.internal.Utils - [Utils] MethodGroupsHelper.sortMethods() took 0 ms.
2026-04-24 14:35:15 INFO  org.testng.internal.Utils - [Utils] MethodGroupsHelper.collectMethodsByGroup() took 13 ms.
2026-04-24 14:35:15 INFO  org.testng.internal.Utils - [Utils] MethodGroupsHelper.sortMethods() took 0 ms.
2026-04-24 14:35:15 INFO  org.testng.internal.Utils - [Utils] MethodGroupsHelper.collectMethodsByGroup() took 0 ms.
2026-04-24 14:35:15 INFO  org.testng.internal.Utils - [Utils] MethodGroupsHelper.sortMethods() took 0 ms.
2026-04-24 14:35:15 INFO  org.testng.internal.Utils - [Utils] MethodGroupsHelper.collectMethodsByGroup() took 0 ms.
2026-04-24 14:35:15 INFO  org.testng.internal.Utils - [Utils] MethodGroupsHelper.sortMethods() took 0 ms.
2026-04-24 14:35:15 INFO  org.testng.internal.Utils - [TestNG] Running:
  C:\Users\Rahul\AppData\Local\Temp\testng-eclipse--305924200\testng-customsuite.xml

2026-04-24 14:35:15 INFO  org.testng.internal.Utils - [Utils] DynamicGraphHelper.createDynamicGraph() took 8 ms.
2026-04-24 14:36:35 INFO  org.testng.internal.Utils - [TestNG] Time taken by org.testng.reporters.jq.Main@54e12f4c: 73 ms
2026-04-24 14:36:35 INFO  org.testng.internal.Utils - [TestNG] Time taken by org.testng.reporters.FailedReporter@111d5c97: 15 ms
2026-04-24 14:36:35 INFO  org.testng.internal.Utils - [TestNG] Time taken by org.testng.reporters.XMLReporter@3ba3d4b6: 15 ms
2026-04-24 14:36:35 INFO  org.testng.internal.Utils - [TestNG] Time taken by org.testng.reporters.EmailableReporter2@6a1ef65c: 14 ms
2026-04-24 14:36:35 INFO  org.testng.internal.Utils - [TestNG] Time taken by org.testng.reporters.JUnitReportReporter@696db620: 12 ms
2026-04-24 14:36:35 INFO  org.testng.internal.Utils - [TestNG] Time taken by org.testng.internal.ExitCodeListener@6968c1d6: 0 ms
2026-04-24 14:36:38 DEBUG org.testng.TestNG - suiteXmlPath: "C:\Users\Rahul\AppData\Local\Temp\testng-eclipse--2102778185\testng-customsuite.xml"
2026-04-24 14:36:39 INFO  org.testng.internal.Utils - [Utils] MethodGroupsHelper.collectMethodsByGroup() took 1 ms.
2026-04-24 14:36:39 INFO  org.testng.internal.Utils - [Utils] MethodGroupsHelper.sortMethods() took 2 ms.
2026-04-24 14:36:39 INFO  org.testng.internal.Utils - [Utils] MethodGroupsHelper.collectMethodsByGroup() took 0 ms.
2026-04-24 14:36:39 INFO  org.testng.internal.Utils - [Utils] MethodGroupsHelper.sortMethods() took 0 ms.
2026-04-24 14:36:39 INFO  org.testng.internal.Utils - [Utils] MethodGroupsHelper.collectMethodsByGroup() took 0 ms.
2026-04-24 14:36:39 INFO  org.testng.internal.Utils - [Utils] MethodGroupsHelper.sortMethods() took 0 ms.
2026-04-24 14:36:39 INFO  org.testng.internal.Utils - [Utils] MethodGroupsHelper.collectMethodsByGroup() took 0 ms.
2026-04-24 14:36:39 INFO  org.testng.internal.Utils - [Utils] MethodGroupsHelper.sortMethods() took 0 ms.
2026-04-24 14:36:39 INFO  org.testng.internal.Utils - [Utils] MethodGroupsHelper.collectMethodsByGroup() took 0 ms.
2026-04-24 14:36:39 INFO  org.testng.internal.Utils - [Utils] MethodGroupsHelper.sortMethods() took 0 ms.
2026-04-24 14:36:39 INFO  org.testng.internal.Utils - [Utils] MethodGroupsHelper.collectMethodsByGroup() took 0 ms.
2026-04-24 14:36:39 INFO  org.testng.internal.Utils - [Utils] MethodGroupsHelper.sortMethods() took 0 ms.
2026-04-24 14:36:39 INFO  org.testng.internal.Utils - [Utils] MethodGroupsHelper.collectMethodsByGroup() took 0 ms.
2026-04-24 14:36:39 INFO  org.testng.internal.Utils - [Utils] MethodGroupsHelper.sortMethods() took 0 ms.
2026-04-24 14:36:39 INFO  org.testng.internal.Utils - [Utils] MethodGroupsHelper.collectMethodsByGroup() took 0 ms.
2026-04-24 14:36:39 INFO  org.testng.internal.Utils - [Utils] MethodGroupsHelper.sortMethods() took 0 ms.
2026-04-24 14:36:39 INFO  org.testng.internal.Utils - [Utils] MethodGroupsHelper.collectMethodsByGroup() took 8 ms.
2026-04-24 14:36:39 INFO  org.testng.internal.Utils - [Utils] MethodGroupsHelper.sortMethods() took 12 ms.
2026-04-24 14:36:39 INFO  org.testng.internal.Utils - [Utils] MethodGroupsHelper.collectMethodsByGroup() took 1 ms.
2026-04-24 14:36:39 INFO  org.testng.internal.Utils - [Utils] MethodGroupsHelper.sortMethods() took 1 ms.
2026-04-24 14:36:39 INFO  org.testng.internal.Utils - [Utils] MethodGroupsHelper.collectMethodsByGroup() took 0 ms.
2026-04-24 14:36:39 INFO  org.testng.internal.Utils - [Utils] MethodGroupsHelper.sortMethods() took 0 ms.
2026-04-24 14:36:39 INFO  org.testng.internal.Utils - [Utils] MethodGroupsHelper.collectMethodsByGroup() took 0 ms.
2026-04-24 14:36:39 INFO  org.testng.internal.Utils - [Utils] MethodGroupsHelper.sortMethods() took 0 ms.
2026-04-24 14:36:39 INFO  org.testng.internal.Utils - [Utils] MethodGroupsHelper.collectMethodsByGroup() took 13 ms.
2026-04-24 14:36:39 INFO  org.testng.internal.Utils - [Utils] MethodGroupsHelper.sortMethods() took 0 ms.
2026-04-24 14:36:39 INFO  org.testng.internal.Utils - [Utils] MethodGroupsHelper.collectMethodsByGroup() took 0 ms.
2026-04-24 14:36:39 INFO  org.testng.internal.Utils - [Utils] MethodGroupsHelper.sortMethods() took 0 ms.
2026-04-24 14:36:39 INFO  org.testng.internal.Utils - [Utils] MethodGroupsHelper.collectMethodsByGroup() took 0 ms.
2026-04-24 14:36:39 INFO  org.testng.internal.Utils - [Utils] MethodGroupsHelper.sortMethods() took 0 ms.
2026-04-24 14:36:39 INFO  org.testng.internal.Utils - [TestNG] Running:
  C:\Users\Rahul\AppData\Local\Temp\testng-eclipse--2102778185\testng-customsuite.xml

2026-04-24 14:36:39 INFO  org.testng.internal.Utils - [Utils] DynamicGraphHelper.createDynamicGraph() took 7 ms.
2026-04-24 14:36:52 INFO  org.testng.internal.Utils - [TestNG] Time taken by org.testng.reporters.jq.Main@4b6e1c0: 86 ms
2026-04-24 14:36:52 INFO  org.testng.internal.Utils - [TestNG] Time taken by org.testng.reporters.FailedReporter@a451491: 16 ms
2026-04-24 14:36:52 INFO  org.testng.internal.Utils - [TestNG] Time taken by org.testng.reporters.XMLReporter@6e0c6a7a: 49 ms
2026-04-24 14:36:52 INFO  org.testng.internal.Utils - [TestNG] Time taken by org.testng.reporters.EmailableReporter2@2e66bc32: 11 ms
2026-04-24 14:36:52 INFO  org.testng.internal.Utils - [TestNG] Time taken by org.testng.reporters.JUnitReportReporter@5624657a: 11 ms
2026-04-24 14:36:52 INFO  org.testng.internal.Utils - [TestNG] Time taken by org.testng.internal.ExitCodeListener@36681447: 0 ms
2026-04-24 14:44:52 DEBUG org.testng.TestNG - suiteXmlPath: "C:\Users\Rahul\AppData\Local\Temp\testng-eclipse--798771694\testng-customsuite.xml"
2026-04-24 14:44:53 INFO  org.testng.internal.Utils - [Utils] MethodGroupsHelper.collectMethodsByGroup() took 1 ms.
2026-04-24 14:44:53 INFO  org.testng.internal.Utils - [Utils] MethodGroupsHelper.sortMethods() took 2 ms.
2026-04-24 14:44:53 INFO  org.testng.internal.Utils - [Utils] MethodGroupsHelper.collectMethodsByGroup() took 0 ms.
2026-04-24 14:44:53 INFO  org.testng.internal.Utils - [Utils] MethodGroupsHelper.sortMethods() took 0 ms.
2026-04-24 14:44:53 INFO  org.testng.internal.Utils - [Utils] MethodGroupsHelper.collectMethodsByGroup() took 0 ms.
2026-04-24 14:44:53 INFO  org.testng.internal.Utils - [Utils] MethodGroupsHelper.sortMethods() took 0 ms.
2026-04-24 14:44:53 INFO  org.testng.internal.Utils - [Utils] MethodGroupsHelper.collectMethodsByGroup() took 0 ms.
2026-04-24 14:44:53 INFO  org.testng.internal.Utils - [Utils] MethodGroupsHelper.sortMethods() took 0 ms.
2026-04-24 14:44:53 INFO  org.testng.internal.Utils - [Utils] MethodGroupsHelper.collectMethodsByGroup() took 0 ms.
2026-04-24 14:44:53 INFO  org.testng.internal.Utils - [Utils] MethodGroupsHelper.sortMethods() took 0 ms.
2026-04-24 14:44:53 INFO  org.testng.internal.Utils - [Utils] MethodGroupsHelper.collectMethodsByGroup() took 0 ms.
2026-04-24 14:44:53 INFO  org.testng.internal.Utils - [Utils] MethodGroupsHelper.sortMethods() took 0 ms.
2026-04-24 14:44:53 INFO  org.testng.internal.Utils - [Utils] MethodGroupsHelper.collectMethodsByGroup() took 0 ms.
2026-04-24 14:44:53 INFO  org.testng.internal.Utils - [Utils] MethodGroupsHelper.sortMethods() took 0 ms.
2026-04-24 14:44:53 INFO  org.testng.internal.Utils - [Utils] MethodGroupsHelper.collectMethodsByGroup() took 0 ms.
2026-04-24 14:44:53 INFO  org.testng.internal.Utils - [Utils] MethodGroupsHelper.sortMethods() took 0 ms.
2026-04-24 14:44:53 INFO  org.testng.internal.Utils - [Utils] MethodGroupsHelper.collectMethodsByGroup() took 7 ms.
2026-04-24 14:44:53 INFO  org.testng.internal.Utils - [Utils] MethodGroupsHelper.sortMethods() took 15 ms.
2026-04-24 14:44:53 INFO  org.testng.internal.Utils - [Utils] MethodGroupsHelper.collectMethodsByGroup() took 0 ms.
2026-04-24 14:44:53 INFO  org.testng.internal.Utils - [Utils] MethodGroupsHelper.sortMethods() took 0 ms.
2026-04-24 14:44:53 INFO  org.testng.internal.Utils - [Utils] MethodGroupsHelper.collectMethodsByGroup() took 0 ms.
2026-04-24 14:44:53 INFO  org.testng.internal.Utils - [Utils] MethodGroupsHelper.sortMethods() took 0 ms.
2026-04-24 14:44:53 INFO  org.testng.internal.Utils - [Utils] MethodGroupsHelper.collectMethodsByGroup() took 0 ms.
2026-04-24 14:44:53 INFO  org.testng.internal.Utils - [Utils] MethodGroupsHelper.sortMethods() took 0 ms.
2026-04-24 14:44:53 INFO  org.testng.internal.Utils - [Utils] MethodGroupsHelper.collectMethodsByGroup() took 10 ms.
2026-04-24 14:44:53 INFO  org.testng.internal.Utils - [Utils] MethodGroupsHelper.sortMethods() took 1 ms.
2026-04-24 14:44:53 INFO  org.testng.internal.Utils - [Utils] MethodGroupsHelper.collectMethodsByGroup() took 0 ms.
2026-04-24 14:44:53 INFO  org.testng.internal.Utils - [Utils] MethodGroupsHelper.sortMethods() took 0 ms.
2026-04-24 14:44:53 INFO  org.testng.internal.Utils - [Utils] MethodGroupsHelper.collectMethodsByGroup() took 0 ms.
2026-04-24 14:44:53 INFO  org.testng.internal.Utils - [Utils] MethodGroupsHelper.sortMethods() took 0 ms.
2026-04-24 14:44:53 INFO  org.testng.internal.Utils - [TestNG] Running:
  C:\Users\Rahul\AppData\Local\Temp\testng-eclipse--798771694\testng-customsuite.xml

2026-04-24 14:44:53 INFO  org.testng.internal.Utils - [Utils] DynamicGraphHelper.createDynamicGraph() took 7 ms.
2026-04-24 14:46:14 INFO  org.testng.internal.Utils - [TestNG] Time taken by org.testng.reporters.jq.Main@52b46d52: 69 ms
2026-04-24 14:46:14 INFO  org.testng.internal.Utils - [TestNG] Time taken by org.testng.reporters.FailedReporter@642857e0: 14 ms
2026-04-24 14:46:14 INFO  org.testng.internal.Utils - [TestNG] Time taken by org.testng.reporters.XMLReporter@7b61bf11: 12 ms
2026-04-24 14:46:14 INFO  org.testng.internal.Utils - [TestNG] Time taken by org.testng.reporters.EmailableReporter2@29c17c3d: 12 ms
2026-04-24 14:46:14 INFO  org.testng.internal.Utils - [TestNG] Time taken by org.testng.reporters.JUnitReportReporter@30ec7d21: 15 ms
2026-04-24 14:46:14 INFO  org.testng.internal.Utils - [TestNG] Time taken by org.testng.internal.ExitCodeListener@70025b99: 1 ms
2026-04-24 14:58:16 DEBUG org.testng.TestNG - suiteXmlPath: "C:\Users\Rahul\AppData\Local\Temp\testng-eclipse--1805498101\testng-customsuite.xml"
2026-04-24 14:58:16 INFO  org.testng.internal.Utils - [Utils] MethodGroupsHelper.collectMethodsByGroup() took 1 ms.
2026-04-24 14:58:16 INFO  org.testng.internal.Utils - [Utils] MethodGroupsHelper.sortMethods() took 2 ms.
2026-04-24 14:58:16 INFO  org.testng.internal.Utils - [Utils] MethodGroupsHelper.collectMethodsByGroup() took 0 ms.
2026-04-24 14:58:16 INFO  org.testng.internal.Utils - [Utils] MethodGroupsHelper.sortMethods() took 0 ms.
2026-04-24 14:58:16 INFO  org.testng.internal.Utils - [Utils] MethodGroupsHelper.collectMethodsByGroup() took 0 ms.
2026-04-24 14:58:16 INFO  org.testng.internal.Utils - [Utils] MethodGroupsHelper.sortMethods() took 0 ms.
2026-04-24 14:58:16 INFO  org.testng.internal.Utils - [Utils] MethodGroupsHelper.collectMethodsByGroup() took 0 ms.
2026-04-24 14:58:16 INFO  org.testng.internal.Utils - [Utils] MethodGroupsHelper.sortMethods() took 0 ms.
2026-04-24 14:58:16 INFO  org.testng.internal.Utils - [Utils] MethodGroupsHelper.collectMethodsByGroup() took 0 ms.
2026-04-24 14:58:16 INFO  org.testng.internal.Utils - [Utils] MethodGroupsHelper.sortMethods() took 0 ms.
2026-04-24 14:58:16 INFO  org.testng.internal.Utils - [Utils] MethodGroupsHelper.collectMethodsByGroup() took 0 ms.
2026-04-24 14:58:16 INFO  org.testng.internal.Utils - [Utils] MethodGroupsHelper.sortMethods() took 0 ms.
2026-04-24 14:58:16 INFO  org.testng.internal.Utils - [Utils] MethodGroupsHelper.collectMethodsByGroup() took 0 ms.
2026-04-24 14:58:16 INFO  org.testng.internal.Utils - [Utils] MethodGroupsHelper.sortMethods() took 0 ms.
2026-04-24 14:58:16 INFO  org.testng.internal.Utils - [Utils] MethodGroupsHelper.collectMethodsByGroup() took 0 ms.
2026-04-24 14:58:16 INFO  org.testng.internal.Utils - [Utils] MethodGroupsHelper.sortMethods() took 0 ms.
2026-04-24 14:58:16 INFO  org.testng.internal.Utils - [Utils] MethodGroupsHelper.collectMethodsByGroup() took 13 ms.
2026-04-24 14:58:16 INFO  org.testng.internal.Utils - [Utils] MethodGroupsHelper.sortMethods() took 12 ms.
2026-04-24 14:58:16 INFO  org.testng.internal.Utils - [Utils] MethodGroupsHelper.collectMethodsByGroup() took 0 ms.
2026-04-24 14:58:16 INFO  org.testng.internal.Utils - [Utils] MethodGroupsHelper.sortMethods() took 0 ms.
2026-04-24 14:58:16 INFO  org.testng.internal.Utils - [Utils] MethodGroupsHelper.collectMethodsByGroup() took 0 ms.
2026-04-24 14:58:16 INFO  org.testng.internal.Utils - [Utils] MethodGroupsHelper.sortMethods() took 0 ms.
2026-04-24 14:58:16 INFO  org.testng.internal.Utils - [Utils] MethodGroupsHelper.collectMethodsByGroup() took 0 ms.
2026-04-24 14:58:16 INFO  org.testng.internal.Utils - [Utils] MethodGroupsHelper.sortMethods() took 0 ms.
2026-04-24 14:58:16 INFO  org.testng.internal.Utils - [Utils] MethodGroupsHelper.collectMethodsByGroup() took 12 ms.
2026-04-24 14:58:16 INFO  org.testng.internal.Utils - [Utils] MethodGroupsHelper.sortMethods() took 0 ms.
2026-04-24 14:58:16 INFO  org.testng.internal.Utils - [Utils] MethodGroupsHelper.collectMethodsByGroup() took 0 ms.
2026-04-24 14:58:16 INFO  org.testng.internal.Utils - [Utils] MethodGroupsHelper.sortMethods() took 0 ms.
2026-04-24 14:58:16 INFO  org.testng.internal.Utils - [Utils] MethodGroupsHelper.collectMethodsByGroup() took 0 ms.
2026-04-24 14:58:16 INFO  org.testng.internal.Utils - [Utils] MethodGroupsHelper.sortMethods() took 0 ms.
2026-04-24 14:58:16 INFO  org.testng.internal.Utils - [TestNG] Running:
  C:\Users\Rahul\AppData\Local\Temp\testng-eclipse--1805498101\testng-customsuite.xml

2026-04-24 14:58:17 INFO  org.testng.internal.Utils - [Utils] DynamicGraphHelper.createDynamicGraph() took 6 ms.
2026-04-24 14:59:45 INFO  org.testng.internal.Utils - [TestNG] Time taken by org.testng.reporters.jq.Main@22d9ca63: 76 ms
2026-04-24 14:59:45 INFO  org.testng.internal.Utils - [TestNG] Time taken by org.testng.reporters.FailedReporter@68b734a8: 16 ms
2026-04-24 14:59:45 INFO  org.testng.internal.Utils - [TestNG] Time taken by org.testng.reporters.XMLReporter@7c0f28f8: 15 ms
2026-04-24 14:59:45 INFO  org.testng.internal.Utils - [TestNG] Time taken by org.testng.reporters.EmailableReporter2@7ba93755: 11 ms
2026-04-24 14:59:45 INFO  org.testng.internal.Utils - [TestNG] Time taken by org.testng.reporters.JUnitReportReporter@a6e4897: 7 ms
2026-04-24 14:59:45 INFO  org.testng.internal.Utils - [TestNG] Time taken by org.testng.internal.ExitCodeListener@32f5ecc4: 0 ms
2026-04-24 16:15:14 DEBUG org.testng.TestNG - suiteXmlPath: "C:\Users\Rahul\AppData\Local\Temp\testng-eclipse-1237406792\testng-customsuite.xml"
2026-04-24 16:15:14 INFO  org.testng.internal.Utils - [Utils] MethodGroupsHelper.collectMethodsByGroup() took 1 ms.
2026-04-24 16:15:14 INFO  org.testng.internal.Utils - [Utils] MethodGroupsHelper.sortMethods() took 1 ms.
2026-04-24 16:15:14 INFO  org.testng.internal.Utils - [Utils] MethodGroupsHelper.collectMethodsByGroup() took 0 ms.
2026-04-24 16:15:14 INFO  org.testng.internal.Utils - [Utils] MethodGroupsHelper.sortMethods() took 0 ms.
2026-04-24 16:15:14 INFO  org.testng.internal.Utils - [Utils] MethodGroupsHelper.collectMethodsByGroup() took 0 ms.
2026-04-24 16:15:14 INFO  org.testng.internal.Utils - [Utils] MethodGroupsHelper.sortMethods() took 0 ms.
2026-04-24 16:15:14 INFO  org.testng.internal.Utils - [Utils] MethodGroupsHelper.collectMethodsByGroup() took 0 ms.
2026-04-24 16:15:14 INFO  org.testng.internal.Utils - [Utils] MethodGroupsHelper.sortMethods() took 0 ms.
2026-04-24 16:15:14 INFO  org.testng.internal.Utils - [Utils] MethodGroupsHelper.collectMethodsByGroup() took 0 ms.
2026-04-24 16:15:14 INFO  org.testng.internal.Utils - [Utils] MethodGroupsHelper.sortMethods() took 0 ms.
2026-04-24 16:15:14 INFO  org.testng.internal.Utils - [Utils] MethodGroupsHelper.collectMethodsByGroup() took 0 ms.
2026-04-24 16:15:14 INFO  org.testng.internal.Utils - [Utils] MethodGroupsHelper.sortMethods() took 0 ms.
2026-04-24 16:15:14 INFO  org.testng.internal.Utils - [Utils] MethodGroupsHelper.collectMethodsByGroup() took 0 ms.
2026-04-24 16:15:14 INFO  org.testng.internal.Utils - [Utils] MethodGroupsHelper.sortMethods() took 0 ms.
2026-04-24 16:15:14 INFO  org.testng.internal.Utils - [Utils] MethodGroupsHelper.collectMethodsByGroup() took 0 ms.
2026-04-24 16:15:14 INFO  org.testng.internal.Utils - [Utils] MethodGroupsHelper.sortMethods() took 0 ms.
2026-04-24 16:15:15 INFO  org.testng.internal.Utils - [Utils] MethodGroupsHelper.collectMethodsByGroup() took 6 ms.
2026-04-24 16:15:15 INFO  org.testng.internal.Utils - [Utils] MethodGroupsHelper.sortMethods() took 13 ms.
2026-04-24 16:15:15 INFO  org.testng.internal.Utils - [Utils] MethodGroupsHelper.collectMethodsByGroup() took 0 ms.
2026-04-24 16:15:15 INFO  org.testng.internal.Utils - [Utils] MethodGroupsHelper.sortMethods() took 0 ms.
2026-04-24 16:15:15 INFO  org.testng.internal.Utils - [Utils] MethodGroupsHelper.collectMethodsByGroup() took 0 ms.
2026-04-24 16:15:15 INFO  org.testng.internal.Utils - [Utils] MethodGroupsHelper.sortMethods() took 0 ms.
2026-04-24 16:15:15 INFO  org.testng.internal.Utils - [Utils] MethodGroupsHelper.collectMethodsByGroup() took 0 ms.
2026-04-24 16:15:15 INFO  org.testng.internal.Utils - [Utils] MethodGroupsHelper.sortMethods() took 0 ms.
2026-04-24 16:15:15 INFO  org.testng.internal.Utils - [Utils] MethodGroupsHelper.collectMethodsByGroup() took 10 ms.
2026-04-24 16:15:15 INFO  org.testng.internal.Utils - [Utils] MethodGroupsHelper.sortMethods() took 0 ms.
2026-04-24 16:15:15 INFO  org.testng.internal.Utils - [Utils] MethodGroupsHelper.collectMethodsByGroup() took 0 ms.
2026-04-24 16:15:15 INFO  org.testng.internal.Utils - [Utils] MethodGroupsHelper.sortMethods() took 0 ms.
2026-04-24 16:15:15 INFO  org.testng.internal.Utils - [Utils] MethodGroupsHelper.collectMethodsByGroup() took 0 ms.
2026-04-24 16:15:15 INFO  org.testng.internal.Utils - [Utils] MethodGroupsHelper.sortMethods() took 0 ms.
2026-04-24 16:15:15 INFO  org.testng.internal.Utils - [TestNG] Running:
  C:\Users\Rahul\AppData\Local\Temp\testng-eclipse-1237406792\testng-customsuite.xml

2026-04-24 16:15:15 INFO  org.testng.internal.Utils - [Utils] DynamicGraphHelper.createDynamicGraph() took 4 ms.
2026-04-24 16:16:39 INFO  org.testng.internal.Utils - [TestNG] Time taken by org.testng.reporters.jq.Main@4fa4f485: 62 ms
2026-04-24 16:16:39 INFO  org.testng.internal.Utils - [TestNG] Time taken by org.testng.reporters.FailedReporter@cedee22: 15 ms
2026-04-24 16:16:39 INFO  org.testng.internal.Utils - [TestNG] Time taken by org.testng.reporters.XMLReporter@3c0e00a8: 11 ms
2026-04-24 16:16:39 INFO  org.testng.internal.Utils - [TestNG] Time taken by org.testng.reporters.EmailableReporter2@2582b0ef: 13 ms
2026-04-24 16:16:39 INFO  org.testng.internal.Utils - [TestNG] Time taken by org.testng.reporters.JUnitReportReporter@76f881d9: 11 ms
2026-04-24 16:16:39 INFO  org.testng.internal.Utils - [TestNG] Time taken by org.testng.internal.ExitCodeListener@6dd36ab6: 0 ms
2026-04-24 16:17:19 DEBUG org.testng.TestNG - suiteXmlPath: "C:\Users\Rahul\AppData\Local\Temp\testng-eclipse-1974367857\testng-customsuite.xml"
2026-04-24 16:17:20 INFO  org.testng.internal.Utils - [Utils] MethodGroupsHelper.collectMethodsByGroup() took 1 ms.
2026-04-24 16:17:20 INFO  org.testng.internal.Utils - [Utils] MethodGroupsHelper.sortMethods() took 1 ms.
2026-04-24 16:17:20 INFO  org.testng.internal.Utils - [Utils] MethodGroupsHelper.collectMethodsByGroup() took 0 ms.
2026-04-24 16:17:20 INFO  org.testng.internal.Utils - [Utils] MethodGroupsHelper.sortMethods() took 0 ms.
2026-04-24 16:17:20 INFO  org.testng.internal.Utils - [Utils] MethodGroupsHelper.collectMethodsByGroup() took 0 ms.
2026-04-24 16:17:20 INFO  org.testng.internal.Utils - [Utils] MethodGroupsHelper.sortMethods() took 0 ms.
2026-04-24 16:17:20 INFO  org.testng.internal.Utils - [Utils] MethodGroupsHelper.collectMethodsByGroup() took 0 ms.
2026-04-24 16:17:20 INFO  org.testng.internal.Utils - [Utils] MethodGroupsHelper.sortMethods() took 0 ms.
2026-04-24 16:17:20 INFO  org.testng.internal.Utils - [Utils] MethodGroupsHelper.collectMethodsByGroup() took 0 ms.
2026-04-24 16:17:20 INFO  org.testng.internal.Utils - [Utils] MethodGroupsHelper.sortMethods() took 0 ms.
2026-04-24 16:17:20 INFO  org.testng.internal.Utils - [Utils] MethodGroupsHelper.collectMethodsByGroup() took 0 ms.
2026-04-24 16:17:20 INFO  org.testng.internal.Utils - [Utils] MethodGroupsHelper.sortMethods() took 0 ms.
2026-04-24 16:17:20 INFO  org.testng.internal.Utils - [Utils] MethodGroupsHelper.collectMethodsByGroup() took 0 ms.
2026-04-24 16:17:20 INFO  org.testng.internal.Utils - [Utils] MethodGroupsHelper.sortMethods() took 0 ms.
2026-04-24 16:17:20 INFO  org.testng.internal.Utils - [Utils] MethodGroupsHelper.collectMethodsByGroup() took 0 ms.
2026-04-24 16:17:20 INFO  org.testng.internal.Utils - [Utils] MethodGroupsHelper.sortMethods() took 0 ms.
2026-04-24 16:17:20 INFO  org.testng.internal.Utils - [Utils] MethodGroupsHelper.collectMethodsByGroup() took 12 ms.
2026-04-24 16:17:20 INFO  org.testng.internal.Utils - [Utils] MethodGroupsHelper.sortMethods() took 27 ms.
2026-04-24 16:17:20 INFO  org.testng.internal.Utils - [Utils] MethodGroupsHelper.collectMethodsByGroup() took 0 ms.
2026-04-24 16:17:20 INFO  org.testng.internal.Utils - [Utils] MethodGroupsHelper.sortMethods() took 0 ms.
2026-04-24 16:17:20 INFO  org.testng.internal.Utils - [Utils] MethodGroupsHelper.collectMethodsByGroup() took 0 ms.
2026-04-24 16:17:20 INFO  org.testng.internal.Utils - [Utils] MethodGroupsHelper.sortMethods() took 0 ms.
2026-04-24 16:17:20 INFO  org.testng.internal.Utils - [Utils] MethodGroupsHelper.collectMethodsByGroup() took 0 ms.
2026-04-24 16:17:20 INFO  org.testng.internal.Utils - [Utils] MethodGroupsHelper.sortMethods() took 0 ms.
2026-04-24 16:17:20 INFO  org.testng.internal.Utils - [Utils] MethodGroupsHelper.collectMethodsByGroup() took 15 ms.
2026-04-24 16:17:20 INFO  org.testng.internal.Utils - [Utils] MethodGroupsHelper.sortMethods() took 0 ms.
2026-04-24 16:17:20 INFO  org.testng.internal.Utils - [Utils] MethodGroupsHelper.collectMethodsByGroup() took 0 ms.
2026-04-24 16:17:20 INFO  org.testng.internal.Utils - [Utils] MethodGroupsHelper.sortMethods() took 0 ms.
2026-04-24 16:17:20 INFO  org.testng.internal.Utils - [Utils] MethodGroupsHelper.collectMethodsByGroup() took 0 ms.
2026-04-24 16:17:20 INFO  org.testng.internal.Utils - [Utils] MethodGroupsHelper.sortMethods() took 0 ms.
2026-04-24 16:17:20 INFO  org.testng.internal.Utils - [TestNG] Running:
  C:\Users\Rahul\AppData\Local\Temp\testng-eclipse-1974367857\testng-customsuite.xml

2026-04-24 16:17:20 INFO  org.testng.internal.Utils - [Utils] DynamicGraphHelper.createDynamicGraph() took 4 ms.
2026-04-24 16:17:34 INFO  org.testng.internal.Utils - [TestNG] Time taken by org.testng.reporters.jq.Main@476fe690: 64 ms
2026-04-24 16:17:34 INFO  org.testng.internal.Utils - [TestNG] Time taken by org.testng.reporters.FailedReporter@3dffc764: 13 ms
2026-04-24 16:17:34 INFO  org.testng.internal.Utils - [TestNG] Time taken by org.testng.reporters.XMLReporter@1a2bcd56: 11 ms
2026-04-24 16:17:34 INFO  org.testng.internal.Utils - [TestNG] Time taken by org.testng.reporters.EmailableReporter2@25ad4f71: 14 ms
2026-04-24 16:17:34 INFO  org.testng.internal.Utils - [TestNG] Time taken by org.testng.reporters.JUnitReportReporter@59072e9d: 14 ms
2026-04-24 16:17:34 INFO  org.testng.internal.Utils - [TestNG] Time taken by org.testng.internal.ExitCodeListener@58472096: 0 ms
2026-04-24 16:18:25 DEBUG org.testng.TestNG - suiteXmlPath: "C:\Users\Rahul\AppData\Local\Temp\testng-eclipse-1265953187\testng-customsuite.xml"
2026-04-24 16:18:26 INFO  org.testng.internal.Utils - [Utils] MethodGroupsHelper.collectMethodsByGroup() took 0 ms.
2026-04-24 16:18:26 INFO  org.testng.internal.Utils - [Utils] MethodGroupsHelper.sortMethods() took 0 ms.
2026-04-24 16:18:26 INFO  org.testng.internal.Utils - [Utils] MethodGroupsHelper.collectMethodsByGroup() took 0 ms.
2026-04-24 16:18:26 INFO  org.testng.internal.Utils - [Utils] MethodGroupsHelper.sortMethods() took 0 ms.
2026-04-24 16:18:26 INFO  org.testng.internal.Utils - [Utils] MethodGroupsHelper.collectMethodsByGroup() took 0 ms.
2026-04-24 16:18:26 INFO  org.testng.internal.Utils - [Utils] MethodGroupsHelper.sortMethods() took 0 ms.
2026-04-24 16:18:26 INFO  org.testng.internal.Utils - [Utils] MethodGroupsHelper.collectMethodsByGroup() took 0 ms.
2026-04-24 16:18:26 INFO  org.testng.internal.Utils - [Utils] MethodGroupsHelper.sortMethods() took 0 ms.
2026-04-24 16:18:26 INFO  org.testng.internal.Utils - [Utils] MethodGroupsHelper.collectMethodsByGroup() took 0 ms.
2026-04-24 16:18:26 INFO  org.testng.internal.Utils - [Utils] MethodGroupsHelper.sortMethods() took 0 ms.
2026-04-24 16:18:26 INFO  org.testng.internal.Utils - [Utils] MethodGroupsHelper.collectMethodsByGroup() took 0 ms.
2026-04-24 16:18:26 INFO  org.testng.internal.Utils - [Utils] MethodGroupsHelper.sortMethods() took 0 ms.
2026-04-24 16:18:26 INFO  org.testng.internal.Utils - [Utils] MethodGroupsHelper.collectMethodsByGroup() took 0 ms.
2026-04-24 16:18:26 INFO  org.testng.internal.Utils - [Utils] MethodGroupsHelper.sortMethods() took 0 ms.
2026-04-24 16:18:26 INFO  org.testng.internal.Utils - [Utils] MethodGroupsHelper.collectMethodsByGroup() took 0 ms.
2026-04-24 16:18:26 INFO  org.testng.internal.Utils - [Utils] MethodGroupsHelper.sortMethods() took 0 ms.
2026-04-24 16:18:26 INFO  org.testng.internal.Utils - [Utils] MethodGroupsHelper.collectMethodsByGroup() took 8 ms.
2026-04-24 16:18:26 INFO  org.testng.internal.Utils - [Utils] MethodGroupsHelper.sortMethods() took 13 ms.
2026-04-24 16:18:26 INFO  org.testng.internal.Utils - [Utils] MethodGroupsHelper.collectMethodsByGroup() took 0 ms.
2026-04-24 16:18:26 INFO  org.testng.internal.Utils - [Utils] MethodGroupsHelper.sortMethods() took 0 ms.
2026-04-24 16:18:26 INFO  org.testng.internal.Utils - [Utils] MethodGroupsHelper.collectMethodsByGroup() took 0 ms.
2026-04-24 16:18:26 INFO  org.testng.internal.Utils - [Utils] MethodGroupsHelper.sortMethods() took 0 ms.
2026-04-24 16:18:26 INFO  org.testng.internal.Utils - [Utils] MethodGroupsHelper.collectMethodsByGroup() took 0 ms.
2026-04-24 16:18:26 INFO  org.testng.internal.Utils - [Utils] MethodGroupsHelper.sortMethods() took 0 ms.
2026-04-24 16:18:26 INFO  org.testng.internal.Utils - [Utils] MethodGroupsHelper.collectMethodsByGroup() took 14 ms.
2026-04-24 16:18:26 INFO  org.testng.internal.Utils - [Utils] MethodGroupsHelper.sortMethods() took 0 ms.
2026-04-24 16:18:26 INFO  org.testng.internal.Utils - [Utils] MethodGroupsHelper.collectMethodsByGroup() took 0 ms.
2026-04-24 16:18:26 INFO  org.testng.internal.Utils - [Utils] MethodGroupsHelper.sortMethods() took 0 ms.
2026-04-24 16:18:26 INFO  org.testng.internal.Utils - [Utils] MethodGroupsHelper.collectMethodsByGroup() took 0 ms.
2026-04-24 16:18:26 INFO  org.testng.internal.Utils - [Utils] MethodGroupsHelper.sortMethods() took 0 ms.
2026-04-24 16:18:26 INFO  org.testng.internal.Utils - [TestNG] Running:
  C:\Users\Rahul\AppData\Local\Temp\testng-eclipse-1265953187\testng-customsuite.xml

2026-04-24 16:18:26 INFO  org.testng.internal.Utils - [Utils] DynamicGraphHelper.createDynamicGraph() took 4 ms.
2026-04-24 16:18:39 INFO  org.testng.internal.Utils - [TestNG] Time taken by org.testng.reporters.jq.Main@54e3658c: 66 ms
2026-04-24 16:18:39 INFO  org.testng.internal.Utils - [TestNG] Time taken by org.testng.reporters.FailedReporter@561b61ed: 18 ms
2026-04-24 16:18:39 INFO  org.testng.internal.Utils - [TestNG] Time taken by org.testng.reporters.XMLReporter@59dc36d4: 12 ms
2026-04-24 16:18:39 INFO  org.testng.internal.Utils - [TestNG] Time taken by org.testng.reporters.EmailableReporter2@6f94a5a5: 10 ms
2026-04-24 16:18:39 INFO  org.testng.internal.Utils - [TestNG] Time taken by org.testng.reporters.JUnitReportReporter@a92be4f: 11 ms
2026-04-24 16:18:39 INFO  org.testng.internal.Utils - [TestNG] Time taken by org.testng.internal.ExitCodeListener@53e800f9: 0 ms
2026-04-24 16:21:27 DEBUG org.testng.TestNG - suiteXmlPath: "C:\Users\Rahul\AppData\Local\Temp\testng-eclipse--1459579018\testng-customsuite.xml"
2026-04-24 16:21:27 INFO  org.testng.internal.Utils - [Utils] MethodGroupsHelper.collectMethodsByGroup() took 1 ms.
2026-04-24 16:21:27 INFO  org.testng.internal.Utils - [Utils] MethodGroupsHelper.sortMethods() took 2 ms.
2026-04-24 16:21:27 INFO  org.testng.internal.Utils - [Utils] MethodGroupsHelper.collectMethodsByGroup() took 0 ms.
2026-04-24 16:21:27 INFO  org.testng.internal.Utils - [Utils] MethodGroupsHelper.sortMethods() took 0 ms.
2026-04-24 16:21:27 INFO  org.testng.internal.Utils - [Utils] MethodGroupsHelper.collectMethodsByGroup() took 0 ms.
2026-04-24 16:21:27 INFO  org.testng.internal.Utils - [Utils] MethodGroupsHelper.sortMethods() took 0 ms.
2026-04-24 16:21:27 INFO  org.testng.internal.Utils - [Utils] MethodGroupsHelper.collectMethodsByGroup() took 0 ms.
2026-04-24 16:21:27 INFO  org.testng.internal.Utils - [Utils] MethodGroupsHelper.sortMethods() took 0 ms.
2026-04-24 16:21:27 INFO  org.testng.internal.Utils - [Utils] MethodGroupsHelper.collectMethodsByGroup() took 0 ms.
2026-04-24 16:21:27 INFO  org.testng.internal.Utils - [Utils] MethodGroupsHelper.sortMethods() took 0 ms.
2026-04-24 16:21:27 INFO  org.testng.internal.Utils - [Utils] MethodGroupsHelper.collectMethodsByGroup() took 0 ms.
2026-04-24 16:21:27 INFO  org.testng.internal.Utils - [Utils] MethodGroupsHelper.sortMethods() took 0 ms.
2026-04-24 16:21:27 INFO  org.testng.internal.Utils - [Utils] MethodGroupsHelper.collectMethodsByGroup() took 0 ms.
2026-04-24 16:21:27 INFO  org.testng.internal.Utils - [Utils] MethodGroupsHelper.sortMethods() took 0 ms.
2026-04-24 16:21:27 INFO  org.testng.internal.Utils - [Utils] MethodGroupsHelper.collectMethodsByGroup() took 0 ms.
2026-04-24 16:21:27 INFO  org.testng.internal.Utils - [Utils] MethodGroupsHelper.sortMethods() took 0 ms.
2026-04-24 16:21:27 INFO  org.testng.internal.Utils - [Utils] MethodGroupsHelper.collectMethodsByGroup() took 10 ms.
2026-04-24 16:21:27 INFO  org.testng.internal.Utils - [Utils] MethodGroupsHelper.sortMethods() took 16 ms.
2026-04-24 16:21:27 INFO  org.testng.internal.Utils - [Utils] MethodGroupsHelper.collectMethodsByGroup() took 0 ms.
2026-04-24 16:21:27 INFO  org.testng.internal.Utils - [Utils] MethodGroupsHelper.sortMethods() took 1 ms.
2026-04-24 16:21:27 INFO  org.testng.internal.Utils - [Utils] MethodGroupsHelper.collectMethodsByGroup() took 0 ms.
2026-04-24 16:21:27 INFO  org.testng.internal.Utils - [Utils] MethodGroupsHelper.sortMethods() took 0 ms.
2026-04-24 16:21:27 INFO  org.testng.internal.Utils - [Utils] MethodGroupsHelper.collectMethodsByGroup() took 0 ms.
2026-04-24 16:21:27 INFO  org.testng.internal.Utils - [Utils] MethodGroupsHelper.sortMethods() took 0 ms.
2026-04-24 16:21:27 INFO  org.testng.internal.Utils - [Utils] MethodGroupsHelper.collectMethodsByGroup() took 15 ms.
2026-04-24 16:21:27 INFO  org.testng.internal.Utils - [Utils] MethodGroupsHelper.sortMethods() took 0 ms.
2026-04-24 16:21:27 INFO  org.testng.internal.Utils - [Utils] MethodGroupsHelper.collectMethodsByGroup() took 0 ms.
2026-04-24 16:21:27 INFO  org.testng.internal.Utils - [Utils] MethodGroupsHelper.sortMethods() took 1 ms.
2026-04-24 16:21:27 INFO  org.testng.internal.Utils - [Utils] MethodGroupsHelper.collectMethodsByGroup() took 0 ms.
2026-04-24 16:21:27 INFO  org.testng.internal.Utils - [Utils] MethodGroupsHelper.sortMethods() took 0 ms.
2026-04-24 16:21:27 INFO  org.testng.internal.Utils - [TestNG] Running:
  C:\Users\Rahul\AppData\Local\Temp\testng-eclipse--1459579018\testng-customsuite.xml

2026-04-24 16:21:27 INFO  org.testng.internal.Utils - [Utils] DynamicGraphHelper.createDynamicGraph() took 4 ms.
2026-04-24 16:22:11 INFO  org.testng.internal.Utils - [TestNG] Time taken by org.testng.reporters.jq.Main@5875de6a: 64 ms
2026-04-24 16:22:11 INFO  org.testng.internal.Utils - [TestNG] Time taken by org.testng.reporters.FailedReporter@21ba2445: 17 ms
2026-04-24 16:22:11 INFO  org.testng.internal.Utils - [TestNG] Time taken by org.testng.reporters.XMLReporter@3fd9e827: 15 ms
2026-04-24 16:22:11 INFO  org.testng.internal.Utils - [TestNG] Time taken by org.testng.reporters.EmailableReporter2@6732726: 14 ms
2026-04-24 16:22:11 INFO  org.testng.internal.Utils - [TestNG] Time taken by org.testng.reporters.JUnitReportReporter@69d45cca: 12 ms
2026-04-24 16:22:11 INFO  org.testng.internal.Utils - [TestNG] Time taken by org.testng.internal.ExitCodeListener@2fdf17dc: 0 ms
2026-04-24 16:23:20 DEBUG org.testng.TestNG - suiteXmlPath: "C:\Users\Rahul\AppData\Local\Temp\testng-eclipse--1702939537\testng-customsuite.xml"
2026-04-24 16:23:21 INFO  org.testng.internal.Utils - [Utils] MethodGroupsHelper.collectMethodsByGroup() took 0 ms.
2026-04-24 16:23:21 INFO  org.testng.internal.Utils - [Utils] MethodGroupsHelper.sortMethods() took 2 ms.
2026-04-24 16:23:21 INFO  org.testng.internal.Utils - [Utils] MethodGroupsHelper.collectMethodsByGroup() took 0 ms.
2026-04-24 16:23:21 INFO  org.testng.internal.Utils - [Utils] MethodGroupsHelper.sortMethods() took 0 ms.
2026-04-24 16:23:21 INFO  org.testng.internal.Utils - [Utils] MethodGroupsHelper.collectMethodsByGroup() took 0 ms.
2026-04-24 16:23:21 INFO  org.testng.internal.Utils - [Utils] MethodGroupsHelper.sortMethods() took 0 ms.
2026-04-24 16:23:21 INFO  org.testng.internal.Utils - [Utils] MethodGroupsHelper.collectMethodsByGroup() took 0 ms.
2026-04-24 16:23:21 INFO  org.testng.internal.Utils - [Utils] MethodGroupsHelper.sortMethods() took 0 ms.
2026-04-24 16:23:21 INFO  org.testng.internal.Utils - [Utils] MethodGroupsHelper.collectMethodsByGroup() took 0 ms.
2026-04-24 16:23:21 INFO  org.testng.internal.Utils - [Utils] MethodGroupsHelper.sortMethods() took 0 ms.
2026-04-24 16:23:21 INFO  org.testng.internal.Utils - [Utils] MethodGroupsHelper.collectMethodsByGroup() took 0 ms.
2026-04-24 16:23:21 INFO  org.testng.internal.Utils - [Utils] MethodGroupsHelper.sortMethods() took 0 ms.
2026-04-24 16:23:21 INFO  org.testng.internal.Utils - [Utils] MethodGroupsHelper.collectMethodsByGroup() took 0 ms.
2026-04-24 16:23:21 INFO  org.testng.internal.Utils - [Utils] MethodGroupsHelper.sortMethods() took 0 ms.
2026-04-24 16:23:21 INFO  org.testng.internal.Utils - [Utils] MethodGroupsHelper.collectMethodsByGroup() took 0 ms.
2026-04-24 16:23:21 INFO  org.testng.internal.Utils - [Utils] MethodGroupsHelper.sortMethods() took 0 ms.
2026-04-24 16:23:21 INFO  org.testng.internal.Utils - [Utils] MethodGroupsHelper.collectMethodsByGroup() took 10 ms.
2026-04-24 16:23:21 INFO  org.testng.internal.Utils - [Utils] MethodGroupsHelper.sortMethods() took 15 ms.
2026-04-24 16:23:21 INFO  org.testng.internal.Utils - [Utils] MethodGroupsHelper.collectMethodsByGroup() took 0 ms.
2026-04-24 16:23:21 INFO  org.testng.internal.Utils - [Utils] MethodGroupsHelper.sortMethods() took 1 ms.
2026-04-24 16:23:21 INFO  org.testng.internal.Utils - [Utils] MethodGroupsHelper.collectMethodsByGroup() took 0 ms.
2026-04-24 16:23:21 INFO  org.testng.internal.Utils - [Utils] MethodGroupsHelper.sortMethods() took 0 ms.
2026-04-24 16:23:21 INFO  org.testng.internal.Utils - [Utils] MethodGroupsHelper.collectMethodsByGroup() took 0 ms.
2026-04-24 16:23:21 INFO  org.testng.internal.Utils - [Utils] MethodGroupsHelper.sortMethods() took 0 ms.
2026-04-24 16:23:21 INFO  org.testng.internal.Utils - [Utils] MethodGroupsHelper.collectMethodsByGroup() took 15 ms.
2026-04-24 16:23:21 INFO  org.testng.internal.Utils - [Utils] MethodGroupsHelper.sortMethods() took 1 ms.
2026-04-24 16:23:21 INFO  org.testng.internal.Utils - [Utils] MethodGroupsHelper.collectMethodsByGroup() took 0 ms.
2026-04-24 16:23:21 INFO  org.testng.internal.Utils - [Utils] MethodGroupsHelper.sortMethods() took 0 ms.
2026-04-24 16:23:21 INFO  org.testng.internal.Utils - [Utils] MethodGroupsHelper.collectMethodsByGroup() took 0 ms.
2026-04-24 16:23:21 INFO  org.testng.internal.Utils - [Utils] MethodGroupsHelper.sortMethods() took 0 ms.
2026-04-24 16:23:21 INFO  org.testng.internal.Utils - [TestNG] Running:
  C:\Users\Rahul\AppData\Local\Temp\testng-eclipse--1702939537\testng-customsuite.xml

2026-04-24 16:23:21 INFO  org.testng.internal.Utils - [Utils] DynamicGraphHelper.createDynamicGraph() took 4 ms.
2026-04-24 16:23:31 INFO  org.testng.internal.Utils - [TestNG] Time taken by org.testng.reporters.jq.Main@295bf2a: 50 ms
2026-04-24 16:23:31 INFO  org.testng.internal.Utils - [TestNG] Time taken by org.testng.reporters.FailedReporter@2b289ac9: 1 ms
2026-04-24 16:23:31 INFO  org.testng.internal.Utils - [TestNG] Time taken by org.testng.reporters.XMLReporter@19ee1ae6: 8 ms
2026-04-24 16:23:31 INFO  org.testng.internal.Utils - [TestNG] Time taken by org.testng.reporters.EmailableReporter2@574cd322: 4 ms
2026-04-24 16:23:31 INFO  org.testng.internal.Utils - [TestNG] Time taken by org.testng.reporters.JUnitReportReporter@a0f53fc: 4 ms
2026-04-24 16:23:31 INFO  org.testng.internal.Utils - [TestNG] Time taken by org.testng.internal.ExitCodeListener@3db972d2: 0 ms
2026-04-24 16:23:59 DEBUG org.testng.TestNG - suiteXmlPath: "C:\Users\Rahul\AppData\Local\Temp\testng-eclipse-949180604\testng-customsuite.xml"
2026-04-24 16:24:00 INFO  org.testng.internal.Utils - [Utils] MethodGroupsHelper.collectMethodsByGroup() took 0 ms.
2026-04-24 16:24:00 INFO  org.testng.internal.Utils - [Utils] MethodGroupsHelper.sortMethods() took 0 ms.
2026-04-24 16:24:00 INFO  org.testng.internal.Utils - [Utils] MethodGroupsHelper.collectMethodsByGroup() took 0 ms.
2026-04-24 16:24:00 INFO  org.testng.internal.Utils - [Utils] MethodGroupsHelper.sortMethods() took 0 ms.
2026-04-24 16:24:00 INFO  org.testng.internal.Utils - [Utils] MethodGroupsHelper.collectMethodsByGroup() took 0 ms.
2026-04-24 16:24:00 INFO  org.testng.internal.Utils - [Utils] MethodGroupsHelper.sortMethods() took 0 ms.
2026-04-24 16:24:00 INFO  org.testng.internal.Utils - [Utils] MethodGroupsHelper.collectMethodsByGroup() took 0 ms.
2026-04-24 16:24:00 INFO  org.testng.internal.Utils - [Utils] MethodGroupsHelper.sortMethods() took 0 ms.
2026-04-24 16:24:00 INFO  org.testng.internal.Utils - [Utils] MethodGroupsHelper.collectMethodsByGroup() took 0 ms.
2026-04-24 16:24:00 INFO  org.testng.internal.Utils - [Utils] MethodGroupsHelper.sortMethods() took 0 ms.
2026-04-24 16:24:00 INFO  org.testng.internal.Utils - [Utils] MethodGroupsHelper.collectMethodsByGroup() took 0 ms.
2026-04-24 16:24:00 INFO  org.testng.internal.Utils - [Utils] MethodGroupsHelper.sortMethods() took 0 ms.
2026-04-24 16:24:00 INFO  org.testng.internal.Utils - [Utils] MethodGroupsHelper.collectMethodsByGroup() took 0 ms.
2026-04-24 16:24:00 INFO  org.testng.internal.Utils - [Utils] MethodGroupsHelper.sortMethods() took 0 ms.
2026-04-24 16:24:00 INFO  org.testng.internal.Utils - [Utils] MethodGroupsHelper.collectMethodsByGroup() took 0 ms.
2026-04-24 16:24:00 INFO  org.testng.internal.Utils - [Utils] MethodGroupsHelper.sortMethods() took 0 ms.
2026-04-24 16:24:00 INFO  org.testng.internal.Utils - [Utils] MethodGroupsHelper.collectMethodsByGroup() took 11 ms.
2026-04-24 16:24:00 INFO  org.testng.internal.Utils - [Utils] MethodGroupsHelper.sortMethods() took 18 ms.
2026-04-24 16:24:00 INFO  org.testng.internal.Utils - [Utils] MethodGroupsHelper.collectMethodsByGroup() took 0 ms.
2026-04-24 16:24:00 INFO  org.testng.internal.Utils - [Utils] MethodGroupsHelper.sortMethods() took 0 ms.
2026-04-24 16:24:00 INFO  org.testng.internal.Utils - [Utils] MethodGroupsHelper.collectMethodsByGroup() took 0 ms.
2026-04-24 16:24:00 INFO  org.testng.internal.Utils - [Utils] MethodGroupsHelper.sortMethods() took 0 ms.
2026-04-24 16:24:00 INFO  org.testng.internal.Utils - [Utils] MethodGroupsHelper.collectMethodsByGroup() took 0 ms.
2026-04-24 16:24:00 INFO  org.testng.internal.Utils - [Utils] MethodGroupsHelper.sortMethods() took 0 ms.
2026-04-24 16:24:00 INFO  org.testng.internal.Utils - [Utils] MethodGroupsHelper.collectMethodsByGroup() took 24 ms.
2026-04-24 16:24:00 INFO  org.testng.internal.Utils - [Utils] MethodGroupsHelper.sortMethods() took 0 ms.
2026-04-24 16:24:00 INFO  org.testng.internal.Utils - [Utils] MethodGroupsHelper.collectMethodsByGroup() took 0 ms.
2026-04-24 16:24:00 INFO  org.testng.internal.Utils - [Utils] MethodGroupsHelper.sortMethods() took 0 ms.
2026-04-24 16:24:00 INFO  org.testng.internal.Utils - [Utils] MethodGroupsHelper.collectMethodsByGroup() took 0 ms.
2026-04-24 16:24:00 INFO  org.testng.internal.Utils - [Utils] MethodGroupsHelper.sortMethods() took 0 ms.
2026-04-24 16:24:00 INFO  org.testng.internal.Utils - [TestNG] Running:
  C:\Users\Rahul\AppData\Local\Temp\testng-eclipse-949180604\testng-customsuite.xml

2026-04-24 16:24:00 INFO  org.testng.internal.Utils - [Utils] DynamicGraphHelper.createDynamicGraph() took 4 ms.
2026-04-24 16:24:12 INFO  org.testng.internal.Utils - [TestNG] Time taken by org.testng.reporters.jq.Main@561b61ed: 62 ms
2026-04-24 16:24:12 INFO  org.testng.internal.Utils - [TestNG] Time taken by org.testng.reporters.FailedReporter@1422ac7f: 20 ms
2026-04-24 16:24:12 INFO  org.testng.internal.Utils - [TestNG] Time taken by org.testng.reporters.XMLReporter@467b684d: 14 ms
2026-04-24 16:24:12 INFO  org.testng.internal.Utils - [TestNG] Time taken by org.testng.reporters.EmailableReporter2@54d8c20d: 13 ms
2026-04-24 16:24:12 INFO  org.testng.internal.Utils - [TestNG] Time taken by org.testng.reporters.JUnitReportReporter@36681447: 8 ms
2026-04-24 16:24:12 INFO  org.testng.internal.Utils - [TestNG] Time taken by org.testng.internal.ExitCodeListener@4d21c56e: 1 ms
2026-04-24 16:27:56 DEBUG org.testng.TestNG - suiteXmlPath: "C:\Users\Rahul\AppData\Local\Temp\testng-eclipse-553013998\testng-customsuite.xml"
2026-04-24 16:27:57 INFO  org.testng.internal.Utils - [Utils] MethodGroupsHelper.collectMethodsByGroup() took 1 ms.
2026-04-24 16:27:57 INFO  org.testng.internal.Utils - [Utils] MethodGroupsHelper.sortMethods() took 2 ms.
2026-04-24 16:27:57 INFO  org.testng.internal.Utils - [Utils] MethodGroupsHelper.collectMethodsByGroup() took 0 ms.
2026-04-24 16:27:57 INFO  org.testng.internal.Utils - [Utils] MethodGroupsHelper.sortMethods() took 0 ms.
2026-04-24 16:27:57 INFO  org.testng.internal.Utils - [Utils] MethodGroupsHelper.collectMethodsByGroup() took 0 ms.
2026-04-24 16:27:57 INFO  org.testng.internal.Utils - [Utils] MethodGroupsHelper.sortMethods() took 0 ms.
2026-04-24 16:27:57 INFO  org.testng.internal.Utils - [Utils] MethodGroupsHelper.collectMethodsByGroup() took 0 ms.
2026-04-24 16:27:57 INFO  org.testng.internal.Utils - [Utils] MethodGroupsHelper.sortMethods() took 0 ms.
2026-04-24 16:27:57 INFO  org.testng.internal.Utils - [Utils] MethodGroupsHelper.collectMethodsByGroup() took 0 ms.
2026-04-24 16:27:57 INFO  org.testng.internal.Utils - [Utils] MethodGroupsHelper.sortMethods() took 0 ms.
2026-04-24 16:27:57 INFO  org.testng.internal.Utils - [Utils] MethodGroupsHelper.collectMethodsByGroup() took 0 ms.
2026-04-24 16:27:57 INFO  org.testng.internal.Utils - [Utils] MethodGroupsHelper.sortMethods() took 0 ms.
2026-04-24 16:27:57 INFO  org.testng.internal.Utils - [Utils] MethodGroupsHelper.collectMethodsByGroup() took 0 ms.
2026-04-24 16:27:57 INFO  org.testng.internal.Utils - [Utils] MethodGroupsHelper.sortMethods() took 0 ms.
2026-04-24 16:27:57 INFO  org.testng.internal.Utils - [Utils] MethodGroupsHelper.collectMethodsByGroup() took 0 ms.
2026-04-24 16:27:57 INFO  org.testng.internal.Utils - [Utils] MethodGroupsHelper.sortMethods() took 0 ms.
2026-04-24 16:27:57 INFO  org.testng.internal.Utils - [Utils] MethodGroupsHelper.collectMethodsByGroup() took 7 ms.
2026-04-24 16:27:57 INFO  org.testng.internal.Utils - [Utils] MethodGroupsHelper.sortMethods() took 21 ms.
2026-04-24 16:27:57 INFO  org.testng.internal.Utils - [Utils] MethodGroupsHelper.collectMethodsByGroup() took 0 ms.
2026-04-24 16:27:57 INFO  org.testng.internal.Utils - [Utils] MethodGroupsHelper.sortMethods() took 0 ms.
2026-04-24 16:27:57 INFO  org.testng.internal.Utils - [Utils] MethodGroupsHelper.collectMethodsByGroup() took 0 ms.
2026-04-24 16:27:57 INFO  org.testng.internal.Utils - [Utils] MethodGroupsHelper.sortMethods() took 0 ms.
2026-04-24 16:27:57 INFO  org.testng.internal.Utils - [Utils] MethodGroupsHelper.collectMethodsByGroup() took 0 ms.
2026-04-24 16:27:57 INFO  org.testng.internal.Utils - [Utils] MethodGroupsHelper.sortMethods() took 0 ms.
2026-04-24 16:27:57 INFO  org.testng.internal.Utils - [Utils] MethodGroupsHelper.collectMethodsByGroup() took 16 ms.
2026-04-24 16:27:57 INFO  org.testng.internal.Utils - [Utils] MethodGroupsHelper.sortMethods() took 0 ms.
2026-04-24 16:27:57 INFO  org.testng.internal.Utils - [Utils] MethodGroupsHelper.collectMethodsByGroup() took 0 ms.
2026-04-24 16:27:57 INFO  org.testng.internal.Utils - [Utils] MethodGroupsHelper.sortMethods() took 0 ms.
2026-04-24 16:27:57 INFO  org.testng.internal.Utils - [Utils] MethodGroupsHelper.collectMethodsByGroup() took 0 ms.
2026-04-24 16:27:57 INFO  org.testng.internal.Utils - [Utils] MethodGroupsHelper.sortMethods() took 0 ms.
2026-04-24 16:27:57 INFO  org.testng.internal.Utils - [TestNG] Running:
  C:\Users\Rahul\AppData\Local\Temp\testng-eclipse-553013998\testng-customsuite.xml

2026-04-24 16:27:57 INFO  org.testng.internal.Utils - [Utils] DynamicGraphHelper.createDynamicGraph() took 7 ms.
2026-04-24 16:28:58 INFO  org.testng.internal.Utils - [TestNG] Time taken by org.testng.reporters.jq.Main@794366a5: 75 ms
2026-04-24 16:28:58 INFO  org.testng.internal.Utils - [TestNG] Time taken by org.testng.reporters.FailedReporter@6993c8df: 17 ms
2026-04-24 16:28:58 INFO  org.testng.internal.Utils - [TestNG] Time taken by org.testng.reporters.XMLReporter@57c00115: 12 ms
2026-04-24 16:28:58 INFO  org.testng.internal.Utils - [TestNG] Time taken by org.testng.reporters.EmailableReporter2@56f730b2: 16 ms
2026-04-24 16:28:58 INFO  org.testng.internal.Utils - [TestNG] Time taken by org.testng.reporters.JUnitReportReporter@41b13f3d: 15 ms
2026-04-24 16:28:58 INFO  org.testng.internal.Utils - [TestNG] Time taken by org.testng.internal.ExitCodeListener@7c0777b5: 0 ms
2026-04-24 16:29:17 DEBUG org.testng.TestNG - suiteXmlPath: "C:\Users\Rahul\AppData\Local\Temp\testng-eclipse-1453215866\testng-customsuite.xml"
2026-04-24 16:29:18 INFO  org.testng.internal.Utils - [Utils] MethodGroupsHelper.collectMethodsByGroup() took 1 ms.
2026-04-24 16:29:18 INFO  org.testng.internal.Utils - [Utils] MethodGroupsHelper.sortMethods() took 2 ms.
2026-04-24 16:29:18 INFO  org.testng.internal.Utils - [Utils] MethodGroupsHelper.collectMethodsByGroup() took 0 ms.
2026-04-24 16:29:18 INFO  org.testng.internal.Utils - [Utils] MethodGroupsHelper.sortMethods() took 0 ms.
2026-04-24 16:29:18 INFO  org.testng.internal.Utils - [Utils] MethodGroupsHelper.collectMethodsByGroup() took 0 ms.
2026-04-24 16:29:18 INFO  org.testng.internal.Utils - [Utils] MethodGroupsHelper.sortMethods() took 0 ms.
2026-04-24 16:29:18 INFO  org.testng.internal.Utils - [Utils] MethodGroupsHelper.collectMethodsByGroup() took 0 ms.
2026-04-24 16:29:18 INFO  org.testng.internal.Utils - [Utils] MethodGroupsHelper.sortMethods() took 0 ms.
2026-04-24 16:29:18 INFO  org.testng.internal.Utils - [Utils] MethodGroupsHelper.collectMethodsByGroup() took 0 ms.
2026-04-24 16:29:18 INFO  org.testng.internal.Utils - [Utils] MethodGroupsHelper.sortMethods() took 0 ms.
2026-04-24 16:29:18 INFO  org.testng.internal.Utils - [Utils] MethodGroupsHelper.collectMethodsByGroup() took 0 ms.
2026-04-24 16:29:18 INFO  org.testng.internal.Utils - [Utils] MethodGroupsHelper.sortMethods() took 0 ms.
2026-04-24 16:29:18 INFO  org.testng.internal.Utils - [Utils] MethodGroupsHelper.collectMethodsByGroup() took 0 ms.
2026-04-24 16:29:18 INFO  org.testng.internal.Utils - [Utils] MethodGroupsHelper.sortMethods() took 0 ms.
2026-04-24 16:29:18 INFO  org.testng.internal.Utils - [Utils] MethodGroupsHelper.collectMethodsByGroup() took 0 ms.
2026-04-24 16:29:18 INFO  org.testng.internal.Utils - [Utils] MethodGroupsHelper.sortMethods() took 0 ms.
2026-04-24 16:29:18 INFO  org.testng.internal.Utils - [Utils] MethodGroupsHelper.collectMethodsByGroup() took 12 ms.
2026-04-24 16:29:18 INFO  org.testng.internal.Utils - [Utils] MethodGroupsHelper.sortMethods() took 17 ms.
2026-04-24 16:29:18 INFO  org.testng.internal.Utils - [Utils] MethodGroupsHelper.collectMethodsByGroup() took 0 ms.
2026-04-24 16:29:18 INFO  org.testng.internal.Utils - [Utils] MethodGroupsHelper.sortMethods() took 0 ms.
2026-04-24 16:29:18 INFO  org.testng.internal.Utils - [Utils] MethodGroupsHelper.collectMethodsByGroup() took 0 ms.
2026-04-24 16:29:18 INFO  org.testng.internal.Utils - [Utils] MethodGroupsHelper.sortMethods() took 0 ms.
2026-04-24 16:29:18 INFO  org.testng.internal.Utils - [Utils] MethodGroupsHelper.collectMethodsByGroup() took 0 ms.
2026-04-24 16:29:18 INFO  org.testng.internal.Utils - [Utils] MethodGroupsHelper.sortMethods() took 0 ms.
2026-04-24 16:29:18 INFO  org.testng.internal.Utils - [Utils] MethodGroupsHelper.collectMethodsByGroup() took 16 ms.
2026-04-24 16:29:18 INFO  org.testng.internal.Utils - [Utils] MethodGroupsHelper.sortMethods() took 0 ms.
2026-04-24 16:29:18 INFO  org.testng.internal.Utils - [Utils] MethodGroupsHelper.collectMethodsByGroup() took 0 ms.
2026-04-24 16:29:18 INFO  org.testng.internal.Utils - [Utils] MethodGroupsHelper.sortMethods() took 0 ms.
2026-04-24 16:29:18 INFO  org.testng.internal.Utils - [Utils] MethodGroupsHelper.collectMethodsByGroup() took 0 ms.
2026-04-24 16:29:18 INFO  org.testng.internal.Utils - [Utils] MethodGroupsHelper.sortMethods() took 0 ms.
2026-04-24 16:29:18 INFO  org.testng.internal.Utils - [TestNG] Running:
  C:\Users\Rahul\AppData\Local\Temp\testng-eclipse-1453215866\testng-customsuite.xml

2026-04-24 16:29:18 INFO  org.testng.internal.Utils - [Utils] DynamicGraphHelper.createDynamicGraph() took 4 ms.
2026-04-24 16:29:34 INFO  org.testng.internal.Utils - [TestNG] Time taken by org.testng.reporters.jq.Main@6cff61fc: 78 ms
2026-04-24 16:29:34 INFO  org.testng.internal.Utils - [TestNG] Time taken by org.testng.reporters.FailedReporter@5a6d30e2: 18 ms
2026-04-24 16:29:34 INFO  org.testng.internal.Utils - [TestNG] Time taken by org.testng.reporters.XMLReporter@5dd903be: 26 ms
2026-04-24 16:29:34 INFO  org.testng.internal.Utils - [TestNG] Time taken by org.testng.reporters.EmailableReporter2@6b1dc20f: 16 ms
2026-04-24 16:29:34 INFO  org.testng.internal.Utils - [TestNG] Time taken by org.testng.reporters.JUnitReportReporter@7724704f: 12 ms
2026-04-24 16:29:34 INFO  org.testng.internal.Utils - [TestNG] Time taken by org.testng.internal.ExitCodeListener@3dfa819: 0 ms
2026-04-24 16:30:05 DEBUG org.testng.TestNG - suiteXmlPath: "C:\Users\Rahul\AppData\Local\Temp\testng-eclipse--1205906376\testng-customsuite.xml"
2026-04-24 16:30:06 INFO  org.testng.internal.Utils - [Utils] MethodGroupsHelper.collectMethodsByGroup() took 1 ms.
2026-04-24 16:30:06 INFO  org.testng.internal.Utils - [Utils] MethodGroupsHelper.sortMethods() took 0 ms.
2026-04-24 16:30:06 INFO  org.testng.internal.Utils - [Utils] MethodGroupsHelper.collectMethodsByGroup() took 0 ms.
2026-04-24 16:30:06 INFO  org.testng.internal.Utils - [Utils] MethodGroupsHelper.sortMethods() took 0 ms.
2026-04-24 16:30:06 INFO  org.testng.internal.Utils - [Utils] MethodGroupsHelper.collectMethodsByGroup() took 0 ms.
2026-04-24 16:30:06 INFO  org.testng.internal.Utils - [Utils] MethodGroupsHelper.sortMethods() took 0 ms.
2026-04-24 16:30:06 INFO  org.testng.internal.Utils - [Utils] MethodGroupsHelper.collectMethodsByGroup() took 0 ms.
2026-04-24 16:30:06 INFO  org.testng.internal.Utils - [Utils] MethodGroupsHelper.sortMethods() took 0 ms.
2026-04-24 16:30:06 INFO  org.testng.internal.Utils - [Utils] MethodGroupsHelper.collectMethodsByGroup() took 0 ms.
2026-04-24 16:30:06 INFO  org.testng.internal.Utils - [Utils] MethodGroupsHelper.sortMethods() took 0 ms.
2026-04-24 16:30:06 INFO  org.testng.internal.Utils - [Utils] MethodGroupsHelper.collectMethodsByGroup() took 0 ms.
2026-04-24 16:30:06 INFO  org.testng.internal.Utils - [Utils] MethodGroupsHelper.sortMethods() took 0 ms.
2026-04-24 16:30:06 INFO  org.testng.internal.Utils - [Utils] MethodGroupsHelper.collectMethodsByGroup() took 0 ms.
2026-04-24 16:30:06 INFO  org.testng.internal.Utils - [Utils] MethodGroupsHelper.sortMethods() took 0 ms.
2026-04-24 16:30:06 INFO  org.testng.internal.Utils - [Utils] MethodGroupsHelper.collectMethodsByGroup() took 0 ms.
2026-04-24 16:30:06 INFO  org.testng.internal.Utils - [Utils] MethodGroupsHelper.sortMethods() took 0 ms.
2026-04-24 16:30:06 INFO  org.testng.internal.Utils - [Utils] MethodGroupsHelper.collectMethodsByGroup() took 18 ms.
2026-04-24 16:30:06 INFO  org.testng.internal.Utils - [Utils] MethodGroupsHelper.sortMethods() took 38 ms.
2026-04-24 16:30:06 INFO  org.testng.internal.Utils - [Utils] MethodGroupsHelper.collectMethodsByGroup() took 0 ms.
2026-04-24 16:30:06 INFO  org.testng.internal.Utils - [Utils] MethodGroupsHelper.sortMethods() took 0 ms.
2026-04-24 16:30:06 INFO  org.testng.internal.Utils - [Utils] MethodGroupsHelper.collectMethodsByGroup() took 0 ms.
2026-04-24 16:30:06 INFO  org.testng.internal.Utils - [Utils] MethodGroupsHelper.sortMethods() took 0 ms.
2026-04-24 16:30:06 INFO  org.testng.internal.Utils - [Utils] MethodGroupsHelper.collectMethodsByGroup() took 0 ms.
2026-04-24 16:30:06 INFO  org.testng.internal.Utils - [Utils] MethodGroupsHelper.sortMethods() took 0 ms.
2026-04-24 16:30:06 INFO  org.testng.internal.Utils - [Utils] MethodGroupsHelper.collectMethodsByGroup() took 14 ms.
2026-04-24 16:30:06 INFO  org.testng.internal.Utils - [Utils] MethodGroupsHelper.sortMethods() took 1 ms.
2026-04-24 16:30:06 INFO  org.testng.internal.Utils - [Utils] MethodGroupsHelper.collectMethodsByGroup() took 0 ms.
2026-04-24 16:30:06 INFO  org.testng.internal.Utils - [Utils] MethodGroupsHelper.sortMethods() took 0 ms.
2026-04-24 16:30:06 INFO  org.testng.internal.Utils - [Utils] MethodGroupsHelper.collectMethodsByGroup() took 0 ms.
2026-04-24 16:30:06 INFO  org.testng.internal.Utils - [Utils] MethodGroupsHelper.sortMethods() took 0 ms.
2026-04-24 16:30:06 INFO  org.testng.internal.Utils - [TestNG] Running:
  C:\Users\Rahul\AppData\Local\Temp\testng-eclipse--1205906376\testng-customsuite.xml

2026-04-24 16:30:06 INFO  org.testng.internal.Utils - [Utils] DynamicGraphHelper.createDynamicGraph() took 4 ms.
2026-04-24 16:30:48 INFO  org.testng.internal.Utils - [TestNG] Time taken by org.testng.reporters.jq.Main@4277127c: 72 ms
2026-04-24 16:30:48 INFO  org.testng.internal.Utils - [TestNG] Time taken by org.testng.reporters.FailedReporter@806996: 23 ms
2026-04-24 16:30:48 INFO  org.testng.internal.Utils - [TestNG] Time taken by org.testng.reporters.XMLReporter@30c1da48: 13 ms
2026-04-24 16:30:48 INFO  org.testng.internal.Utils - [TestNG] Time taken by org.testng.reporters.EmailableReporter2@7fb48179: 15 ms
2026-04-24 16:30:48 INFO  org.testng.internal.Utils - [TestNG] Time taken by org.testng.reporters.JUnitReportReporter@4190bc8a: 12 ms
2026-04-24 16:30:48 INFO  org.testng.internal.Utils - [TestNG] Time taken by org.testng.internal.ExitCodeListener@47d023b7: 0 ms
2026-04-24 16:31:14 DEBUG org.testng.TestNG - suiteXmlPath: "C:\Users\Rahul\AppData\Local\Temp\testng-eclipse--1400296515\testng-customsuite.xml"
2026-04-24 16:31:14 INFO  org.testng.internal.Utils - [Utils] MethodGroupsHelper.collectMethodsByGroup() took 0 ms.
2026-04-24 16:31:14 INFO  org.testng.internal.Utils - [Utils] MethodGroupsHelper.sortMethods() took 0 ms.
2026-04-24 16:31:14 INFO  org.testng.internal.Utils - [Utils] MethodGroupsHelper.collectMethodsByGroup() took 0 ms.
2026-04-24 16:31:14 INFO  org.testng.internal.Utils - [Utils] MethodGroupsHelper.sortMethods() took 0 ms.
2026-04-24 16:31:14 INFO  org.testng.internal.Utils - [Utils] MethodGroupsHelper.collectMethodsByGroup() took 0 ms.
2026-04-24 16:31:14 INFO  org.testng.internal.Utils - [Utils] MethodGroupsHelper.sortMethods() took 0 ms.
2026-04-24 16:31:14 INFO  org.testng.internal.Utils - [Utils] MethodGroupsHelper.collectMethodsByGroup() took 0 ms.
2026-04-24 16:31:14 INFO  org.testng.internal.Utils - [Utils] MethodGroupsHelper.sortMethods() took 0 ms.
2026-04-24 16:31:14 INFO  org.testng.internal.Utils - [Utils] MethodGroupsHelper.collectMethodsByGroup() took 0 ms.
2026-04-24 16:31:14 INFO  org.testng.internal.Utils - [Utils] MethodGroupsHelper.sortMethods() took 0 ms.
2026-04-24 16:31:14 INFO  org.testng.internal.Utils - [Utils] MethodGroupsHelper.collectMethodsByGroup() took 0 ms.
2026-04-24 16:31:14 INFO  org.testng.internal.Utils - [Utils] MethodGroupsHelper.sortMethods() took 0 ms.
2026-04-24 16:31:14 INFO  org.testng.internal.Utils - [Utils] MethodGroupsHelper.collectMethodsByGroup() took 0 ms.
2026-04-24 16:31:14 INFO  org.testng.internal.Utils - [Utils] MethodGroupsHelper.sortMethods() took 0 ms.
2026-04-24 16:31:14 INFO  org.testng.internal.Utils - [Utils] MethodGroupsHelper.collectMethodsByGroup() took 0 ms.
2026-04-24 16:31:14 INFO  org.testng.internal.Utils - [Utils] MethodGroupsHelper.sortMethods() took 0 ms.
2026-04-24 16:31:14 INFO  org.testng.internal.Utils - [Utils] MethodGroupsHelper.collectMethodsByGroup() took 13 ms.
2026-04-24 16:31:14 INFO  org.testng.internal.Utils - [Utils] MethodGroupsHelper.sortMethods() took 12 ms.
2026-04-24 16:31:14 INFO  org.testng.internal.Utils - [Utils] MethodGroupsHelper.collectMethodsByGroup() took 0 ms.
2026-04-24 16:31:14 INFO  org.testng.internal.Utils - [Utils] MethodGroupsHelper.sortMethods() took 1 ms.
2026-04-24 16:31:14 INFO  org.testng.internal.Utils - [Utils] MethodGroupsHelper.collectMethodsByGroup() took 0 ms.
2026-04-24 16:31:14 INFO  org.testng.internal.Utils - [Utils] MethodGroupsHelper.sortMethods() took 0 ms.
2026-04-24 16:31:14 INFO  org.testng.internal.Utils - [Utils] MethodGroupsHelper.collectMethodsByGroup() took 0 ms.
2026-04-24 16:31:14 INFO  org.testng.internal.Utils - [Utils] MethodGroupsHelper.sortMethods() took 0 ms.
2026-04-24 16:31:14 INFO  org.testng.internal.Utils - [Utils] MethodGroupsHelper.collectMethodsByGroup() took 10 ms.
2026-04-24 16:31:14 INFO  org.testng.internal.Utils - [Utils] MethodGroupsHelper.sortMethods() took 1 ms.
2026-04-24 16:31:14 INFO  org.testng.internal.Utils - [Utils] MethodGroupsHelper.collectMethodsByGroup() took 0 ms.
2026-04-24 16:31:14 INFO  org.testng.internal.Utils - [Utils] MethodGroupsHelper.sortMethods() took 0 ms.
2026-04-24 16:31:14 INFO  org.testng.internal.Utils - [Utils] MethodGroupsHelper.collectMethodsByGroup() took 0 ms.
2026-04-24 16:31:14 INFO  org.testng.internal.Utils - [Utils] MethodGroupsHelper.sortMethods() took 0 ms.
2026-04-24 16:31:14 INFO  org.testng.internal.Utils - [TestNG] Running:
  C:\Users\Rahul\AppData\Local\Temp\testng-eclipse--1400296515\testng-customsuite.xml

2026-04-24 16:31:14 INFO  org.testng.internal.Utils - [Utils] DynamicGraphHelper.createDynamicGraph() took 12 ms.
2026-04-24 16:32:15 INFO  org.testng.internal.Utils - [TestNG] Time taken by org.testng.reporters.jq.Main@b0a1231: 80 ms
2026-04-24 16:32:15 INFO  org.testng.internal.Utils - [TestNG] Time taken by org.testng.reporters.FailedReporter@235d659c: 15 ms
2026-04-24 16:32:15 INFO  org.testng.internal.Utils - [TestNG] Time taken by org.testng.reporters.XMLReporter@5e8507f1: 14 ms
2026-04-24 16:32:15 INFO  org.testng.internal.Utils - [TestNG] Time taken by org.testng.reporters.EmailableReporter2@62d1dc3c: 18 ms
2026-04-24 16:32:15 INFO  org.testng.internal.Utils - [TestNG] Time taken by org.testng.reporters.JUnitReportReporter@22d9bc14: 11 ms
2026-04-24 16:32:15 INFO  org.testng.internal.Utils - [TestNG] Time taken by org.testng.internal.ExitCodeListener@346f41a9: 0 ms
2026-04-24 16:32:58 DEBUG org.testng.TestNG - suiteXmlPath: "C:\Users\Rahul\AppData\Local\Temp\testng-eclipse-2129910916\testng-customsuite.xml"
2026-04-24 16:32:59 INFO  org.testng.internal.Utils - [Utils] MethodGroupsHelper.collectMethodsByGroup() took 1 ms.
2026-04-24 16:32:59 INFO  org.testng.internal.Utils - [Utils] MethodGroupsHelper.sortMethods() took 1 ms.
2026-04-24 16:32:59 INFO  org.testng.internal.Utils - [Utils] MethodGroupsHelper.collectMethodsByGroup() took 0 ms.
2026-04-24 16:32:59 INFO  org.testng.internal.Utils - [Utils] MethodGroupsHelper.sortMethods() took 0 ms.
2026-04-24 16:32:59 INFO  org.testng.internal.Utils - [Utils] MethodGroupsHelper.collectMethodsByGroup() took 0 ms.
2026-04-24 16:32:59 INFO  org.testng.internal.Utils - [Utils] MethodGroupsHelper.sortMethods() took 0 ms.
2026-04-24 16:32:59 INFO  org.testng.internal.Utils - [Utils] MethodGroupsHelper.collectMethodsByGroup() took 0 ms.
2026-04-24 16:32:59 INFO  org.testng.internal.Utils - [Utils] MethodGroupsHelper.sortMethods() took 0 ms.
2026-04-24 16:32:59 INFO  org.testng.internal.Utils - [Utils] MethodGroupsHelper.collectMethodsByGroup() took 0 ms.
2026-04-24 16:32:59 INFO  org.testng.internal.Utils - [Utils] MethodGroupsHelper.sortMethods() took 0 ms.
2026-04-24 16:32:59 INFO  org.testng.internal.Utils - [Utils] MethodGroupsHelper.collectMethodsByGroup() took 0 ms.
2026-04-24 16:32:59 INFO  org.testng.internal.Utils - [Utils] MethodGroupsHelper.sortMethods() took 0 ms.
2026-04-24 16:32:59 INFO  org.testng.internal.Utils - [Utils] MethodGroupsHelper.collectMethodsByGroup() took 0 ms.
2026-04-24 16:32:59 INFO  org.testng.internal.Utils - [Utils] MethodGroupsHelper.sortMethods() took 0 ms.
2026-04-24 16:32:59 INFO  org.testng.internal.Utils - [Utils] MethodGroupsHelper.collectMethodsByGroup() took 0 ms.
2026-04-24 16:32:59 INFO  org.testng.internal.Utils - [Utils] MethodGroupsHelper.sortMethods() took 0 ms.
2026-04-24 16:32:59 INFO  org.testng.internal.Utils - [Utils] MethodGroupsHelper.collectMethodsByGroup() took 7 ms.
2026-04-24 16:32:59 INFO  org.testng.internal.Utils - [Utils] MethodGroupsHelper.sortMethods() took 12 ms.
2026-04-24 16:32:59 INFO  org.testng.internal.Utils - [Utils] MethodGroupsHelper.collectMethodsByGroup() took 0 ms.
2026-04-24 16:32:59 INFO  org.testng.internal.Utils - [Utils] MethodGroupsHelper.sortMethods() took 0 ms.
2026-04-24 16:32:59 INFO  org.testng.internal.Utils - [Utils] MethodGroupsHelper.collectMethodsByGroup() took 0 ms.
2026-04-24 16:32:59 INFO  org.testng.internal.Utils - [Utils] MethodGroupsHelper.sortMethods() took 0 ms.
2026-04-24 16:32:59 INFO  org.testng.internal.Utils - [Utils] MethodGroupsHelper.collectMethodsByGroup() took 0 ms.
2026-04-24 16:32:59 INFO  org.testng.internal.Utils - [Utils] MethodGroupsHelper.sortMethods() took 0 ms.
2026-04-24 16:32:59 INFO  org.testng.internal.Utils - [Utils] MethodGroupsHelper.collectMethodsByGroup() took 0 ms.
2026-04-24 16:32:59 INFO  org.testng.internal.Utils - [Utils] MethodGroupsHelper.sortMethods() took 8 ms.
2026-04-24 16:32:59 INFO  org.testng.internal.Utils - [Utils] MethodGroupsHelper.collectMethodsByGroup() took 0 ms.
2026-04-24 16:32:59 INFO  org.testng.internal.Utils - [Utils] MethodGroupsHelper.sortMethods() took 0 ms.
2026-04-24 16:32:59 INFO  org.testng.internal.Utils - [Utils] MethodGroupsHelper.collectMethodsByGroup() took 0 ms.
2026-04-24 16:32:59 INFO  org.testng.internal.Utils - [Utils] MethodGroupsHelper.sortMethods() took 0 ms.
2026-04-24 16:32:59 INFO  org.testng.internal.Utils - [TestNG] Running:
  C:\Users\Rahul\AppData\Local\Temp\testng-eclipse-2129910916\testng-customsuite.xml

2026-04-24 16:32:59 INFO  org.testng.internal.Utils - [Utils] DynamicGraphHelper.createDynamicGraph() took 13 ms.
2026-04-24 16:33:08 INFO  com.Tests.ProductListingPageTest - Searching for: Kids
2026-04-24 16:33:20 INFO  com.Tests.ProductListingPageTest - Searching for: Boys
2026-04-24 16:33:33 INFO  com.Tests.ProductListingPageTest - Searching for: Girls
2026-04-24 16:33:44 INFO  com.Tests.ProductListingPageTest - Searching for: Footwear
2026-04-24 16:33:56 INFO  com.Tests.ProductListingPageTest - Searching for: Infants
2026-04-24 16:34:04 INFO  com.Tests.ProductListingPageTest - Searching for: Toys & Games
2026-04-24 16:34:17 INFO  com.Tests.ProductListingPageTest - Searching for: Accessories
2026-04-24 16:34:26 INFO  com.Tests.ProductListingPageTest - Searching for: 
2026-04-24 16:35:05 INFO  com.Tests.ProductListingPageTest - Searching for: @#$%
2026-04-24 16:35:46 INFO  com.Tests.ProductListingPageTest - Searching for: !!!
2026-04-24 16:35:58 INFO  com.Tests.ProductListingPageTest - Searching for: @@@@
2026-04-24 16:36:09 INFO  com.Tests.ProductListingPageTest - Searching for: kids@@@
2026-04-24 16:36:50 INFO  org.testng.internal.Utils - [TestNG] Time taken by org.testng.reporters.jq.Main@612af486: 218 ms
2026-04-24 16:36:50 INFO  org.testng.internal.Utils - [TestNG] Time taken by org.testng.reporters.FailedReporter@2fc7fa6e: 35 ms
2026-04-24 16:36:50 INFO  org.testng.internal.Utils - [TestNG] Time taken by org.testng.reporters.XMLReporter@505f45cc: 101 ms
2026-04-24 16:36:50 INFO  org.testng.internal.Utils - [TestNG] Time taken by org.testng.reporters.EmailableReporter2@5a899811: 23 ms
2026-04-24 16:36:50 INFO  org.testng.internal.Utils - [TestNG] Time taken by org.testng.reporters.JUnitReportReporter@49e479da: 28 ms
2026-04-24 16:36:50 INFO  org.testng.internal.Utils - [TestNG] Time taken by org.testng.internal.ExitCodeListener@2d24cdd9: 1 ms
2026-04-24 16:43:19 DEBUG org.testng.TestNG - suiteXmlPath: "C:\Users\Rahul\AppData\Local\Temp\testng-eclipse-821096970\testng-customsuite.xml"
2026-04-24 16:43:19 INFO  org.testng.internal.Utils - [Utils] MethodGroupsHelper.collectMethodsByGroup() took 1 ms.
2026-04-24 16:43:19 INFO  org.testng.internal.Utils - [Utils] MethodGroupsHelper.sortMethods() took 0 ms.
2026-04-24 16:43:19 INFO  org.testng.internal.Utils - [Utils] MethodGroupsHelper.collectMethodsByGroup() took 0 ms.
2026-04-24 16:43:19 INFO  org.testng.internal.Utils - [Utils] MethodGroupsHelper.sortMethods() took 0 ms.
2026-04-24 16:43:19 INFO  org.testng.internal.Utils - [Utils] MethodGroupsHelper.collectMethodsByGroup() took 0 ms.
2026-04-24 16:43:19 INFO  org.testng.internal.Utils - [Utils] MethodGroupsHelper.sortMethods() took 0 ms.
2026-04-24 16:43:19 INFO  org.testng.internal.Utils - [Utils] MethodGroupsHelper.collectMethodsByGroup() took 0 ms.
2026-04-24 16:43:19 INFO  org.testng.internal.Utils - [Utils] MethodGroupsHelper.sortMethods() took 0 ms.
2026-04-24 16:43:19 INFO  org.testng.internal.Utils - [Utils] MethodGroupsHelper.collectMethodsByGroup() took 2 ms.
2026-04-24 16:43:19 INFO  org.testng.internal.Utils - [Utils] MethodGroupsHelper.sortMethods() took 9 ms.
2026-04-24 16:43:19 INFO  org.testng.internal.Utils - [Utils] MethodGroupsHelper.collectMethodsByGroup() took 1 ms.
2026-04-24 16:43:19 INFO  org.testng.internal.Utils - [Utils] MethodGroupsHelper.sortMethods() took 0 ms.
2026-04-24 16:43:19 INFO  org.testng.internal.Utils - [Utils] MethodGroupsHelper.collectMethodsByGroup() took 0 ms.
2026-04-24 16:43:19 INFO  org.testng.internal.Utils - [Utils] MethodGroupsHelper.sortMethods() took 0 ms.
2026-04-24 16:43:19 INFO  org.testng.internal.Utils - [Utils] MethodGroupsHelper.collectMethodsByGroup() took 0 ms.
2026-04-24 16:43:19 INFO  org.testng.internal.Utils - [Utils] MethodGroupsHelper.sortMethods() took 0 ms.
2026-04-24 16:43:19 INFO  org.testng.internal.Utils - [Utils] MethodGroupsHelper.collectMethodsByGroup() took 0 ms.
2026-04-24 16:43:19 INFO  org.testng.internal.Utils - [Utils] MethodGroupsHelper.sortMethods() took 0 ms.
2026-04-24 16:43:19 INFO  org.testng.internal.Utils - [Utils] MethodGroupsHelper.collectMethodsByGroup() took 0 ms.
2026-04-24 16:43:19 INFO  org.testng.internal.Utils - [Utils] MethodGroupsHelper.sortMethods() took 0 ms.
2026-04-24 16:43:19 INFO  org.testng.internal.Utils - [Utils] MethodGroupsHelper.collectMethodsByGroup() took 0 ms.
2026-04-24 16:43:19 INFO  org.testng.internal.Utils - [Utils] MethodGroupsHelper.sortMethods() took 0 ms.
2026-04-24 16:43:19 INFO  org.testng.internal.Utils - [Utils] MethodGroupsHelper.collectMethodsByGroup() took 0 ms.
2026-04-24 16:43:19 INFO  org.testng.internal.Utils - [Utils] MethodGroupsHelper.sortMethods() took 0 ms.
2026-04-24 16:43:19 INFO  org.testng.internal.Utils - [Utils] MethodGroupsHelper.collectMethodsByGroup() took 13 ms.
2026-04-24 16:43:19 INFO  org.testng.internal.Utils - [Utils] MethodGroupsHelper.sortMethods() took 0 ms.
2026-04-24 16:43:19 INFO  org.testng.internal.Utils - [Utils] MethodGroupsHelper.collectMethodsByGroup() took 0 ms.
2026-04-24 16:43:19 INFO  org.testng.internal.Utils - [Utils] MethodGroupsHelper.sortMethods() took 0 ms.
2026-04-24 16:43:19 INFO  org.testng.internal.Utils - [Utils] MethodGroupsHelper.collectMethodsByGroup() took 0 ms.
2026-04-24 16:43:19 INFO  org.testng.internal.Utils - [Utils] MethodGroupsHelper.sortMethods() took 0 ms.
2026-04-24 16:43:19 INFO  org.testng.internal.Utils - [TestNG] Running:
  C:\Users\Rahul\AppData\Local\Temp\testng-eclipse-821096970\testng-customsuite.xml

2026-04-24 16:43:19 INFO  org.testng.internal.Utils - [Utils] DynamicGraphHelper.createDynamicGraph() took 5 ms.
2026-04-24 16:43:22 INFO  Hooks.Hooks - Browser is opened..!
2026-04-24 16:43:26 INFO  Hooks.Hooks - url is launched..!
2026-04-24 16:43:26 INFO  StepDefinations.ProductDetailSteps - Searching for product: Tshirts
2026-04-24 16:43:31 INFO  StepDefinations.ProductDetailSteps - Products loaded successfully on PLP
2026-04-24 16:43:31 INFO  Hooks.Hooks - Driver is Quit successfully....!
2026-04-24 16:43:31 INFO  org.testng.internal.Utils - [TestNG] Time taken by org.testng.reporters.jq.Main@1b2df3aa: 52 ms
2026-04-24 16:43:31 INFO  org.testng.internal.Utils - [TestNG] Time taken by org.testng.reporters.FailedReporter@5f174dd2: 14 ms
2026-04-24 16:43:31 INFO  org.testng.internal.Utils - [TestNG] Time taken by org.testng.reporters.XMLReporter@76a805b7: 10 ms
2026-04-24 16:43:31 INFO  org.testng.internal.Utils - [TestNG] Time taken by org.testng.reporters.EmailableReporter2@17aa8a11: 6 ms
2026-04-24 16:43:31 INFO  org.testng.internal.Utils - [TestNG] Time taken by org.testng.reporters.JUnitReportReporter@5807efad: 7 ms
2026-04-24 16:43:31 INFO  org.testng.internal.Utils - [TestNG] Time taken by org.testng.internal.ExitCodeListener@53a84ff4: 0 ms
2026-04-24 17:08:31 DEBUG org.testng.TestNG - suiteXmlPath: "C:\Users\Rahul\AppData\Local\Temp\testng-eclipse--1321437791\testng-customsuite.xml"
2026-04-24 17:08:31 INFO  org.testng.internal.Utils - [Utils] MethodGroupsHelper.collectMethodsByGroup() took 1 ms.
2026-04-24 17:08:31 INFO  org.testng.internal.Utils - [Utils] MethodGroupsHelper.sortMethods() took 2 ms.
2026-04-24 17:08:31 INFO  org.testng.internal.Utils - [Utils] MethodGroupsHelper.collectMethodsByGroup() took 0 ms.
2026-04-24 17:08:31 INFO  org.testng.internal.Utils - [Utils] MethodGroupsHelper.sortMethods() took 0 ms.
2026-04-24 17:08:31 INFO  org.testng.internal.Utils - [Utils] MethodGroupsHelper.collectMethodsByGroup() took 1 ms.
2026-04-24 17:08:31 INFO  org.testng.internal.Utils - [Utils] MethodGroupsHelper.sortMethods() took 0 ms.
2026-04-24 17:08:31 INFO  org.testng.internal.Utils - [Utils] MethodGroupsHelper.collectMethodsByGroup() took 0 ms.
2026-04-24 17:08:31 INFO  org.testng.internal.Utils - [Utils] MethodGroupsHelper.sortMethods() took 0 ms.
2026-04-24 17:08:31 INFO  org.testng.internal.Utils - [Utils] MethodGroupsHelper.collectMethodsByGroup() took 0 ms.
2026-04-24 17:08:31 INFO  org.testng.internal.Utils - [Utils] MethodGroupsHelper.sortMethods() took 20 ms.
2026-04-24 17:08:31 INFO  org.testng.internal.Utils - [Utils] MethodGroupsHelper.collectMethodsByGroup() took 1 ms.
2026-04-24 17:08:31 INFO  org.testng.internal.Utils - [Utils] MethodGroupsHelper.sortMethods() took 1 ms.
2026-04-24 17:08:31 INFO  org.testng.internal.Utils - [Utils] MethodGroupsHelper.collectMethodsByGroup() took 0 ms.
2026-04-24 17:08:31 INFO  org.testng.internal.Utils - [Utils] MethodGroupsHelper.sortMethods() took 0 ms.
2026-04-24 17:08:31 INFO  org.testng.internal.Utils - [Utils] MethodGroupsHelper.collectMethodsByGroup() took 0 ms.
2026-04-24 17:08:31 INFO  org.testng.internal.Utils - [Utils] MethodGroupsHelper.sortMethods() took 1 ms.
2026-04-24 17:08:31 INFO  org.testng.internal.Utils - [Utils] MethodGroupsHelper.collectMethodsByGroup() took 0 ms.
2026-04-24 17:08:31 INFO  org.testng.internal.Utils - [Utils] MethodGroupsHelper.sortMethods() took 0 ms.
2026-04-24 17:08:31 INFO  org.testng.internal.Utils - [Utils] MethodGroupsHelper.collectMethodsByGroup() took 0 ms.
2026-04-24 17:08:31 INFO  org.testng.internal.Utils - [Utils] MethodGroupsHelper.sortMethods() took 0 ms.
2026-04-24 17:08:31 INFO  org.testng.internal.Utils - [Utils] MethodGroupsHelper.collectMethodsByGroup() took 0 ms.
2026-04-24 17:08:31 INFO  org.testng.internal.Utils - [Utils] MethodGroupsHelper.sortMethods() took 0 ms.
2026-04-24 17:08:31 INFO  org.testng.internal.Utils - [Utils] MethodGroupsHelper.collectMethodsByGroup() took 0 ms.
2026-04-24 17:08:31 INFO  org.testng.internal.Utils - [Utils] MethodGroupsHelper.sortMethods() took 0 ms.
2026-04-24 17:08:31 INFO  org.testng.internal.Utils - [Utils] MethodGroupsHelper.collectMethodsByGroup() took 16 ms.
2026-04-24 17:08:31 INFO  org.testng.internal.Utils - [Utils] MethodGroupsHelper.sortMethods() took 0 ms.
2026-04-24 17:08:31 INFO  org.testng.internal.Utils - [Utils] MethodGroupsHelper.collectMethodsByGroup() took 0 ms.
2026-04-24 17:08:31 INFO  org.testng.internal.Utils - [Utils] MethodGroupsHelper.sortMethods() took 0 ms.
2026-04-24 17:08:31 INFO  org.testng.internal.Utils - [Utils] MethodGroupsHelper.collectMethodsByGroup() took 0 ms.
2026-04-24 17:08:31 INFO  org.testng.internal.Utils - [Utils] MethodGroupsHelper.sortMethods() took 0 ms.
2026-04-24 17:08:32 INFO  org.testng.internal.Utils - [TestNG] Running:
  C:\Users\Rahul\AppData\Local\Temp\testng-eclipse--1321437791\testng-customsuite.xml

2026-04-24 17:08:32 INFO  org.testng.internal.Utils - [Utils] DynamicGraphHelper.createDynamicGraph() took 8 ms.
2026-04-24 17:08:34 INFO  Hooks.Hooks - Browser is opened..!
2026-04-24 17:08:35 INFO  Hooks.Hooks - url is launched..!
2026-04-24 17:08:35 INFO  Hooks.Hooks - Driver is Quit successfully....!
2026-04-24 17:08:35 INFO  org.testng.internal.Utils - [TestNG] Time taken by org.testng.reporters.jq.Main@65383667: 67 ms
2026-04-24 17:08:35 INFO  org.testng.internal.Utils - [TestNG] Time taken by org.testng.reporters.FailedReporter@1bb740f2: 16 ms
2026-04-24 17:08:35 INFO  org.testng.internal.Utils - [TestNG] Time taken by org.testng.reporters.XMLReporter@6015a4a5: 8 ms
2026-04-24 17:08:35 INFO  org.testng.internal.Utils - [TestNG] Time taken by org.testng.reporters.EmailableReporter2@43c87306: 7 ms
2026-04-24 17:08:35 INFO  org.testng.internal.Utils - [TestNG] Time taken by org.testng.reporters.JUnitReportReporter@2f3166a: 9 ms
2026-04-24 17:08:35 INFO  org.testng.internal.Utils - [TestNG] Time taken by org.testng.internal.ExitCodeListener@37637a24: 0 ms
2026-04-24 17:13:04 DEBUG org.testng.TestNG - suiteXmlPath: "C:\Users\Rahul\AppData\Local\Temp\testng-eclipse--1997843326\testng-customsuite.xml"
2026-04-24 17:13:04 INFO  org.testng.internal.Utils - [Utils] MethodGroupsHelper.collectMethodsByGroup() took 0 ms.
2026-04-24 17:13:04 INFO  org.testng.internal.Utils - [Utils] MethodGroupsHelper.sortMethods() took 1 ms.
2026-04-24 17:13:04 INFO  org.testng.internal.Utils - [Utils] MethodGroupsHelper.collectMethodsByGroup() took 0 ms.
2026-04-24 17:13:04 INFO  org.testng.internal.Utils - [Utils] MethodGroupsHelper.sortMethods() took 0 ms.
2026-04-24 17:13:04 INFO  org.testng.internal.Utils - [Utils] MethodGroupsHelper.collectMethodsByGroup() took 0 ms.
2026-04-24 17:13:04 INFO  org.testng.internal.Utils - [Utils] MethodGroupsHelper.sortMethods() took 0 ms.
2026-04-24 17:13:04 INFO  org.testng.internal.Utils - [Utils] MethodGroupsHelper.collectMethodsByGroup() took 0 ms.
2026-04-24 17:13:04 INFO  org.testng.internal.Utils - [Utils] MethodGroupsHelper.sortMethods() took 0 ms.
2026-04-24 17:13:04 INFO  org.testng.internal.Utils - [Utils] MethodGroupsHelper.collectMethodsByGroup() took 0 ms.
2026-04-24 17:13:04 INFO  org.testng.internal.Utils - [Utils] MethodGroupsHelper.sortMethods() took 9 ms.
2026-04-24 17:13:04 INFO  org.testng.internal.Utils - [Utils] MethodGroupsHelper.collectMethodsByGroup() took 0 ms.
2026-04-24 17:13:04 INFO  org.testng.internal.Utils - [Utils] MethodGroupsHelper.sortMethods() took 0 ms.
2026-04-24 17:13:04 INFO  org.testng.internal.Utils - [Utils] MethodGroupsHelper.collectMethodsByGroup() took 0 ms.
2026-04-24 17:13:04 INFO  org.testng.internal.Utils - [Utils] MethodGroupsHelper.sortMethods() took 0 ms.
2026-04-24 17:13:04 INFO  org.testng.internal.Utils - [Utils] MethodGroupsHelper.collectMethodsByGroup() took 0 ms.
2026-04-24 17:13:04 INFO  org.testng.internal.Utils - [Utils] MethodGroupsHelper.sortMethods() took 0 ms.
2026-04-24 17:13:04 INFO  org.testng.internal.Utils - [Utils] MethodGroupsHelper.collectMethodsByGroup() took 0 ms.
2026-04-24 17:13:04 INFO  org.testng.internal.Utils - [Utils] MethodGroupsHelper.sortMethods() took 0 ms.
2026-04-24 17:13:04 INFO  org.testng.internal.Utils - [Utils] MethodGroupsHelper.collectMethodsByGroup() took 0 ms.
2026-04-24 17:13:04 INFO  org.testng.internal.Utils - [Utils] MethodGroupsHelper.sortMethods() took 0 ms.
2026-04-24 17:13:04 INFO  org.testng.internal.Utils - [Utils] MethodGroupsHelper.collectMethodsByGroup() took 0 ms.
2026-04-24 17:13:04 INFO  org.testng.internal.Utils - [Utils] MethodGroupsHelper.sortMethods() took 0 ms.
2026-04-24 17:13:04 INFO  org.testng.internal.Utils - [Utils] MethodGroupsHelper.collectMethodsByGroup() took 0 ms.
2026-04-24 17:13:04 INFO  org.testng.internal.Utils - [Utils] MethodGroupsHelper.sortMethods() took 0 ms.
2026-04-24 17:13:04 INFO  org.testng.internal.Utils - [Utils] MethodGroupsHelper.collectMethodsByGroup() took 5 ms.
2026-04-24 17:13:04 INFO  org.testng.internal.Utils - [Utils] MethodGroupsHelper.sortMethods() took 1 ms.
2026-04-24 17:13:04 INFO  org.testng.internal.Utils - [Utils] MethodGroupsHelper.collectMethodsByGroup() took 0 ms.
2026-04-24 17:13:04 INFO  org.testng.internal.Utils - [Utils] MethodGroupsHelper.sortMethods() took 0 ms.
2026-04-24 17:13:04 INFO  org.testng.internal.Utils - [Utils] MethodGroupsHelper.collectMethodsByGroup() took 0 ms.
2026-04-24 17:13:04 INFO  org.testng.internal.Utils - [Utils] MethodGroupsHelper.sortMethods() took 0 ms.
2026-04-24 17:13:04 INFO  org.testng.internal.Utils - [TestNG] Running:
  C:\Users\Rahul\AppData\Local\Temp\testng-eclipse--1997843326\testng-customsuite.xml

2026-04-24 17:13:04 INFO  org.testng.internal.Utils - [Utils] DynamicGraphHelper.createDynamicGraph() took 3 ms.
2026-04-24 17:13:06 INFO  Hooks.Hooks - Browser is opened..!
2026-04-24 17:13:09 INFO  Hooks.Hooks - url is launched..!
2026-04-24 17:13:11 INFO  Hooks.Hooks - Driver is Quit successfully....!
2026-04-24 17:13:12 INFO  Hooks.Hooks - Browser is opened..!
2026-04-24 17:13:13 INFO  Hooks.Hooks - url is launched..!
2026-04-24 17:13:45 INFO  Hooks.Hooks - Driver is Quit successfully....!
2026-04-24 17:13:46 INFO  org.testng.internal.Utils - [TestNG] Time taken by org.testng.reporters.jq.Main@65afeb6d: 52 ms
2026-04-24 17:13:46 INFO  org.testng.internal.Utils - [TestNG] Time taken by org.testng.reporters.FailedReporter@69909c14: 18 ms
2026-04-24 17:13:46 INFO  org.testng.internal.Utils - [TestNG] Time taken by org.testng.reporters.XMLReporter@59c04bee: 8 ms
2026-04-24 17:13:46 INFO  org.testng.internal.Utils - [TestNG] Time taken by org.testng.reporters.EmailableReporter2@6e31d989: 7 ms
2026-04-24 17:13:46 INFO  org.testng.internal.Utils - [TestNG] Time taken by org.testng.reporters.JUnitReportReporter@7951c3a2: 6 ms
2026-04-24 17:13:46 INFO  org.testng.internal.Utils - [TestNG] Time taken by org.testng.internal.ExitCodeListener@4ed9f7b1: 0 ms
2026-04-24 17:14:29 DEBUG org.testng.TestNG - suiteXmlPath: "C:\Users\Rahul\AppData\Local\Temp\testng-eclipse-616665012\testng-customsuite.xml"
2026-04-24 17:14:29 INFO  org.testng.internal.Utils - [Utils] MethodGroupsHelper.collectMethodsByGroup() took 0 ms.
2026-04-24 17:14:29 INFO  org.testng.internal.Utils - [Utils] MethodGroupsHelper.sortMethods() took 1 ms.
2026-04-24 17:14:29 INFO  org.testng.internal.Utils - [Utils] MethodGroupsHelper.collectMethodsByGroup() took 0 ms.
2026-04-24 17:14:29 INFO  org.testng.internal.Utils - [Utils] MethodGroupsHelper.sortMethods() took 0 ms.
2026-04-24 17:14:29 INFO  org.testng.internal.Utils - [Utils] MethodGroupsHelper.collectMethodsByGroup() took 0 ms.
2026-04-24 17:14:29 INFO  org.testng.internal.Utils - [Utils] MethodGroupsHelper.sortMethods() took 0 ms.
2026-04-24 17:14:29 INFO  org.testng.internal.Utils - [Utils] MethodGroupsHelper.collectMethodsByGroup() took 0 ms.
2026-04-24 17:14:29 INFO  org.testng.internal.Utils - [Utils] MethodGroupsHelper.sortMethods() took 0 ms.
2026-04-24 17:14:29 INFO  org.testng.internal.Utils - [Utils] MethodGroupsHelper.collectMethodsByGroup() took 0 ms.
2026-04-24 17:14:29 INFO  org.testng.internal.Utils - [Utils] MethodGroupsHelper.sortMethods() took 8 ms.
2026-04-24 17:14:29 INFO  org.testng.internal.Utils - [Utils] MethodGroupsHelper.collectMethodsByGroup() took 0 ms.
2026-04-24 17:14:29 INFO  org.testng.internal.Utils - [Utils] MethodGroupsHelper.sortMethods() took 0 ms.
2026-04-24 17:14:29 INFO  org.testng.internal.Utils - [Utils] MethodGroupsHelper.collectMethodsByGroup() took 0 ms.
2026-04-24 17:14:29 INFO  org.testng.internal.Utils - [Utils] MethodGroupsHelper.sortMethods() took 0 ms.
2026-04-24 17:14:29 INFO  org.testng.internal.Utils - [Utils] MethodGroupsHelper.collectMethodsByGroup() took 0 ms.
2026-04-24 17:14:29 INFO  org.testng.internal.Utils - [Utils] MethodGroupsHelper.sortMethods() took 0 ms.
2026-04-24 17:14:29 INFO  org.testng.internal.Utils - [Utils] MethodGroupsHelper.collectMethodsByGroup() took 0 ms.
2026-04-24 17:14:29 INFO  org.testng.internal.Utils - [Utils] MethodGroupsHelper.sortMethods() took 0 ms.
2026-04-24 17:14:29 INFO  org.testng.internal.Utils - [Utils] MethodGroupsHelper.collectMethodsByGroup() took 0 ms.
2026-04-24 17:14:29 INFO  org.testng.internal.Utils - [Utils] MethodGroupsHelper.sortMethods() took 0 ms.
2026-04-24 17:14:29 INFO  org.testng.internal.Utils - [Utils] MethodGroupsHelper.collectMethodsByGroup() took 0 ms.
2026-04-24 17:14:29 INFO  org.testng.internal.Utils - [Utils] MethodGroupsHelper.sortMethods() took 0 ms.
2026-04-24 17:14:29 INFO  org.testng.internal.Utils - [Utils] MethodGroupsHelper.collectMethodsByGroup() took 0 ms.
2026-04-24 17:14:29 INFO  org.testng.internal.Utils - [Utils] MethodGroupsHelper.sortMethods() took 0 ms.
2026-04-24 17:14:29 INFO  org.testng.internal.Utils - [Utils] MethodGroupsHelper.collectMethodsByGroup() took 4 ms.
2026-04-24 17:14:29 INFO  org.testng.internal.Utils - [Utils] MethodGroupsHelper.sortMethods() took 0 ms.
2026-04-24 17:14:29 INFO  org.testng.internal.Utils - [Utils] MethodGroupsHelper.collectMethodsByGroup() took 0 ms.
2026-04-24 17:14:29 INFO  org.testng.internal.Utils - [Utils] MethodGroupsHelper.sortMethods() took 0 ms.
2026-04-24 17:14:29 INFO  org.testng.internal.Utils - [Utils] MethodGroupsHelper.collectMethodsByGroup() took 0 ms.
2026-04-24 17:14:29 INFO  org.testng.internal.Utils - [Utils] MethodGroupsHelper.sortMethods() took 0 ms.
2026-04-24 17:14:29 INFO  org.testng.internal.Utils - [TestNG] Running:
  C:\Users\Rahul\AppData\Local\Temp\testng-eclipse-616665012\testng-customsuite.xml

2026-04-24 17:14:29 INFO  org.testng.internal.Utils - [Utils] DynamicGraphHelper.createDynamicGraph() took 4 ms.
2026-04-24 17:14:31 INFO  Hooks.Hooks - Browser is opened..!
2026-04-24 17:14:32 INFO  Hooks.Hooks - url is launched..!
2026-04-24 17:14:35 INFO  Hooks.Hooks - Driver is Quit successfully....!
2026-04-24 17:14:35 INFO  org.testng.internal.Utils - [TestNG] Time taken by org.testng.reporters.jq.Main@120d3fd: 40 ms
2026-04-24 17:14:35 INFO  org.testng.internal.Utils - [TestNG] Time taken by org.testng.reporters.FailedReporter@3c50ad4b: 8 ms
2026-04-24 17:14:35 INFO  org.testng.internal.Utils - [TestNG] Time taken by org.testng.reporters.XMLReporter@e76b097: 7 ms
2026-04-24 17:14:35 INFO  org.testng.internal.Utils - [TestNG] Time taken by org.testng.reporters.EmailableReporter2@4d68b571: 4 ms
2026-04-24 17:14:35 INFO  org.testng.internal.Utils - [TestNG] Time taken by org.testng.reporters.JUnitReportReporter@6056232d: 4 ms
2026-04-24 17:14:35 INFO  org.testng.internal.Utils - [TestNG] Time taken by org.testng.internal.ExitCodeListener@33f2df51: 0 ms
2026-04-24 17:15:49 DEBUG org.testng.TestNG - suiteXmlPath: "C:\Users\Rahul\AppData\Local\Temp\testng-eclipse-1321463700\testng-customsuite.xml"
2026-04-24 17:15:50 INFO  org.testng.internal.Utils - [Utils] MethodGroupsHelper.collectMethodsByGroup() took 1 ms.
2026-04-24 17:15:50 INFO  org.testng.internal.Utils - [Utils] MethodGroupsHelper.sortMethods() took 0 ms.
2026-04-24 17:15:50 INFO  org.testng.internal.Utils - [Utils] MethodGroupsHelper.collectMethodsByGroup() took 0 ms.
2026-04-24 17:15:50 INFO  org.testng.internal.Utils - [Utils] MethodGroupsHelper.sortMethods() took 0 ms.
2026-04-24 17:15:50 INFO  org.testng.internal.Utils - [Utils] MethodGroupsHelper.collectMethodsByGroup() took 0 ms.
2026-04-24 17:15:50 INFO  org.testng.internal.Utils - [Utils] MethodGroupsHelper.sortMethods() took 0 ms.
2026-04-24 17:15:50 INFO  org.testng.internal.Utils - [Utils] MethodGroupsHelper.collectMethodsByGroup() took 0 ms.
2026-04-24 17:15:50 INFO  org.testng.internal.Utils - [Utils] MethodGroupsHelper.sortMethods() took 0 ms.
2026-04-24 17:15:50 INFO  org.testng.internal.Utils - [Utils] MethodGroupsHelper.collectMethodsByGroup() took 0 ms.
2026-04-24 17:15:50 INFO  org.testng.internal.Utils - [Utils] MethodGroupsHelper.sortMethods() took 7 ms.
2026-04-24 17:15:50 INFO  org.testng.internal.Utils - [Utils] MethodGroupsHelper.collectMethodsByGroup() took 0 ms.
2026-04-24 17:15:50 INFO  org.testng.internal.Utils - [Utils] MethodGroupsHelper.sortMethods() took 1 ms.
2026-04-24 17:15:50 INFO  org.testng.internal.Utils - [Utils] MethodGroupsHelper.collectMethodsByGroup() took 0 ms.
2026-04-24 17:15:50 INFO  org.testng.internal.Utils - [Utils] MethodGroupsHelper.sortMethods() took 0 ms.
2026-04-24 17:15:50 INFO  org.testng.internal.Utils - [Utils] MethodGroupsHelper.collectMethodsByGroup() took 0 ms.
2026-04-24 17:15:50 INFO  org.testng.internal.Utils - [Utils] MethodGroupsHelper.sortMethods() took 0 ms.
2026-04-24 17:15:50 INFO  org.testng.internal.Utils - [Utils] MethodGroupsHelper.collectMethodsByGroup() took 0 ms.
2026-04-24 17:15:50 INFO  org.testng.internal.Utils - [Utils] MethodGroupsHelper.sortMethods() took 0 ms.
2026-04-24 17:15:50 INFO  org.testng.internal.Utils - [Utils] MethodGroupsHelper.collectMethodsByGroup() took 0 ms.
2026-04-24 17:15:50 INFO  org.testng.internal.Utils - [Utils] MethodGroupsHelper.sortMethods() took 0 ms.
2026-04-24 17:15:50 INFO  org.testng.internal.Utils - [Utils] MethodGroupsHelper.collectMethodsByGroup() took 0 ms.
2026-04-24 17:15:50 INFO  org.testng.internal.Utils - [Utils] MethodGroupsHelper.sortMethods() took 0 ms.
2026-04-24 17:15:50 INFO  org.testng.internal.Utils - [Utils] MethodGroupsHelper.collectMethodsByGroup() took 0 ms.
2026-04-24 17:15:50 INFO  org.testng.internal.Utils - [Utils] MethodGroupsHelper.sortMethods() took 0 ms.
2026-04-24 17:15:50 INFO  org.testng.internal.Utils - [Utils] MethodGroupsHelper.collectMethodsByGroup() took 3 ms.
2026-04-24 17:15:50 INFO  org.testng.internal.Utils - [Utils] MethodGroupsHelper.sortMethods() took 0 ms.
2026-04-24 17:15:50 INFO  org.testng.internal.Utils - [Utils] MethodGroupsHelper.collectMethodsByGroup() took 0 ms.
2026-04-24 17:15:50 INFO  org.testng.internal.Utils - [Utils] MethodGroupsHelper.sortMethods() took 0 ms.
2026-04-24 17:15:50 INFO  org.testng.internal.Utils - [Utils] MethodGroupsHelper.collectMethodsByGroup() took 0 ms.
2026-04-24 17:15:50 INFO  org.testng.internal.Utils - [Utils] MethodGroupsHelper.sortMethods() took 0 ms.
2026-04-24 17:15:50 INFO  org.testng.internal.Utils - [TestNG] Running:
  C:\Users\Rahul\AppData\Local\Temp\testng-eclipse-1321463700\testng-customsuite.xml

2026-04-24 17:15:50 INFO  org.testng.internal.Utils - [Utils] DynamicGraphHelper.createDynamicGraph() took 2 ms.
2026-04-24 17:15:52 INFO  Hooks.Hooks - Browser is opened..!
2026-04-24 17:15:53 INFO  Hooks.Hooks - url is launched..!
2026-04-24 17:15:54 INFO  Hooks.Hooks - Driver is Quit successfully....!
2026-04-24 17:15:55 INFO  org.testng.internal.Utils - [TestNG] Time taken by org.testng.reporters.jq.Main@596a7f44: 33 ms
2026-04-24 17:15:55 INFO  org.testng.internal.Utils - [TestNG] Time taken by org.testng.reporters.FailedReporter@869d87c: 0 ms
2026-04-24 17:15:55 INFO  org.testng.internal.Utils - [TestNG] Time taken by org.testng.reporters.XMLReporter@4fd05028: 5 ms
2026-04-24 17:15:55 INFO  org.testng.internal.Utils - [TestNG] Time taken by org.testng.reporters.EmailableReporter2@4b5a078a: 4 ms
2026-04-24 17:15:55 INFO  org.testng.internal.Utils - [TestNG] Time taken by org.testng.reporters.JUnitReportReporter@7cdbaa50: 4 ms
2026-04-24 17:15:55 INFO  org.testng.internal.Utils - [TestNG] Time taken by org.testng.internal.ExitCodeListener@39909d1a: 0 ms
2026-04-24 17:33:59 DEBUG org.testng.TestNG - suiteXmlPath: "C:\Users\Rahul\AppData\Local\Temp\testng-eclipse-2010278602\testng-customsuite.xml"
2026-04-24 17:33:59 INFO  org.testng.internal.Utils - [Utils] MethodGroupsHelper.collectMethodsByGroup() took 0 ms.
2026-04-24 17:33:59 INFO  org.testng.internal.Utils - [Utils] MethodGroupsHelper.sortMethods() took 1 ms.
2026-04-24 17:33:59 INFO  org.testng.internal.Utils - [Utils] MethodGroupsHelper.collectMethodsByGroup() took 0 ms.
2026-04-24 17:33:59 INFO  org.testng.internal.Utils - [Utils] MethodGroupsHelper.sortMethods() took 0 ms.
2026-04-24 17:33:59 INFO  org.testng.internal.Utils - [Utils] MethodGroupsHelper.collectMethodsByGroup() took 0 ms.
2026-04-24 17:33:59 INFO  org.testng.internal.Utils - [Utils] MethodGroupsHelper.sortMethods() took 0 ms.
2026-04-24 17:33:59 INFO  org.testng.internal.Utils - [Utils] MethodGroupsHelper.collectMethodsByGroup() took 0 ms.
2026-04-24 17:33:59 INFO  org.testng.internal.Utils - [Utils] MethodGroupsHelper.sortMethods() took 0 ms.
2026-04-24 17:33:59 INFO  org.testng.internal.Utils - [Utils] MethodGroupsHelper.collectMethodsByGroup() took 0 ms.
2026-04-24 17:33:59 INFO  org.testng.internal.Utils - [Utils] MethodGroupsHelper.sortMethods() took 8 ms.
2026-04-24 17:33:59 INFO  org.testng.internal.Utils - [Utils] MethodGroupsHelper.collectMethodsByGroup() took 0 ms.
2026-04-24 17:33:59 INFO  org.testng.internal.Utils - [Utils] MethodGroupsHelper.sortMethods() took 0 ms.
2026-04-24 17:33:59 INFO  org.testng.internal.Utils - [Utils] MethodGroupsHelper.collectMethodsByGroup() took 0 ms.
2026-04-24 17:33:59 INFO  org.testng.internal.Utils - [Utils] MethodGroupsHelper.sortMethods() took 0 ms.
2026-04-24 17:33:59 INFO  org.testng.internal.Utils - [Utils] MethodGroupsHelper.collectMethodsByGroup() took 0 ms.
2026-04-24 17:33:59 INFO  org.testng.internal.Utils - [Utils] MethodGroupsHelper.sortMethods() took 0 ms.
2026-04-24 17:33:59 INFO  org.testng.internal.Utils - [Utils] MethodGroupsHelper.collectMethodsByGroup() took 0 ms.
2026-04-24 17:33:59 INFO  org.testng.internal.Utils - [Utils] MethodGroupsHelper.sortMethods() took 0 ms.
2026-04-24 17:33:59 INFO  org.testng.internal.Utils - [Utils] MethodGroupsHelper.collectMethodsByGroup() took 0 ms.
2026-04-24 17:33:59 INFO  org.testng.internal.Utils - [Utils] MethodGroupsHelper.sortMethods() took 0 ms.
2026-04-24 17:33:59 INFO  org.testng.internal.Utils - [Utils] MethodGroupsHelper.collectMethodsByGroup() took 0 ms.
2026-04-24 17:33:59 INFO  org.testng.internal.Utils - [Utils] MethodGroupsHelper.sortMethods() took 0 ms.
2026-04-24 17:33:59 INFO  org.testng.internal.Utils - [Utils] MethodGroupsHelper.collectMethodsByGroup() took 0 ms.
2026-04-24 17:33:59 INFO  org.testng.internal.Utils - [Utils] MethodGroupsHelper.sortMethods() took 0 ms.
2026-04-24 17:33:59 INFO  org.testng.internal.Utils - [Utils] MethodGroupsHelper.collectMethodsByGroup() took 4 ms.
2026-04-24 17:33:59 INFO  org.testng.internal.Utils - [Utils] MethodGroupsHelper.sortMethods() took 1 ms.
2026-04-24 17:33:59 INFO  org.testng.internal.Utils - [Utils] MethodGroupsHelper.collectMethodsByGroup() took 0 ms.
2026-04-24 17:33:59 INFO  org.testng.internal.Utils - [Utils] MethodGroupsHelper.sortMethods() took 0 ms.
2026-04-24 17:33:59 INFO  org.testng.internal.Utils - [Utils] MethodGroupsHelper.collectMethodsByGroup() took 0 ms.
2026-04-24 17:33:59 INFO  org.testng.internal.Utils - [Utils] MethodGroupsHelper.sortMethods() took 0 ms.
2026-04-24 17:33:59 INFO  org.testng.internal.Utils - [TestNG] Running:
  C:\Users\Rahul\AppData\Local\Temp\testng-eclipse-2010278602\testng-customsuite.xml

2026-04-24 17:33:59 INFO  org.testng.internal.Utils - [Utils] DynamicGraphHelper.createDynamicGraph() took 2 ms.
2026-04-24 17:34:01 INFO  Hooks.Hooks - Browser is opened..!
2026-04-24 17:34:03 INFO  Hooks.Hooks - url is launched..!
2026-04-24 17:34:05 INFO  Hooks.Hooks - Driver is Quit successfully....!
2026-04-24 17:34:06 INFO  Hooks.Hooks - Browser is opened..!
2026-04-24 17:34:07 INFO  Hooks.Hooks - url is launched..!
2026-04-24 17:34:09 INFO  StepDefinations.NavigationTestStep - search bar is visible....
2026-04-24 17:34:09 INFO  Hooks.Hooks - Driver is Quit successfully....!
2026-04-24 17:34:09 INFO  org.testng.internal.Utils - [TestNG] Time taken by org.testng.reporters.jq.Main@75e09567: 29 ms
2026-04-24 17:34:09 INFO  org.testng.internal.Utils - [TestNG] Time taken by org.testng.reporters.FailedReporter@7f9fc8bd: 1 ms
2026-04-24 17:34:09 INFO  org.testng.internal.Utils - [TestNG] Time taken by org.testng.reporters.XMLReporter@355c94be: 6 ms
2026-04-24 17:34:09 INFO  org.testng.internal.Utils - [TestNG] Time taken by org.testng.reporters.EmailableReporter2@2152ab30: 5 ms
2026-04-24 17:34:09 INFO  org.testng.internal.Utils - [TestNG] Time taken by org.testng.reporters.JUnitReportReporter@3f018494: 4 ms
2026-04-24 17:34:09 INFO  org.testng.internal.Utils - [TestNG] Time taken by org.testng.internal.ExitCodeListener@3ce443f9: 0 ms
2026-04-24 17:39:50 DEBUG org.testng.TestNG - suiteXmlPath: "C:\Users\Rahul\AppData\Local\Temp\testng-eclipse--949303527\testng-customsuite.xml"
2026-04-24 17:39:51 INFO  org.testng.internal.Utils - [Utils] MethodGroupsHelper.collectMethodsByGroup() took 0 ms.
2026-04-24 17:39:51 INFO  org.testng.internal.Utils - [Utils] MethodGroupsHelper.sortMethods() took 1 ms.
2026-04-24 17:39:51 INFO  org.testng.internal.Utils - [Utils] MethodGroupsHelper.collectMethodsByGroup() took 0 ms.
2026-04-24 17:39:51 INFO  org.testng.internal.Utils - [Utils] MethodGroupsHelper.sortMethods() took 0 ms.
2026-04-24 17:39:51 INFO  org.testng.internal.Utils - [Utils] MethodGroupsHelper.collectMethodsByGroup() took 0 ms.
2026-04-24 17:39:51 INFO  org.testng.internal.Utils - [Utils] MethodGroupsHelper.sortMethods() took 0 ms.
2026-04-24 17:39:51 INFO  org.testng.internal.Utils - [Utils] MethodGroupsHelper.collectMethodsByGroup() took 0 ms.
2026-04-24 17:39:51 INFO  org.testng.internal.Utils - [Utils] MethodGroupsHelper.sortMethods() took 0 ms.
2026-04-24 17:39:51 INFO  org.testng.internal.Utils - [Utils] MethodGroupsHelper.collectMethodsByGroup() took 0 ms.
2026-04-24 17:39:51 INFO  org.testng.internal.Utils - [Utils] MethodGroupsHelper.sortMethods() took 6 ms.
2026-04-24 17:39:51 INFO  org.testng.internal.Utils - [Utils] MethodGroupsHelper.collectMethodsByGroup() took 0 ms.
2026-04-24 17:39:51 INFO  org.testng.internal.Utils - [Utils] MethodGroupsHelper.sortMethods() took 0 ms.
2026-04-24 17:39:51 INFO  org.testng.internal.Utils - [Utils] MethodGroupsHelper.collectMethodsByGroup() took 0 ms.
2026-04-24 17:39:51 INFO  org.testng.internal.Utils - [Utils] MethodGroupsHelper.sortMethods() took 0 ms.
2026-04-24 17:39:51 INFO  org.testng.internal.Utils - [Utils] MethodGroupsHelper.collectMethodsByGroup() took 0 ms.
2026-04-24 17:39:51 INFO  org.testng.internal.Utils - [Utils] MethodGroupsHelper.sortMethods() took 0 ms.
2026-04-24 17:39:51 INFO  org.testng.internal.Utils - [Utils] MethodGroupsHelper.collectMethodsByGroup() took 0 ms.
2026-04-24 17:39:51 INFO  org.testng.internal.Utils - [Utils] MethodGroupsHelper.sortMethods() took 0 ms.
2026-04-24 17:39:51 INFO  org.testng.internal.Utils - [Utils] MethodGroupsHelper.collectMethodsByGroup() took 0 ms.
2026-04-24 17:39:51 INFO  org.testng.internal.Utils - [Utils] MethodGroupsHelper.sortMethods() took 0 ms.
2026-04-24 17:39:51 INFO  org.testng.internal.Utils - [Utils] MethodGroupsHelper.collectMethodsByGroup() took 0 ms.
2026-04-24 17:39:51 INFO  org.testng.internal.Utils - [Utils] MethodGroupsHelper.sortMethods() took 0 ms.
2026-04-24 17:39:51 INFO  org.testng.internal.Utils - [Utils] MethodGroupsHelper.collectMethodsByGroup() took 0 ms.
2026-04-24 17:39:51 INFO  org.testng.internal.Utils - [Utils] MethodGroupsHelper.sortMethods() took 0 ms.
2026-04-24 17:39:51 INFO  org.testng.internal.Utils - [Utils] MethodGroupsHelper.collectMethodsByGroup() took 3 ms.
2026-04-24 17:39:51 INFO  org.testng.internal.Utils - [Utils] MethodGroupsHelper.sortMethods() took 0 ms.
2026-04-24 17:39:51 INFO  org.testng.internal.Utils - [Utils] MethodGroupsHelper.collectMethodsByGroup() took 0 ms.
2026-04-24 17:39:51 INFO  org.testng.internal.Utils - [Utils] MethodGroupsHelper.sortMethods() took 0 ms.
2026-04-24 17:39:51 INFO  org.testng.internal.Utils - [Utils] MethodGroupsHelper.collectMethodsByGroup() took 0 ms.
2026-04-24 17:39:51 INFO  org.testng.internal.Utils - [Utils] MethodGroupsHelper.sortMethods() took 0 ms.
2026-04-24 17:39:51 INFO  org.testng.internal.Utils - [TestNG] Running:
  C:\Users\Rahul\AppData\Local\Temp\testng-eclipse--949303527\testng-customsuite.xml

2026-04-24 17:39:51 INFO  org.testng.internal.Utils - [Utils] DynamicGraphHelper.createDynamicGraph() took 2 ms.
2026-04-24 17:39:52 INFO  Hooks.Hooks - Browser is opened..!
2026-04-24 17:39:53 INFO  Hooks.Hooks - url is launched..!
2026-04-24 17:39:56 INFO  Hooks.Hooks - Driver is Quit successfully....!
2026-04-24 17:39:57 INFO  Hooks.Hooks - Browser is opened..!
2026-04-24 17:39:59 INFO  Hooks.Hooks - url is launched..!
2026-04-24 17:40:00 INFO  StepDefinations.NavigationTestStep - search bar is visible....
2026-04-24 17:40:00 INFO  Hooks.Hooks - Driver is Quit successfully....!
2026-04-24 17:40:01 INFO  Hooks.Hooks - Browser is opened..!
2026-04-24 17:40:04 INFO  Hooks.Hooks - url is launched..!
2026-04-24 17:40:07 INFO  StepDefinations.NavigationTestStep - wishList Icon is visible....
2026-04-24 17:40:07 INFO  Hooks.Hooks - Driver is Quit successfully....!
2026-04-24 17:40:07 INFO  org.testng.internal.Utils - [TestNG] Time taken by org.testng.reporters.jq.Main@5fef2aac: 36 ms
2026-04-24 17:40:07 INFO  org.testng.internal.Utils - [TestNG] Time taken by org.testng.reporters.FailedReporter@124d02b2: 1 ms
2026-04-24 17:40:07 INFO  org.testng.internal.Utils - [TestNG] Time taken by org.testng.reporters.XMLReporter@6bee793f: 7 ms
2026-04-24 17:40:07 INFO  org.testng.internal.Utils - [TestNG] Time taken by org.testng.reporters.EmailableReporter2@2b7e8044: 4 ms
2026-04-24 17:40:07 INFO  org.testng.internal.Utils - [TestNG] Time taken by org.testng.reporters.JUnitReportReporter@1a565afb: 5 ms
2026-04-24 17:40:07 INFO  org.testng.internal.Utils - [TestNG] Time taken by org.testng.internal.ExitCodeListener@2fd64b11: 0 ms
2026-04-24 18:13:21 DEBUG org.testng.TestNG - suiteXmlPath: "C:\Users\Rahul\AppData\Local\Temp\testng-eclipse-556483243\testng-customsuite.xml"
2026-04-24 18:13:21 INFO  org.testng.internal.Utils - [Utils] MethodGroupsHelper.collectMethodsByGroup() took 0 ms.
2026-04-24 18:13:21 INFO  org.testng.internal.Utils - [Utils] MethodGroupsHelper.sortMethods() took 1 ms.
2026-04-24 18:13:21 INFO  org.testng.internal.Utils - [Utils] MethodGroupsHelper.collectMethodsByGroup() took 0 ms.
2026-04-24 18:13:21 INFO  org.testng.internal.Utils - [Utils] MethodGroupsHelper.sortMethods() took 0 ms.
2026-04-24 18:13:21 INFO  org.testng.internal.Utils - [Utils] MethodGroupsHelper.collectMethodsByGroup() took 0 ms.
2026-04-24 18:13:21 INFO  org.testng.internal.Utils - [Utils] MethodGroupsHelper.sortMethods() took 0 ms.
2026-04-24 18:13:21 INFO  org.testng.internal.Utils - [Utils] MethodGroupsHelper.collectMethodsByGroup() took 0 ms.
2026-04-24 18:13:21 INFO  org.testng.internal.Utils - [Utils] MethodGroupsHelper.sortMethods() took 0 ms.
2026-04-24 18:13:21 INFO  org.testng.internal.Utils - [Utils] MethodGroupsHelper.collectMethodsByGroup() took 0 ms.
2026-04-24 18:13:21 INFO  org.testng.internal.Utils - [Utils] MethodGroupsHelper.sortMethods() took 8 ms.
2026-04-24 18:13:21 INFO  org.testng.internal.Utils - [Utils] MethodGroupsHelper.collectMethodsByGroup() took 0 ms.
2026-04-24 18:13:21 INFO  org.testng.internal.Utils - [Utils] MethodGroupsHelper.sortMethods() took 0 ms.
2026-04-24 18:13:21 INFO  org.testng.internal.Utils - [Utils] MethodGroupsHelper.collectMethodsByGroup() took 0 ms.
2026-04-24 18:13:21 INFO  org.testng.internal.Utils - [Utils] MethodGroupsHelper.sortMethods() took 0 ms.
2026-04-24 18:13:21 INFO  org.testng.internal.Utils - [Utils] MethodGroupsHelper.collectMethodsByGroup() took 0 ms.
2026-04-24 18:13:21 INFO  org.testng.internal.Utils - [Utils] MethodGroupsHelper.sortMethods() took 0 ms.
2026-04-24 18:13:21 INFO  org.testng.internal.Utils - [Utils] MethodGroupsHelper.collectMethodsByGroup() took 0 ms.
2026-04-24 18:13:21 INFO  org.testng.internal.Utils - [Utils] MethodGroupsHelper.sortMethods() took 0 ms.
2026-04-24 18:13:21 INFO  org.testng.internal.Utils - [Utils] MethodGroupsHelper.collectMethodsByGroup() took 0 ms.
2026-04-24 18:13:21 INFO  org.testng.internal.Utils - [Utils] MethodGroupsHelper.sortMethods() took 0 ms.
2026-04-24 18:13:21 INFO  org.testng.internal.Utils - [Utils] MethodGroupsHelper.collectMethodsByGroup() took 0 ms.
2026-04-24 18:13:21 INFO  org.testng.internal.Utils - [Utils] MethodGroupsHelper.sortMethods() took 0 ms.
2026-04-24 18:13:21 INFO  org.testng.internal.Utils - [Utils] MethodGroupsHelper.collectMethodsByGroup() took 0 ms.
2026-04-24 18:13:21 INFO  org.testng.internal.Utils - [Utils] MethodGroupsHelper.sortMethods() took 0 ms.
2026-04-24 18:13:21 INFO  org.testng.internal.Utils - [Utils] MethodGroupsHelper.collectMethodsByGroup() took 5 ms.
2026-04-24 18:13:21 INFO  org.testng.internal.Utils - [Utils] MethodGroupsHelper.sortMethods() took 1 ms.
2026-04-24 18:13:21 INFO  org.testng.internal.Utils - [Utils] MethodGroupsHelper.collectMethodsByGroup() took 0 ms.
2026-04-24 18:13:21 INFO  org.testng.internal.Utils - [Utils] MethodGroupsHelper.sortMethods() took 0 ms.
2026-04-24 18:13:21 INFO  org.testng.internal.Utils - [Utils] MethodGroupsHelper.collectMethodsByGroup() took 0 ms.
2026-04-24 18:13:21 INFO  org.testng.internal.Utils - [Utils] MethodGroupsHelper.sortMethods() took 0 ms.
2026-04-24 18:13:21 INFO  org.testng.internal.Utils - [TestNG] Running:
  C:\Users\Rahul\AppData\Local\Temp\testng-eclipse-556483243\testng-customsuite.xml

2026-04-24 18:13:21 INFO  org.testng.internal.Utils - [Utils] DynamicGraphHelper.createDynamicGraph() took 5 ms.
2026-04-24 18:13:23 INFO  Hooks.Hooks - Browser is opened..!
2026-04-24 18:13:26 INFO  Hooks.Hooks - url is launched..!
2026-04-24 18:13:29 INFO  Hooks.Hooks - Driver is Quit successfully....!
2026-04-24 18:13:29 INFO  Hooks.Hooks - Browser is opened..!
2026-04-24 18:13:32 INFO  Hooks.Hooks - url is launched..!
2026-04-24 18:13:34 INFO  StepDefinations.NavigationTestStep - search bar is visible....
2026-04-24 18:13:34 INFO  Hooks.Hooks - Driver is Quit successfully....!
2026-04-24 18:13:35 INFO  Hooks.Hooks - Browser is opened..!
2026-04-24 18:13:36 INFO  Hooks.Hooks - url is launched..!
2026-04-24 18:13:38 INFO  StepDefinations.NavigationTestStep - wishList Icon is visible....
2026-04-24 18:13:39 INFO  Hooks.Hooks - Driver is Quit successfully....!
2026-04-24 18:13:39 INFO  Hooks.Hooks - Browser is opened..!
2026-04-24 18:13:43 INFO  Hooks.Hooks - url is launched..!
2026-04-24 18:13:48 INFO  StepDefinations.NavigationTestStep - Products are Displayed..
2026-04-24 18:13:48 INFO  Hooks.Hooks - Driver is Quit successfully....!
2026-04-24 18:13:48 INFO  org.testng.internal.Utils - [TestNG] Time taken by org.testng.reporters.jq.Main@b0fd744: 35 ms
2026-04-24 18:13:48 INFO  org.testng.internal.Utils - [TestNG] Time taken by org.testng.reporters.FailedReporter@72976b4: 2 ms
2026-04-24 18:13:48 INFO  org.testng.internal.Utils - [TestNG] Time taken by org.testng.reporters.XMLReporter@13c8ac77: 8 ms
2026-04-24 18:13:48 INFO  org.testng.internal.Utils - [TestNG] Time taken by org.testng.reporters.EmailableReporter2@497d4c96: 7 ms
2026-04-24 18:13:48 INFO  org.testng.internal.Utils - [TestNG] Time taken by org.testng.reporters.JUnitReportReporter@3af58f76: 6 ms
2026-04-24 18:13:48 INFO  org.testng.internal.Utils - [TestNG] Time taken by org.testng.internal.ExitCodeListener@2ead6ba4: 0 ms
2026-04-24 18:16:41 DEBUG org.testng.TestNG - suiteXmlPath: "C:\Users\Rahul\AppData\Local\Temp\testng-eclipse--950469285\testng-customsuite.xml"
2026-04-24 18:16:42 INFO  org.testng.internal.Utils - [Utils] MethodGroupsHelper.collectMethodsByGroup() took 1 ms.
2026-04-24 18:16:42 INFO  org.testng.internal.Utils - [Utils] MethodGroupsHelper.sortMethods() took 0 ms.
2026-04-24 18:16:42 INFO  org.testng.internal.Utils - [Utils] MethodGroupsHelper.collectMethodsByGroup() took 0 ms.
2026-04-24 18:16:42 INFO  org.testng.internal.Utils - [Utils] MethodGroupsHelper.sortMethods() took 0 ms.
2026-04-24 18:16:42 INFO  org.testng.internal.Utils - [Utils] MethodGroupsHelper.collectMethodsByGroup() took 0 ms.
2026-04-24 18:16:42 INFO  org.testng.internal.Utils - [Utils] MethodGroupsHelper.sortMethods() took 0 ms.
2026-04-24 18:16:42 INFO  org.testng.internal.Utils - [Utils] MethodGroupsHelper.collectMethodsByGroup() took 0 ms.
2026-04-24 18:16:42 INFO  org.testng.internal.Utils - [Utils] MethodGroupsHelper.sortMethods() took 1 ms.
2026-04-24 18:16:42 INFO  org.testng.internal.Utils - [Utils] MethodGroupsHelper.collectMethodsByGroup() took 0 ms.
2026-04-24 18:16:42 INFO  org.testng.internal.Utils - [Utils] MethodGroupsHelper.sortMethods() took 0 ms.
2026-04-24 18:16:42 INFO  org.testng.internal.Utils - [Utils] MethodGroupsHelper.collectMethodsByGroup() took 0 ms.
2026-04-24 18:16:42 INFO  org.testng.internal.Utils - [Utils] MethodGroupsHelper.sortMethods() took 0 ms.
2026-04-24 18:16:42 INFO  org.testng.internal.Utils - [Utils] MethodGroupsHelper.collectMethodsByGroup() took 0 ms.
2026-04-24 18:16:42 INFO  org.testng.internal.Utils - [Utils] MethodGroupsHelper.sortMethods() took 0 ms.
2026-04-24 18:16:42 INFO  org.testng.internal.Utils - [Utils] MethodGroupsHelper.collectMethodsByGroup() took 0 ms.
2026-04-24 18:16:42 INFO  org.testng.internal.Utils - [Utils] MethodGroupsHelper.sortMethods() took 0 ms.
2026-04-24 18:16:42 INFO  org.testng.internal.Utils - [Utils] MethodGroupsHelper.collectMethodsByGroup() took 4 ms.
2026-04-24 18:16:42 INFO  org.testng.internal.Utils - [Utils] MethodGroupsHelper.sortMethods() took 7 ms.
2026-04-24 18:16:42 INFO  org.testng.internal.Utils - [Utils] MethodGroupsHelper.collectMethodsByGroup() took 0 ms.
2026-04-24 18:16:42 INFO  org.testng.internal.Utils - [Utils] MethodGroupsHelper.sortMethods() took 0 ms.
2026-04-24 18:16:42 INFO  org.testng.internal.Utils - [Utils] MethodGroupsHelper.collectMethodsByGroup() took 0 ms.
2026-04-24 18:16:42 INFO  org.testng.internal.Utils - [Utils] MethodGroupsHelper.sortMethods() took 0 ms.
2026-04-24 18:16:42 INFO  org.testng.internal.Utils - [Utils] MethodGroupsHelper.collectMethodsByGroup() took 0 ms.
2026-04-24 18:16:42 INFO  org.testng.internal.Utils - [Utils] MethodGroupsHelper.sortMethods() took 0 ms.
2026-04-24 18:16:42 INFO  org.testng.internal.Utils - [Utils] MethodGroupsHelper.collectMethodsByGroup() took 6 ms.
2026-04-24 18:16:42 INFO  org.testng.internal.Utils - [Utils] MethodGroupsHelper.sortMethods() took 0 ms.
2026-04-24 18:16:42 INFO  org.testng.internal.Utils - [Utils] MethodGroupsHelper.collectMethodsByGroup() took 0 ms.
2026-04-24 18:16:42 INFO  org.testng.internal.Utils - [Utils] MethodGroupsHelper.sortMethods() took 0 ms.
2026-04-24 18:16:42 INFO  org.testng.internal.Utils - [Utils] MethodGroupsHelper.collectMethodsByGroup() took 0 ms.
2026-04-24 18:16:42 INFO  org.testng.internal.Utils - [Utils] MethodGroupsHelper.sortMethods() took 0 ms.
2026-04-24 18:16:42 INFO  org.testng.internal.Utils - [TestNG] Running:
  C:\Users\Rahul\AppData\Local\Temp\testng-eclipse--950469285\testng-customsuite.xml

2026-04-24 18:16:42 INFO  org.testng.internal.Utils - [Utils] DynamicGraphHelper.createDynamicGraph() took 6 ms.
2026-04-24 18:16:47 INFO  com.Tests.HomePageTest - Searching for: Kids
2026-04-24 18:16:53 INFO  com.Tests.HomePageTest - Searching for: Boys
2026-04-24 18:16:58 INFO  com.Tests.HomePageTest - Searching for: Girls
2026-04-24 18:17:05 INFO  com.Tests.HomePageTest - Searching for: Footwear
2026-04-24 18:17:13 INFO  com.Tests.HomePageTest - Searching for: Infants
2026-04-24 18:17:19 INFO  com.Tests.HomePageTest - Searching for: Toys & Games
2026-04-24 18:17:26 INFO  com.Tests.HomePageTest - Searching for: Accessories
2026-04-24 18:17:31 INFO  org.testng.internal.Utils - [TestNG] Time taken by org.testng.reporters.jq.Main@1665fa54: 32 ms
2026-04-24 18:17:31 INFO  org.testng.internal.Utils - [TestNG] Time taken by org.testng.reporters.FailedReporter@3e1fd62b: 1 ms
2026-04-24 18:17:31 INFO  org.testng.internal.Utils - [TestNG] Time taken by org.testng.reporters.XMLReporter@2f10f633: 7 ms
2026-04-24 18:17:31 INFO  org.testng.internal.Utils - [TestNG] Time taken by org.testng.reporters.EmailableReporter2@42f85fa4: 4 ms
2026-04-24 18:17:31 INFO  org.testng.internal.Utils - [TestNG] Time taken by org.testng.reporters.JUnitReportReporter@2ceee4b6: 5 ms
2026-04-24 18:17:31 INFO  org.testng.internal.Utils - [TestNG] Time taken by org.testng.internal.ExitCodeListener@12a470dd: 0 ms
2026-04-24 18:22:30 DEBUG org.testng.TestNG - suiteXmlPath: "C:\Users\Rahul\AppData\Local\Temp\testng-eclipse--440804519\testng-customsuite.xml"
2026-04-24 18:22:31 INFO  org.testng.internal.Utils - [Utils] MethodGroupsHelper.collectMethodsByGroup() took 1 ms.
2026-04-24 18:22:31 INFO  org.testng.internal.Utils - [Utils] MethodGroupsHelper.sortMethods() took 0 ms.
2026-04-24 18:22:31 INFO  org.testng.internal.Utils - [Utils] MethodGroupsHelper.collectMethodsByGroup() took 0 ms.
2026-04-24 18:22:31 INFO  org.testng.internal.Utils - [Utils] MethodGroupsHelper.sortMethods() took 0 ms.
2026-04-24 18:22:31 INFO  org.testng.internal.Utils - [Utils] MethodGroupsHelper.collectMethodsByGroup() took 0 ms.
2026-04-24 18:22:31 INFO  org.testng.internal.Utils - [Utils] MethodGroupsHelper.sortMethods() took 0 ms.
2026-04-24 18:22:31 INFO  org.testng.internal.Utils - [Utils] MethodGroupsHelper.collectMethodsByGroup() took 0 ms.
2026-04-24 18:22:31 INFO  org.testng.internal.Utils - [Utils] MethodGroupsHelper.sortMethods() took 0 ms.
2026-04-24 18:22:31 INFO  org.testng.internal.Utils - [Utils] MethodGroupsHelper.collectMethodsByGroup() took 0 ms.
2026-04-24 18:22:31 INFO  org.testng.internal.Utils - [Utils] MethodGroupsHelper.sortMethods() took 7 ms.
2026-04-24 18:22:31 INFO  org.testng.internal.Utils - [Utils] MethodGroupsHelper.collectMethodsByGroup() took 0 ms.
2026-04-24 18:22:31 INFO  org.testng.internal.Utils - [Utils] MethodGroupsHelper.sortMethods() took 1 ms.
2026-04-24 18:22:31 INFO  org.testng.internal.Utils - [Utils] MethodGroupsHelper.collectMethodsByGroup() took 0 ms.
2026-04-24 18:22:31 INFO  org.testng.internal.Utils - [Utils] MethodGroupsHelper.sortMethods() took 0 ms.
2026-04-24 18:22:31 INFO  org.testng.internal.Utils - [Utils] MethodGroupsHelper.collectMethodsByGroup() took 0 ms.
2026-04-24 18:22:31 INFO  org.testng.internal.Utils - [Utils] MethodGroupsHelper.sortMethods() took 0 ms.
2026-04-24 18:22:31 INFO  org.testng.internal.Utils - [Utils] MethodGroupsHelper.collectMethodsByGroup() took 0 ms.
2026-04-24 18:22:31 INFO  org.testng.internal.Utils - [Utils] MethodGroupsHelper.sortMethods() took 0 ms.
2026-04-24 18:22:31 INFO  org.testng.internal.Utils - [Utils] MethodGroupsHelper.collectMethodsByGroup() took 0 ms.
2026-04-24 18:22:31 INFO  org.testng.internal.Utils - [Utils] MethodGroupsHelper.sortMethods() took 0 ms.
2026-04-24 18:22:31 INFO  org.testng.internal.Utils - [Utils] MethodGroupsHelper.collectMethodsByGroup() took 0 ms.
2026-04-24 18:22:31 INFO  org.testng.internal.Utils - [Utils] MethodGroupsHelper.sortMethods() took 0 ms.
2026-04-24 18:22:31 INFO  org.testng.internal.Utils - [Utils] MethodGroupsHelper.collectMethodsByGroup() took 0 ms.
2026-04-24 18:22:31 INFO  org.testng.internal.Utils - [Utils] MethodGroupsHelper.sortMethods() took 0 ms.
2026-04-24 18:22:31 INFO  org.testng.internal.Utils - [Utils] MethodGroupsHelper.collectMethodsByGroup() took 3 ms.
2026-04-24 18:22:31 INFO  org.testng.internal.Utils - [Utils] MethodGroupsHelper.sortMethods() took 0 ms.
2026-04-24 18:22:31 INFO  org.testng.internal.Utils - [Utils] MethodGroupsHelper.collectMethodsByGroup() took 0 ms.
2026-04-24 18:22:31 INFO  org.testng.internal.Utils - [Utils] MethodGroupsHelper.sortMethods() took 0 ms.
2026-04-24 18:22:31 INFO  org.testng.internal.Utils - [Utils] MethodGroupsHelper.collectMethodsByGroup() took 0 ms.
2026-04-24 18:22:31 INFO  org.testng.internal.Utils - [Utils] MethodGroupsHelper.sortMethods() took 0 ms.
2026-04-24 18:22:31 INFO  org.testng.internal.Utils - [TestNG] Running:
  C:\Users\Rahul\AppData\Local\Temp\testng-eclipse--440804519\testng-customsuite.xml

2026-04-24 18:22:31 INFO  org.testng.internal.Utils - [Utils] DynamicGraphHelper.createDynamicGraph() took 3 ms.
2026-04-24 18:22:32 INFO  Hooks.Hooks - Browser is opened..!
2026-04-24 18:22:35 INFO  Hooks.Hooks - url is launched..!
2026-04-24 18:22:36 INFO  Hooks.Hooks - Driver is Quit successfully....!
2026-04-24 18:22:37 INFO  Hooks.Hooks - Browser is opened..!
2026-04-24 18:22:42 INFO  Hooks.Hooks - url is launched..!
2026-04-24 18:22:43 INFO  StepDefinations.NavigationTestStep - search bar is visible....
2026-04-24 18:22:44 INFO  Hooks.Hooks - Driver is Quit successfully....!
2026-04-24 18:22:44 INFO  Hooks.Hooks - Browser is opened..!
2026-04-24 18:22:47 INFO  Hooks.Hooks - url is launched..!
2026-04-24 18:22:49 INFO  StepDefinations.NavigationTestStep - wishList Icon is visible....
2026-04-24 18:22:49 INFO  Hooks.Hooks - Driver is Quit successfully....!
2026-04-24 18:22:50 INFO  Hooks.Hooks - Browser is opened..!
2026-04-24 18:22:52 INFO  Hooks.Hooks - url is launched..!
2026-04-24 18:22:54 INFO  StepDefinations.NavigationTestStep - kids page displays...
2026-04-24 18:22:54 INFO  Hooks.Hooks - Driver is Quit successfully....!
2026-04-24 18:22:55 INFO  Hooks.Hooks - Browser is opened..!
2026-04-24 18:22:57 INFO  Hooks.Hooks - url is launched..!
2026-04-24 18:23:00 INFO  StepDefinations.NavigationTestStep - Products are Displayed..
2026-04-24 18:23:01 INFO  Hooks.Hooks - Driver is Quit successfully....!
2026-04-24 18:23:01 INFO  org.testng.internal.Utils - [TestNG] Time taken by org.testng.reporters.jq.Main@991cbde: 36 ms
2026-04-24 18:23:01 INFO  org.testng.internal.Utils - [TestNG] Time taken by org.testng.reporters.FailedReporter@a9c5b75: 1 ms
2026-04-24 18:23:01 INFO  org.testng.internal.Utils - [TestNG] Time taken by org.testng.reporters.XMLReporter@642ee49c: 8 ms
2026-04-24 18:23:01 INFO  org.testng.internal.Utils - [TestNG] Time taken by org.testng.reporters.EmailableReporter2@18d003cd: 5 ms
2026-04-24 18:23:01 INFO  org.testng.internal.Utils - [TestNG] Time taken by org.testng.reporters.JUnitReportReporter@22bdb1d0: 7 ms
2026-04-24 18:23:01 INFO  org.testng.internal.Utils - [TestNG] Time taken by org.testng.internal.ExitCodeListener@67b355c8: 0 ms
2026-04-24 18:31:44 DEBUG org.testng.TestNG - suiteXmlPath: "C:\Users\Rahul\AppData\Local\Temp\testng-eclipse-215370788\testng-customsuite.xml"
2026-04-24 18:31:45 INFO  org.testng.internal.Utils - [Utils] MethodGroupsHelper.collectMethodsByGroup() took 1 ms.
2026-04-24 18:31:45 INFO  org.testng.internal.Utils - [Utils] MethodGroupsHelper.sortMethods() took 1 ms.
2026-04-24 18:31:45 INFO  org.testng.internal.Utils - [Utils] MethodGroupsHelper.collectMethodsByGroup() took 0 ms.
2026-04-24 18:31:45 INFO  org.testng.internal.Utils - [Utils] MethodGroupsHelper.sortMethods() took 0 ms.
2026-04-24 18:31:45 INFO  org.testng.internal.Utils - [Utils] MethodGroupsHelper.collectMethodsByGroup() took 0 ms.
2026-04-24 18:31:45 INFO  org.testng.internal.Utils - [Utils] MethodGroupsHelper.sortMethods() took 0 ms.
2026-04-24 18:31:45 INFO  org.testng.internal.Utils - [Utils] MethodGroupsHelper.collectMethodsByGroup() took 0 ms.
2026-04-24 18:31:45 INFO  org.testng.internal.Utils - [Utils] MethodGroupsHelper.sortMethods() took 0 ms.
2026-04-24 18:31:45 INFO  org.testng.internal.Utils - [Utils] MethodGroupsHelper.collectMethodsByGroup() took 0 ms.
2026-04-24 18:31:45 INFO  org.testng.internal.Utils - [Utils] MethodGroupsHelper.sortMethods() took 14 ms.
2026-04-24 18:31:45 INFO  org.testng.internal.Utils - [Utils] MethodGroupsHelper.collectMethodsByGroup() took 0 ms.
2026-04-24 18:31:45 INFO  org.testng.internal.Utils - [Utils] MethodGroupsHelper.sortMethods() took 0 ms.
2026-04-24 18:31:45 INFO  org.testng.internal.Utils - [Utils] MethodGroupsHelper.collectMethodsByGroup() took 0 ms.
2026-04-24 18:31:45 INFO  org.testng.internal.Utils - [Utils] MethodGroupsHelper.sortMethods() took 0 ms.
2026-04-24 18:31:45 INFO  org.testng.internal.Utils - [Utils] MethodGroupsHelper.collectMethodsByGroup() took 0 ms.
2026-04-24 18:31:45 INFO  org.testng.internal.Utils - [Utils] MethodGroupsHelper.sortMethods() took 0 ms.
2026-04-24 18:31:45 INFO  org.testng.internal.Utils - [Utils] MethodGroupsHelper.collectMethodsByGroup() took 0 ms.
2026-04-24 18:31:45 INFO  org.testng.internal.Utils - [Utils] MethodGroupsHelper.sortMethods() took 0 ms.
2026-04-24 18:31:45 INFO  org.testng.internal.Utils - [Utils] MethodGroupsHelper.collectMethodsByGroup() took 0 ms.
2026-04-24 18:31:45 INFO  org.testng.internal.Utils - [Utils] MethodGroupsHelper.sortMethods() took 0 ms.
2026-04-24 18:31:45 INFO  org.testng.internal.Utils - [Utils] MethodGroupsHelper.collectMethodsByGroup() took 0 ms.
2026-04-24 18:31:45 INFO  org.testng.internal.Utils - [Utils] MethodGroupsHelper.sortMethods() took 0 ms.
2026-04-24 18:31:45 INFO  org.testng.internal.Utils - [Utils] MethodGroupsHelper.collectMethodsByGroup() took 0 ms.
2026-04-24 18:31:45 INFO  org.testng.internal.Utils - [Utils] MethodGroupsHelper.sortMethods() took 0 ms.
2026-04-24 18:31:45 INFO  org.testng.internal.Utils - [Utils] MethodGroupsHelper.collectMethodsByGroup() took 8 ms.
2026-04-24 18:31:45 INFO  org.testng.internal.Utils - [Utils] MethodGroupsHelper.sortMethods() took 0 ms.
2026-04-24 18:31:45 INFO  org.testng.internal.Utils - [Utils] MethodGroupsHelper.collectMethodsByGroup() took 0 ms.
2026-04-24 18:31:45 INFO  org.testng.internal.Utils - [Utils] MethodGroupsHelper.sortMethods() took 0 ms.
2026-04-24 18:31:45 INFO  org.testng.internal.Utils - [Utils] MethodGroupsHelper.collectMethodsByGroup() took 0 ms.
2026-04-24 18:31:45 INFO  org.testng.internal.Utils - [Utils] MethodGroupsHelper.sortMethods() took 0 ms.
2026-04-24 18:31:45 INFO  org.testng.internal.Utils - [TestNG] Running:
  C:\Users\Rahul\AppData\Local\Temp\testng-eclipse-215370788\testng-customsuite.xml

2026-04-24 18:31:45 INFO  org.testng.internal.Utils - [Utils] DynamicGraphHelper.createDynamicGraph() took 5 ms.
2026-04-24 18:31:47 INFO  Hooks.Hooks - Browser is opened..!
2026-04-24 18:31:52 INFO  Hooks.Hooks - url is launched..!
2026-04-24 18:31:52 INFO  Hooks.Hooks - Driver is Quit successfully....!
2026-04-24 18:31:54 INFO  Hooks.Hooks - Browser is opened..!
2026-04-24 18:31:58 INFO  Hooks.Hooks - url is launched..!
2026-04-24 18:32:03 INFO  Hooks.Hooks - Driver is Quit successfully....!
2026-04-24 18:32:04 INFO  Hooks.Hooks - Browser is opened..!
2026-04-24 18:32:11 INFO  Hooks.Hooks - url is launched..!
2026-04-24 18:32:47 INFO  Hooks.Hooks - Driver is Quit successfully....!
2026-04-24 18:32:48 INFO  Hooks.Hooks - Browser is opened..!
2026-04-24 18:32:52 INFO  Hooks.Hooks - url is launched..!
2026-04-24 18:33:39 DEBUG org.testng.TestNG - suiteXmlPath: "C:\Users\Rahul\AppData\Local\Temp\testng-eclipse-1045074952\testng-customsuite.xml"
2026-04-24 18:33:39 INFO  org.testng.internal.Utils - [Utils] MethodGroupsHelper.collectMethodsByGroup() took 1 ms.
2026-04-24 18:33:39 INFO  org.testng.internal.Utils - [Utils] MethodGroupsHelper.sortMethods() took 1 ms.
2026-04-24 18:33:39 INFO  org.testng.internal.Utils - [Utils] MethodGroupsHelper.collectMethodsByGroup() took 0 ms.
2026-04-24 18:33:39 INFO  org.testng.internal.Utils - [Utils] MethodGroupsHelper.sortMethods() took 0 ms.
2026-04-24 18:33:39 INFO  org.testng.internal.Utils - [Utils] MethodGroupsHelper.collectMethodsByGroup() took 0 ms.
2026-04-24 18:33:39 INFO  org.testng.internal.Utils - [Utils] MethodGroupsHelper.sortMethods() took 0 ms.
2026-04-24 18:33:39 INFO  org.testng.internal.Utils - [Utils] MethodGroupsHelper.collectMethodsByGroup() took 0 ms.
2026-04-24 18:33:39 INFO  org.testng.internal.Utils - [Utils] MethodGroupsHelper.sortMethods() took 0 ms.
2026-04-24 18:33:39 INFO  org.testng.internal.Utils - [Utils] MethodGroupsHelper.collectMethodsByGroup() took 1 ms.
2026-04-24 18:33:39 INFO  org.testng.internal.Utils - [Utils] MethodGroupsHelper.sortMethods() took 12 ms.
2026-04-24 18:33:39 INFO  org.testng.internal.Utils - [Utils] MethodGroupsHelper.collectMethodsByGroup() took 0 ms.
2026-04-24 18:33:39 INFO  org.testng.internal.Utils - [Utils] MethodGroupsHelper.sortMethods() took 0 ms.
2026-04-24 18:33:39 INFO  org.testng.internal.Utils - [Utils] MethodGroupsHelper.collectMethodsByGroup() took 0 ms.
2026-04-24 18:33:39 INFO  org.testng.internal.Utils - [Utils] MethodGroupsHelper.sortMethods() took 0 ms.
2026-04-24 18:33:39 INFO  org.testng.internal.Utils - [Utils] MethodGroupsHelper.collectMethodsByGroup() took 0 ms.
2026-04-24 18:33:39 INFO  org.testng.internal.Utils - [Utils] MethodGroupsHelper.sortMethods() took 0 ms.
2026-04-24 18:33:39 INFO  org.testng.internal.Utils - [Utils] MethodGroupsHelper.collectMethodsByGroup() took 0 ms.
2026-04-24 18:33:39 INFO  org.testng.internal.Utils - [Utils] MethodGroupsHelper.sortMethods() took 0 ms.
2026-04-24 18:33:39 INFO  org.testng.internal.Utils - [Utils] MethodGroupsHelper.collectMethodsByGroup() took 0 ms.
2026-04-24 18:33:39 INFO  org.testng.internal.Utils - [Utils] MethodGroupsHelper.sortMethods() took 0 ms.
2026-04-24 18:33:39 INFO  org.testng.internal.Utils - [Utils] MethodGroupsHelper.collectMethodsByGroup() took 0 ms.
2026-04-24 18:33:39 INFO  org.testng.internal.Utils - [Utils] MethodGroupsHelper.sortMethods() took 0 ms.
2026-04-24 18:33:39 INFO  org.testng.internal.Utils - [Utils] MethodGroupsHelper.collectMethodsByGroup() took 0 ms.
2026-04-24 18:33:39 INFO  org.testng.internal.Utils - [Utils] MethodGroupsHelper.sortMethods() took 0 ms.
2026-04-24 18:33:39 INFO  org.testng.internal.Utils - [Utils] MethodGroupsHelper.collectMethodsByGroup() took 7 ms.
2026-04-24 18:33:39 INFO  org.testng.internal.Utils - [Utils] MethodGroupsHelper.sortMethods() took 0 ms.
2026-04-24 18:33:39 INFO  org.testng.internal.Utils - [Utils] MethodGroupsHelper.collectMethodsByGroup() took 0 ms.
2026-04-24 18:33:39 INFO  org.testng.internal.Utils - [Utils] MethodGroupsHelper.sortMethods() took 0 ms.
2026-04-24 18:33:39 INFO  org.testng.internal.Utils - [Utils] MethodGroupsHelper.collectMethodsByGroup() took 0 ms.
2026-04-24 18:33:39 INFO  org.testng.internal.Utils - [Utils] MethodGroupsHelper.sortMethods() took 0 ms.
2026-04-24 18:33:39 INFO  org.testng.internal.Utils - [TestNG] Running:
  C:\Users\Rahul\AppData\Local\Temp\testng-eclipse-1045074952\testng-customsuite.xml

2026-04-24 18:33:39 INFO  org.testng.internal.Utils - [Utils] DynamicGraphHelper.createDynamicGraph() took 6 ms.
2026-04-24 18:33:42 INFO  Hooks.Hooks - Browser is opened..!
2026-04-24 18:33:45 INFO  Hooks.Hooks - url is launched..!
2026-04-24 18:33:46 INFO  Hooks.Hooks - Driver is Quit successfully....!
2026-04-24 18:33:47 INFO  Hooks.Hooks - Browser is opened..!
2026-04-24 18:33:50 INFO  Hooks.Hooks - url is launched..!
2026-04-24 18:33:53 INFO  Hooks.Hooks - Driver is Quit successfully....!
2026-04-24 18:33:54 INFO  Hooks.Hooks - Browser is opened..!
2026-04-24 18:33:57 INFO  Hooks.Hooks - url is launched..!
2026-04-24 18:34:30 INFO  Hooks.Hooks - Driver is Quit successfully....!
2026-04-24 18:34:32 INFO  Hooks.Hooks - Browser is opened..!
2026-04-24 18:34:36 INFO  Hooks.Hooks - url is launched..!
2026-04-24 18:35:07 INFO  Hooks.Hooks - Driver is Quit successfully....!
2026-04-24 18:35:09 INFO  Hooks.Hooks - Browser is opened..!
2026-04-24 18:35:12 INFO  Hooks.Hooks - url is launched..!
2026-04-24 18:35:15 INFO  Hooks.Hooks - Driver is Quit successfully....!
2026-04-24 18:35:17 INFO  Hooks.Hooks - Browser is opened..!
2026-04-24 18:35:19 INFO  Hooks.Hooks - url is launched..!
2026-04-24 18:35:23 INFO  Hooks.Hooks - Driver is Quit successfully....!
2026-04-24 18:35:25 INFO  Hooks.Hooks - Browser is opened..!
2026-04-24 18:35:29 INFO  Hooks.Hooks - url is launched..!
2026-04-24 18:35:33 INFO  Hooks.Hooks - Driver is Quit successfully....!
2026-04-24 18:35:35 INFO  Hooks.Hooks - Browser is opened..!
2026-04-24 18:35:40 INFO  Hooks.Hooks - url is launched..!
2026-04-24 18:35:51 INFO  Hooks.Hooks - Driver is Quit successfully....!
2026-04-24 18:35:53 INFO  Hooks.Hooks - Browser is opened..!
2026-04-24 18:35:57 INFO  Hooks.Hooks - url is launched..!
2026-04-24 18:36:01 INFO  Hooks.Hooks - Driver is Quit successfully....!
2026-04-24 18:36:02 INFO  Hooks.Hooks - Browser is opened..!
2026-04-24 18:36:06 INFO  Hooks.Hooks - url is launched..!
2026-04-24 18:36:12 INFO  Hooks.Hooks - Driver is Quit successfully....!
2026-04-24 18:36:14 INFO  Hooks.Hooks - Browser is opened..!
2026-04-24 18:36:14 INFO  Hooks.Hooks - url is launched..!
2026-04-24 18:36:21 INFO  Hooks.Hooks - Driver is Quit successfully....!
2026-04-24 18:36:22 INFO  Hooks.Hooks - Browser is opened..!
2026-04-24 18:36:23 INFO  Hooks.Hooks - url is launched..!
2026-04-24 18:36:31 INFO  Hooks.Hooks - Driver is Quit successfully....!
2026-04-24 18:36:32 INFO  Hooks.Hooks - Browser is opened..!
2026-04-24 18:36:36 INFO  Hooks.Hooks - url is launched..!
2026-04-24 18:36:39 INFO  Hooks.Hooks - Driver is Quit successfully....!
2026-04-24 18:36:40 INFO  Hooks.Hooks - Browser is opened..!
2026-04-24 18:36:44 INFO  Hooks.Hooks - url is launched..!
2026-04-24 18:36:47 INFO  Hooks.Hooks - Driver is Quit successfully....!
2026-04-24 18:36:48 INFO  Hooks.Hooks - Browser is opened..!
2026-04-24 18:36:52 INFO  Hooks.Hooks - url is launched..!
2026-04-24 18:36:55 INFO  Hooks.Hooks - Driver is Quit successfully....!
2026-04-24 18:36:56 INFO  Hooks.Hooks - Browser is opened..!
2026-04-24 18:37:00 INFO  Hooks.Hooks - url is launched..!
2026-04-24 18:37:04 INFO  Hooks.Hooks - Driver is Quit successfully....!
2026-04-24 18:37:06 INFO  Hooks.Hooks - Browser is opened..!
2026-04-24 18:37:09 INFO  Hooks.Hooks - url is launched..!
2026-04-24 18:37:14 INFO  Hooks.Hooks - Driver is Quit successfully....!
2026-04-24 18:37:15 INFO  Hooks.Hooks - Browser is opened..!
2026-04-24 18:37:22 INFO  Hooks.Hooks - url is launched..!
2026-04-24 18:37:26 INFO  Hooks.Hooks - Driver is Quit successfully....!
2026-04-24 18:37:27 INFO  Hooks.Hooks - Browser is opened..!
2026-04-24 18:37:33 INFO  Hooks.Hooks - url is launched..!
2026-04-24 18:37:37 INFO  Hooks.Hooks - Driver is Quit successfully....!
2026-04-24 18:37:38 INFO  Hooks.Hooks - Browser is opened..!
2026-04-24 18:37:44 INFO  Hooks.Hooks - url is launched..!
2026-04-24 18:37:49 INFO  Hooks.Hooks - Driver is Quit successfully....!
2026-04-24 18:37:50 INFO  Hooks.Hooks - Browser is opened..!
2026-04-24 18:37:56 INFO  Hooks.Hooks - url is launched..!
2026-04-24 18:37:58 INFO  Hooks.Hooks - Driver is Quit successfully....!
2026-04-24 18:37:59 INFO  Hooks.Hooks - Browser is opened..!
2026-04-24 18:38:04 INFO  Hooks.Hooks - url is launched..!
2026-04-24 18:38:04 INFO  Hooks.Hooks - Driver is Quit successfully....!
2026-04-24 18:38:06 INFO  Hooks.Hooks - Browser is opened..!
2026-04-24 18:38:10 INFO  Hooks.Hooks - url is launched..!
2026-04-24 18:38:41 INFO  Hooks.Hooks - Driver is Quit successfully....!
2026-04-24 18:38:41 INFO  org.testng.internal.Utils - [TestNG] Time taken by org.testng.reporters.jq.Main@75f2ff80: 74 ms
2026-04-24 18:38:41 INFO  org.testng.internal.Utils - [TestNG] Time taken by org.testng.reporters.FailedReporter@a251135: 22 ms
2026-04-24 18:38:41 INFO  org.testng.internal.Utils - [TestNG] Time taken by org.testng.reporters.XMLReporter@6bf28f61: 32 ms
2026-04-24 18:38:41 INFO  org.testng.internal.Utils - [TestNG] Time taken by org.testng.reporters.EmailableReporter2@1e01b195: 12 ms
2026-04-24 18:38:41 INFO  org.testng.internal.Utils - [TestNG] Time taken by org.testng.reporters.JUnitReportReporter@33bfe6d3: 13 ms
2026-04-24 18:38:41 INFO  org.testng.internal.Utils - [TestNG] Time taken by org.testng.internal.ExitCodeListener@56dde9f7: 0 ms
2026-04-24 18:45:39 DEBUG org.testng.TestNG - suiteXmlPath: "C:\Users\Rahul\AppData\Local\Temp\testng-eclipse-142267376\testng-customsuite.xml"
2026-04-24 18:45:40 INFO  org.testng.internal.Utils - [Utils] MethodGroupsHelper.collectMethodsByGroup() took 0 ms.
2026-04-24 18:45:40 INFO  org.testng.internal.Utils - [Utils] MethodGroupsHelper.sortMethods() took 1 ms.
2026-04-24 18:45:40 INFO  org.testng.internal.Utils - [Utils] MethodGroupsHelper.collectMethodsByGroup() took 0 ms.
2026-04-24 18:45:40 INFO  org.testng.internal.Utils - [Utils] MethodGroupsHelper.sortMethods() took 0 ms.
2026-04-24 18:45:40 INFO  org.testng.internal.Utils - [Utils] MethodGroupsHelper.collectMethodsByGroup() took 0 ms.
2026-04-24 18:45:40 INFO  org.testng.internal.Utils - [Utils] MethodGroupsHelper.sortMethods() took 0 ms.
2026-04-24 18:45:40 INFO  org.testng.internal.Utils - [Utils] MethodGroupsHelper.collectMethodsByGroup() took 0 ms.
2026-04-24 18:45:40 INFO  org.testng.internal.Utils - [Utils] MethodGroupsHelper.sortMethods() took 0 ms.
2026-04-24 18:45:40 INFO  org.testng.internal.Utils - [Utils] MethodGroupsHelper.collectMethodsByGroup() took 0 ms.
2026-04-24 18:45:40 INFO  org.testng.internal.Utils - [Utils] MethodGroupsHelper.sortMethods() took 15 ms.
2026-04-24 18:45:40 INFO  org.testng.internal.Utils - [Utils] MethodGroupsHelper.collectMethodsByGroup() took 0 ms.
2026-04-24 18:45:40 INFO  org.testng.internal.Utils - [Utils] MethodGroupsHelper.sortMethods() took 0 ms.
2026-04-24 18:45:40 INFO  org.testng.internal.Utils - [Utils] MethodGroupsHelper.collectMethodsByGroup() took 0 ms.
2026-04-24 18:45:40 INFO  org.testng.internal.Utils - [Utils] MethodGroupsHelper.sortMethods() took 0 ms.
2026-04-24 18:45:40 INFO  org.testng.internal.Utils - [Utils] MethodGroupsHelper.collectMethodsByGroup() took 0 ms.
2026-04-24 18:45:40 INFO  org.testng.internal.Utils - [Utils] MethodGroupsHelper.sortMethods() took 0 ms.
2026-04-24 18:45:40 INFO  org.testng.internal.Utils - [Utils] MethodGroupsHelper.collectMethodsByGroup() took 0 ms.
2026-04-24 18:45:40 INFO  org.testng.internal.Utils - [Utils] MethodGroupsHelper.sortMethods() took 0 ms.
2026-04-24 18:45:40 INFO  org.testng.internal.Utils - [Utils] MethodGroupsHelper.collectMethodsByGroup() took 0 ms.
2026-04-24 18:45:40 INFO  org.testng.internal.Utils - [Utils] MethodGroupsHelper.sortMethods() took 0 ms.
2026-04-24 18:45:40 INFO  org.testng.internal.Utils - [Utils] MethodGroupsHelper.collectMethodsByGroup() took 0 ms.
2026-04-24 18:45:40 INFO  org.testng.internal.Utils - [Utils] MethodGroupsHelper.sortMethods() took 0 ms.
2026-04-24 18:45:40 INFO  org.testng.internal.Utils - [Utils] MethodGroupsHelper.collectMethodsByGroup() took 0 ms.
2026-04-24 18:45:40 INFO  org.testng.internal.Utils - [Utils] MethodGroupsHelper.sortMethods() took 0 ms.
2026-04-24 18:45:40 INFO  org.testng.internal.Utils - [Utils] MethodGroupsHelper.collectMethodsByGroup() took 7 ms.
2026-04-24 18:45:40 INFO  org.testng.internal.Utils - [Utils] MethodGroupsHelper.sortMethods() took 0 ms.
2026-04-24 18:45:40 INFO  org.testng.internal.Utils - [Utils] MethodGroupsHelper.collectMethodsByGroup() took 0 ms.
2026-04-24 18:45:40 INFO  org.testng.internal.Utils - [Utils] MethodGroupsHelper.sortMethods() took 0 ms.
2026-04-24 18:45:40 INFO  org.testng.internal.Utils - [Utils] MethodGroupsHelper.collectMethodsByGroup() took 0 ms.
2026-04-24 18:45:40 INFO  org.testng.internal.Utils - [Utils] MethodGroupsHelper.sortMethods() took 0 ms.
2026-04-24 18:45:40 INFO  org.testng.internal.Utils - [TestNG] Running:
  C:\Users\Rahul\AppData\Local\Temp\testng-eclipse-142267376\testng-customsuite.xml

2026-04-24 18:45:40 INFO  org.testng.internal.Utils - [Utils] DynamicGraphHelper.createDynamicGraph() took 12 ms.
2026-04-24 18:45:43 INFO  Hooks.Hooks - Browser is opened..!
2026-04-24 18:45:47 INFO  Hooks.Hooks - url is launched..!
2026-04-24 18:45:47 INFO  StepDefinations.ProductListingPageStep - Searching product: Tshirts
2026-04-24 18:45:50 INFO  StepDefinations.ProductListingPageStep - Checking products visibility on PLP
2026-04-24 18:45:51 INFO  StepDefinations.ProductListingPageStep - Product count: 503415
2026-04-24 18:45:52 INFO  Hooks.Hooks - Driver is Quit successfully....!
2026-04-24 18:45:54 INFO  Hooks.Hooks - Browser is opened..!
2026-04-24 18:45:59 INFO  Hooks.Hooks - url is launched..!
2026-04-24 18:45:59 INFO  StepDefinations.ProductListingPageStep - Searching product: Tshirts
2026-04-24 18:46:05 INFO  Hooks.Hooks - Driver is Quit successfully....!
2026-04-24 18:46:06 INFO  Hooks.Hooks - Browser is opened..!
2026-04-24 18:46:10 INFO  Hooks.Hooks - url is launched..!
2026-04-24 18:46:10 INFO  StepDefinations.ProductListingPageStep - Searching product: Tshirts
2026-04-24 18:46:16 INFO  Hooks.Hooks - Driver is Quit successfully....!
2026-04-24 18:46:17 INFO  Hooks.Hooks - Browser is opened..!
2026-04-24 18:46:21 INFO  Hooks.Hooks - url is launched..!
2026-04-24 18:46:21 INFO  StepDefinations.ProductListingPageStep - Searching product: Tshirts
2026-04-24 18:46:25 INFO  Hooks.Hooks - Driver is Quit successfully....!
2026-04-24 18:46:26 INFO  Hooks.Hooks - Browser is opened..!
2026-04-24 18:46:30 INFO  Hooks.Hooks - url is launched..!
2026-04-24 18:46:30 INFO  StepDefinations.ProductListingPageStep - Searching product: Tshirts
2026-04-24 18:46:36 INFO  Hooks.Hooks - Driver is Quit successfully....!
2026-04-24 18:46:38 INFO  Hooks.Hooks - Browser is opened..!
2026-04-24 18:46:42 INFO  Hooks.Hooks - url is launched..!
2026-04-24 18:46:42 INFO  StepDefinations.ProductListingPageStep - Searching product: Tshirts
2026-04-24 18:46:47 INFO  Hooks.Hooks - Driver is Quit successfully....!
2026-04-24 18:46:49 INFO  Hooks.Hooks - Browser is opened..!
2026-04-24 18:46:53 INFO  Hooks.Hooks - url is launched..!
2026-04-24 18:46:53 INFO  StepDefinations.ProductListingPageStep - Searching product: Tshirts
2026-04-24 18:47:01 INFO  Hooks.Hooks - Driver is Quit successfully....!
2026-04-24 18:47:03 INFO  Hooks.Hooks - Browser is opened..!
2026-04-24 18:47:08 INFO  Hooks.Hooks - url is launched..!
2026-04-24 18:47:08 INFO  StepDefinations.ProductListingPageStep - Searching product: Tshirts
2026-04-24 18:47:13 INFO  Hooks.Hooks - Driver is Quit successfully....!
2026-04-24 18:47:14 INFO  Hooks.Hooks - Browser is opened..!
2026-04-24 18:47:14 INFO  Hooks.Hooks - url is launched..!
2026-04-24 18:47:14 INFO  StepDefinations.ProductListingPageStep - Searching product: Tshirts
2026-04-24 18:47:23 INFO  Hooks.Hooks - Driver is Quit successfully....!
2026-04-24 18:47:24 INFO  Hooks.Hooks - Browser is opened..!
2026-04-24 18:47:30 INFO  Hooks.Hooks - url is launched..!
2026-04-24 18:47:30 INFO  StepDefinations.ProductListingPageStep - Searching product: Tshirts
2026-04-24 18:47:33 INFO  Hooks.Hooks - Driver is Quit successfully....!
2026-04-24 18:47:34 INFO  Hooks.Hooks - Browser is opened..!
2026-04-24 18:47:35 INFO  Hooks.Hooks - url is launched..!
2026-04-24 18:47:35 INFO  StepDefinations.ProductListingPageStep - Searching product: Tshirts
2026-04-24 18:47:43 INFO  Hooks.Hooks - Driver is Quit successfully....!
2026-04-24 18:47:44 INFO  Hooks.Hooks - Browser is opened..!
2026-04-24 18:47:48 INFO  Hooks.Hooks - url is launched..!
2026-04-24 18:47:48 INFO  StepDefinations.ProductListingPageStep - Searching product: Tshirts
2026-04-24 18:47:52 INFO  Hooks.Hooks - Driver is Quit successfully....!
2026-04-24 18:47:54 INFO  Hooks.Hooks - Browser is opened..!
2026-04-24 18:47:58 INFO  Hooks.Hooks - url is launched..!
2026-04-24 18:47:58 INFO  StepDefinations.ProductListingPageStep - Searching product: Tshirts
2026-04-24 18:48:04 INFO  Hooks.Hooks - Driver is Quit successfully....!
2026-04-24 18:48:06 INFO  Hooks.Hooks - Browser is opened..!
2026-04-24 18:48:10 INFO  Hooks.Hooks - url is launched..!
2026-04-24 18:48:10 INFO  StepDefinations.ProductListingPageStep - Searching product: Tshirts
2026-04-24 18:48:14 INFO  Hooks.Hooks - Driver is Quit successfully....!
2026-04-24 18:48:15 INFO  Hooks.Hooks - Browser is opened..!
2026-04-24 18:48:17 INFO  Hooks.Hooks - url is launched..!
2026-04-24 18:48:17 INFO  StepDefinations.ProductListingPageStep - Searching product: Tshirts
2026-04-24 18:48:21 INFO  Hooks.Hooks - Driver is Quit successfully....!
2026-04-24 18:48:23 INFO  Hooks.Hooks - Browser is opened..!
2026-04-24 18:48:27 INFO  Hooks.Hooks - url is launched..!
2026-04-24 18:48:27 INFO  StepDefinations.ProductListingPageStep - Searching product: Tshirts
2026-04-24 18:48:31 INFO  Hooks.Hooks - Driver is Quit successfully....!
2026-04-24 18:48:33 INFO  Hooks.Hooks - Browser is opened..!
2026-04-24 18:48:37 INFO  Hooks.Hooks - url is launched..!
2026-04-24 18:48:37 INFO  StepDefinations.ProductListingPageStep - Searching product: Tshirts
2026-04-24 18:48:42 INFO  Hooks.Hooks - Driver is Quit successfully....!
2026-04-24 18:48:43 INFO  Hooks.Hooks - Browser is opened..!
2026-04-24 18:48:47 INFO  Hooks.Hooks - url is launched..!
2026-04-24 18:48:47 INFO  StepDefinations.ProductListingPageStep - Searching product: Tshirts
2026-04-24 18:48:51 INFO  Hooks.Hooks - Driver is Quit successfully....!
2026-04-24 18:48:53 INFO  Hooks.Hooks - Browser is opened..!
2026-04-24 18:48:53 INFO  Hooks.Hooks - url is launched..!
2026-04-24 18:48:53 INFO  StepDefinations.ProductListingPageStep - Searching product: Tshirts
2026-04-24 18:49:01 INFO  Hooks.Hooks - Driver is Quit successfully....!
2026-04-24 18:49:02 INFO  Hooks.Hooks - Browser is opened..!
2026-04-24 18:49:06 INFO  Hooks.Hooks - url is launched..!
2026-04-24 18:49:06 INFO  StepDefinations.ProductListingPageStep - Searching product: Tshirts
2026-04-24 18:49:11 INFO  Hooks.Hooks - Driver is Quit successfully....!
2026-04-24 18:49:12 INFO  Hooks.Hooks - Browser is opened..!
2026-04-24 18:49:17 INFO  Hooks.Hooks - url is launched..!
2026-04-24 18:49:17 INFO  StepDefinations.ProductListingPageStep - Searching product: Tshirts
2026-04-24 18:49:21 INFO  Hooks.Hooks - Driver is Quit successfully....!
2026-04-24 18:49:23 INFO  Hooks.Hooks - Browser is opened..!
2026-04-24 18:49:27 INFO  Hooks.Hooks - url is launched..!
2026-04-24 18:49:27 INFO  StepDefinations.ProductListingPageStep - Searching product: Tshirts
2026-04-24 18:49:32 INFO  Hooks.Hooks - Driver is Quit successfully....!
2026-04-24 18:49:33 INFO  Hooks.Hooks - Browser is opened..!
2026-04-24 18:49:34 INFO  Hooks.Hooks - url is launched..!
2026-04-24 18:49:34 INFO  StepDefinations.ProductListingPageStep - Searching product: Tshirts
2026-04-24 18:49:40 INFO  Hooks.Hooks - Driver is Quit successfully....!
2026-04-24 18:49:41 INFO  Hooks.Hooks - Browser is opened..!
2026-04-24 18:49:46 INFO  Hooks.Hooks - url is launched..!
2026-04-24 18:49:46 INFO  StepDefinations.ProductListingPageStep - Searching product: Tshirts
2026-04-24 18:49:51 INFO  Hooks.Hooks - Driver is Quit successfully....!
2026-04-24 18:49:52 INFO  Hooks.Hooks - Browser is opened..!
2026-04-24 18:49:53 INFO  Hooks.Hooks - url is launched..!
2026-04-24 18:49:53 INFO  StepDefinations.ProductListingPageStep - Searching product: Tshirts
2026-04-24 18:50:00 INFO  Hooks.Hooks - Driver is Quit successfully....!
2026-04-24 18:50:01 INFO  Hooks.Hooks - Browser is opened..!
2026-04-24 18:50:05 INFO  Hooks.Hooks - url is launched..!
2026-04-24 18:50:05 INFO  StepDefinations.ProductListingPageStep - Searching product: Tshirts
2026-04-24 18:50:09 INFO  StepDefinations.ProductListingPageStep - Applying color filter: Grey
2026-04-24 18:50:11 INFO  StepDefinations.ProductListingPageStep - URL after color filter: https://www.myntra.com/tshirts?f=Color%3AGrey_808080&rawQuery=Tshirts
2026-04-24 18:50:11 INFO  Hooks.Hooks - Driver is Quit successfully....!
2026-04-24 18:50:12 INFO  Hooks.Hooks - Browser is opened..!
2026-04-24 18:50:16 INFO  Hooks.Hooks - url is launched..!
2026-04-24 18:50:16 INFO  StepDefinations.ProductListingPageStep - Searching product: Tshirts
2026-04-24 18:50:20 INFO  StepDefinations.ProductListingPageStep - Applying color filter: White
2026-04-24 18:50:21 INFO  StepDefinations.ProductListingPageStep - URL after color filter: https://www.myntra.com/tshirts?f=Color%3AWhite_f2f2f2&rawQuery=Tshirts
2026-04-24 18:50:22 INFO  Hooks.Hooks - Driver is Quit successfully....!
2026-04-24 18:50:23 INFO  Hooks.Hooks - Browser is opened..!
2026-04-24 18:50:26 INFO  Hooks.Hooks - url is launched..!
2026-04-24 18:50:26 INFO  StepDefinations.ProductListingPageStep - Searching product: Tshirts
2026-04-24 18:50:30 INFO  StepDefinations.ProductListingPageStep - Applying color filter: Beige
2026-04-24 18:51:02 INFO  Hooks.Hooks - Driver is Quit successfully....!
2026-04-24 18:51:03 INFO  Hooks.Hooks - Browser is opened..!
2026-04-24 18:51:08 INFO  Hooks.Hooks - url is launched..!
2026-04-24 18:51:08 INFO  StepDefinations.ProductListingPageStep - Searching product: Tshirts
2026-04-24 18:53:59 INFO  Hooks.Hooks - Browser is opened..!
2026-04-24 18:54:00 INFO  Hooks.Hooks - url is launched..!
2026-04-24 18:54:00 INFO  StepDefinations.ProductListingPageStep - Searching product: Tshirts
2026-04-24 18:54:07 INFO  StepDefinations.ProductListingPageStep - Product count: 503426
2026-04-24 18:54:07 INFO  StepDefinations.ProductListingPageStep - Checking products visibility on PLP
2026-04-24 18:54:07 INFO  Hooks.Hooks - Driver is Quit successfully....!
2026-04-24 18:59:11 DEBUG org.testng.TestNG - suiteXmlPath: "C:\Users\Rahul\AppData\Local\Temp\testng-eclipse-404446654\testng-customsuite.xml"
2026-04-24 18:59:12 INFO  org.testng.internal.Utils - [Utils] MethodGroupsHelper.collectMethodsByGroup() took 1 ms.
2026-04-24 18:59:12 INFO  org.testng.internal.Utils - [Utils] MethodGroupsHelper.sortMethods() took 2 ms.
2026-04-24 18:59:12 INFO  org.testng.internal.Utils - [Utils] MethodGroupsHelper.collectMethodsByGroup() took 0 ms.
2026-04-24 18:59:12 INFO  org.testng.internal.Utils - [Utils] MethodGroupsHelper.sortMethods() took 0 ms.
2026-04-24 18:59:12 INFO  org.testng.internal.Utils - [Utils] MethodGroupsHelper.collectMethodsByGroup() took 0 ms.
2026-04-24 18:59:12 INFO  org.testng.internal.Utils - [Utils] MethodGroupsHelper.sortMethods() took 0 ms.
2026-04-24 18:59:12 INFO  org.testng.internal.Utils - [Utils] MethodGroupsHelper.collectMethodsByGroup() took 0 ms.
2026-04-24 18:59:12 INFO  org.testng.internal.Utils - [Utils] MethodGroupsHelper.sortMethods() took 0 ms.
2026-04-24 18:59:12 INFO  org.testng.internal.Utils - [Utils] MethodGroupsHelper.collectMethodsByGroup() took 0 ms.
2026-04-24 18:59:12 INFO  org.testng.internal.Utils - [Utils] MethodGroupsHelper.sortMethods() took 0 ms.
2026-04-24 18:59:12 INFO  org.testng.internal.Utils - [Utils] MethodGroupsHelper.collectMethodsByGroup() took 0 ms.
2026-04-24 18:59:12 INFO  org.testng.internal.Utils - [Utils] MethodGroupsHelper.sortMethods() took 0 ms.
2026-04-24 18:59:12 INFO  org.testng.internal.Utils - [Utils] MethodGroupsHelper.collectMethodsByGroup() took 0 ms.
2026-04-24 18:59:12 INFO  org.testng.internal.Utils - [Utils] MethodGroupsHelper.sortMethods() took 0 ms.
2026-04-24 18:59:12 INFO  org.testng.internal.Utils - [Utils] MethodGroupsHelper.collectMethodsByGroup() took 0 ms.
2026-04-24 18:59:12 INFO  org.testng.internal.Utils - [Utils] MethodGroupsHelper.sortMethods() took 0 ms.
2026-04-24 18:59:12 INFO  org.testng.internal.Utils - [Utils] MethodGroupsHelper.collectMethodsByGroup() took 14 ms.
2026-04-24 18:59:12 INFO  org.testng.internal.Utils - [Utils] MethodGroupsHelper.sortMethods() took 29 ms.
2026-04-24 18:59:12 INFO  org.testng.internal.Utils - [Utils] MethodGroupsHelper.collectMethodsByGroup() took 0 ms.
2026-04-24 18:59:12 INFO  org.testng.internal.Utils - [Utils] MethodGroupsHelper.sortMethods() took 1 ms.
2026-04-24 18:59:12 INFO  org.testng.internal.Utils - [Utils] MethodGroupsHelper.collectMethodsByGroup() took 0 ms.
2026-04-24 18:59:12 INFO  org.testng.internal.Utils - [Utils] MethodGroupsHelper.sortMethods() took 0 ms.
2026-04-24 18:59:12 INFO  org.testng.internal.Utils - [Utils] MethodGroupsHelper.collectMethodsByGroup() took 0 ms.
2026-04-24 18:59:12 INFO  org.testng.internal.Utils - [Utils] MethodGroupsHelper.sortMethods() took 0 ms.
2026-04-24 18:59:12 INFO  org.testng.internal.Utils - [Utils] MethodGroupsHelper.collectMethodsByGroup() took 16 ms.
2026-04-24 18:59:12 INFO  org.testng.internal.Utils - [Utils] MethodGroupsHelper.sortMethods() took 0 ms.
2026-04-24 18:59:12 INFO  org.testng.internal.Utils - [Utils] MethodGroupsHelper.collectMethodsByGroup() took 0 ms.
2026-04-24 18:59:12 INFO  org.testng.internal.Utils - [Utils] MethodGroupsHelper.sortMethods() took 0 ms.
2026-04-24 18:59:12 INFO  org.testng.internal.Utils - [Utils] MethodGroupsHelper.collectMethodsByGroup() took 0 ms.
2026-04-24 18:59:12 INFO  org.testng.internal.Utils - [Utils] MethodGroupsHelper.sortMethods() took 0 ms.
2026-04-24 18:59:12 INFO  org.testng.internal.Utils - [TestNG] Running:
  C:\Users\Rahul\AppData\Local\Temp\testng-eclipse-404446654\testng-customsuite.xml

2026-04-24 18:59:12 INFO  org.testng.internal.Utils - [Utils] DynamicGraphHelper.createDynamicGraph() took 11 ms.
2026-04-24 18:59:21 INFO  com.Tests.ProductListingPageTest - Brand filter applied: BAESD
2026-04-24 18:59:21 INFO  com.Tests.ProductListingPageTest - Brand filter applied successfully..
2026-04-24 18:59:47 DEBUG org.testng.TestNG - suiteXmlPath: "C:\Users\Rahul\AppData\Local\Temp\testng-eclipse-195204549\testng-customsuite.xml"
2026-04-24 18:59:48 INFO  org.testng.internal.Utils - [Utils] MethodGroupsHelper.collectMethodsByGroup() took 1 ms.
2026-04-24 18:59:48 INFO  org.testng.internal.Utils - [Utils] MethodGroupsHelper.sortMethods() took 1 ms.
2026-04-24 18:59:48 INFO  org.testng.internal.Utils - [Utils] MethodGroupsHelper.collectMethodsByGroup() took 0 ms.
2026-04-24 18:59:48 INFO  org.testng.internal.Utils - [Utils] MethodGroupsHelper.sortMethods() took 0 ms.
2026-04-24 18:59:48 INFO  org.testng.internal.Utils - [Utils] MethodGroupsHelper.collectMethodsByGroup() took 0 ms.
2026-04-24 18:59:48 INFO  org.testng.internal.Utils - [Utils] MethodGroupsHelper.sortMethods() took 0 ms.
2026-04-24 18:59:48 INFO  org.testng.internal.Utils - [Utils] MethodGroupsHelper.collectMethodsByGroup() took 0 ms.
2026-04-24 18:59:48 INFO  org.testng.internal.Utils - [Utils] MethodGroupsHelper.sortMethods() took 0 ms.
2026-04-24 18:59:48 INFO  org.testng.internal.Utils - [Utils] MethodGroupsHelper.collectMethodsByGroup() took 0 ms.
2026-04-24 18:59:48 INFO  org.testng.internal.Utils - [Utils] MethodGroupsHelper.sortMethods() took 0 ms.
2026-04-24 18:59:48 INFO  org.testng.internal.Utils - [Utils] MethodGroupsHelper.collectMethodsByGroup() took 0 ms.
2026-04-24 18:59:48 INFO  org.testng.internal.Utils - [Utils] MethodGroupsHelper.sortMethods() took 0 ms.
2026-04-24 18:59:48 INFO  org.testng.internal.Utils - [Utils] MethodGroupsHelper.collectMethodsByGroup() took 0 ms.
2026-04-24 18:59:48 INFO  org.testng.internal.Utils - [Utils] MethodGroupsHelper.sortMethods() took 0 ms.
2026-04-24 18:59:48 INFO  org.testng.internal.Utils - [Utils] MethodGroupsHelper.collectMethodsByGroup() took 0 ms.
2026-04-24 18:59:48 INFO  org.testng.internal.Utils - [Utils] MethodGroupsHelper.sortMethods() took 0 ms.
2026-04-24 18:59:48 INFO  org.testng.internal.Utils - [Utils] MethodGroupsHelper.collectMethodsByGroup() took 12 ms.
2026-04-24 18:59:48 INFO  org.testng.internal.Utils - [Utils] MethodGroupsHelper.sortMethods() took 14 ms.
2026-04-24 18:59:48 INFO  org.testng.internal.Utils - [Utils] MethodGroupsHelper.collectMethodsByGroup() took 0 ms.
2026-04-24 18:59:48 INFO  org.testng.internal.Utils - [Utils] MethodGroupsHelper.sortMethods() took 1 ms.
2026-04-24 18:59:48 INFO  org.testng.internal.Utils - [Utils] MethodGroupsHelper.collectMethodsByGroup() took 0 ms.
2026-04-24 18:59:48 INFO  org.testng.internal.Utils - [Utils] MethodGroupsHelper.sortMethods() took 0 ms.
2026-04-24 18:59:48 INFO  org.testng.internal.Utils - [Utils] MethodGroupsHelper.collectMethodsByGroup() took 0 ms.
2026-04-24 18:59:48 INFO  org.testng.internal.Utils - [Utils] MethodGroupsHelper.sortMethods() took 0 ms.
2026-04-24 18:59:48 INFO  org.testng.internal.Utils - [Utils] MethodGroupsHelper.collectMethodsByGroup() took 22 ms.
2026-04-24 18:59:48 INFO  org.testng.internal.Utils - [Utils] MethodGroupsHelper.sortMethods() took 1 ms.
2026-04-24 18:59:48 INFO  org.testng.internal.Utils - [Utils] MethodGroupsHelper.collectMethodsByGroup() took 0 ms.
2026-04-24 18:59:48 INFO  org.testng.internal.Utils - [Utils] MethodGroupsHelper.sortMethods() took 0 ms.
2026-04-24 18:59:48 INFO  org.testng.internal.Utils - [Utils] MethodGroupsHelper.collectMethodsByGroup() took 0 ms.
2026-04-24 18:59:48 INFO  org.testng.internal.Utils - [Utils] MethodGroupsHelper.sortMethods() took 0 ms.
2026-04-24 18:59:48 INFO  org.testng.internal.Utils - [TestNG] Running:
  C:\Users\Rahul\AppData\Local\Temp\testng-eclipse-195204549\testng-customsuite.xml

2026-04-24 18:59:48 INFO  org.testng.internal.Utils - [Utils] DynamicGraphHelper.createDynamicGraph() took 7 ms.
2026-04-24 19:01:18 DEBUG org.testng.TestNG - suiteXmlPath: "C:\Users\Rahul\AppData\Local\Temp\testng-eclipse-1312433277\testng-customsuite.xml"
2026-04-24 19:01:19 INFO  org.testng.internal.Utils - [Utils] MethodGroupsHelper.collectMethodsByGroup() took 0 ms.
2026-04-24 19:01:19 INFO  org.testng.internal.Utils - [Utils] MethodGroupsHelper.sortMethods() took 2 ms.
2026-04-24 19:01:19 INFO  org.testng.internal.Utils - [Utils] MethodGroupsHelper.collectMethodsByGroup() took 0 ms.
2026-04-24 19:01:19 INFO  org.testng.internal.Utils - [Utils] MethodGroupsHelper.sortMethods() took 0 ms.
2026-04-24 19:01:19 INFO  org.testng.internal.Utils - [Utils] MethodGroupsHelper.collectMethodsByGroup() took 0 ms.
2026-04-24 19:01:19 INFO  org.testng.internal.Utils - [Utils] MethodGroupsHelper.sortMethods() took 0 ms.
2026-04-24 19:01:19 INFO  org.testng.internal.Utils - [Utils] MethodGroupsHelper.collectMethodsByGroup() took 0 ms.
2026-04-24 19:01:19 INFO  org.testng.internal.Utils - [Utils] MethodGroupsHelper.sortMethods() took 0 ms.
2026-04-24 19:01:19 INFO  org.testng.internal.Utils - [Utils] MethodGroupsHelper.collectMethodsByGroup() took 0 ms.
2026-04-24 19:01:19 INFO  org.testng.internal.Utils - [Utils] MethodGroupsHelper.sortMethods() took 0 ms.
2026-04-24 19:01:19 INFO  org.testng.internal.Utils - [Utils] MethodGroupsHelper.collectMethodsByGroup() took 0 ms.
2026-04-24 19:01:19 INFO  org.testng.internal.Utils - [Utils] MethodGroupsHelper.sortMethods() took 0 ms.
2026-04-24 19:01:19 INFO  org.testng.internal.Utils - [Utils] MethodGroupsHelper.collectMethodsByGroup() took 0 ms.
2026-04-24 19:01:19 INFO  org.testng.internal.Utils - [Utils] MethodGroupsHelper.sortMethods() took 0 ms.
2026-04-24 19:01:19 INFO  org.testng.internal.Utils - [Utils] MethodGroupsHelper.collectMethodsByGroup() took 0 ms.
2026-04-24 19:01:19 INFO  org.testng.internal.Utils - [Utils] MethodGroupsHelper.sortMethods() took 0 ms.
2026-04-24 19:01:19 INFO  org.testng.internal.Utils - [Utils] MethodGroupsHelper.collectMethodsByGroup() took 13 ms.
2026-04-24 19:01:19 INFO  org.testng.internal.Utils - [Utils] MethodGroupsHelper.sortMethods() took 18 ms.
2026-04-24 19:01:19 INFO  org.testng.internal.Utils - [Utils] MethodGroupsHelper.collectMethodsByGroup() took 0 ms.
2026-04-24 19:01:19 INFO  org.testng.internal.Utils - [Utils] MethodGroupsHelper.sortMethods() took 1 ms.
2026-04-24 19:01:19 INFO  org.testng.internal.Utils - [Utils] MethodGroupsHelper.collectMethodsByGroup() took 0 ms.
2026-04-24 19:01:19 INFO  org.testng.internal.Utils - [Utils] MethodGroupsHelper.sortMethods() took 0 ms.
2026-04-24 19:01:19 INFO  org.testng.internal.Utils - [Utils] MethodGroupsHelper.collectMethodsByGroup() took 0 ms.
2026-04-24 19:01:19 INFO  org.testng.internal.Utils - [Utils] MethodGroupsHelper.sortMethods() took 0 ms.
2026-04-24 19:01:19 INFO  org.testng.internal.Utils - [Utils] MethodGroupsHelper.collectMethodsByGroup() took 22 ms.
2026-04-24 19:01:19 INFO  org.testng.internal.Utils - [Utils] MethodGroupsHelper.sortMethods() took 0 ms.
2026-04-24 19:01:19 INFO  org.testng.internal.Utils - [Utils] MethodGroupsHelper.collectMethodsByGroup() took 0 ms.
2026-04-24 19:01:19 INFO  org.testng.internal.Utils - [Utils] MethodGroupsHelper.sortMethods() took 0 ms.
2026-04-24 19:01:19 INFO  org.testng.internal.Utils - [Utils] MethodGroupsHelper.collectMethodsByGroup() took 0 ms.
2026-04-24 19:01:19 INFO  org.testng.internal.Utils - [Utils] MethodGroupsHelper.sortMethods() took 0 ms.
2026-04-24 19:01:19 INFO  org.testng.internal.Utils - [TestNG] Running:
  C:\Users\Rahul\AppData\Local\Temp\testng-eclipse-1312433277\testng-customsuite.xml

2026-04-24 19:01:19 INFO  org.testng.internal.Utils - [Utils] DynamicGraphHelper.createDynamicGraph() took 5 ms.
2026-04-24 19:02:16 DEBUG org.testng.TestNG - suiteXmlPath: "C:\Users\Rahul\AppData\Local\Temp\testng-eclipse-628811103\testng-customsuite.xml"
2026-04-24 19:02:17 INFO  org.testng.internal.Utils - [Utils] MethodGroupsHelper.collectMethodsByGroup() took 0 ms.
2026-04-24 19:02:17 INFO  org.testng.internal.Utils - [Utils] MethodGroupsHelper.sortMethods() took 2 ms.
2026-04-24 19:02:17 INFO  org.testng.internal.Utils - [Utils] MethodGroupsHelper.collectMethodsByGroup() took 0 ms.
2026-04-24 19:02:17 INFO  org.testng.internal.Utils - [Utils] MethodGroupsHelper.sortMethods() took 0 ms.
2026-04-24 19:02:17 INFO  org.testng.internal.Utils - [Utils] MethodGroupsHelper.collectMethodsByGroup() took 0 ms.
2026-04-24 19:02:17 INFO  org.testng.internal.Utils - [Utils] MethodGroupsHelper.sortMethods() took 0 ms.
2026-04-24 19:02:17 INFO  org.testng.internal.Utils - [Utils] MethodGroupsHelper.collectMethodsByGroup() took 0 ms.
2026-04-24 19:02:17 INFO  org.testng.internal.Utils - [Utils] MethodGroupsHelper.sortMethods() took 0 ms.
2026-04-24 19:02:17 INFO  org.testng.internal.Utils - [Utils] MethodGroupsHelper.collectMethodsByGroup() took 0 ms.
2026-04-24 19:02:17 INFO  org.testng.internal.Utils - [Utils] MethodGroupsHelper.sortMethods() took 0 ms.
2026-04-24 19:02:17 INFO  org.testng.internal.Utils - [Utils] MethodGroupsHelper.collectMethodsByGroup() took 0 ms.
2026-04-24 19:02:17 INFO  org.testng.internal.Utils - [Utils] MethodGroupsHelper.sortMethods() took 0 ms.
2026-04-24 19:02:17 INFO  org.testng.internal.Utils - [Utils] MethodGroupsHelper.collectMethodsByGroup() took 0 ms.
2026-04-24 19:02:17 INFO  org.testng.internal.Utils - [Utils] MethodGroupsHelper.sortMethods() took 0 ms.
2026-04-24 19:02:17 INFO  org.testng.internal.Utils - [Utils] MethodGroupsHelper.collectMethodsByGroup() took 0 ms.
2026-04-24 19:02:17 INFO  org.testng.internal.Utils - [Utils] MethodGroupsHelper.sortMethods() took 0 ms.
2026-04-24 19:02:17 INFO  org.testng.internal.Utils - [Utils] MethodGroupsHelper.collectMethodsByGroup() took 8 ms.
2026-04-24 19:02:17 INFO  org.testng.internal.Utils - [Utils] MethodGroupsHelper.sortMethods() took 20 ms.
2026-04-24 19:02:17 INFO  org.testng.internal.Utils - [Utils] MethodGroupsHelper.collectMethodsByGroup() took 0 ms.
2026-04-24 19:02:17 INFO  org.testng.internal.Utils - [Utils] MethodGroupsHelper.sortMethods() took 0 ms.
2026-04-24 19:02:17 INFO  org.testng.internal.Utils - [Utils] MethodGroupsHelper.collectMethodsByGroup() took 0 ms.
2026-04-24 19:02:17 INFO  org.testng.internal.Utils - [Utils] MethodGroupsHelper.sortMethods() took 0 ms.
2026-04-24 19:02:17 INFO  org.testng.internal.Utils - [Utils] MethodGroupsHelper.collectMethodsByGroup() took 0 ms.
2026-04-24 19:02:17 INFO  org.testng.internal.Utils - [Utils] MethodGroupsHelper.sortMethods() took 0 ms.
2026-04-24 19:02:17 INFO  org.testng.internal.Utils - [Utils] MethodGroupsHelper.collectMethodsByGroup() took 18 ms.
2026-04-24 19:02:17 INFO  org.testng.internal.Utils - [Utils] MethodGroupsHelper.sortMethods() took 0 ms.
2026-04-24 19:02:17 INFO  org.testng.internal.Utils - [Utils] MethodGroupsHelper.collectMethodsByGroup() took 0 ms.
2026-04-24 19:02:17 INFO  org.testng.internal.Utils - [Utils] MethodGroupsHelper.sortMethods() took 0 ms.
2026-04-24 19:02:17 INFO  org.testng.internal.Utils - [Utils] MethodGroupsHelper.collectMethodsByGroup() took 0 ms.
2026-04-24 19:02:17 INFO  org.testng.internal.Utils - [Utils] MethodGroupsHelper.sortMethods() took 0 ms.
2026-04-24 19:02:17 INFO  org.testng.internal.Utils - [TestNG] Running:
  C:\Users\Rahul\AppData\Local\Temp\testng-eclipse-628811103\testng-customsuite.xml

2026-04-24 19:02:17 INFO  org.testng.internal.Utils - [Utils] DynamicGraphHelper.createDynamicGraph() took 4 ms.
2026-04-24 19:02:31 INFO  org.testng.internal.Utils - [TestNG] Time taken by org.testng.reporters.jq.Main@71945bc0: 67 ms
2026-04-24 19:02:31 INFO  org.testng.internal.Utils - [TestNG] Time taken by org.testng.reporters.FailedReporter@6ecdbab8: 1 ms
2026-04-24 19:02:31 INFO  org.testng.internal.Utils - [TestNG] Time taken by org.testng.reporters.XMLReporter@17d32e9b: 9 ms
2026-04-24 19:02:31 INFO  org.testng.internal.Utils - [TestNG] Time taken by org.testng.reporters.EmailableReporter2@6850b758: 6 ms
2026-04-24 19:02:31 INFO  org.testng.internal.Utils - [TestNG] Time taken by org.testng.reporters.JUnitReportReporter@c6c82aa: 8 ms
2026-04-24 19:02:31 INFO  org.testng.internal.Utils - [TestNG] Time taken by org.testng.internal.ExitCodeListener@2e179f3e: 0 ms
2026-04-24 19:03:27 INFO  com.Tests.ProductListingPageTest - Color filter applied successfully..
2026-04-24 19:03:30 INFO  org.testng.internal.Utils - [TestNG] Time taken by org.testng.reporters.jq.Main@412ebe64: 59 ms
2026-04-24 19:03:30 INFO  org.testng.internal.Utils - [TestNG] Time taken by org.testng.reporters.FailedReporter@217235f5: 9 ms
2026-04-24 19:03:30 INFO  org.testng.internal.Utils - [TestNG] Time taken by org.testng.reporters.XMLReporter@b14b60a: 23 ms
2026-04-24 19:03:30 INFO  org.testng.internal.Utils - [TestNG] Time taken by org.testng.reporters.EmailableReporter2@7f977fba: 8 ms
2026-04-24 19:03:30 INFO  org.testng.internal.Utils - [TestNG] Time taken by org.testng.reporters.JUnitReportReporter@5eb0a686: 9 ms
2026-04-24 19:03:30 INFO  org.testng.internal.Utils - [TestNG] Time taken by org.testng.internal.ExitCodeListener@73608eb0: 0 ms
2026-04-24 19:05:10 DEBUG org.testng.TestNG - suiteXmlPath: "C:\Users\Rahul\AppData\Local\Temp\testng-eclipse-494996751\testng-customsuite.xml"
2026-04-24 19:05:11 INFO  org.testng.internal.Utils - [Utils] MethodGroupsHelper.collectMethodsByGroup() took 1 ms.
2026-04-24 19:05:11 INFO  org.testng.internal.Utils - [Utils] MethodGroupsHelper.sortMethods() took 1 ms.
2026-04-24 19:05:11 INFO  org.testng.internal.Utils - [Utils] MethodGroupsHelper.collectMethodsByGroup() took 0 ms.
2026-04-24 19:05:11 INFO  org.testng.internal.Utils - [Utils] MethodGroupsHelper.sortMethods() took 0 ms.
2026-04-24 19:05:11 INFO  org.testng.internal.Utils - [Utils] MethodGroupsHelper.collectMethodsByGroup() took 0 ms.
2026-04-24 19:05:11 INFO  org.testng.internal.Utils - [Utils] MethodGroupsHelper.sortMethods() took 0 ms.
2026-04-24 19:05:11 INFO  org.testng.internal.Utils - [Utils] MethodGroupsHelper.collectMethodsByGroup() took 0 ms.
2026-04-24 19:05:11 INFO  org.testng.internal.Utils - [Utils] MethodGroupsHelper.sortMethods() took 0 ms.
2026-04-24 19:05:11 INFO  org.testng.internal.Utils - [Utils] MethodGroupsHelper.collectMethodsByGroup() took 0 ms.
2026-04-24 19:05:11 INFO  org.testng.internal.Utils - [Utils] MethodGroupsHelper.sortMethods() took 0 ms.
2026-04-24 19:05:11 INFO  org.testng.internal.Utils - [Utils] MethodGroupsHelper.collectMethodsByGroup() took 0 ms.
2026-04-24 19:05:11 INFO  org.testng.internal.Utils - [Utils] MethodGroupsHelper.sortMethods() took 0 ms.
2026-04-24 19:05:11 INFO  org.testng.internal.Utils - [Utils] MethodGroupsHelper.collectMethodsByGroup() took 0 ms.
2026-04-24 19:05:11 INFO  org.testng.internal.Utils - [Utils] MethodGroupsHelper.sortMethods() took 0 ms.
2026-04-24 19:05:11 INFO  org.testng.internal.Utils - [Utils] MethodGroupsHelper.collectMethodsByGroup() took 0 ms.
2026-04-24 19:05:11 INFO  org.testng.internal.Utils - [Utils] MethodGroupsHelper.sortMethods() took 0 ms.
2026-04-24 19:05:11 INFO  org.testng.internal.Utils - [Utils] MethodGroupsHelper.collectMethodsByGroup() took 10 ms.
2026-04-24 19:05:11 INFO  org.testng.internal.Utils - [Utils] MethodGroupsHelper.sortMethods() took 15 ms.
2026-04-24 19:05:11 INFO  org.testng.internal.Utils - [Utils] MethodGroupsHelper.collectMethodsByGroup() took 0 ms.
2026-04-24 19:05:11 INFO  org.testng.internal.Utils - [Utils] MethodGroupsHelper.sortMethods() took 0 ms.
2026-04-24 19:05:11 INFO  org.testng.internal.Utils - [Utils] MethodGroupsHelper.collectMethodsByGroup() took 0 ms.
2026-04-24 19:05:11 INFO  org.testng.internal.Utils - [Utils] MethodGroupsHelper.sortMethods() took 0 ms.
2026-04-24 19:05:11 INFO  org.testng.internal.Utils - [Utils] MethodGroupsHelper.collectMethodsByGroup() took 0 ms.
2026-04-24 19:05:11 INFO  org.testng.internal.Utils - [Utils] MethodGroupsHelper.sortMethods() took 0 ms.
2026-04-24 19:05:11 INFO  org.testng.internal.Utils - [Utils] MethodGroupsHelper.collectMethodsByGroup() took 13 ms.
2026-04-24 19:05:11 INFO  org.testng.internal.Utils - [Utils] MethodGroupsHelper.sortMethods() took 0 ms.
2026-04-24 19:05:11 INFO  org.testng.internal.Utils - [Utils] MethodGroupsHelper.collectMethodsByGroup() took 0 ms.
2026-04-24 19:05:11 INFO  org.testng.internal.Utils - [Utils] MethodGroupsHelper.sortMethods() took 0 ms.
2026-04-24 19:05:11 INFO  org.testng.internal.Utils - [Utils] MethodGroupsHelper.collectMethodsByGroup() took 0 ms.
2026-04-24 19:05:11 INFO  org.testng.internal.Utils - [Utils] MethodGroupsHelper.sortMethods() took 0 ms.
2026-04-24 19:05:11 INFO  org.testng.internal.Utils - [TestNG] Running:
  C:\Users\Rahul\AppData\Local\Temp\testng-eclipse-494996751\testng-customsuite.xml

2026-04-24 19:05:11 INFO  org.testng.internal.Utils - [Utils] DynamicGraphHelper.createDynamicGraph() took 8 ms.
2026-04-24 19:06:07 INFO  com.Tests.ProductListingPageTest - Color filter applied successfully..
2026-04-24 19:07:03 INFO  com.Tests.ProductListingPageTest - Color filter applied successfully..
2026-04-24 19:07:13 INFO  com.Tests.ProductListingPageTest - Color filter applied successfully..
2026-04-24 19:08:06 INFO  com.Tests.ProductListingPageTest - Color filter applied successfully..
2026-04-24 19:08:09 INFO  org.testng.internal.Utils - [TestNG] Time taken by org.testng.reporters.jq.Main@23ee2ccf: 61 ms
2026-04-24 19:08:09 INFO  org.testng.internal.Utils - [TestNG] Time taken by org.testng.reporters.FailedReporter@45d4421d: 20 ms
2026-04-24 19:08:09 INFO  org.testng.internal.Utils - [TestNG] Time taken by org.testng.reporters.XMLReporter@3111631d: 24 ms
2026-04-24 19:08:09 INFO  org.testng.internal.Utils - [TestNG] Time taken by org.testng.reporters.EmailableReporter2@5f193335: 19 ms
2026-04-24 19:08:09 INFO  org.testng.internal.Utils - [TestNG] Time taken by org.testng.reporters.JUnitReportReporter@4c24f3a2: 16 ms
2026-04-24 19:08:09 INFO  org.testng.internal.Utils - [TestNG] Time taken by org.testng.internal.ExitCodeListener@783b3aa0: 0 ms
2026-04-24 19:10:46 INFO  Hooks.Hooks - Browser is opened..!
2026-04-24 19:10:46 INFO  Hooks.Hooks - url is launched..!
2026-04-24 19:10:46 INFO  StepDefinations.ProductListingPageStep - Searching product: Tshirts
2026-04-24 19:10:54 INFO  Hooks.Hooks - Driver is Quit successfully....!
2026-04-24 19:10:56 INFO  Hooks.Hooks - Browser is opened..!
2026-04-24 19:10:56 INFO  Hooks.Hooks - url is launched..!
2026-04-24 19:10:56 INFO  StepDefinations.ProductListingPageStep - Searching product: Tshirts
2026-04-24 19:11:04 INFO  Hooks.Hooks - Driver is Quit successfully....!
2026-04-24 19:11:05 INFO  Hooks.Hooks - Browser is opened..!
2026-04-24 19:11:10 INFO  Hooks.Hooks - url is launched..!
2026-04-24 19:11:10 INFO  StepDefinations.ProductListingPageStep - Searching product: Tshirts
2026-04-24 19:11:13 INFO  Hooks.Hooks - Driver is Quit successfully....!
2026-04-24 19:11:15 INFO  Hooks.Hooks - Browser is opened..!
2026-04-24 19:11:47 INFO  Hooks.Hooks - url is launched..!
2026-04-24 19:11:47 INFO  StepDefinations.ProductListingPageStep - Searching product: Tshirts
2026-04-24 19:12:00 INFO  Hooks.Hooks - Driver is Quit successfully....!
2026-04-24 19:12:02 INFO  Hooks.Hooks - Browser is opened..!
2026-04-24 19:12:02 INFO  Hooks.Hooks - url is launched..!
2026-04-24 19:12:02 INFO  StepDefinations.ProductListingPageStep - Searching product: Tshirts
2026-04-24 19:12:10 INFO  Hooks.Hooks - Driver is Quit successfully....!
2026-04-24 19:12:12 INFO  Hooks.Hooks - Browser is opened..!
2026-04-24 19:12:12 INFO  Hooks.Hooks - url is launched..!
2026-04-24 19:12:12 INFO  StepDefinations.ProductListingPageStep - Searching product: Tshirts
2026-04-24 19:12:20 INFO  Hooks.Hooks - Driver is Quit successfully....!
2026-04-24 19:12:21 INFO  Hooks.Hooks - Browser is opened..!
2026-04-24 19:12:25 INFO  Hooks.Hooks - url is launched..!
2026-04-24 19:12:25 INFO  StepDefinations.ProductListingPageStep - Searching product: Tshirts
2026-04-24 19:12:29 INFO  Hooks.Hooks - Driver is Quit successfully....!
2026-04-24 19:12:30 INFO  Hooks.Hooks - Browser is opened..!
2026-04-24 19:12:35 INFO  Hooks.Hooks - url is launched..!
2026-04-24 19:12:35 INFO  StepDefinations.ProductListingPageStep - Searching product: Tshirts
2026-04-24 19:12:40 INFO  Hooks.Hooks - Driver is Quit successfully....!
2026-04-24 19:12:41 INFO  Hooks.Hooks - Browser is opened..!
2026-04-24 19:12:43 INFO  Hooks.Hooks - url is launched..!
2026-04-24 19:12:43 INFO  StepDefinations.ProductListingPageStep - Searching product: Tshirts
2026-04-24 19:12:49 INFO  Hooks.Hooks - Driver is Quit successfully....!
2026-04-24 19:12:50 INFO  Hooks.Hooks - Browser is opened..!
2026-04-24 19:12:54 INFO  Hooks.Hooks - url is launched..!
2026-04-24 19:12:54 INFO  StepDefinations.ProductListingPageStep - Searching product: Tshirts
2026-04-24 19:12:58 INFO  Hooks.Hooks - Driver is Quit successfully....!
2026-04-24 19:13:00 INFO  Hooks.Hooks - Browser is opened..!
2026-04-24 19:13:01 INFO  Hooks.Hooks - url is launched..!
2026-04-24 19:13:01 INFO  StepDefinations.ProductListingPageStep - Searching product: Tshirts
2026-04-24 19:13:09 INFO  Hooks.Hooks - Driver is Quit successfully....!
2026-04-24 19:13:10 INFO  Hooks.Hooks - Browser is opened..!
2026-04-24 19:13:13 INFO  Hooks.Hooks - url is launched..!
2026-04-24 19:13:13 INFO  StepDefinations.ProductListingPageStep - Searching product: Tshirts
2026-04-24 19:13:18 INFO  Hooks.Hooks - Driver is Quit successfully....!
2026-04-24 19:13:19 INFO  Hooks.Hooks - Browser is opened..!
2026-04-24 19:13:20 INFO  Hooks.Hooks - url is launched..!
2026-04-24 19:13:20 INFO  StepDefinations.ProductListingPageStep - Searching product: Tshirts
2026-04-24 19:13:27 INFO  Hooks.Hooks - Driver is Quit successfully....!
2026-04-24 19:13:29 INFO  Hooks.Hooks - Browser is opened..!
2026-04-24 19:13:30 INFO  Hooks.Hooks - url is launched..!
2026-04-24 19:13:30 INFO  StepDefinations.ProductListingPageStep - Searching product: Tshirts
2026-04-24 19:13:35 INFO  Hooks.Hooks - Driver is Quit successfully....!
2026-04-24 19:13:37 INFO  Hooks.Hooks - Browser is opened..!
2026-04-24 19:13:40 INFO  Hooks.Hooks - url is launched..!
2026-04-24 19:13:40 INFO  StepDefinations.ProductListingPageStep - Searching product: Tshirts
2026-04-24 19:13:45 INFO  Hooks.Hooks - Driver is Quit successfully....!
2026-04-24 19:13:46 INFO  Hooks.Hooks - Browser is opened..!
2026-04-24 19:13:50 INFO  Hooks.Hooks - url is launched..!
2026-04-24 19:13:50 INFO  StepDefinations.ProductListingPageStep - Searching product: Tshirts
2026-04-24 19:13:56 INFO  Hooks.Hooks - Driver is Quit successfully....!
2026-04-24 19:13:58 INFO  Hooks.Hooks - Browser is opened..!
2026-04-24 19:14:01 INFO  Hooks.Hooks - url is launched..!
2026-04-24 19:14:01 INFO  StepDefinations.ProductListingPageStep - Searching product: Tshirts
2026-04-24 19:14:05 INFO  Hooks.Hooks - Driver is Quit successfully....!
2026-04-24 19:14:07 INFO  Hooks.Hooks - Browser is opened..!
2026-04-24 19:14:10 INFO  Hooks.Hooks - url is launched..!
2026-04-24 19:14:10 INFO  StepDefinations.ProductListingPageStep - Searching product: Tshirts
2026-04-24 19:14:14 INFO  Hooks.Hooks - Driver is Quit successfully....!
2026-04-24 19:14:16 INFO  Hooks.Hooks - Browser is opened..!
2026-04-24 19:14:19 INFO  Hooks.Hooks - url is launched..!
2026-04-24 19:14:19 INFO  StepDefinations.ProductListingPageStep - Searching product: Tshirts
2026-04-24 19:14:24 INFO  Hooks.Hooks - Driver is Quit successfully....!
2026-04-24 19:14:25 INFO  Hooks.Hooks - Browser is opened..!
2026-04-24 19:14:29 INFO  Hooks.Hooks - url is launched..!
2026-04-24 19:14:29 INFO  StepDefinations.ProductListingPageStep - Searching product: Tshirts
2026-04-24 19:14:34 INFO  Hooks.Hooks - Driver is Quit successfully....!
2026-04-24 19:14:35 INFO  Hooks.Hooks - Browser is opened..!
2026-04-24 19:14:36 INFO  Hooks.Hooks - url is launched..!
2026-04-24 19:14:36 INFO  StepDefinations.ProductListingPageStep - Searching product: Tshirts
2026-04-24 19:14:45 INFO  Hooks.Hooks - Driver is Quit successfully....!
2026-04-24 19:14:46 INFO  Hooks.Hooks - Browser is opened..!
2026-04-24 19:14:49 INFO  Hooks.Hooks - url is launched..!
2026-04-24 19:14:49 INFO  StepDefinations.ProductListingPageStep - Searching product: Tshirts
2026-04-24 19:14:53 INFO  Hooks.Hooks - Driver is Quit successfully....!
2026-04-24 19:14:55 INFO  Hooks.Hooks - Browser is opened..!
2026-04-24 19:14:58 INFO  Hooks.Hooks - url is launched..!
2026-04-24 19:14:58 INFO  StepDefinations.ProductListingPageStep - Searching product: Tshirts
2026-04-24 19:15:02 INFO  Hooks.Hooks - Driver is Quit successfully....!
2026-04-24 19:15:03 INFO  Hooks.Hooks - Browser is opened..!
2026-04-24 19:15:07 INFO  Hooks.Hooks - url is launched..!
2026-04-24 19:15:07 INFO  StepDefinations.ProductListingPageStep - Searching product: Tshirts
2026-04-24 19:15:11 INFO  Hooks.Hooks - Driver is Quit successfully....!
2026-04-24 19:30:51 INFO  Hooks.Hooks - Browser is opened..!
2026-04-24 19:30:51 INFO  Hooks.Hooks - url is launched..!
2026-04-24 19:30:51 INFO  StepDefinations.ProductListingPageStep - Searching product: Tshirts
2026-04-24 19:30:58 INFO  StepDefinations.ProductListingPageStep - Applying category filter: 10% and above
2026-04-24 19:30:59 INFO  StepDefinations.ProductListingPageStep - selected discount: 10% and above
2026-04-24 19:30:59 INFO  Hooks.Hooks - Driver is Quit successfully....!
2026-04-24 19:31:00 INFO  Hooks.Hooks - Browser is opened..!
2026-04-24 19:31:04 INFO  Hooks.Hooks - url is launched..!
2026-04-24 19:31:04 INFO  StepDefinations.ProductListingPageStep - Searching product: Tshirts
2026-04-24 19:31:31 INFO  StepDefinations.ProductListingPageStep - Applying category filter: 20% and above
2026-04-24 19:31:32 INFO  StepDefinations.ProductListingPageStep - selected discount: 20% and above
2026-04-24 19:31:32 INFO  Hooks.Hooks - Driver is Quit successfully....!
2026-04-24 19:31:33 INFO  Hooks.Hooks - Browser is opened..!
2026-04-24 19:31:38 INFO  Hooks.Hooks - url is launched..!
2026-04-24 19:31:38 INFO  StepDefinations.ProductListingPageStep - Searching product: Tshirts
2026-04-24 19:31:47 INFO  StepDefinations.ProductListingPageStep - Applying category filter: 30% and above
2026-04-24 19:31:47 INFO  StepDefinations.ProductListingPageStep - selected discount: 30% and above
2026-04-24 19:31:48 INFO  Hooks.Hooks - Driver is Quit successfully....!
2026-04-24 19:31:50 INFO  Hooks.Hooks - Browser is opened..!
2026-04-24 19:31:51 INFO  Hooks.Hooks - url is launched..!
2026-04-24 19:31:51 INFO  StepDefinations.ProductListingPageStep - Searching product: Tshirts
2026-04-24 19:32:06 INFO  StepDefinations.ProductListingPageStep - Applying category filter: 40% and above
2026-04-24 19:32:08 INFO  StepDefinations.ProductListingPageStep - selected discount: 40% and above
2026-04-24 19:32:09 INFO  Hooks.Hooks - Driver is Quit successfully....!
2026-04-24 19:32:11 INFO  Hooks.Hooks - Browser is opened..!
2026-04-24 19:33:08 INFO  Hooks.Hooks - Browser is opened..!
2026-04-24 19:33:12 INFO  Hooks.Hooks - url is launched..!
2026-04-24 19:33:12 INFO  StepDefinations.ProductListingPageStep - Searching product: Tshirts
2026-04-24 19:33:16 INFO  StepDefinations.ProductListingPageStep - Applying category filter: 10% and above
2026-04-24 19:33:16 INFO  StepDefinations.ProductListingPageStep - selected discount: 10% and above
2026-04-24 19:33:16 INFO  Hooks.Hooks - Driver is Quit successfully....!
2026-04-24 19:33:18 INFO  Hooks.Hooks - Browser is opened..!
2026-04-24 19:33:18 INFO  Hooks.Hooks - url is launched..!
2026-04-24 19:33:18 INFO  StepDefinations.ProductListingPageStep - Searching product: Tshirts
2026-04-24 19:33:25 INFO  StepDefinations.ProductListingPageStep - Applying category filter: 20% and above
2026-04-24 19:33:25 INFO  StepDefinations.ProductListingPageStep - selected discount: 20% and above
2026-04-24 19:33:26 INFO  Hooks.Hooks - Driver is Quit successfully....!
2026-04-24 19:33:28 INFO  Hooks.Hooks - Browser is opened..!
2026-04-24 19:33:32 INFO  Hooks.Hooks - url is launched..!
2026-04-24 19:33:32 INFO  StepDefinations.ProductListingPageStep - Searching product: Tshirts
2026-04-24 19:33:40 INFO  StepDefinations.ProductListingPageStep - Applying category filter: 30% and above
2026-04-24 19:33:41 INFO  StepDefinations.ProductListingPageStep - selected discount: 30% and above
2026-04-24 19:33:41 INFO  Hooks.Hooks - Driver is Quit successfully....!
2026-04-24 19:33:43 INFO  Hooks.Hooks - Browser is opened..!
2026-04-24 19:33:46 INFO  Hooks.Hooks - url is launched..!
2026-04-24 19:33:46 INFO  StepDefinations.ProductListingPageStep - Searching product: Tshirts
2026-04-24 19:33:54 INFO  StepDefinations.ProductListingPageStep - Applying category filter: 40% and above
2026-04-24 19:33:55 INFO  StepDefinations.ProductListingPageStep - selected discount: 40% and above
2026-04-24 19:33:57 INFO  Hooks.Hooks - Driver is Quit successfully....!
2026-04-24 19:33:59 INFO  Hooks.Hooks - Browser is opened..!
2026-04-24 19:33:59 INFO  Hooks.Hooks - url is launched..!
2026-04-24 19:33:59 INFO  StepDefinations.ProductListingPageStep - Searching product: Tshirts
2026-04-24 19:34:16 INFO  StepDefinations.ProductListingPageStep - Applying category filter: 50% and above
2026-04-24 19:34:17 INFO  StepDefinations.ProductListingPageStep - selected discount: 50% and above
2026-04-24 19:34:17 INFO  Hooks.Hooks - Driver is Quit successfully....!
2026-04-24 19:34:19 INFO  Hooks.Hooks - Browser is opened..!
2026-04-24 19:34:20 INFO  Hooks.Hooks - url is launched..!
2026-04-24 19:34:20 INFO  StepDefinations.ProductListingPageStep - Searching product: Tshirts
2026-04-24 19:34:24 INFO  StepDefinations.ProductListingPageStep - Applying category filter: 60% and above
2026-04-24 19:34:25 INFO  StepDefinations.ProductListingPageStep - selected discount: 60% and above
2026-04-24 19:34:25 INFO  Hooks.Hooks - Driver is Quit successfully....!
2026-04-24 19:34:27 INFO  Hooks.Hooks - Browser is opened..!
2026-04-24 19:34:31 INFO  Hooks.Hooks - url is launched..!
2026-04-24 19:34:31 INFO  StepDefinations.ProductListingPageStep - Searching product: Tshirts
2026-04-24 19:34:35 INFO  StepDefinations.ProductListingPageStep - Applying category filter: 70% and above
2026-04-24 19:34:35 INFO  StepDefinations.ProductListingPageStep - selected discount: 70% and above
2026-04-24 19:34:35 INFO  Hooks.Hooks - Driver is Quit successfully....!
2026-04-24 19:34:37 INFO  Hooks.Hooks - Browser is opened..!
2026-04-24 19:34:38 INFO  Hooks.Hooks - url is launched..!
2026-04-24 19:34:38 INFO  StepDefinations.ProductListingPageStep - Searching product: Tshirts
2026-04-24 19:34:44 INFO  StepDefinations.ProductListingPageStep - Applying category filter: 80% and above
2026-04-24 19:34:44 INFO  StepDefinations.ProductListingPageStep - selected discount: 80% and above
2026-04-24 19:34:45 INFO  Hooks.Hooks - Driver is Quit successfully....!
2026-04-24 19:34:46 INFO  Hooks.Hooks - Browser is opened..!
2026-04-24 19:34:50 INFO  Hooks.Hooks - url is launched..!
2026-04-24 19:34:50 INFO  StepDefinations.ProductListingPageStep - Searching product: Tshirts
2026-04-24 19:34:54 INFO  StepDefinations.ProductListingPageStep - Applying category filter: 90% and above
2026-04-24 19:34:54 INFO  StepDefinations.ProductListingPageStep - selected discount: 90% and above
2026-04-24 19:34:54 INFO  Hooks.Hooks - Driver is Quit successfully....!
2026-04-24 19:57:43 INFO  Hooks.Hooks - Browser is opened..!
2026-04-24 19:57:46 INFO  Hooks.Hooks - url is launched..!
2026-04-24 19:57:46 INFO  StepDefinations.ProductListingPageStep - Searching product: Tshirts
2026-04-24 19:57:50 INFO  StepDefinations.ProductListingPageStep - Applying category filter: 10% and above
2026-04-24 19:57:51 INFO  StepDefinations.ProductListingPageStep - selected discount: 10% and above
2026-04-24 19:57:51 INFO  Hooks.Hooks - Driver is Quit successfully....!
2026-04-24 19:57:52 INFO  Hooks.Hooks - Browser is opened..!
2026-04-24 19:57:57 INFO  Hooks.Hooks - url is launched..!
2026-04-24 19:57:57 INFO  StepDefinations.ProductListingPageStep - Searching product: Tshirts
2026-04-24 19:58:01 INFO  StepDefinations.ProductListingPageStep - Applying category filter: 20% and above
2026-04-24 19:58:02 INFO  StepDefinations.ProductListingPageStep - selected discount: 20% and above
2026-04-24 19:58:02 INFO  Hooks.Hooks - Driver is Quit successfully....!
2026-04-24 19:58:03 INFO  Hooks.Hooks - Browser is opened..!
2026-04-24 19:58:04 INFO  Hooks.Hooks - url is launched..!
2026-04-24 19:58:04 INFO  StepDefinations.ProductListingPageStep - Searching product: Tshirts
2026-04-24 19:58:17 INFO  StepDefinations.ProductListingPageStep - Applying category filter: 30% and above
2026-04-24 19:58:18 INFO  StepDefinations.ProductListingPageStep - selected discount: 30% and above
2026-04-24 19:58:18 INFO  Hooks.Hooks - Driver is Quit successfully....!
2026-04-24 19:58:20 INFO  Hooks.Hooks - Browser is opened..!
2026-04-24 19:58:24 INFO  Hooks.Hooks - url is launched..!
2026-04-24 19:58:24 INFO  StepDefinations.ProductListingPageStep - Searching product: Tshirts
2026-04-24 19:58:29 INFO  StepDefinations.ProductListingPageStep - Applying category filter: 40% and above
2026-04-24 19:58:29 INFO  StepDefinations.ProductListingPageStep - selected discount: 40% and above
2026-04-24 19:58:29 INFO  Hooks.Hooks - Driver is Quit successfully....!
2026-04-24 19:58:31 INFO  Hooks.Hooks - Browser is opened..!
2026-04-24 19:58:32 INFO  Hooks.Hooks - url is launched..!
2026-04-24 19:58:32 INFO  StepDefinations.ProductListingPageStep - Searching product: Tshirts
2026-04-24 19:58:38 INFO  StepDefinations.ProductListingPageStep - Applying category filter: 50% and above
2026-04-24 19:58:38 INFO  StepDefinations.ProductListingPageStep - selected discount: 50% and above
2026-04-24 19:58:39 INFO  Hooks.Hooks - Driver is Quit successfully....!
2026-04-24 19:58:40 INFO  Hooks.Hooks - Browser is opened..!
2026-04-24 19:58:42 INFO  Hooks.Hooks - url is launched..!
2026-04-24 19:58:42 INFO  StepDefinations.ProductListingPageStep - Searching product: Tshirts
2026-04-24 19:58:47 INFO  StepDefinations.ProductListingPageStep - Applying category filter: 60% and above
2026-04-24 19:58:47 INFO  StepDefinations.ProductListingPageStep - selected discount: 60% and above
2026-04-24 19:58:47 INFO  Hooks.Hooks - Driver is Quit successfully....!
2026-04-24 19:58:49 INFO  Hooks.Hooks - Browser is opened..!
2026-04-24 19:58:53 INFO  Hooks.Hooks - url is launched..!
2026-04-24 19:58:53 INFO  StepDefinations.ProductListingPageStep - Searching product: Tshirts
2026-04-24 19:58:57 INFO  StepDefinations.ProductListingPageStep - Applying category filter: 70% and above
2026-04-24 19:58:57 INFO  StepDefinations.ProductListingPageStep - selected discount: 70% and above
2026-04-24 19:58:57 INFO  Hooks.Hooks - Driver is Quit successfully....!
2026-04-24 19:58:59 INFO  Hooks.Hooks - Browser is opened..!
2026-04-24 19:59:02 INFO  Hooks.Hooks - url is launched..!
2026-04-24 19:59:02 INFO  StepDefinations.ProductListingPageStep - Searching product: Tshirts
2026-04-24 19:59:06 INFO  StepDefinations.ProductListingPageStep - Applying category filter: 80% and above
2026-04-24 19:59:06 INFO  StepDefinations.ProductListingPageStep - selected discount: 80% and above
2026-04-24 19:59:07 INFO  Hooks.Hooks - Driver is Quit successfully....!
2026-04-24 19:59:08 INFO  Hooks.Hooks - Browser is opened..!
2026-04-24 19:59:13 INFO  Hooks.Hooks - url is launched..!
2026-04-24 19:59:13 INFO  StepDefinations.ProductListingPageStep - Searching product: Tshirts
2026-04-24 19:59:17 INFO  StepDefinations.ProductListingPageStep - Applying category filter: 90% and above
2026-04-24 19:59:17 INFO  StepDefinations.ProductListingPageStep - selected discount: 90% and above
2026-04-24 19:59:18 INFO  Hooks.Hooks - Driver is Quit successfully....!
2026-04-24 20:03:29 INFO  Hooks.Hooks - Browser is opened..!
2026-04-24 20:03:32 INFO  Hooks.Hooks - url is launched..!
2026-04-24 20:03:32 INFO  StepDefinations.ProductListingPageStep - Searching product: Tshirts
2026-04-24 20:03:37 INFO  Hooks.Hooks - Driver is Quit successfully....!
2026-04-24 20:03:39 INFO  Hooks.Hooks - Browser is opened..!
2026-04-24 20:03:44 INFO  Hooks.Hooks - url is launched..!
2026-04-24 20:03:44 INFO  StepDefinations.ProductListingPageStep - Searching product: Tshirts
2026-04-24 20:03:49 INFO  Hooks.Hooks - Driver is Quit successfully....!
2026-04-24 20:03:51 INFO  Hooks.Hooks - Browser is opened..!
2026-04-24 20:03:54 INFO  Hooks.Hooks - url is launched..!
2026-04-24 20:03:54 INFO  StepDefinations.ProductListingPageStep - Searching product: Tshirts
2026-04-24 20:03:59 INFO  Hooks.Hooks - Driver is Quit successfully....!
2026-04-24 20:04:01 INFO  Hooks.Hooks - Browser is opened..!
2026-04-24 20:04:03 INFO  Hooks.Hooks - url is launched..!
2026-04-24 20:04:03 INFO  StepDefinations.ProductListingPageStep - Searching product: Tshirts
2026-04-24 20:04:09 INFO  Hooks.Hooks - Driver is Quit successfully....!
2026-04-24 20:04:10 INFO  Hooks.Hooks - Browser is opened..!
2026-04-24 20:04:13 INFO  Hooks.Hooks - url is launched..!
2026-04-24 20:04:13 INFO  StepDefinations.ProductListingPageStep - Searching product: Tshirts
2026-04-24 20:04:17 INFO  Hooks.Hooks - Driver is Quit successfully....!
2026-04-24 20:04:19 INFO  Hooks.Hooks - Browser is opened..!
2026-04-24 20:04:20 INFO  Hooks.Hooks - url is launched..!
2026-04-24 20:04:20 INFO  StepDefinations.ProductListingPageStep - Searching product: Tshirts
2026-04-24 20:04:25 INFO  Hooks.Hooks - Driver is Quit successfully....!
2026-04-24 20:04:26 INFO  Hooks.Hooks - Browser is opened..!
2026-04-24 20:04:33 INFO  Hooks.Hooks - url is launched..!
2026-04-24 20:04:33 INFO  StepDefinations.ProductListingPageStep - Searching product: Tshirts
2026-04-24 20:04:36 INFO  Hooks.Hooks - Driver is Quit successfully....!
2026-04-24 20:04:38 INFO  Hooks.Hooks - Browser is opened..!
2026-04-24 20:04:42 INFO  Hooks.Hooks - url is launched..!
2026-04-24 20:04:42 INFO  StepDefinations.ProductListingPageStep - Searching product: Tshirts
2026-04-24 20:04:47 INFO  Hooks.Hooks - Driver is Quit successfully....!
2026-04-24 20:04:48 INFO  Hooks.Hooks - Browser is opened..!
2026-04-24 20:04:52 INFO  Hooks.Hooks - url is launched..!
2026-04-24 20:04:52 INFO  StepDefinations.ProductListingPageStep - Searching product: Tshirts
2026-04-24 20:04:56 INFO  Hooks.Hooks - Driver is Quit successfully....!
2026-04-24 20:04:58 INFO  Hooks.Hooks - Browser is opened..!
2026-04-24 20:05:02 INFO  Hooks.Hooks - url is launched..!
2026-04-24 20:05:02 INFO  StepDefinations.ProductListingPageStep - Searching product: Tshirts
2026-04-24 20:05:08 INFO  Hooks.Hooks - Driver is Quit successfully....!
2026-04-24 20:05:09 INFO  Hooks.Hooks - Browser is opened..!
2026-04-24 20:05:16 INFO  Hooks.Hooks - url is launched..!
2026-04-24 20:05:16 INFO  StepDefinations.ProductListingPageStep - Searching product: Tshirts
2026-04-24 20:05:20 INFO  Hooks.Hooks - Driver is Quit successfully....!
2026-04-24 20:05:22 INFO  Hooks.Hooks - Browser is opened..!
2026-04-24 20:05:28 INFO  Hooks.Hooks - url is launched..!
2026-04-24 20:05:28 INFO  StepDefinations.ProductListingPageStep - Searching product: Tshirts
2026-04-24 20:05:32 INFO  Hooks.Hooks - Driver is Quit successfully....!
2026-04-24 20:05:34 INFO  Hooks.Hooks - Browser is opened..!
2026-04-24 20:05:41 INFO  Hooks.Hooks - url is launched..!
2026-04-24 20:05:41 INFO  StepDefinations.ProductListingPageStep - Searching product: Tshirts
2026-04-24 20:05:47 INFO  Hooks.Hooks - Driver is Quit successfully....!
2026-04-24 20:05:48 INFO  Hooks.Hooks - Browser is opened..!
2026-04-24 20:05:54 INFO  Hooks.Hooks - url is launched..!
2026-04-24 20:05:54 INFO  StepDefinations.ProductListingPageStep - Searching product: Tshirts
2026-04-24 20:05:58 INFO  Hooks.Hooks - Driver is Quit successfully....!
2026-04-24 20:06:00 INFO  Hooks.Hooks - Browser is opened..!
2026-04-24 20:06:03 INFO  Hooks.Hooks - url is launched..!
2026-04-24 20:06:03 INFO  StepDefinations.ProductListingPageStep - Searching product: Tshirts
2026-04-24 20:06:07 INFO  Hooks.Hooks - Driver is Quit successfully....!
2026-04-24 20:06:08 INFO  Hooks.Hooks - Browser is opened..!
2026-04-24 20:06:12 INFO  Hooks.Hooks - url is launched..!
2026-04-24 20:06:12 INFO  StepDefinations.ProductListingPageStep - Searching product: Tshirts
2026-04-24 20:06:16 INFO  Hooks.Hooks - Driver is Quit successfully....!
2026-04-24 20:06:17 INFO  Hooks.Hooks - Browser is opened..!
2026-04-24 20:06:21 INFO  Hooks.Hooks - url is launched..!
2026-04-24 20:06:21 INFO  StepDefinations.ProductListingPageStep - Searching product: Tshirts
2026-04-24 20:06:25 INFO  Hooks.Hooks - Driver is Quit successfully....!
2026-04-24 20:06:27 INFO  Hooks.Hooks - Browser is opened..!
2026-04-24 20:06:30 INFO  Hooks.Hooks - url is launched..!
2026-04-24 20:06:30 INFO  StepDefinations.ProductListingPageStep - Searching product: Tshirts
2026-04-24 20:06:33 INFO  Hooks.Hooks - Driver is Quit successfully....!
2026-04-24 20:06:34 INFO  Hooks.Hooks - Browser is opened..!
2026-04-24 20:07:07 INFO  Hooks.Hooks - url is launched..!
2026-04-24 20:07:07 INFO  StepDefinations.ProductListingPageStep - Searching product: Tshirts
2026-04-24 20:07:10 INFO  Hooks.Hooks - Driver is Quit successfully....!
2026-04-24 20:07:12 INFO  Hooks.Hooks - Browser is opened..!
2026-04-24 20:07:16 INFO  Hooks.Hooks - url is launched..!
2026-04-24 20:07:16 INFO  StepDefinations.ProductListingPageStep - Searching product: Tshirts
2026-04-24 20:07:21 INFO  Hooks.Hooks - Driver is Quit successfully....!
2026-04-24 20:07:23 INFO  Hooks.Hooks - Browser is opened..!
2026-04-24 20:07:26 INFO  Hooks.Hooks - url is launched..!
2026-04-24 20:07:26 INFO  StepDefinations.ProductListingPageStep - Searching product: Tshirts
2026-04-24 20:07:30 INFO  Hooks.Hooks - Driver is Quit successfully....!
2026-04-24 20:07:32 INFO  Hooks.Hooks - Browser is opened..!
2026-04-24 20:07:32 INFO  Hooks.Hooks - url is launched..!
2026-04-24 20:07:32 INFO  StepDefinations.ProductListingPageStep - Searching product: Tshirts
2026-04-24 20:07:40 INFO  Hooks.Hooks - Driver is Quit successfully....!
2026-04-24 20:07:41 INFO  Hooks.Hooks - Browser is opened..!
2026-04-24 20:07:46 INFO  Hooks.Hooks - url is launched..!
2026-04-24 20:07:46 INFO  StepDefinations.ProductListingPageStep - Searching product: Tshirts
2026-04-24 20:07:50 INFO  Hooks.Hooks - Driver is Quit successfully....!
2026-04-24 20:07:52 INFO  Hooks.Hooks - Browser is opened..!
2026-04-24 20:07:56 INFO  Hooks.Hooks - url is launched..!
2026-04-24 20:07:56 INFO  StepDefinations.ProductListingPageStep - Searching product: Tshirts
2026-04-24 20:08:00 INFO  Hooks.Hooks - Driver is Quit successfully....!
2026-04-24 20:11:49 INFO  Hooks.Hooks - Browser is opened..!
2026-04-24 20:12:22 INFO  Hooks.Hooks - url is launched..!
2026-04-24 20:12:22 INFO  StepDefinations.ProductListingPageStep - Searching product: Tshirts
2026-04-24 20:12:26 INFO  StepDefinations.ProductListingPageStep - Applying category filter: White
2026-04-24 20:12:28 INFO  StepDefinations.ProductListingPageStep - Colour filter applied: White
2026-04-24 20:12:28 INFO  StepDefinations.ProductListingPageStep - Colour filter applied successfully..
2026-04-24 20:12:28 INFO  Hooks.Hooks - Driver is Quit successfully....!
2026-04-24 20:12:30 INFO  Hooks.Hooks - Browser is opened..!
2026-04-24 20:12:34 INFO  Hooks.Hooks - url is launched..!
2026-04-24 20:12:34 INFO  StepDefinations.ProductListingPageStep - Searching product: Tshirts
2026-04-24 20:12:38 INFO  StepDefinations.ProductListingPageStep - Applying category filter: Blue
2026-04-24 20:12:39 INFO  StepDefinations.ProductListingPageStep - Colour filter applied: Blue
2026-04-24 20:12:39 INFO  StepDefinations.ProductListingPageStep - Colour filter applied successfully..
2026-04-24 20:12:40 INFO  Hooks.Hooks - Driver is Quit successfully....!
2026-04-24 20:12:41 INFO  Hooks.Hooks - Browser is opened..!
2026-04-24 20:12:45 INFO  Hooks.Hooks - url is launched..!
2026-04-24 20:12:45 INFO  StepDefinations.ProductListingPageStep - Searching product: Tshirts
2026-04-24 20:12:49 INFO  StepDefinations.ProductListingPageStep - Applying category filter: Black
2026-04-24 20:12:50 INFO  StepDefinations.ProductListingPageStep - Colour filter applied: Black
2026-04-24 20:12:50 INFO  StepDefinations.ProductListingPageStep - Colour filter applied successfully..
2026-04-24 20:12:51 INFO  Hooks.Hooks - Driver is Quit successfully....!
2026-04-24 20:12:52 INFO  Hooks.Hooks - Browser is opened..!
2026-04-24 20:12:56 INFO  Hooks.Hooks - url is launched..!
2026-04-24 20:12:56 INFO  StepDefinations.ProductListingPageStep - Searching product: Tshirts
2026-04-24 20:13:02 INFO  StepDefinations.ProductListingPageStep - Applying category filter: Brown
2026-04-24 20:13:34 INFO  Hooks.Hooks - Driver is Quit successfully....!
2026-04-24 20:13:35 INFO  Hooks.Hooks - Browser is opened..!
2026-04-24 20:13:36 INFO  Hooks.Hooks - url is launched..!
2026-04-24 20:13:36 INFO  StepDefinations.ProductListingPageStep - Searching product: Tshirts
2026-04-24 20:13:42 INFO  StepDefinations.ProductListingPageStep - Applying category filter: Red
2026-04-24 20:13:44 INFO  StepDefinations.ProductListingPageStep - Colour filter applied: Red
2026-04-24 20:13:44 INFO  StepDefinations.ProductListingPageStep - Colour filter applied successfully..
2026-04-24 20:13:44 INFO  Hooks.Hooks - Driver is Quit successfully....!
2026-04-24 20:13:45 INFO  Hooks.Hooks - Browser is opened..!
2026-04-24 20:13:49 INFO  Hooks.Hooks - url is launched..!
2026-04-24 20:13:49 INFO  StepDefinations.ProductListingPageStep - Searching product: Tshirts
2026-04-24 20:13:54 INFO  StepDefinations.ProductListingPageStep - Applying category filter: Green
2026-04-24 20:13:55 INFO  StepDefinations.ProductListingPageStep - Colour filter applied: Green
2026-04-24 20:13:55 INFO  StepDefinations.ProductListingPageStep - Colour filter applied successfully..
2026-04-24 20:13:56 INFO  Hooks.Hooks - Driver is Quit successfully....!
2026-04-24 20:13:57 INFO  Hooks.Hooks - Browser is opened..!
2026-04-24 20:13:58 INFO  Hooks.Hooks - url is launched..!
2026-04-24 20:13:58 INFO  StepDefinations.ProductListingPageStep - Searching product: Tshirts
2026-04-24 20:14:08 INFO  StepDefinations.ProductListingPageStep - Applying category filter: Navy Blue
2026-04-24 20:14:10 INFO  StepDefinations.ProductListingPageStep - Colour filter applied: Navy Blue
2026-04-24 20:14:11 INFO  Hooks.Hooks - Driver is Quit successfully....!
2026-04-24 20:14:12 INFO  Hooks.Hooks - Browser is opened..!
2026-04-24 20:14:16 INFO  Hooks.Hooks - url is launched..!
2026-04-24 20:14:16 INFO  StepDefinations.ProductListingPageStep - Searching product: Tshirts
2026-04-24 20:14:21 INFO  StepDefinations.ProductListingPageStep - Applying category filter: Pink
2026-04-24 20:14:53 INFO  Hooks.Hooks - Driver is Quit successfully....!
2026-04-24 20:14:54 INFO  Hooks.Hooks - Browser is opened..!
2026-04-24 20:14:58 INFO  Hooks.Hooks - url is launched..!
2026-04-24 20:14:58 INFO  StepDefinations.ProductListingPageStep - Searching product: Tshirts
2026-04-24 20:15:02 INFO  StepDefinations.ProductListingPageStep - Applying category filter: Yellow
2026-04-24 20:15:34 INFO  Hooks.Hooks - Driver is Quit successfully....!
2026-04-24 20:16:39 INFO  Hooks.Hooks - Browser is opened..!
2026-04-24 20:16:43 INFO  Hooks.Hooks - url is launched..!
2026-04-24 20:16:43 INFO  StepDefinations.ProductListingPageStep - Searching product: Tshirts
2026-04-24 20:16:47 INFO  StepDefinations.ProductListingPageStep - Applying category filter: 10% and above
2026-04-24 20:16:47 INFO  StepDefinations.ProductListingPageStep - selected discount: 10% and above
2026-04-24 20:16:47 INFO  StepDefinations.ProductListingPageStep - discount filter applied: 10% and above
2026-04-24 20:16:47 INFO  StepDefinations.ProductListingPageStep - discount filter applied successfully..
2026-04-24 20:16:47 INFO  Hooks.Hooks - Driver is Quit successfully....!
2026-04-24 20:16:49 INFO  Hooks.Hooks - Browser is opened..!
2026-04-24 20:16:51 INFO  Hooks.Hooks - url is launched..!
2026-04-24 20:16:51 INFO  StepDefinations.ProductListingPageStep - Searching product: Tshirts
2026-04-24 20:16:56 INFO  StepDefinations.ProductListingPageStep - Applying category filter: 20% and above
2026-04-24 20:16:56 INFO  StepDefinations.ProductListingPageStep - selected discount: 20% and above
2026-04-24 20:16:56 INFO  StepDefinations.ProductListingPageStep - discount filter applied: 20% and above
2026-04-24 20:16:56 INFO  StepDefinations.ProductListingPageStep - discount filter applied successfully..
2026-04-24 20:16:56 INFO  Hooks.Hooks - Driver is Quit successfully....!
2026-04-24 20:16:58 INFO  Hooks.Hooks - Browser is opened..!
2026-04-24 20:17:04 INFO  Hooks.Hooks - url is launched..!
2026-04-24 20:17:04 INFO  StepDefinations.ProductListingPageStep - Searching product: Tshirts
2026-04-24 20:17:09 INFO  StepDefinations.ProductListingPageStep - Applying category filter: 30% and above
2026-04-24 20:17:10 INFO  StepDefinations.ProductListingPageStep - selected discount: 30% and above
2026-04-24 20:17:10 INFO  StepDefinations.ProductListingPageStep - discount filter applied: 30% and above
2026-04-24 20:17:10 INFO  StepDefinations.ProductListingPageStep - discount filter applied successfully..
2026-04-24 20:17:10 INFO  Hooks.Hooks - Driver is Quit successfully....!
2026-04-24 20:17:11 INFO  Hooks.Hooks - Browser is opened..!
2026-04-24 20:17:15 INFO  Hooks.Hooks - url is launched..!
2026-04-24 20:17:15 INFO  StepDefinations.ProductListingPageStep - Searching product: Tshirts
2026-04-24 20:17:19 INFO  StepDefinations.ProductListingPageStep - Applying category filter: 40% and above
2026-04-24 20:17:19 INFO  StepDefinations.ProductListingPageStep - selected discount: 40% and above
2026-04-24 20:17:19 INFO  StepDefinations.ProductListingPageStep - discount filter applied: 40% and above
2026-04-24 20:17:19 INFO  StepDefinations.ProductListingPageStep - discount filter applied successfully..
2026-04-24 20:17:19 INFO  Hooks.Hooks - Driver is Quit successfully....!
2026-04-24 20:17:21 INFO  Hooks.Hooks - Browser is opened..!
2026-04-24 20:17:25 INFO  Hooks.Hooks - url is launched..!
2026-04-24 20:17:25 INFO  StepDefinations.ProductListingPageStep - Searching product: Tshirts
2026-04-24 20:17:29 INFO  StepDefinations.ProductListingPageStep - Applying category filter: 50% and above
2026-04-24 20:17:29 INFO  StepDefinations.ProductListingPageStep - selected discount: 50% and above
2026-04-24 20:17:29 INFO  StepDefinations.ProductListingPageStep - discount filter applied: 50% and above
2026-04-24 20:17:29 INFO  StepDefinations.ProductListingPageStep - discount filter applied successfully..
2026-04-24 20:17:30 INFO  Hooks.Hooks - Driver is Quit successfully....!
2026-04-24 20:17:32 INFO  Hooks.Hooks - Browser is opened..!
2026-04-24 20:17:39 INFO  Hooks.Hooks - url is launched..!
2026-04-24 20:17:39 INFO  StepDefinations.ProductListingPageStep - Searching product: Tshirts
2026-04-24 20:17:43 INFO  StepDefinations.ProductListingPageStep - Applying category filter: 60% and above
2026-04-24 20:17:43 INFO  StepDefinations.ProductListingPageStep - selected discount: 60% and above
2026-04-24 20:17:43 INFO  StepDefinations.ProductListingPageStep - discount filter applied: 60% and above
2026-04-24 20:17:43 INFO  StepDefinations.ProductListingPageStep - discount filter applied successfully..
2026-04-24 20:17:44 INFO  Hooks.Hooks - Driver is Quit successfully....!
2026-04-24 20:17:45 INFO  Hooks.Hooks - Browser is opened..!
2026-04-24 20:17:53 INFO  Hooks.Hooks - url is launched..!
2026-04-24 20:17:53 INFO  StepDefinations.ProductListingPageStep - Searching product: Tshirts
2026-04-24 20:17:57 INFO  StepDefinations.ProductListingPageStep - Applying category filter: 70% and above
2026-04-24 20:17:57 INFO  StepDefinations.ProductListingPageStep - selected discount: 70% and above
2026-04-24 20:17:57 INFO  StepDefinations.ProductListingPageStep - discount filter applied: 70% and above
2026-04-24 20:17:57 INFO  StepDefinations.ProductListingPageStep - discount filter applied successfully..
2026-04-24 20:17:57 INFO  Hooks.Hooks - Driver is Quit successfully....!
2026-04-24 20:17:59 INFO  Hooks.Hooks - Browser is opened..!
2026-04-24 20:18:04 INFO  Hooks.Hooks - url is launched..!
2026-04-24 20:18:04 INFO  StepDefinations.ProductListingPageStep - Searching product: Tshirts
2026-04-24 20:18:10 INFO  StepDefinations.ProductListingPageStep - Applying category filter: 80% and above
2026-04-24 20:18:10 INFO  StepDefinations.ProductListingPageStep - selected discount: 80% and above
2026-04-24 20:18:10 INFO  StepDefinations.ProductListingPageStep - discount filter applied: 80% and above
2026-04-24 20:18:10 INFO  StepDefinations.ProductListingPageStep - discount filter applied successfully..
2026-04-24 20:18:10 INFO  Hooks.Hooks - Driver is Quit successfully....!
2026-04-24 20:18:11 INFO  Hooks.Hooks - Browser is opened..!
2026-04-24 20:18:18 INFO  Hooks.Hooks - url is launched..!
2026-04-24 20:18:18 INFO  StepDefinations.ProductListingPageStep - Searching product: Tshirts
2026-04-24 20:18:22 INFO  StepDefinations.ProductListingPageStep - Applying category filter: 90% and above
2026-04-24 20:18:23 INFO  StepDefinations.ProductListingPageStep - selected discount: 90% and above
2026-04-24 20:18:23 INFO  StepDefinations.ProductListingPageStep - discount filter applied: 90% and above
2026-04-24 20:18:23 INFO  StepDefinations.ProductListingPageStep - discount filter applied successfully..
2026-04-24 20:18:23 INFO  Hooks.Hooks - Driver is Quit successfully....!
2026-04-24 20:47:13 DEBUG org.testng.TestNG - suiteXmlPath: "C:\Users\Rahul\AppData\Local\Temp\testng-eclipse-752771349\testng-customsuite.xml"
2026-04-24 20:47:13 INFO  org.testng.internal.Utils - [Utils] MethodGroupsHelper.collectMethodsByGroup() took 1 ms.
2026-04-24 20:47:13 INFO  org.testng.internal.Utils - [Utils] MethodGroupsHelper.sortMethods() took 1 ms.
2026-04-24 20:47:13 INFO  org.testng.internal.Utils - [Utils] MethodGroupsHelper.collectMethodsByGroup() took 0 ms.
2026-04-24 20:47:13 INFO  org.testng.internal.Utils - [Utils] MethodGroupsHelper.sortMethods() took 0 ms.
2026-04-24 20:47:13 INFO  org.testng.internal.Utils - [Utils] MethodGroupsHelper.collectMethodsByGroup() took 0 ms.
2026-04-24 20:47:13 INFO  org.testng.internal.Utils - [Utils] MethodGroupsHelper.sortMethods() took 0 ms.
2026-04-24 20:47:13 INFO  org.testng.internal.Utils - [Utils] MethodGroupsHelper.collectMethodsByGroup() took 0 ms.
2026-04-24 20:47:13 INFO  org.testng.internal.Utils - [Utils] MethodGroupsHelper.sortMethods() took 0 ms.
2026-04-24 20:47:13 INFO  org.testng.internal.Utils - [Utils] MethodGroupsHelper.collectMethodsByGroup() took 0 ms.
2026-04-24 20:47:13 INFO  org.testng.internal.Utils - [Utils] MethodGroupsHelper.sortMethods() took 19 ms.
2026-04-24 20:47:13 INFO  org.testng.internal.Utils - [Utils] MethodGroupsHelper.collectMethodsByGroup() took 0 ms.
2026-04-24 20:47:13 INFO  org.testng.internal.Utils - [Utils] MethodGroupsHelper.sortMethods() took 0 ms.
2026-04-24 20:47:13 INFO  org.testng.internal.Utils - [Utils] MethodGroupsHelper.collectMethodsByGroup() took 0 ms.
2026-04-24 20:47:13 INFO  org.testng.internal.Utils - [Utils] MethodGroupsHelper.sortMethods() took 0 ms.
2026-04-24 20:47:13 INFO  org.testng.internal.Utils - [Utils] MethodGroupsHelper.collectMethodsByGroup() took 0 ms.
2026-04-24 20:47:13 INFO  org.testng.internal.Utils - [Utils] MethodGroupsHelper.sortMethods() took 0 ms.
2026-04-24 20:47:13 INFO  org.testng.internal.Utils - [Utils] MethodGroupsHelper.collectMethodsByGroup() took 0 ms.
2026-04-24 20:47:13 INFO  org.testng.internal.Utils - [Utils] MethodGroupsHelper.sortMethods() took 0 ms.
2026-04-24 20:47:13 INFO  org.testng.internal.Utils - [Utils] MethodGroupsHelper.collectMethodsByGroup() took 0 ms.
2026-04-24 20:47:13 INFO  org.testng.internal.Utils - [Utils] MethodGroupsHelper.sortMethods() took 0 ms.
2026-04-24 20:47:13 INFO  org.testng.internal.Utils - [Utils] MethodGroupsHelper.collectMethodsByGroup() took 0 ms.
2026-04-24 20:47:13 INFO  org.testng.internal.Utils - [Utils] MethodGroupsHelper.sortMethods() took 0 ms.
2026-04-24 20:47:13 INFO  org.testng.internal.Utils - [Utils] MethodGroupsHelper.collectMethodsByGroup() took 0 ms.
2026-04-24 20:47:13 INFO  org.testng.internal.Utils - [Utils] MethodGroupsHelper.sortMethods() took 0 ms.
2026-04-24 20:47:13 INFO  org.testng.internal.Utils - [Utils] MethodGroupsHelper.collectMethodsByGroup() took 8 ms.
2026-04-24 20:47:13 INFO  org.testng.internal.Utils - [Utils] MethodGroupsHelper.sortMethods() took 0 ms.
2026-04-24 20:47:13 INFO  org.testng.internal.Utils - [Utils] MethodGroupsHelper.collectMethodsByGroup() took 0 ms.
2026-04-24 20:47:13 INFO  org.testng.internal.Utils - [Utils] MethodGroupsHelper.sortMethods() took 0 ms.
2026-04-24 20:47:13 INFO  org.testng.internal.Utils - [Utils] MethodGroupsHelper.collectMethodsByGroup() took 0 ms.
2026-04-24 20:47:13 INFO  org.testng.internal.Utils - [Utils] MethodGroupsHelper.sortMethods() took 0 ms.
2026-04-24 20:47:13 INFO  org.testng.internal.Utils - [TestNG] Running:
  C:\Users\Rahul\AppData\Local\Temp\testng-eclipse-752771349\testng-customsuite.xml

2026-04-24 20:47:14 INFO  org.testng.internal.Utils - [Utils] DynamicGraphHelper.createDynamicGraph() took 7 ms.
2026-04-24 20:47:17 INFO  Hooks.Hooks - Browser is opened..!
2026-04-24 20:47:17 INFO  Hooks.Hooks - url is launched..!
2026-04-24 20:47:18 INFO  Hooks.Hooks - Driver is Quit successfully....!
2026-04-24 20:47:19 INFO  Hooks.Hooks - Browser is opened..!
2026-04-24 20:47:23 INFO  Hooks.Hooks - url is launched..!
2026-04-24 20:47:23 INFO  Hooks.Hooks - Driver is Quit successfully....!
2026-04-24 20:47:25 INFO  Hooks.Hooks - Browser is opened..!
2026-04-24 20:47:29 INFO  Hooks.Hooks - url is launched..!
2026-04-24 20:47:30 INFO  Hooks.Hooks - Driver is Quit successfully....!
2026-04-24 20:47:31 INFO  Hooks.Hooks - Browser is opened..!
2026-04-24 20:47:34 INFO  Hooks.Hooks - url is launched..!
2026-04-24 20:47:36 INFO  Hooks.Hooks - Driver is Quit successfully....!
2026-04-24 20:47:37 INFO  Hooks.Hooks - Browser is opened..!
2026-04-24 20:47:43 INFO  Hooks.Hooks - url is launched..!
2026-04-24 20:47:44 INFO  Hooks.Hooks - Driver is Quit successfully....!
2026-04-24 20:47:45 INFO  Hooks.Hooks - Browser is opened..!
2026-04-24 20:47:47 INFO  Hooks.Hooks - url is launched..!
2026-04-24 20:47:47 INFO  Hooks.Hooks - Driver is Quit successfully....!
2026-04-24 20:47:49 INFO  Hooks.Hooks - Browser is opened..!
2026-04-24 20:47:50 INFO  Hooks.Hooks - url is launched..!
2026-04-24 20:47:51 INFO  Hooks.Hooks - Driver is Quit successfully....!
2026-04-24 20:47:52 INFO  Hooks.Hooks - Browser is opened..!
2026-04-24 21:01:47 INFO  Hooks.Hooks - Browser is opened..!
2026-04-24 21:01:52 INFO  Hooks.Hooks - url is launched..!
2026-04-24 21:01:53 INFO  Hooks.Hooks - Driver is Quit successfully....!
2026-04-24 21:07:08 INFO  Hooks.Hooks - Browser is opened..!
2026-04-24 21:07:12 INFO  Hooks.Hooks - url is launched..!
2026-04-24 21:07:22 INFO  Hooks.Hooks - Driver is Quit successfully....!
2026-04-24 21:17:24 INFO  Hooks.Hooks - Browser is opened..!
2026-04-24 21:17:30 INFO  Hooks.Hooks - url is launched..!
2026-04-24 21:17:34 INFO  StepDefinations.ProductDetailSteps - Searching for product: Tshirts
2026-04-24 21:17:34 INFO  StepDefinations.ProductDetailSteps - Products loaded successfully on PLP
2026-04-24 21:17:34 INFO  StepDefinations.ProductDetailSteps - Clicked on product from PLP
2026-04-24 21:17:37 INFO  StepDefinations.ProductDetailSteps - Product Title: RARE ONES
2026-04-24 21:17:38 INFO  Hooks.Hooks - Driver is Quit successfully....!
2026-04-24 21:41:13 DEBUG org.testng.TestNG - suiteXmlPath: "C:\Users\Rahul\AppData\Local\Temp\testng-eclipse--1357914097\testng-customsuite.xml"
2026-04-24 21:41:14 INFO  org.testng.internal.Utils - [Utils] MethodGroupsHelper.collectMethodsByGroup() took 1 ms.
2026-04-24 21:41:14 INFO  org.testng.internal.Utils - [Utils] MethodGroupsHelper.sortMethods() took 0 ms.
2026-04-24 21:41:14 INFO  org.testng.internal.Utils - [Utils] MethodGroupsHelper.collectMethodsByGroup() took 0 ms.
2026-04-24 21:41:14 INFO  org.testng.internal.Utils - [Utils] MethodGroupsHelper.sortMethods() took 0 ms.
2026-04-24 21:41:14 INFO  org.testng.internal.Utils - [Utils] MethodGroupsHelper.collectMethodsByGroup() took 0 ms.
2026-04-24 21:41:14 INFO  org.testng.internal.Utils - [Utils] MethodGroupsHelper.sortMethods() took 0 ms.
2026-04-24 21:41:14 INFO  org.testng.internal.Utils - [Utils] MethodGroupsHelper.collectMethodsByGroup() took 0 ms.
2026-04-24 21:41:14 INFO  org.testng.internal.Utils - [Utils] MethodGroupsHelper.sortMethods() took 0 ms.
2026-04-24 21:41:14 INFO  org.testng.internal.Utils - [Utils] MethodGroupsHelper.collectMethodsByGroup() took 0 ms.
2026-04-24 21:41:14 INFO  org.testng.internal.Utils - [Utils] MethodGroupsHelper.sortMethods() took 7 ms.
2026-04-24 21:41:14 INFO  org.testng.internal.Utils - [Utils] MethodGroupsHelper.collectMethodsByGroup() took 0 ms.
2026-04-24 21:41:14 INFO  org.testng.internal.Utils - [Utils] MethodGroupsHelper.sortMethods() took 0 ms.
2026-04-24 21:41:14 INFO  org.testng.internal.Utils - [Utils] MethodGroupsHelper.collectMethodsByGroup() took 0 ms.
2026-04-24 21:41:14 INFO  org.testng.internal.Utils - [Utils] MethodGroupsHelper.sortMethods() took 0 ms.
2026-04-24 21:41:14 INFO  org.testng.internal.Utils - [Utils] MethodGroupsHelper.collectMethodsByGroup() took 0 ms.
2026-04-24 21:41:14 INFO  org.testng.internal.Utils - [Utils] MethodGroupsHelper.sortMethods() took 0 ms.
2026-04-24 21:41:14 INFO  org.testng.internal.Utils - [Utils] MethodGroupsHelper.collectMethodsByGroup() took 0 ms.
2026-04-24 21:41:14 INFO  org.testng.internal.Utils - [Utils] MethodGroupsHelper.sortMethods() took 0 ms.
2026-04-24 21:41:14 INFO  org.testng.internal.Utils - [Utils] MethodGroupsHelper.collectMethodsByGroup() took 0 ms.
2026-04-24 21:41:14 INFO  org.testng.internal.Utils - [Utils] MethodGroupsHelper.sortMethods() took 0 ms.
2026-04-24 21:41:14 INFO  org.testng.internal.Utils - [Utils] MethodGroupsHelper.collectMethodsByGroup() took 0 ms.
2026-04-24 21:41:14 INFO  org.testng.internal.Utils - [Utils] MethodGroupsHelper.sortMethods() took 0 ms.
2026-04-24 21:41:14 INFO  org.testng.internal.Utils - [Utils] MethodGroupsHelper.collectMethodsByGroup() took 0 ms.
2026-04-24 21:41:14 INFO  org.testng.internal.Utils - [Utils] MethodGroupsHelper.sortMethods() took 0 ms.
2026-04-24 21:41:14 INFO  org.testng.internal.Utils - [Utils] MethodGroupsHelper.collectMethodsByGroup() took 3 ms.
2026-04-24 21:41:14 INFO  org.testng.internal.Utils - [Utils] MethodGroupsHelper.sortMethods() took 0 ms.
2026-04-24 21:41:14 INFO  org.testng.internal.Utils - [Utils] MethodGroupsHelper.collectMethodsByGroup() took 0 ms.
2026-04-24 21:41:14 INFO  org.testng.internal.Utils - [Utils] MethodGroupsHelper.sortMethods() took 0 ms.
2026-04-24 21:41:14 INFO  org.testng.internal.Utils - [Utils] MethodGroupsHelper.collectMethodsByGroup() took 0 ms.
2026-04-24 21:41:14 INFO  org.testng.internal.Utils - [Utils] MethodGroupsHelper.sortMethods() took 0 ms.
2026-04-24 21:41:14 INFO  org.testng.internal.Utils - [TestNG] Running:
  C:\Users\Rahul\AppData\Local\Temp\testng-eclipse--1357914097\testng-customsuite.xml

2026-04-24 21:41:14 INFO  org.testng.internal.Utils - [Utils] DynamicGraphHelper.createDynamicGraph() took 2 ms.
2026-04-24 21:41:15 INFO  Hooks.Hooks - Browser is opened..!
2026-04-24 21:41:18 INFO  Hooks.Hooks - url is launched..!
2026-04-24 21:41:21 INFO  StepDefinations.ProductDetailSteps - Searching for product: Tshirts
2026-04-24 21:41:21 INFO  StepDefinations.ProductDetailSteps - Products loaded successfully on PLP
2026-04-24 21:41:21 INFO  StepDefinations.ProductDetailSteps - Clicked on product from PLP
2026-04-24 21:41:23 INFO  StepDefinations.ProductDetailSteps - Product Title: RARE ONES
2026-04-24 21:41:23 INFO  Hooks.Hooks - Driver is Quit successfully....!
2026-04-24 21:41:24 INFO  Hooks.Hooks - Browser is opened..!
2026-04-24 21:41:27 INFO  Hooks.Hooks - url is launched..!
2026-04-24 21:41:30 INFO  StepDefinations.ProductDetailSteps - Searching for product: Tshirts
2026-04-24 21:41:30 INFO  StepDefinations.ProductDetailSteps - Products loaded successfully on PLP
2026-04-24 21:41:30 INFO  StepDefinations.ProductDetailSteps - Clicked on product from PLP
2026-04-24 21:41:32 INFO  StepDefinations.ProductDetailSteps - Product Title: RARE ONES
2026-04-24 21:41:32 INFO  StepDefinations.ProductDetailSteps - Product Price: ₹649
2026-04-24 21:42:28 INFO  Hooks.Hooks - Driver is Quit successfully....!
2026-04-24 21:42:29 INFO  Hooks.Hooks - Browser is opened..!
2026-04-24 21:42:33 INFO  Hooks.Hooks - url is launched..!
2026-04-24 21:42:35 INFO  StepDefinations.ProductDetailSteps - Searching for product: Tshirts
2026-04-24 21:42:35 INFO  StepDefinations.ProductDetailSteps - Products loaded successfully on PLP
2026-04-24 21:42:36 INFO  StepDefinations.ProductDetailSteps - Clicked on product from PLP
2026-04-24 21:42:36 INFO  StepDefinations.ProductListingPageStep - Searching product: Tshirts
2026-04-24 21:42:39 INFO  Hooks.Hooks - Driver is Quit successfully....!
2026-04-24 21:42:40 INFO  Hooks.Hooks - Browser is opened..!
2026-04-24 21:42:43 INFO  Hooks.Hooks - url is launched..!
2026-04-24 21:42:46 INFO  StepDefinations.ProductDetailSteps - Searching for product: Tshirts
2026-04-24 21:42:46 INFO  StepDefinations.ProductDetailSteps - Products loaded successfully on PLP
2026-04-24 21:42:46 INFO  StepDefinations.ProductDetailSteps - Clicked on product from PLP
2026-04-24 21:42:46 INFO  StepDefinations.ProductListingPageStep - Searching product: Tshirts
2026-04-24 21:42:51 INFO  Hooks.Hooks - Driver is Quit successfully....!
2026-04-24 21:42:51 INFO  Hooks.Hooks - Browser is opened..!
2026-04-24 21:42:54 INFO  Hooks.Hooks - url is launched..!
2026-04-24 21:42:56 INFO  StepDefinations.ProductDetailSteps - Searching for product: Tshirts
2026-04-24 21:42:56 INFO  StepDefinations.ProductDetailSteps - Products loaded successfully on PLP
2026-04-24 21:42:57 INFO  StepDefinations.ProductDetailSteps - Clicked on product from PLP
2026-04-24 21:42:57 INFO  StepDefinations.ProductListingPageStep - Searching product: Tshirts
2026-04-24 21:43:03 INFO  Hooks.Hooks - Driver is Quit successfully....!
2026-04-24 21:43:04 INFO  Hooks.Hooks - Browser is opened..!
2026-04-24 21:43:05 INFO  Hooks.Hooks - url is launched..!
2026-04-24 21:43:08 INFO  StepDefinations.ProductDetailSteps - Searching for product: Tshirts
2026-04-24 21:43:08 INFO  StepDefinations.ProductDetailSteps - Products loaded successfully on PLP
2026-04-24 21:43:08 INFO  StepDefinations.ProductDetailSteps - Clicked on product from PLP
2026-04-24 21:43:09 INFO  Hooks.Hooks - Driver is Quit successfully....!
2026-04-24 21:43:10 INFO  Hooks.Hooks - Browser is opened..!
2026-04-24 21:43:11 INFO  Hooks.Hooks - url is launched..!
2026-04-24 21:43:14 INFO  StepDefinations.ProductDetailSteps - Searching for product: Tshirts
2026-04-24 21:43:14 INFO  StepDefinations.ProductDetailSteps - Products loaded successfully on PLP
2026-04-24 21:43:14 INFO  StepDefinations.ProductDetailSteps - Clicked on product from PLP
2026-04-24 21:43:15 INFO  Hooks.Hooks - Driver is Quit successfully....!
2026-04-24 21:43:16 INFO  Hooks.Hooks - Browser is opened..!
2026-04-24 21:43:18 INFO  Hooks.Hooks - url is launched..!
2026-04-24 21:43:21 INFO  StepDefinations.ProductDetailSteps - Searching for product: Tshirts
2026-04-24 21:43:21 INFO  StepDefinations.ProductDetailSteps - Products loaded successfully on PLP
2026-04-24 21:43:21 INFO  StepDefinations.ProductDetailSteps - Clicked on product from PLP
2026-04-24 21:43:22 INFO  Hooks.Hooks - Driver is Quit successfully....!
2026-04-24 21:43:23 INFO  Hooks.Hooks - Browser is opened..!
2026-04-24 21:43:26 INFO  Hooks.Hooks - url is launched..!
2026-04-24 21:43:29 INFO  StepDefinations.ProductDetailSteps - Searching for product: Tshirts
2026-04-24 21:43:29 INFO  StepDefinations.ProductDetailSteps - Products loaded successfully on PLP
2026-04-24 21:43:30 INFO  StepDefinations.ProductDetailSteps - Clicked on product from PLP
2026-04-24 21:43:30 INFO  Hooks.Hooks - Driver is Quit successfully....!
2026-04-24 21:43:30 INFO  org.testng.internal.Utils - [TestNG] Time taken by org.testng.reporters.jq.Main@6f2d3391: 44 ms
2026-04-24 21:43:30 INFO  org.testng.internal.Utils - [TestNG] Time taken by org.testng.reporters.FailedReporter@1f26b992: 16 ms
2026-04-24 21:43:30 INFO  org.testng.internal.Utils - [TestNG] Time taken by org.testng.reporters.XMLReporter@15186ce0: 10 ms
2026-04-24 21:43:30 INFO  org.testng.internal.Utils - [TestNG] Time taken by org.testng.reporters.EmailableReporter2@1f42366: 12 ms
2026-04-24 21:43:30 INFO  org.testng.internal.Utils - [TestNG] Time taken by org.testng.reporters.JUnitReportReporter@3f06ebe0: 10 ms
2026-04-24 21:43:30 INFO  org.testng.internal.Utils - [TestNG] Time taken by org.testng.internal.ExitCodeListener@1752e45c: 0 ms
2026-04-24 21:44:18 DEBUG org.testng.TestNG - suiteXmlPath: "C:\Users\Rahul\AppData\Local\Temp\testng-eclipse--215919709\testng-customsuite.xml"
2026-04-24 21:44:19 INFO  org.testng.internal.Utils - [Utils] MethodGroupsHelper.collectMethodsByGroup() took 0 ms.
2026-04-24 21:44:19 INFO  org.testng.internal.Utils - [Utils] MethodGroupsHelper.sortMethods() took 0 ms.
2026-04-24 21:44:19 INFO  org.testng.internal.Utils - [Utils] MethodGroupsHelper.collectMethodsByGroup() took 0 ms.
2026-04-24 21:44:19 INFO  org.testng.internal.Utils - [Utils] MethodGroupsHelper.sortMethods() took 0 ms.
2026-04-24 21:44:19 INFO  org.testng.internal.Utils - [Utils] MethodGroupsHelper.collectMethodsByGroup() took 0 ms.
2026-04-24 21:44:19 INFO  org.testng.internal.Utils - [Utils] MethodGroupsHelper.sortMethods() took 0 ms.
2026-04-24 21:44:19 INFO  org.testng.internal.Utils - [Utils] MethodGroupsHelper.collectMethodsByGroup() took 0 ms.
2026-04-24 21:44:19 INFO  org.testng.internal.Utils - [Utils] MethodGroupsHelper.sortMethods() took 0 ms.
2026-04-24 21:44:19 INFO  org.testng.internal.Utils - [Utils] MethodGroupsHelper.collectMethodsByGroup() took 0 ms.
2026-04-24 21:44:19 INFO  org.testng.internal.Utils - [Utils] MethodGroupsHelper.sortMethods() took 7 ms.
2026-04-24 21:44:19 INFO  org.testng.internal.Utils - [Utils] MethodGroupsHelper.collectMethodsByGroup() took 0 ms.
2026-04-24 21:44:19 INFO  org.testng.internal.Utils - [Utils] MethodGroupsHelper.sortMethods() took 1 ms.
2026-04-24 21:44:19 INFO  org.testng.internal.Utils - [Utils] MethodGroupsHelper.collectMethodsByGroup() took 0 ms.
2026-04-24 21:44:19 INFO  org.testng.internal.Utils - [Utils] MethodGroupsHelper.sortMethods() took 0 ms.
2026-04-24 21:44:19 INFO  org.testng.internal.Utils - [Utils] MethodGroupsHelper.collectMethodsByGroup() took 0 ms.
2026-04-24 21:44:19 INFO  org.testng.internal.Utils - [Utils] MethodGroupsHelper.sortMethods() took 0 ms.
2026-04-24 21:44:19 INFO  org.testng.internal.Utils - [Utils] MethodGroupsHelper.collectMethodsByGroup() took 0 ms.
2026-04-24 21:44:19 INFO  org.testng.internal.Utils - [Utils] MethodGroupsHelper.sortMethods() took 0 ms.
2026-04-24 21:44:19 INFO  org.testng.internal.Utils - [Utils] MethodGroupsHelper.collectMethodsByGroup() took 0 ms.
2026-04-24 21:44:19 INFO  org.testng.internal.Utils - [Utils] MethodGroupsHelper.sortMethods() took 0 ms.
2026-04-24 21:44:19 INFO  org.testng.internal.Utils - [Utils] MethodGroupsHelper.collectMethodsByGroup() took 0 ms.
2026-04-24 21:44:19 INFO  org.testng.internal.Utils - [Utils] MethodGroupsHelper.sortMethods() took 0 ms.
2026-04-24 21:44:19 INFO  org.testng.internal.Utils - [Utils] MethodGroupsHelper.collectMethodsByGroup() took 0 ms.
2026-04-24 21:44:19 INFO  org.testng.internal.Utils - [Utils] MethodGroupsHelper.sortMethods() took 0 ms.
2026-04-24 21:44:19 INFO  org.testng.internal.Utils - [Utils] MethodGroupsHelper.collectMethodsByGroup() took 4 ms.
2026-04-24 21:44:19 INFO  org.testng.internal.Utils - [Utils] MethodGroupsHelper.sortMethods() took 0 ms.
2026-04-24 21:44:19 INFO  org.testng.internal.Utils - [Utils] MethodGroupsHelper.collectMethodsByGroup() took 0 ms.
2026-04-24 21:44:19 INFO  org.testng.internal.Utils - [Utils] MethodGroupsHelper.sortMethods() took 0 ms.
2026-04-24 21:44:19 INFO  org.testng.internal.Utils - [Utils] MethodGroupsHelper.collectMethodsByGroup() took 0 ms.
2026-04-24 21:44:19 INFO  org.testng.internal.Utils - [Utils] MethodGroupsHelper.sortMethods() took 0 ms.
2026-04-24 21:44:19 INFO  org.testng.internal.Utils - [TestNG] Running:
  C:\Users\Rahul\AppData\Local\Temp\testng-eclipse--215919709\testng-customsuite.xml

2026-04-24 21:44:19 INFO  org.testng.internal.Utils - [Utils] DynamicGraphHelper.createDynamicGraph() took 4 ms.
2026-04-24 21:44:20 INFO  Hooks.Hooks - Browser is opened..!
2026-04-24 21:44:22 INFO  Hooks.Hooks - url is launched..!
2026-04-24 21:44:25 INFO  StepDefinations.ProductDetailSteps - Searching for product: Tshirts
2026-04-24 21:44:25 INFO  StepDefinations.ProductDetailSteps - Products loaded successfully on PLP
2026-04-24 21:44:25 INFO  StepDefinations.ProductDetailSteps - Clicked on product from PLP
2026-04-24 21:44:28 INFO  StepDefinations.ProductDetailSteps - Product Title: RARE ONES
2026-04-24 21:44:28 INFO  Hooks.Hooks - Driver is Quit successfully....!
2026-04-24 21:44:29 INFO  Hooks.Hooks - Browser is opened..!
2026-04-24 21:44:32 INFO  Hooks.Hooks - url is launched..!
2026-04-24 21:44:34 INFO  StepDefinations.ProductDetailSteps - Searching for product: Tshirts
2026-04-24 21:44:34 INFO  StepDefinations.ProductDetailSteps - Products loaded successfully on PLP
2026-04-24 21:44:35 INFO  StepDefinations.ProductDetailSteps - Clicked on product from PLP
2026-04-24 21:44:36 INFO  StepDefinations.ProductDetailSteps - Product Title: RARE ONES
2026-04-24 21:44:37 INFO  StepDefinations.ProductDetailSteps - Product Price: ₹649
2026-04-24 21:45:39 INFO  Hooks.Hooks - Driver is Quit successfully....!
2026-04-24 21:46:08 DEBUG org.testng.TestNG - suiteXmlPath: "C:\Users\Rahul\AppData\Local\Temp\testng-eclipse--1947720481\testng-customsuite.xml"
2026-04-24 21:46:09 INFO  org.testng.internal.Utils - [Utils] MethodGroupsHelper.collectMethodsByGroup() took 0 ms.
2026-04-24 21:46:09 INFO  org.testng.internal.Utils - [Utils] MethodGroupsHelper.sortMethods() took 0 ms.
2026-04-24 21:46:09 INFO  org.testng.internal.Utils - [Utils] MethodGroupsHelper.collectMethodsByGroup() took 0 ms.
2026-04-24 21:46:09 INFO  org.testng.internal.Utils - [Utils] MethodGroupsHelper.sortMethods() took 0 ms.
2026-04-24 21:46:09 INFO  org.testng.internal.Utils - [Utils] MethodGroupsHelper.collectMethodsByGroup() took 0 ms.
2026-04-24 21:46:09 INFO  org.testng.internal.Utils - [Utils] MethodGroupsHelper.sortMethods() took 0 ms.
2026-04-24 21:46:09 INFO  org.testng.internal.Utils - [Utils] MethodGroupsHelper.collectMethodsByGroup() took 0 ms.
2026-04-24 21:46:09 INFO  org.testng.internal.Utils - [Utils] MethodGroupsHelper.sortMethods() took 0 ms.
2026-04-24 21:46:09 INFO  org.testng.internal.Utils - [Utils] MethodGroupsHelper.collectMethodsByGroup() took 0 ms.
2026-04-24 21:46:09 INFO  org.testng.internal.Utils - [Utils] MethodGroupsHelper.sortMethods() took 6 ms.
2026-04-24 21:46:09 INFO  org.testng.internal.Utils - [Utils] MethodGroupsHelper.collectMethodsByGroup() took 0 ms.
2026-04-24 21:46:09 INFO  org.testng.internal.Utils - [Utils] MethodGroupsHelper.sortMethods() took 0 ms.
2026-04-24 21:46:09 INFO  org.testng.internal.Utils - [Utils] MethodGroupsHelper.collectMethodsByGroup() took 0 ms.
2026-04-24 21:46:09 INFO  org.testng.internal.Utils - [Utils] MethodGroupsHelper.sortMethods() took 0 ms.
2026-04-24 21:46:09 INFO  org.testng.internal.Utils - [Utils] MethodGroupsHelper.collectMethodsByGroup() took 0 ms.
2026-04-24 21:46:09 INFO  org.testng.internal.Utils - [Utils] MethodGroupsHelper.sortMethods() took 0 ms.
2026-04-24 21:46:09 INFO  org.testng.internal.Utils - [Utils] MethodGroupsHelper.collectMethodsByGroup() took 0 ms.
2026-04-24 21:46:09 INFO  org.testng.internal.Utils - [Utils] MethodGroupsHelper.sortMethods() took 0 ms.
2026-04-24 21:46:09 INFO  org.testng.internal.Utils - [Utils] MethodGroupsHelper.collectMethodsByGroup() took 0 ms.
2026-04-24 21:46:09 INFO  org.testng.internal.Utils - [Utils] MethodGroupsHelper.sortMethods() took 0 ms.
2026-04-24 21:46:09 INFO  org.testng.internal.Utils - [Utils] MethodGroupsHelper.collectMethodsByGroup() took 0 ms.
2026-04-24 21:46:09 INFO  org.testng.internal.Utils - [Utils] MethodGroupsHelper.sortMethods() took 0 ms.
2026-04-24 21:46:09 INFO  org.testng.internal.Utils - [Utils] MethodGroupsHelper.collectMethodsByGroup() took 0 ms.
2026-04-24 21:46:09 INFO  org.testng.internal.Utils - [Utils] MethodGroupsHelper.sortMethods() took 0 ms.
2026-04-24 21:46:09 INFO  org.testng.internal.Utils - [Utils] MethodGroupsHelper.collectMethodsByGroup() took 3 ms.
2026-04-24 21:46:09 INFO  org.testng.internal.Utils - [Utils] MethodGroupsHelper.sortMethods() took 1 ms.
2026-04-24 21:46:09 INFO  org.testng.internal.Utils - [Utils] MethodGroupsHelper.collectMethodsByGroup() took 0 ms.
2026-04-24 21:46:09 INFO  org.testng.internal.Utils - [Utils] MethodGroupsHelper.sortMethods() took 0 ms.
2026-04-24 21:46:09 INFO  org.testng.internal.Utils - [Utils] MethodGroupsHelper.collectMethodsByGroup() took 0 ms.
2026-04-24 21:46:09 INFO  org.testng.internal.Utils - [Utils] MethodGroupsHelper.sortMethods() took 0 ms.
2026-04-24 21:46:09 INFO  org.testng.internal.Utils - [TestNG] Running:
  C:\Users\Rahul\AppData\Local\Temp\testng-eclipse--1947720481\testng-customsuite.xml

2026-04-24 21:46:09 INFO  org.testng.internal.Utils - [Utils] DynamicGraphHelper.createDynamicGraph() took 4 ms.
2026-04-24 21:46:10 INFO  Hooks.Hooks - Browser is opened..!
2026-04-24 21:46:12 INFO  Hooks.Hooks - url is launched..!
2026-04-24 21:46:15 INFO  StepDefinations.ProductDetailSteps - Searching for product: Tshirts
2026-04-24 21:46:15 INFO  StepDefinations.ProductDetailSteps - Products loaded successfully on PLP
2026-04-24 21:46:15 INFO  StepDefinations.ProductDetailSteps - Clicked on product from PLP
2026-04-24 21:46:17 INFO  StepDefinations.ProductDetailSteps - Product Title: RARE ONES
2026-04-24 21:46:17 INFO  Hooks.Hooks - Driver is Quit successfully....!
2026-04-24 21:46:18 INFO  Hooks.Hooks - Browser is opened..!
2026-04-24 21:46:20 INFO  Hooks.Hooks - url is launched..!
2026-04-24 21:46:23 INFO  StepDefinations.ProductDetailSteps - Searching for product: Tshirts
2026-04-24 21:46:23 INFO  StepDefinations.ProductDetailSteps - Products loaded successfully on PLP
2026-04-24 21:46:23 INFO  StepDefinations.ProductDetailSteps - Clicked on product from PLP
2026-04-24 21:46:52 INFO  StepDefinations.ProductDetailSteps - Product Title: RARE ONES
2026-04-24 21:46:52 INFO  StepDefinations.ProductDetailSteps - Product Price: ₹649
2026-04-24 21:47:54 INFO  Hooks.Hooks - Driver is Quit successfully....!
2026-04-24 21:47:55 INFO  Hooks.Hooks - Browser is opened..!
2026-04-24 21:47:57 INFO  Hooks.Hooks - url is launched..!
2026-04-24 21:47:59 INFO  StepDefinations.ProductDetailSteps - Searching for product: Tshirts
2026-04-24 21:47:59 INFO  StepDefinations.ProductDetailSteps - Products loaded successfully on PLP
2026-04-24 21:48:00 INFO  StepDefinations.ProductDetailSteps - Clicked on product from PLP
2026-04-24 21:48:00 INFO  StepDefinations.ProductListingPageStep - Searching product: Tshirts
2026-04-24 21:48:05 INFO  Hooks.Hooks - Driver is Quit successfully....!
2026-04-24 21:48:06 INFO  Hooks.Hooks - Browser is opened..!
2026-04-24 21:48:08 INFO  Hooks.Hooks - url is launched..!
2026-04-24 21:48:10 INFO  StepDefinations.ProductDetailSteps - Searching for product: Tshirts
2026-04-24 21:48:11 INFO  StepDefinations.ProductDetailSteps - Products loaded successfully on PLP
2026-04-24 21:48:11 INFO  StepDefinations.ProductDetailSteps - Clicked on product from PLP
2026-04-24 21:48:11 INFO  StepDefinations.ProductListingPageStep - Searching product: Tshirts
2026-04-24 21:48:15 INFO  Hooks.Hooks - Driver is Quit successfully....!
2026-04-24 21:48:15 INFO  Hooks.Hooks - Browser is opened..!
2026-04-24 21:48:18 INFO  Hooks.Hooks - url is launched..!
2026-04-24 21:48:20 INFO  StepDefinations.ProductDetailSteps - Searching for product: Tshirts
2026-04-24 21:48:21 INFO  StepDefinations.ProductDetailSteps - Products loaded successfully on PLP
2026-04-24 21:48:21 INFO  StepDefinations.ProductDetailSteps - Clicked on product from PLP
2026-04-24 21:48:21 INFO  StepDefinations.ProductListingPageStep - Searching product: Tshirts
2026-04-24 21:48:24 INFO  Hooks.Hooks - Driver is Quit successfully....!
2026-04-24 21:48:25 INFO  Hooks.Hooks - Browser is opened..!
2026-04-24 21:48:28 INFO  Hooks.Hooks - url is launched..!
2026-04-24 21:48:30 INFO  StepDefinations.ProductDetailSteps - Searching for product: Tshirts
2026-04-24 21:48:30 INFO  StepDefinations.ProductDetailSteps - Products loaded successfully on PLP
2026-04-24 21:48:31 INFO  StepDefinations.ProductDetailSteps - Clicked on product from PLP
2026-04-24 21:48:31 INFO  Hooks.Hooks - Driver is Quit successfully....!
2026-04-24 21:48:32 INFO  Hooks.Hooks - Browser is opened..!
2026-04-24 21:48:33 INFO  Hooks.Hooks - url is launched..!
2026-04-24 21:48:36 INFO  StepDefinations.ProductDetailSteps - Searching for product: Tshirts
2026-04-24 21:48:36 INFO  StepDefinations.ProductDetailSteps - Products loaded successfully on PLP
2026-04-24 21:48:37 INFO  StepDefinations.ProductDetailSteps - Clicked on product from PLP
2026-04-24 21:48:37 INFO  Hooks.Hooks - Driver is Quit successfully....!
2026-04-24 21:48:38 INFO  Hooks.Hooks - Browser is opened..!
2026-04-24 21:48:41 INFO  Hooks.Hooks - url is launched..!
2026-04-24 21:48:43 INFO  StepDefinations.ProductDetailSteps - Searching for product: Tshirts
2026-04-24 21:48:43 INFO  StepDefinations.ProductDetailSteps - Products loaded successfully on PLP
2026-04-24 21:48:44 INFO  StepDefinations.ProductDetailSteps - Clicked on product from PLP
2026-04-24 21:48:44 INFO  Hooks.Hooks - Driver is Quit successfully....!
2026-04-24 21:48:45 INFO  Hooks.Hooks - Browser is opened..!
2026-04-24 21:48:47 INFO  Hooks.Hooks - url is launched..!
2026-04-24 21:48:50 INFO  StepDefinations.ProductDetailSteps - Searching for product: Tshirts
2026-04-24 21:48:50 INFO  StepDefinations.ProductDetailSteps - Products loaded successfully on PLP
2026-04-24 21:48:50 INFO  StepDefinations.ProductDetailSteps - Clicked on product from PLP
2026-04-24 21:48:51 INFO  Hooks.Hooks - Driver is Quit successfully....!
2026-04-24 21:48:51 INFO  org.testng.internal.Utils - [TestNG] Time taken by org.testng.reporters.jq.Main@3e39e0fb: 39 ms
2026-04-24 21:48:51 INFO  org.testng.internal.Utils - [TestNG] Time taken by org.testng.reporters.FailedReporter@2c7ad4f3: 9 ms
2026-04-24 21:48:51 INFO  org.testng.internal.Utils - [TestNG] Time taken by org.testng.reporters.XMLReporter@c6a692e: 13 ms
2026-04-24 21:48:51 INFO  org.testng.internal.Utils - [TestNG] Time taken by org.testng.reporters.EmailableReporter2@352e5a82: 9 ms
2026-04-24 21:48:51 INFO  org.testng.internal.Utils - [TestNG] Time taken by org.testng.reporters.JUnitReportReporter@39374689: 8 ms
2026-04-24 21:48:51 INFO  org.testng.internal.Utils - [TestNG] Time taken by org.testng.internal.ExitCodeListener@2e204155: 0 ms
2026-04-24 22:09:32 DEBUG org.testng.TestNG - suiteXmlPath: "C:\Users\Rahul\AppData\Local\Temp\testng-eclipse--2011801693\testng-customsuite.xml"
2026-04-24 22:09:32 INFO  org.testng.internal.Utils - [Utils] MethodGroupsHelper.collectMethodsByGroup() took 0 ms.
2026-04-24 22:09:32 INFO  org.testng.internal.Utils - [Utils] MethodGroupsHelper.sortMethods() took 0 ms.
2026-04-24 22:09:32 INFO  org.testng.internal.Utils - [Utils] MethodGroupsHelper.collectMethodsByGroup() took 0 ms.
2026-04-24 22:09:32 INFO  org.testng.internal.Utils - [Utils] MethodGroupsHelper.sortMethods() took 0 ms.
2026-04-24 22:09:32 INFO  org.testng.internal.Utils - [Utils] MethodGroupsHelper.collectMethodsByGroup() took 0 ms.
2026-04-24 22:09:32 INFO  org.testng.internal.Utils - [Utils] MethodGroupsHelper.sortMethods() took 0 ms.
2026-04-24 22:09:32 INFO  org.testng.internal.Utils - [Utils] MethodGroupsHelper.collectMethodsByGroup() took 0 ms.
2026-04-24 22:09:32 INFO  org.testng.internal.Utils - [Utils] MethodGroupsHelper.sortMethods() took 0 ms.
2026-04-24 22:09:32 INFO  org.testng.internal.Utils - [Utils] MethodGroupsHelper.collectMethodsByGroup() took 0 ms.
2026-04-24 22:09:32 INFO  org.testng.internal.Utils - [Utils] MethodGroupsHelper.sortMethods() took 0 ms.
2026-04-24 22:09:32 INFO  org.testng.internal.Utils - [Utils] MethodGroupsHelper.collectMethodsByGroup() took 0 ms.
2026-04-24 22:09:32 INFO  org.testng.internal.Utils - [Utils] MethodGroupsHelper.sortMethods() took 0 ms.
2026-04-24 22:09:32 INFO  org.testng.internal.Utils - [Utils] MethodGroupsHelper.collectMethodsByGroup() took 0 ms.
2026-04-24 22:09:32 INFO  org.testng.internal.Utils - [Utils] MethodGroupsHelper.sortMethods() took 0 ms.
2026-04-24 22:09:32 INFO  org.testng.internal.Utils - [Utils] MethodGroupsHelper.collectMethodsByGroup() took 0 ms.
2026-04-24 22:09:32 INFO  org.testng.internal.Utils - [Utils] MethodGroupsHelper.sortMethods() took 0 ms.
2026-04-24 22:09:32 INFO  org.testng.internal.Utils - [Utils] MethodGroupsHelper.collectMethodsByGroup() took 2 ms.
2026-04-24 22:09:32 INFO  org.testng.internal.Utils - [Utils] MethodGroupsHelper.sortMethods() took 8 ms.
2026-04-24 22:09:32 INFO  org.testng.internal.Utils - [Utils] MethodGroupsHelper.collectMethodsByGroup() took 0 ms.
2026-04-24 22:09:32 INFO  org.testng.internal.Utils - [Utils] MethodGroupsHelper.sortMethods() took 0 ms.
2026-04-24 22:09:33 INFO  org.testng.internal.Utils - [Utils] MethodGroupsHelper.collectMethodsByGroup() took 0 ms.
2026-04-24 22:09:33 INFO  org.testng.internal.Utils - [Utils] MethodGroupsHelper.sortMethods() took 0 ms.
2026-04-24 22:09:33 INFO  org.testng.internal.Utils - [Utils] MethodGroupsHelper.collectMethodsByGroup() took 0 ms.
2026-04-24 22:09:33 INFO  org.testng.internal.Utils - [Utils] MethodGroupsHelper.sortMethods() took 0 ms.
2026-04-24 22:09:33 INFO  org.testng.internal.Utils - [Utils] MethodGroupsHelper.collectMethodsByGroup() took 5 ms.
2026-04-24 22:09:33 INFO  org.testng.internal.Utils - [Utils] MethodGroupsHelper.sortMethods() took 0 ms.
2026-04-24 22:09:33 INFO  org.testng.internal.Utils - [Utils] MethodGroupsHelper.collectMethodsByGroup() took 0 ms.
2026-04-24 22:09:33 INFO  org.testng.internal.Utils - [Utils] MethodGroupsHelper.sortMethods() took 0 ms.
2026-04-24 22:09:33 INFO  org.testng.internal.Utils - [Utils] MethodGroupsHelper.collectMethodsByGroup() took 0 ms.
2026-04-24 22:09:33 INFO  org.testng.internal.Utils - [Utils] MethodGroupsHelper.sortMethods() took 0 ms.
2026-04-24 22:09:33 INFO  org.testng.internal.Utils - [TestNG] Running:
  C:\Users\Rahul\AppData\Local\Temp\testng-eclipse--2011801693\testng-customsuite.xml

2026-04-24 22:09:33 INFO  org.testng.internal.Utils - [Utils] DynamicGraphHelper.createDynamicGraph() took 3 ms.
2026-04-24 22:09:42 INFO  org.testng.internal.Utils - [TestNG] Time taken by org.testng.reporters.jq.Main@1a865273: 34 ms
2026-04-24 22:09:42 INFO  org.testng.internal.Utils - [TestNG] Time taken by org.testng.reporters.FailedReporter@44bd4b0a: 1 ms
2026-04-24 22:09:42 INFO  org.testng.internal.Utils - [TestNG] Time taken by org.testng.reporters.XMLReporter@1ac4ccad: 4 ms
2026-04-24 22:09:42 INFO  org.testng.internal.Utils - [TestNG] Time taken by org.testng.reporters.EmailableReporter2@4110765e: 3 ms
2026-04-24 22:09:42 INFO  org.testng.internal.Utils - [TestNG] Time taken by org.testng.reporters.JUnitReportReporter@4c777e7b: 6 ms
2026-04-24 22:09:42 INFO  org.testng.internal.Utils - [TestNG] Time taken by org.testng.internal.ExitCodeListener@5f038248: 1 ms
2026-04-24 22:17:02 DEBUG org.testng.TestNG - suiteXmlPath: "C:\Users\Rahul\AppData\Local\Temp\testng-eclipse--1589852574\testng-customsuite.xml"
2026-04-24 22:17:02 INFO  org.testng.internal.Utils - [Utils] MethodGroupsHelper.collectMethodsByGroup() took 1 ms.
2026-04-24 22:17:02 INFO  org.testng.internal.Utils - [Utils] MethodGroupsHelper.sortMethods() took 0 ms.
2026-04-24 22:17:02 INFO  org.testng.internal.Utils - [Utils] MethodGroupsHelper.collectMethodsByGroup() took 0 ms.
2026-04-24 22:17:02 INFO  org.testng.internal.Utils - [Utils] MethodGroupsHelper.sortMethods() took 0 ms.
2026-04-24 22:17:02 INFO  org.testng.internal.Utils - [Utils] MethodGroupsHelper.collectMethodsByGroup() took 0 ms.
2026-04-24 22:17:02 INFO  org.testng.internal.Utils - [Utils] MethodGroupsHelper.sortMethods() took 0 ms.
2026-04-24 22:17:02 INFO  org.testng.internal.Utils - [Utils] MethodGroupsHelper.collectMethodsByGroup() took 0 ms.
2026-04-24 22:17:02 INFO  org.testng.internal.Utils - [Utils] MethodGroupsHelper.sortMethods() took 0 ms.
2026-04-24 22:17:02 INFO  org.testng.internal.Utils - [Utils] MethodGroupsHelper.collectMethodsByGroup() took 0 ms.
2026-04-24 22:17:02 INFO  org.testng.internal.Utils - [Utils] MethodGroupsHelper.sortMethods() took 6 ms.
2026-04-24 22:17:02 INFO  org.testng.internal.Utils - [Utils] MethodGroupsHelper.collectMethodsByGroup() took 1 ms.
2026-04-24 22:17:02 INFO  org.testng.internal.Utils - [Utils] MethodGroupsHelper.sortMethods() took 0 ms.
2026-04-24 22:17:02 INFO  org.testng.internal.Utils - [Utils] MethodGroupsHelper.collectMethodsByGroup() took 0 ms.
2026-04-24 22:17:02 INFO  org.testng.internal.Utils - [Utils] MethodGroupsHelper.sortMethods() took 0 ms.
2026-04-24 22:17:02 INFO  org.testng.internal.Utils - [Utils] MethodGroupsHelper.collectMethodsByGroup() took 0 ms.
2026-04-24 22:17:02 INFO  org.testng.internal.Utils - [Utils] MethodGroupsHelper.sortMethods() took 0 ms.
2026-04-24 22:17:02 INFO  org.testng.internal.Utils - [Utils] MethodGroupsHelper.collectMethodsByGroup() took 0 ms.
2026-04-24 22:17:02 INFO  org.testng.internal.Utils - [Utils] MethodGroupsHelper.sortMethods() took 0 ms.
2026-04-24 22:17:02 INFO  org.testng.internal.Utils - [Utils] MethodGroupsHelper.collectMethodsByGroup() took 0 ms.
2026-04-24 22:17:02 INFO  org.testng.internal.Utils - [Utils] MethodGroupsHelper.sortMethods() took 0 ms.
2026-04-24 22:17:02 INFO  org.testng.internal.Utils - [Utils] MethodGroupsHelper.collectMethodsByGroup() took 0 ms.
2026-04-24 22:17:02 INFO  org.testng.internal.Utils - [Utils] MethodGroupsHelper.sortMethods() took 0 ms.
2026-04-24 22:17:02 INFO  org.testng.internal.Utils - [Utils] MethodGroupsHelper.collectMethodsByGroup() took 0 ms.
2026-04-24 22:17:02 INFO  org.testng.internal.Utils - [Utils] MethodGroupsHelper.sortMethods() took 0 ms.
2026-04-24 22:17:02 INFO  org.testng.internal.Utils - [Utils] MethodGroupsHelper.collectMethodsByGroup() took 3 ms.
2026-04-24 22:17:02 INFO  org.testng.internal.Utils - [Utils] MethodGroupsHelper.sortMethods() took 1 ms.
2026-04-24 22:17:02 INFO  org.testng.internal.Utils - [Utils] MethodGroupsHelper.collectMethodsByGroup() took 0 ms.
2026-04-24 22:17:02 INFO  org.testng.internal.Utils - [Utils] MethodGroupsHelper.sortMethods() took 0 ms.
2026-04-24 22:17:02 INFO  org.testng.internal.Utils - [Utils] MethodGroupsHelper.collectMethodsByGroup() took 0 ms.
2026-04-24 22:17:02 INFO  org.testng.internal.Utils - [Utils] MethodGroupsHelper.sortMethods() took 0 ms.
2026-04-24 22:17:02 INFO  org.testng.internal.Utils - [TestNG] Running:
  C:\Users\Rahul\AppData\Local\Temp\testng-eclipse--1589852574\testng-customsuite.xml

2026-04-24 22:17:02 INFO  org.testng.internal.Utils - [Utils] DynamicGraphHelper.createDynamicGraph() took 1 ms.
2026-04-24 22:17:03 INFO  Hooks.Hooks - Browser is opened..!
2026-04-24 22:17:07 INFO  Hooks.Hooks - url is launched..!
2026-04-24 22:17:09 INFO  StepDefinations.ProductDetailSteps - Searching for product: Tshirts
2026-04-24 22:17:09 INFO  StepDefinations.ProductDetailSteps - Products loaded successfully on PLP
2026-04-24 22:17:09 INFO  StepDefinations.ProductDetailSteps - Clicked on product from PLP
2026-04-24 22:17:11 INFO  StepDefinations.ProductDetailSteps - Product Title: RARE ONES
2026-04-24 22:17:11 INFO  Hooks.Hooks - Driver is Quit successfully....!
2026-04-24 22:17:12 INFO  Hooks.Hooks - Browser is opened..!
2026-04-24 22:17:15 INFO  Hooks.Hooks - url is launched..!
2026-04-24 22:17:17 INFO  StepDefinations.ProductDetailSteps - Searching for product: Tshirts
2026-04-24 22:17:17 INFO  StepDefinations.ProductDetailSteps - Products loaded successfully on PLP
2026-04-24 22:17:18 INFO  StepDefinations.ProductDetailSteps - Clicked on product from PLP
2026-04-24 22:17:19 INFO  StepDefinations.ProductDetailSteps - Product Title: RARE ONES
2026-04-24 22:17:20 INFO  StepDefinations.ProductDetailSteps - Product Price: ₹649
2026-04-24 22:17:22 INFO  Hooks.Hooks - Driver is Quit successfully....!
2026-04-24 22:17:23 INFO  Hooks.Hooks - Browser is opened..!
2026-04-24 22:17:26 INFO  Hooks.Hooks - url is launched..!
2026-04-24 22:17:29 INFO  StepDefinations.ProductDetailSteps - Searching for product: Tshirts
2026-04-24 22:17:29 INFO  StepDefinations.ProductDetailSteps - Products loaded successfully on PLP
2026-04-24 22:17:29 INFO  StepDefinations.ProductDetailSteps - Clicked on product from PLP
2026-04-24 22:18:01 INFO  StepDefinations.ProductDetailSteps - product is added to bag
2026-04-24 22:18:33 INFO  Hooks.Hooks - Driver is Quit successfully....!
2026-04-24 22:18:34 INFO  Hooks.Hooks - Browser is opened..!
2026-04-24 22:18:42 INFO  Hooks.Hooks - url is launched..!
2026-04-24 22:18:45 INFO  StepDefinations.ProductDetailSteps - Searching for product: Tshirts
2026-04-24 22:18:45 INFO  StepDefinations.ProductDetailSteps - Products loaded successfully on PLP
2026-04-24 22:18:46 INFO  StepDefinations.ProductDetailSteps - Clicked on product from PLP
2026-04-24 22:18:46 INFO  Hooks.Hooks - Driver is Quit successfully....!
2026-04-24 22:18:48 INFO  Hooks.Hooks - Browser is opened..!
2026-04-24 22:18:53 INFO  Hooks.Hooks - url is launched..!
2026-04-24 22:18:57 INFO  StepDefinations.ProductDetailSteps - Searching for product: Tshirts
2026-04-24 22:18:57 INFO  StepDefinations.ProductDetailSteps - Products loaded successfully on PLP
2026-04-24 22:18:58 INFO  StepDefinations.ProductDetailSteps - Clicked on product from PLP
2026-04-24 22:18:58 INFO  Hooks.Hooks - Driver is Quit successfully....!
2026-04-24 22:19:00 INFO  Hooks.Hooks - Browser is opened..!
2026-04-24 22:19:06 INFO  Hooks.Hooks - url is launched..!
2026-04-24 22:19:15 INFO  StepDefinations.ProductDetailSteps - Searching for product: Tshirts
2026-04-24 22:19:15 INFO  StepDefinations.ProductDetailSteps - Products loaded successfully on PLP
2026-04-24 22:19:19 INFO  StepDefinations.ProductDetailSteps - Clicked on product from PLP
2026-04-24 22:19:20 INFO  Hooks.Hooks - Driver is Quit successfully....!
2026-04-24 22:19:21 INFO  Hooks.Hooks - Browser is opened..!
2026-04-24 22:19:29 INFO  Hooks.Hooks - url is launched..!
2026-04-24 22:21:34 DEBUG org.testng.TestNG - suiteXmlPath: "C:\Users\Rahul\AppData\Local\Temp\testng-eclipse-1144171465\testng-customsuite.xml"
2026-04-24 22:21:35 INFO  org.testng.internal.Utils - [Utils] MethodGroupsHelper.collectMethodsByGroup() took 1 ms.
2026-04-24 22:21:35 INFO  org.testng.internal.Utils - [Utils] MethodGroupsHelper.sortMethods() took 0 ms.
2026-04-24 22:21:35 INFO  org.testng.internal.Utils - [Utils] MethodGroupsHelper.collectMethodsByGroup() took 0 ms.
2026-04-24 22:21:35 INFO  org.testng.internal.Utils - [Utils] MethodGroupsHelper.sortMethods() took 0 ms.
2026-04-24 22:21:35 INFO  org.testng.internal.Utils - [Utils] MethodGroupsHelper.collectMethodsByGroup() took 0 ms.
2026-04-24 22:21:35 INFO  org.testng.internal.Utils - [Utils] MethodGroupsHelper.sortMethods() took 0 ms.
2026-04-24 22:21:35 INFO  org.testng.internal.Utils - [Utils] MethodGroupsHelper.collectMethodsByGroup() took 0 ms.
2026-04-24 22:21:35 INFO  org.testng.internal.Utils - [Utils] MethodGroupsHelper.sortMethods() took 0 ms.
2026-04-24 22:21:35 INFO  org.testng.internal.Utils - [Utils] MethodGroupsHelper.collectMethodsByGroup() took 0 ms.
2026-04-24 22:21:35 INFO  org.testng.internal.Utils - [Utils] MethodGroupsHelper.sortMethods() took 8 ms.
2026-04-24 22:21:35 INFO  org.testng.internal.Utils - [Utils] MethodGroupsHelper.collectMethodsByGroup() took 0 ms.
2026-04-24 22:21:35 INFO  org.testng.internal.Utils - [Utils] MethodGroupsHelper.sortMethods() took 0 ms.
2026-04-24 22:21:35 INFO  org.testng.internal.Utils - [Utils] MethodGroupsHelper.collectMethodsByGroup() took 0 ms.
2026-04-24 22:21:35 INFO  org.testng.internal.Utils - [Utils] MethodGroupsHelper.sortMethods() took 0 ms.
2026-04-24 22:21:35 INFO  org.testng.internal.Utils - [Utils] MethodGroupsHelper.collectMethodsByGroup() took 0 ms.
2026-04-24 22:21:35 INFO  org.testng.internal.Utils - [Utils] MethodGroupsHelper.sortMethods() took 0 ms.
2026-04-24 22:21:35 INFO  org.testng.internal.Utils - [Utils] MethodGroupsHelper.collectMethodsByGroup() took 0 ms.
2026-04-24 22:21:35 INFO  org.testng.internal.Utils - [Utils] MethodGroupsHelper.sortMethods() took 0 ms.
2026-04-24 22:21:35 INFO  org.testng.internal.Utils - [Utils] MethodGroupsHelper.collectMethodsByGroup() took 0 ms.
2026-04-24 22:21:35 INFO  org.testng.internal.Utils - [Utils] MethodGroupsHelper.sortMethods() took 0 ms.
2026-04-24 22:21:35 INFO  org.testng.internal.Utils - [Utils] MethodGroupsHelper.collectMethodsByGroup() took 0 ms.
2026-04-24 22:21:35 INFO  org.testng.internal.Utils - [Utils] MethodGroupsHelper.sortMethods() took 0 ms.
2026-04-24 22:21:35 INFO  org.testng.internal.Utils - [Utils] MethodGroupsHelper.collectMethodsByGroup() took 0 ms.
2026-04-24 22:21:35 INFO  org.testng.internal.Utils - [Utils] MethodGroupsHelper.sortMethods() took 0 ms.
2026-04-24 22:21:35 INFO  org.testng.internal.Utils - [Utils] MethodGroupsHelper.collectMethodsByGroup() took 9 ms.
2026-04-24 22:21:35 INFO  org.testng.internal.Utils - [Utils] MethodGroupsHelper.sortMethods() took 0 ms.
2026-04-24 22:21:35 INFO  org.testng.internal.Utils - [Utils] MethodGroupsHelper.collectMethodsByGroup() took 0 ms.
2026-04-24 22:21:35 INFO  org.testng.internal.Utils - [Utils] MethodGroupsHelper.sortMethods() took 0 ms.
2026-04-24 22:21:35 INFO  org.testng.internal.Utils - [Utils] MethodGroupsHelper.collectMethodsByGroup() took 0 ms.
2026-04-24 22:21:35 INFO  org.testng.internal.Utils - [Utils] MethodGroupsHelper.sortMethods() took 0 ms.
2026-04-24 22:21:35 INFO  org.testng.internal.Utils - [TestNG] Running:
  C:\Users\Rahul\AppData\Local\Temp\testng-eclipse-1144171465\testng-customsuite.xml

2026-04-24 22:21:35 INFO  org.testng.internal.Utils - [Utils] DynamicGraphHelper.createDynamicGraph() took 4 ms.
2026-04-24 22:21:38 INFO  Hooks.Hooks - Browser is opened..!
2026-04-24 22:21:41 INFO  Hooks.Hooks - url is launched..!
2026-04-24 22:21:45 INFO  StepDefinations.ProductDetailSteps - Searching for product: Tshirts
2026-04-24 22:21:45 INFO  StepDefinations.ProductDetailSteps - Products loaded successfully on PLP
2026-04-24 22:21:46 INFO  StepDefinations.ProductDetailSteps - Clicked on product from PLP
2026-04-24 22:21:50 INFO  StepDefinations.ProductDetailSteps - Product Title: RARE ONES
2026-04-24 22:21:50 INFO  Hooks.Hooks - Driver is Quit successfully....!
2026-04-24 22:21:51 INFO  Hooks.Hooks - Browser is opened..!
2026-04-24 22:21:52 INFO  Hooks.Hooks - url is launched..!
2026-04-24 22:21:58 INFO  StepDefinations.ProductDetailSteps - Searching for product: Tshirts
2026-04-24 22:21:58 INFO  StepDefinations.ProductDetailSteps - Products loaded successfully on PLP
2026-04-24 22:21:59 INFO  StepDefinations.ProductDetailSteps - Clicked on product from PLP
2026-04-24 22:22:02 INFO  StepDefinations.ProductDetailSteps - Product Title: RARE ONES
2026-04-24 22:22:02 INFO  StepDefinations.ProductDetailSteps - Product Price: ₹649
2026-04-24 22:22:05 INFO  Hooks.Hooks - Driver is Quit successfully....!
2026-04-24 22:22:05 INFO  org.testng.internal.Utils - [TestNG] Time taken by org.testng.reporters.jq.Main@4b0bd001: 67 ms
2026-04-24 22:22:05 INFO  org.testng.internal.Utils - [TestNG] Time taken by org.testng.reporters.FailedReporter@53ce2392: 17 ms
2026-04-24 22:22:05 INFO  org.testng.internal.Utils - [TestNG] Time taken by org.testng.reporters.XMLReporter@759de304: 14 ms
2026-04-24 22:22:05 INFO  org.testng.internal.Utils - [TestNG] Time taken by org.testng.reporters.EmailableReporter2@53c99b09: 9 ms
2026-04-24 22:22:06 INFO  org.testng.internal.Utils - [TestNG] Time taken by org.testng.reporters.JUnitReportReporter@13e5d243: 10 ms
2026-04-24 22:22:06 INFO  org.testng.internal.Utils - [TestNG] Time taken by org.testng.internal.ExitCodeListener@35ef439e: 0 ms
2026-04-24 22:39:01 DEBUG org.testng.TestNG - suiteXmlPath: "C:\Users\Rahul\AppData\Local\Temp\testng-eclipse-332834558\testng-customsuite.xml"
2026-04-24 22:39:01 INFO  org.testng.internal.Utils - [Utils] MethodGroupsHelper.collectMethodsByGroup() took 0 ms.
2026-04-24 22:39:01 INFO  org.testng.internal.Utils - [Utils] MethodGroupsHelper.sortMethods() took 1 ms.
2026-04-24 22:39:01 INFO  org.testng.internal.Utils - [Utils] MethodGroupsHelper.collectMethodsByGroup() took 0 ms.
2026-04-24 22:39:01 INFO  org.testng.internal.Utils - [Utils] MethodGroupsHelper.sortMethods() took 0 ms.
2026-04-24 22:39:01 INFO  org.testng.internal.Utils - [Utils] MethodGroupsHelper.collectMethodsByGroup() took 0 ms.
2026-04-24 22:39:01 INFO  org.testng.internal.Utils - [Utils] MethodGroupsHelper.sortMethods() took 0 ms.
2026-04-24 22:39:01 INFO  org.testng.internal.Utils - [Utils] MethodGroupsHelper.collectMethodsByGroup() took 0 ms.
2026-04-24 22:39:01 INFO  org.testng.internal.Utils - [Utils] MethodGroupsHelper.sortMethods() took 0 ms.
2026-04-24 22:39:01 INFO  org.testng.internal.Utils - [Utils] MethodGroupsHelper.collectMethodsByGroup() took 2 ms.
2026-04-24 22:39:01 INFO  org.testng.internal.Utils - [Utils] MethodGroupsHelper.sortMethods() took 18 ms.
2026-04-24 22:39:01 INFO  org.testng.internal.Utils - [Utils] MethodGroupsHelper.collectMethodsByGroup() took 0 ms.
2026-04-24 22:39:01 INFO  org.testng.internal.Utils - [Utils] MethodGroupsHelper.sortMethods() took 0 ms.
2026-04-24 22:39:01 INFO  org.testng.internal.Utils - [Utils] MethodGroupsHelper.collectMethodsByGroup() took 0 ms.
2026-04-24 22:39:01 INFO  org.testng.internal.Utils - [Utils] MethodGroupsHelper.sortMethods() took 0 ms.
2026-04-24 22:39:01 INFO  org.testng.internal.Utils - [Utils] MethodGroupsHelper.collectMethodsByGroup() took 0 ms.
2026-04-24 22:39:01 INFO  org.testng.internal.Utils - [Utils] MethodGroupsHelper.sortMethods() took 0 ms.
2026-04-24 22:39:01 INFO  org.testng.internal.Utils - [Utils] MethodGroupsHelper.collectMethodsByGroup() took 0 ms.
2026-04-24 22:39:01 INFO  org.testng.internal.Utils - [Utils] MethodGroupsHelper.sortMethods() took 0 ms.
2026-04-24 22:39:01 INFO  org.testng.internal.Utils - [Utils] MethodGroupsHelper.collectMethodsByGroup() took 0 ms.
2026-04-24 22:39:01 INFO  org.testng.internal.Utils - [Utils] MethodGroupsHelper.sortMethods() took 0 ms.
2026-04-24 22:39:01 INFO  org.testng.internal.Utils - [Utils] MethodGroupsHelper.collectMethodsByGroup() took 0 ms.
2026-04-24 22:39:01 INFO  org.testng.internal.Utils - [Utils] MethodGroupsHelper.sortMethods() took 0 ms.
2026-04-24 22:39:01 INFO  org.testng.internal.Utils - [Utils] MethodGroupsHelper.collectMethodsByGroup() took 0 ms.
2026-04-24 22:39:01 INFO  org.testng.internal.Utils - [Utils] MethodGroupsHelper.sortMethods() took 0 ms.
2026-04-24 22:39:01 INFO  org.testng.internal.Utils - [Utils] MethodGroupsHelper.collectMethodsByGroup() took 15 ms.
2026-04-24 22:39:01 INFO  org.testng.internal.Utils - [Utils] MethodGroupsHelper.sortMethods() took 1 ms.
2026-04-24 22:39:01 INFO  org.testng.internal.Utils - [Utils] MethodGroupsHelper.collectMethodsByGroup() took 0 ms.
2026-04-24 22:39:01 INFO  org.testng.internal.Utils - [Utils] MethodGroupsHelper.sortMethods() took 0 ms.
2026-04-24 22:39:01 INFO  org.testng.internal.Utils - [Utils] MethodGroupsHelper.collectMethodsByGroup() took 0 ms.
2026-04-24 22:39:01 INFO  org.testng.internal.Utils - [Utils] MethodGroupsHelper.sortMethods() took 0 ms.
2026-04-24 22:39:01 INFO  org.testng.internal.Utils - [TestNG] Running:
  C:\Users\Rahul\AppData\Local\Temp\testng-eclipse-332834558\testng-customsuite.xml

2026-04-24 22:39:01 INFO  org.testng.internal.Utils - [Utils] DynamicGraphHelper.createDynamicGraph() took 6 ms.
2026-04-24 22:39:04 INFO  Hooks.Hooks - Browser is opened..!
2026-04-24 22:39:10 INFO  Hooks.Hooks - url is launched..!
2026-04-24 22:39:14 INFO  StepDefinations.ProductDetailSteps - Searching for product: Tshirts
2026-04-24 22:39:14 INFO  StepDefinations.ProductDetailSteps - Products loaded successfully on PLP
2026-04-24 22:39:14 INFO  StepDefinations.ProductDetailSteps - Clicked on product from PLP
2026-04-24 22:39:18 INFO  StepDefinations.ProductDetailSteps - Product Title: RARE ONES
2026-04-24 22:39:18 INFO  Hooks.Hooks - Driver is Quit successfully....!
2026-04-24 22:39:19 INFO  Hooks.Hooks - Browser is opened..!
2026-04-24 22:39:23 INFO  Hooks.Hooks - url is launched..!
2026-04-24 22:39:26 INFO  StepDefinations.ProductDetailSteps - Searching for product: Tshirts
2026-04-24 22:39:27 INFO  StepDefinations.ProductDetailSteps - Products loaded successfully on PLP
2026-04-24 22:39:27 INFO  StepDefinations.ProductDetailSteps - Clicked on product from PLP
2026-04-24 22:39:30 INFO  StepDefinations.ProductDetailSteps - Product Title: RARE ONES
2026-04-24 22:39:31 INFO  StepDefinations.ProductDetailSteps - Product Price: ₹649
2026-04-24 22:39:31 INFO  Hooks.Hooks - Driver is Quit successfully....!
2026-04-24 22:39:31 INFO  org.testng.internal.Utils - [TestNG] Time taken by org.testng.reporters.jq.Main@6af90849: 60 ms
2026-04-24 22:39:31 INFO  org.testng.internal.Utils - [TestNG] Time taken by org.testng.reporters.FailedReporter@68dd39d2: 2 ms
2026-04-24 22:39:31 INFO  org.testng.internal.Utils - [TestNG] Time taken by org.testng.reporters.XMLReporter@fa5f81c: 12 ms
2026-04-24 22:39:31 INFO  org.testng.internal.Utils - [TestNG] Time taken by org.testng.reporters.EmailableReporter2@796f632b: 9 ms
2026-04-24 22:39:31 INFO  org.testng.internal.Utils - [TestNG] Time taken by org.testng.reporters.JUnitReportReporter@60a7e509: 5 ms
2026-04-24 22:39:31 INFO  org.testng.internal.Utils - [TestNG] Time taken by org.testng.internal.ExitCodeListener@2e13f304: 0 ms
2026-04-24 22:42:01 DEBUG org.testng.TestNG - suiteXmlPath: "C:\Users\Rahul\AppData\Local\Temp\testng-eclipse-1108917417\testng-customsuite.xml"
2026-04-24 22:42:01 INFO  org.testng.internal.Utils - [Utils] MethodGroupsHelper.collectMethodsByGroup() took 0 ms.
2026-04-24 22:42:01 INFO  org.testng.internal.Utils - [Utils] MethodGroupsHelper.sortMethods() took 2 ms.
2026-04-24 22:42:01 INFO  org.testng.internal.Utils - [Utils] MethodGroupsHelper.collectMethodsByGroup() took 0 ms.
2026-04-24 22:42:01 INFO  org.testng.internal.Utils - [Utils] MethodGroupsHelper.sortMethods() took 0 ms.
2026-04-24 22:42:01 INFO  org.testng.internal.Utils - [Utils] MethodGroupsHelper.collectMethodsByGroup() took 0 ms.
2026-04-24 22:42:01 INFO  org.testng.internal.Utils - [Utils] MethodGroupsHelper.sortMethods() took 0 ms.
2026-04-24 22:42:01 INFO  org.testng.internal.Utils - [Utils] MethodGroupsHelper.collectMethodsByGroup() took 0 ms.
2026-04-24 22:42:01 INFO  org.testng.internal.Utils - [Utils] MethodGroupsHelper.sortMethods() took 0 ms.
2026-04-24 22:42:01 INFO  org.testng.internal.Utils - [Utils] MethodGroupsHelper.collectMethodsByGroup() took 0 ms.
2026-04-24 22:42:01 INFO  org.testng.internal.Utils - [Utils] MethodGroupsHelper.sortMethods() took 13 ms.
2026-04-24 22:42:01 INFO  org.testng.internal.Utils - [Utils] MethodGroupsHelper.collectMethodsByGroup() took 1 ms.
2026-04-24 22:42:01 INFO  org.testng.internal.Utils - [Utils] MethodGroupsHelper.sortMethods() took 0 ms.
2026-04-24 22:42:01 INFO  org.testng.internal.Utils - [Utils] MethodGroupsHelper.collectMethodsByGroup() took 0 ms.
2026-04-24 22:42:01 INFO  org.testng.internal.Utils - [Utils] MethodGroupsHelper.sortMethods() took 0 ms.
2026-04-24 22:42:01 INFO  org.testng.internal.Utils - [Utils] MethodGroupsHelper.collectMethodsByGroup() took 0 ms.
2026-04-24 22:42:01 INFO  org.testng.internal.Utils - [Utils] MethodGroupsHelper.sortMethods() took 0 ms.
2026-04-24 22:42:01 INFO  org.testng.internal.Utils - [Utils] MethodGroupsHelper.collectMethodsByGroup() took 0 ms.
2026-04-24 22:42:01 INFO  org.testng.internal.Utils - [Utils] MethodGroupsHelper.sortMethods() took 0 ms.
2026-04-24 22:42:01 INFO  org.testng.internal.Utils - [Utils] MethodGroupsHelper.collectMethodsByGroup() took 0 ms.
2026-04-24 22:42:01 INFO  org.testng.internal.Utils - [Utils] MethodGroupsHelper.sortMethods() took 0 ms.
2026-04-24 22:42:01 INFO  org.testng.internal.Utils - [Utils] MethodGroupsHelper.collectMethodsByGroup() took 0 ms.
2026-04-24 22:42:01 INFO  org.testng.internal.Utils - [Utils] MethodGroupsHelper.sortMethods() took 0 ms.
2026-04-24 22:42:01 INFO  org.testng.internal.Utils - [Utils] MethodGroupsHelper.collectMethodsByGroup() took 0 ms.
2026-04-24 22:42:01 INFO  org.testng.internal.Utils - [Utils] MethodGroupsHelper.sortMethods() took 0 ms.
2026-04-24 22:42:01 INFO  org.testng.internal.Utils - [Utils] MethodGroupsHelper.collectMethodsByGroup() took 12 ms.
2026-04-24 22:42:01 INFO  org.testng.internal.Utils - [Utils] MethodGroupsHelper.sortMethods() took 0 ms.
2026-04-24 22:42:01 INFO  org.testng.internal.Utils - [Utils] MethodGroupsHelper.collectMethodsByGroup() took 0 ms.
2026-04-24 22:42:01 INFO  org.testng.internal.Utils - [Utils] MethodGroupsHelper.sortMethods() took 0 ms.
2026-04-24 22:42:01 INFO  org.testng.internal.Utils - [Utils] MethodGroupsHelper.collectMethodsByGroup() took 0 ms.
2026-04-24 22:42:01 INFO  org.testng.internal.Utils - [Utils] MethodGroupsHelper.sortMethods() took 0 ms.
2026-04-24 22:42:01 INFO  org.testng.internal.Utils - [TestNG] Running:
  C:\Users\Rahul\AppData\Local\Temp\testng-eclipse-1108917417\testng-customsuite.xml

2026-04-24 22:42:01 INFO  org.testng.internal.Utils - [Utils] DynamicGraphHelper.createDynamicGraph() took 7 ms.
2026-04-24 22:42:04 INFO  Hooks.Hooks - Browser is opened..!
2026-04-24 22:42:09 INFO  Hooks.Hooks - url is launched..!
2026-04-24 22:42:13 INFO  StepDefinations.ProductDetailSteps - Searching for product: Tshirts
2026-04-24 22:42:13 INFO  StepDefinations.ProductDetailSteps - Products loaded successfully on PLP
2026-04-24 22:42:13 INFO  StepDefinations.ProductDetailSteps - Clicked on product from PLP
2026-04-24 22:42:16 INFO  StepDefinations.ProductDetailSteps - Product Title: RARE ONES
2026-04-24 22:42:17 INFO  Hooks.Hooks - Driver is Quit successfully....!
2026-04-24 22:42:18 INFO  Hooks.Hooks - Browser is opened..!
2026-04-24 22:42:22 INFO  Hooks.Hooks - url is launched..!
2026-04-24 22:42:26 INFO  StepDefinations.ProductDetailSteps - Searching for product: Tshirts
2026-04-24 22:42:26 INFO  StepDefinations.ProductDetailSteps - Products loaded successfully on PLP
2026-04-24 22:42:26 INFO  StepDefinations.ProductDetailSteps - Clicked on product from PLP
2026-04-24 22:42:29 INFO  StepDefinations.ProductDetailSteps - Product Title: RARE ONES
2026-04-24 22:42:30 INFO  StepDefinations.ProductDetailSteps - Product Price: ₹649
2026-04-24 22:42:30 INFO  Hooks.Hooks - Driver is Quit successfully....!
2026-04-24 22:42:32 INFO  Hooks.Hooks - Browser is opened..!
2026-04-24 22:42:36 INFO  Hooks.Hooks - url is launched..!
2026-04-24 22:42:39 INFO  StepDefinations.ProductDetailSteps - Searching for product: Tshirts
2026-04-24 22:42:39 INFO  StepDefinations.ProductDetailSteps - Products loaded successfully on PLP
2026-04-24 22:42:40 INFO  StepDefinations.ProductDetailSteps - Clicked on product from PLP
2026-04-24 22:43:14 INFO  StepDefinations.ProductDetailSteps - product is added to bag
2026-04-24 22:43:45 INFO  Hooks.Hooks - Driver is Quit successfully....!
2026-04-24 22:43:45 INFO  org.testng.internal.Utils - [TestNG] Time taken by org.testng.reporters.jq.Main@58aa1d72: 69 ms
2026-04-24 22:43:45 INFO  org.testng.internal.Utils - [TestNG] Time taken by org.testng.reporters.FailedReporter@6dcab9d9: 12 ms
2026-04-24 22:43:45 INFO  org.testng.internal.Utils - [TestNG] Time taken by org.testng.reporters.XMLReporter@25791d40: 8 ms
2026-04-24 22:43:45 INFO  org.testng.internal.Utils - [TestNG] Time taken by org.testng.reporters.EmailableReporter2@1efac5b9: 8 ms
2026-04-24 22:43:45 INFO  org.testng.internal.Utils - [TestNG] Time taken by org.testng.reporters.JUnitReportReporter@10f405ff: 9 ms
2026-04-24 22:43:45 INFO  org.testng.internal.Utils - [TestNG] Time taken by org.testng.internal.ExitCodeListener@7f27f59b: 0 ms
2026-04-24 22:48:49 DEBUG org.testng.TestNG - suiteXmlPath: "C:\Users\Rahul\AppData\Local\Temp\testng-eclipse-1052312236\testng-customsuite.xml"
2026-04-24 22:48:50 INFO  org.testng.internal.Utils - [Utils] MethodGroupsHelper.collectMethodsByGroup() took 0 ms.
2026-04-24 22:48:50 INFO  org.testng.internal.Utils - [Utils] MethodGroupsHelper.sortMethods() took 1 ms.
2026-04-24 22:48:50 INFO  org.testng.internal.Utils - [Utils] MethodGroupsHelper.collectMethodsByGroup() took 0 ms.
2026-04-24 22:48:50 INFO  org.testng.internal.Utils - [Utils] MethodGroupsHelper.sortMethods() took 0 ms.
2026-04-24 22:48:50 INFO  org.testng.internal.Utils - [Utils] MethodGroupsHelper.collectMethodsByGroup() took 0 ms.
2026-04-24 22:48:50 INFO  org.testng.internal.Utils - [Utils] MethodGroupsHelper.sortMethods() took 0 ms.
2026-04-24 22:48:50 INFO  org.testng.internal.Utils - [Utils] MethodGroupsHelper.collectMethodsByGroup() took 0 ms.
2026-04-24 22:48:50 INFO  org.testng.internal.Utils - [Utils] MethodGroupsHelper.sortMethods() took 0 ms.
2026-04-24 22:48:50 INFO  org.testng.internal.Utils - [Utils] MethodGroupsHelper.collectMethodsByGroup() took 0 ms.
2026-04-24 22:48:50 INFO  org.testng.internal.Utils - [Utils] MethodGroupsHelper.sortMethods() took 11 ms.
2026-04-24 22:48:50 INFO  org.testng.internal.Utils - [Utils] MethodGroupsHelper.collectMethodsByGroup() took 0 ms.
2026-04-24 22:48:50 INFO  org.testng.internal.Utils - [Utils] MethodGroupsHelper.sortMethods() took 0 ms.
2026-04-24 22:48:50 INFO  org.testng.internal.Utils - [Utils] MethodGroupsHelper.collectMethodsByGroup() took 0 ms.
2026-04-24 22:48:50 INFO  org.testng.internal.Utils - [Utils] MethodGroupsHelper.sortMethods() took 0 ms.
2026-04-24 22:48:50 INFO  org.testng.internal.Utils - [Utils] MethodGroupsHelper.collectMethodsByGroup() took 0 ms.
2026-04-24 22:48:50 INFO  org.testng.internal.Utils - [Utils] MethodGroupsHelper.sortMethods() took 0 ms.
2026-04-24 22:48:50 INFO  org.testng.internal.Utils - [Utils] MethodGroupsHelper.collectMethodsByGroup() took 0 ms.
2026-04-24 22:48:50 INFO  org.testng.internal.Utils - [Utils] MethodGroupsHelper.sortMethods() took 0 ms.
2026-04-24 22:48:50 INFO  org.testng.internal.Utils - [Utils] MethodGroupsHelper.collectMethodsByGroup() took 0 ms.
2026-04-24 22:48:50 INFO  org.testng.internal.Utils - [Utils] MethodGroupsHelper.sortMethods() took 0 ms.
2026-04-24 22:48:50 INFO  org.testng.internal.Utils - [Utils] MethodGroupsHelper.collectMethodsByGroup() took 0 ms.
2026-04-24 22:48:50 INFO  org.testng.internal.Utils - [Utils] MethodGroupsHelper.sortMethods() took 0 ms.
2026-04-24 22:48:50 INFO  org.testng.internal.Utils - [Utils] MethodGroupsHelper.collectMethodsByGroup() took 0 ms.
2026-04-24 22:48:50 INFO  org.testng.internal.Utils - [Utils] MethodGroupsHelper.sortMethods() took 0 ms.
2026-04-24 22:48:50 INFO  org.testng.internal.Utils - [Utils] MethodGroupsHelper.collectMethodsByGroup() took 8 ms.
2026-04-24 22:48:50 INFO  org.testng.internal.Utils - [Utils] MethodGroupsHelper.sortMethods() took 0 ms.
2026-04-24 22:48:50 INFO  org.testng.internal.Utils - [Utils] MethodGroupsHelper.collectMethodsByGroup() took 0 ms.
2026-04-24 22:48:50 INFO  org.testng.internal.Utils - [Utils] MethodGroupsHelper.sortMethods() took 0 ms.
2026-04-24 22:48:50 INFO  org.testng.internal.Utils - [Utils] MethodGroupsHelper.collectMethodsByGroup() took 0 ms.
2026-04-24 22:48:50 INFO  org.testng.internal.Utils - [Utils] MethodGroupsHelper.sortMethods() took 0 ms.
2026-04-24 22:48:50 INFO  org.testng.internal.Utils - [TestNG] Running:
  C:\Users\Rahul\AppData\Local\Temp\testng-eclipse-1052312236\testng-customsuite.xml

2026-04-24 22:48:50 INFO  org.testng.internal.Utils - [Utils] DynamicGraphHelper.createDynamicGraph() took 7 ms.
2026-04-24 22:48:53 INFO  Hooks.Hooks - Browser is opened..!
2026-04-24 22:48:57 INFO  Hooks.Hooks - url is launched..!
2026-04-24 22:49:01 INFO  StepDefinations.ProductDetailSteps - Searching for product: Tshirts
2026-04-24 22:49:01 INFO  StepDefinations.ProductDetailSteps - Products loaded successfully on PLP
2026-04-24 22:49:02 INFO  StepDefinations.ProductDetailSteps - Clicked on product from PLP
2026-04-24 22:49:05 INFO  StepDefinations.ProductDetailSteps - Product Title: RARE ONES
2026-04-24 22:49:05 INFO  Hooks.Hooks - Driver is Quit successfully....!
2026-04-24 22:49:07 INFO  Hooks.Hooks - Browser is opened..!
2026-04-24 22:49:12 INFO  Hooks.Hooks - url is launched..!
2026-04-24 22:49:15 INFO  StepDefinations.ProductDetailSteps - Searching for product: Tshirts
2026-04-24 22:49:15 INFO  StepDefinations.ProductDetailSteps - Products loaded successfully on PLP
2026-04-24 22:49:16 INFO  StepDefinations.ProductDetailSteps - Clicked on product from PLP
2026-04-24 22:49:19 INFO  StepDefinations.ProductDetailSteps - Product Title: RARE ONES
2026-04-24 22:49:19 INFO  StepDefinations.ProductDetailSteps - Product Price: ₹649
2026-04-24 22:49:20 INFO  Hooks.Hooks - Driver is Quit successfully....!
2026-04-24 22:49:21 INFO  Hooks.Hooks - Browser is opened..!
2026-04-24 22:49:27 INFO  Hooks.Hooks - url is launched..!
2026-04-24 22:49:29 INFO  StepDefinations.ProductDetailSteps - Searching for product: Tshirts
2026-04-24 22:49:30 INFO  StepDefinations.ProductDetailSteps - Products loaded successfully on PLP
2026-04-24 22:49:30 INFO  StepDefinations.ProductDetailSteps - Clicked on product from PLP
2026-04-24 22:50:33 INFO  Hooks.Hooks - Driver is Quit successfully....!
2026-04-24 22:50:33 INFO  org.testng.internal.Utils - [TestNG] Time taken by org.testng.reporters.jq.Main@76cdafa3: 72 ms
2026-04-24 22:50:33 INFO  org.testng.internal.Utils - [TestNG] Time taken by org.testng.reporters.FailedReporter@41e9f86: 21 ms
2026-04-24 22:50:33 INFO  org.testng.internal.Utils - [TestNG] Time taken by org.testng.reporters.XMLReporter@3af10d0b: 14 ms
2026-04-24 22:50:33 INFO  org.testng.internal.Utils - [TestNG] Time taken by org.testng.reporters.EmailableReporter2@2c2c3947: 9 ms
2026-04-24 22:50:33 INFO  org.testng.internal.Utils - [TestNG] Time taken by org.testng.reporters.JUnitReportReporter@2c9d90fc: 10 ms
2026-04-24 22:50:33 INFO  org.testng.internal.Utils - [TestNG] Time taken by org.testng.internal.ExitCodeListener@1511d157: 1 ms
2026-04-24 22:53:14 DEBUG org.testng.TestNG - suiteXmlPath: "C:\Users\Rahul\AppData\Local\Temp\testng-eclipse--464015472\testng-customsuite.xml"
2026-04-24 22:53:15 INFO  org.testng.internal.Utils - [Utils] MethodGroupsHelper.collectMethodsByGroup() took 1 ms.
2026-04-24 22:53:15 INFO  org.testng.internal.Utils - [Utils] MethodGroupsHelper.sortMethods() took 0 ms.
2026-04-24 22:53:15 INFO  org.testng.internal.Utils - [Utils] MethodGroupsHelper.collectMethodsByGroup() took 0 ms.
2026-04-24 22:53:15 INFO  org.testng.internal.Utils - [Utils] MethodGroupsHelper.sortMethods() took 0 ms.
2026-04-24 22:53:15 INFO  org.testng.internal.Utils - [Utils] MethodGroupsHelper.collectMethodsByGroup() took 0 ms.
2026-04-24 22:53:15 INFO  org.testng.internal.Utils - [Utils] MethodGroupsHelper.sortMethods() took 0 ms.
2026-04-24 22:53:15 INFO  org.testng.internal.Utils - [Utils] MethodGroupsHelper.collectMethodsByGroup() took 0 ms.
2026-04-24 22:53:15 INFO  org.testng.internal.Utils - [Utils] MethodGroupsHelper.sortMethods() took 0 ms.
2026-04-24 22:53:15 INFO  org.testng.internal.Utils - [Utils] MethodGroupsHelper.collectMethodsByGroup() took 1 ms.
2026-04-24 22:53:15 INFO  org.testng.internal.Utils - [Utils] MethodGroupsHelper.sortMethods() took 10 ms.
2026-04-24 22:53:15 INFO  org.testng.internal.Utils - [Utils] MethodGroupsHelper.collectMethodsByGroup() took 0 ms.
2026-04-24 22:53:15 INFO  org.testng.internal.Utils - [Utils] MethodGroupsHelper.sortMethods() took 1 ms.
2026-04-24 22:53:15 INFO  org.testng.internal.Utils - [Utils] MethodGroupsHelper.collectMethodsByGroup() took 0 ms.
2026-04-24 22:53:15 INFO  org.testng.internal.Utils - [Utils] MethodGroupsHelper.sortMethods() took 0 ms.
2026-04-24 22:53:15 INFO  org.testng.internal.Utils - [Utils] MethodGroupsHelper.collectMethodsByGroup() took 0 ms.
2026-04-24 22:53:15 INFO  org.testng.internal.Utils - [Utils] MethodGroupsHelper.sortMethods() took 0 ms.
2026-04-24 22:53:15 INFO  org.testng.internal.Utils - [Utils] MethodGroupsHelper.collectMethodsByGroup() took 0 ms.
2026-04-24 22:53:15 INFO  org.testng.internal.Utils - [Utils] MethodGroupsHelper.sortMethods() took 0 ms.
2026-04-24 22:53:15 INFO  org.testng.internal.Utils - [Utils] MethodGroupsHelper.collectMethodsByGroup() took 0 ms.
2026-04-24 22:53:15 INFO  org.testng.internal.Utils - [Utils] MethodGroupsHelper.sortMethods() took 0 ms.
2026-04-24 22:53:15 INFO  org.testng.internal.Utils - [Utils] MethodGroupsHelper.collectMethodsByGroup() took 0 ms.
2026-04-24 22:53:15 INFO  org.testng.internal.Utils - [Utils] MethodGroupsHelper.sortMethods() took 0 ms.
2026-04-24 22:53:15 INFO  org.testng.internal.Utils - [Utils] MethodGroupsHelper.collectMethodsByGroup() took 0 ms.
2026-04-24 22:53:15 INFO  org.testng.internal.Utils - [Utils] MethodGroupsHelper.sortMethods() took 0 ms.
2026-04-24 22:53:15 INFO  org.testng.internal.Utils - [Utils] MethodGroupsHelper.collectMethodsByGroup() took 5 ms.
2026-04-24 22:53:15 INFO  org.testng.internal.Utils - [Utils] MethodGroupsHelper.sortMethods() took 0 ms.
2026-04-24 22:53:15 INFO  org.testng.internal.Utils - [Utils] MethodGroupsHelper.collectMethodsByGroup() took 0 ms.
2026-04-24 22:53:15 INFO  org.testng.internal.Utils - [Utils] MethodGroupsHelper.sortMethods() took 0 ms.
2026-04-24 22:53:15 INFO  org.testng.internal.Utils - [Utils] MethodGroupsHelper.collectMethodsByGroup() took 0 ms.
2026-04-24 22:53:15 INFO  org.testng.internal.Utils - [Utils] MethodGroupsHelper.sortMethods() took 0 ms.
2026-04-24 22:53:15 INFO  org.testng.internal.Utils - [TestNG] Running:
  C:\Users\Rahul\AppData\Local\Temp\testng-eclipse--464015472\testng-customsuite.xml

2026-04-24 22:53:15 INFO  org.testng.internal.Utils - [Utils] DynamicGraphHelper.createDynamicGraph() took 5 ms.
2026-04-24 22:53:17 INFO  Hooks.Hooks - Browser is opened..!
2026-04-24 22:53:19 INFO  Hooks.Hooks - url is launched..!
2026-04-24 22:53:23 INFO  StepDefinations.ProductDetailSteps - Searching for product: Tshirts
2026-04-24 22:53:23 INFO  StepDefinations.ProductDetailSteps - Products loaded successfully on PLP
2026-04-24 22:53:23 INFO  StepDefinations.ProductDetailSteps - Clicked on product from PLP
2026-04-24 22:53:27 INFO  StepDefinations.ProductDetailSteps - Product Title: RARE ONES
2026-04-24 22:53:27 INFO  Hooks.Hooks - Driver is Quit successfully....!
2026-04-24 22:53:29 INFO  Hooks.Hooks - Browser is opened..!
2026-04-24 22:53:32 INFO  Hooks.Hooks - url is launched..!
2026-04-24 22:53:36 INFO  StepDefinations.ProductDetailSteps - Searching for product: Tshirts
2026-04-24 22:53:36 INFO  StepDefinations.ProductDetailSteps - Products loaded successfully on PLP
2026-04-24 22:53:36 INFO  StepDefinations.ProductDetailSteps - Clicked on product from PLP
2026-04-24 22:53:39 INFO  StepDefinations.ProductDetailSteps - Product Title: RARE ONES
2026-04-24 22:53:40 INFO  StepDefinations.ProductDetailSteps - Product Price: ₹649
2026-04-24 22:53:40 INFO  Hooks.Hooks - Driver is Quit successfully....!
2026-04-24 22:53:41 INFO  Hooks.Hooks - Browser is opened..!
2026-04-24 22:53:42 INFO  Hooks.Hooks - url is launched..!
2026-04-24 22:53:47 INFO  StepDefinations.ProductDetailSteps - Searching for product: Tshirts
2026-04-24 22:53:47 INFO  StepDefinations.ProductDetailSteps - Products loaded successfully on PLP
2026-04-24 22:53:48 INFO  StepDefinations.ProductDetailSteps - Clicked on product from PLP
2026-04-24 22:53:51 INFO  StepDefinations.ProductDetailSteps - No size available
2026-04-24 22:54:52 INFO  Hooks.Hooks - Driver is Quit successfully....!
2026-04-24 22:54:52 INFO  org.testng.internal.Utils - [TestNG] Time taken by org.testng.reporters.jq.Main@76cdafa3: 66 ms
2026-04-24 22:54:52 INFO  org.testng.internal.Utils - [TestNG] Time taken by org.testng.reporters.FailedReporter@41e9f86: 25 ms
2026-04-24 22:54:52 INFO  org.testng.internal.Utils - [TestNG] Time taken by org.testng.reporters.XMLReporter@3af10d0b: 16 ms
2026-04-24 22:54:52 INFO  org.testng.internal.Utils - [TestNG] Time taken by org.testng.reporters.EmailableReporter2@2c2c3947: 10 ms
2026-04-24 22:54:52 INFO  org.testng.internal.Utils - [TestNG] Time taken by org.testng.reporters.JUnitReportReporter@2c9d90fc: 11 ms
2026-04-24 22:54:52 INFO  org.testng.internal.Utils - [TestNG] Time taken by org.testng.internal.ExitCodeListener@1511d157: 0 ms
2026-04-24 22:59:11 DEBUG org.testng.TestNG - suiteXmlPath: "C:\Users\Rahul\AppData\Local\Temp\testng-eclipse--477159876\testng-customsuite.xml"
2026-04-24 22:59:12 INFO  org.testng.internal.Utils - [Utils] MethodGroupsHelper.collectMethodsByGroup() took 1 ms.
2026-04-24 22:59:12 INFO  org.testng.internal.Utils - [Utils] MethodGroupsHelper.sortMethods() took 1 ms.
2026-04-24 22:59:12 INFO  org.testng.internal.Utils - [Utils] MethodGroupsHelper.collectMethodsByGroup() took 0 ms.
2026-04-24 22:59:12 INFO  org.testng.internal.Utils - [Utils] MethodGroupsHelper.sortMethods() took 0 ms.
2026-04-24 22:59:12 INFO  org.testng.internal.Utils - [Utils] MethodGroupsHelper.collectMethodsByGroup() took 0 ms.
2026-04-24 22:59:12 INFO  org.testng.internal.Utils - [Utils] MethodGroupsHelper.sortMethods() took 0 ms.
2026-04-24 22:59:12 INFO  org.testng.internal.Utils - [Utils] MethodGroupsHelper.collectMethodsByGroup() took 0 ms.
2026-04-24 22:59:12 INFO  org.testng.internal.Utils - [Utils] MethodGroupsHelper.sortMethods() took 0 ms.
2026-04-24 22:59:12 INFO  org.testng.internal.Utils - [Utils] MethodGroupsHelper.collectMethodsByGroup() took 0 ms.
2026-04-24 22:59:12 INFO  org.testng.internal.Utils - [Utils] MethodGroupsHelper.sortMethods() took 11 ms.
2026-04-24 22:59:12 INFO  org.testng.internal.Utils - [Utils] MethodGroupsHelper.collectMethodsByGroup() took 0 ms.
2026-04-24 22:59:12 INFO  org.testng.internal.Utils - [Utils] MethodGroupsHelper.sortMethods() took 0 ms.
2026-04-24 22:59:12 INFO  org.testng.internal.Utils - [Utils] MethodGroupsHelper.collectMethodsByGroup() took 0 ms.
2026-04-24 22:59:12 INFO  org.testng.internal.Utils - [Utils] MethodGroupsHelper.sortMethods() took 0 ms.
2026-04-24 22:59:12 INFO  org.testng.internal.Utils - [Utils] MethodGroupsHelper.collectMethodsByGroup() took 0 ms.
2026-04-24 22:59:12 INFO  org.testng.internal.Utils - [Utils] MethodGroupsHelper.sortMethods() took 0 ms.
2026-04-24 22:59:12 INFO  org.testng.internal.Utils - [Utils] MethodGroupsHelper.collectMethodsByGroup() took 0 ms.
2026-04-24 22:59:12 INFO  org.testng.internal.Utils - [Utils] MethodGroupsHelper.sortMethods() took 0 ms.
2026-04-24 22:59:12 INFO  org.testng.internal.Utils - [Utils] MethodGroupsHelper.collectMethodsByGroup() took 0 ms.
2026-04-24 22:59:12 INFO  org.testng.internal.Utils - [Utils] MethodGroupsHelper.sortMethods() took 0 ms.
2026-04-24 22:59:12 INFO  org.testng.internal.Utils - [Utils] MethodGroupsHelper.collectMethodsByGroup() took 0 ms.
2026-04-24 22:59:12 INFO  org.testng.internal.Utils - [Utils] MethodGroupsHelper.sortMethods() took 0 ms.
2026-04-24 22:59:12 INFO  org.testng.internal.Utils - [Utils] MethodGroupsHelper.collectMethodsByGroup() took 0 ms.
2026-04-24 22:59:12 INFO  org.testng.internal.Utils - [Utils] MethodGroupsHelper.sortMethods() took 0 ms.
2026-04-24 22:59:12 INFO  org.testng.internal.Utils - [Utils] MethodGroupsHelper.collectMethodsByGroup() took 6 ms.
2026-04-24 22:59:12 INFO  org.testng.internal.Utils - [Utils] MethodGroupsHelper.sortMethods() took 0 ms.
2026-04-24 22:59:12 INFO  org.testng.internal.Utils - [Utils] MethodGroupsHelper.collectMethodsByGroup() took 0 ms.
2026-04-24 22:59:12 INFO  org.testng.internal.Utils - [Utils] MethodGroupsHelper.sortMethods() took 0 ms.
2026-04-24 22:59:12 INFO  org.testng.internal.Utils - [Utils] MethodGroupsHelper.collectMethodsByGroup() took 0 ms.
2026-04-24 22:59:12 INFO  org.testng.internal.Utils - [Utils] MethodGroupsHelper.sortMethods() took 0 ms.
2026-04-24 22:59:12 INFO  org.testng.internal.Utils - [TestNG] Running:
  C:\Users\Rahul\AppData\Local\Temp\testng-eclipse--477159876\testng-customsuite.xml

2026-04-24 22:59:12 INFO  org.testng.internal.Utils - [Utils] DynamicGraphHelper.createDynamicGraph() took 9 ms.
2026-04-24 22:59:15 INFO  Hooks.Hooks - Browser is opened..!
2026-04-24 22:59:18 INFO  Hooks.Hooks - url is launched..!
2026-04-24 22:59:22 INFO  StepDefinations.ProductDetailSteps - Searching for product: Tshirts
2026-04-24 22:59:22 INFO  StepDefinations.ProductDetailSteps - Products loaded successfully on PLP
2026-04-24 22:59:23 INFO  StepDefinations.ProductDetailSteps - Clicked on product from PLP
2026-04-24 22:59:26 INFO  StepDefinations.ProductDetailSteps - Product Title: RARE ONES
2026-04-24 22:59:27 INFO  Hooks.Hooks - Driver is Quit successfully....!
2026-04-24 22:59:28 INFO  Hooks.Hooks - Browser is opened..!
2026-04-24 22:59:29 INFO  Hooks.Hooks - url is launched..!
2026-04-24 22:59:34 INFO  StepDefinations.ProductDetailSteps - Searching for product: Tshirts
2026-04-24 22:59:35 INFO  StepDefinations.ProductDetailSteps - Products loaded successfully on PLP
2026-04-24 22:59:35 INFO  StepDefinations.ProductDetailSteps - Clicked on product from PLP
2026-04-24 22:59:37 INFO  StepDefinations.ProductDetailSteps - Product Title: RARE ONES
2026-04-24 22:59:38 INFO  StepDefinations.ProductDetailSteps - Product Price: ₹649
2026-04-24 22:59:38 INFO  Hooks.Hooks - Driver is Quit successfully....!
2026-04-24 22:59:39 INFO  Hooks.Hooks - Browser is opened..!
2026-04-24 22:59:40 INFO  Hooks.Hooks - url is launched..!
2026-04-24 22:59:47 INFO  StepDefinations.ProductDetailSteps - Searching for product: Tshirts
2026-04-24 22:59:47 INFO  StepDefinations.ProductDetailSteps - Products loaded successfully on PLP
2026-04-24 22:59:47 INFO  StepDefinations.ProductDetailSteps - Clicked on product from PLP
2026-04-24 22:59:50 INFO  StepDefinations.ProductDetailSteps - No size available → Skipping Add to Bag step
2026-04-24 23:00:21 INFO  Hooks.Hooks - Driver is Quit successfully....!
2026-04-24 23:00:21 INFO  org.testng.internal.Utils - [TestNG] Time taken by org.testng.reporters.jq.Main@23ca36d: 69 ms
2026-04-24 23:00:21 INFO  org.testng.internal.Utils - [TestNG] Time taken by org.testng.reporters.FailedReporter@79a201cf: 17 ms
2026-04-24 23:00:21 INFO  org.testng.internal.Utils - [TestNG] Time taken by org.testng.reporters.XMLReporter@4b87074a: 12 ms
2026-04-24 23:00:21 INFO  org.testng.internal.Utils - [TestNG] Time taken by org.testng.reporters.EmailableReporter2@481b2f10: 8 ms
2026-04-24 23:00:21 INFO  org.testng.internal.Utils - [TestNG] Time taken by org.testng.reporters.JUnitReportReporter@577bf0aa: 7 ms
2026-04-24 23:00:21 INFO  org.testng.internal.Utils - [TestNG] Time taken by org.testng.internal.ExitCodeListener@7455dacb: 0 ms
2026-04-24 23:01:28 DEBUG org.testng.TestNG - suiteXmlPath: "C:\Users\Rahul\AppData\Local\Temp\testng-eclipse--1027519369\testng-customsuite.xml"
2026-04-24 23:01:29 INFO  org.testng.internal.Utils - [Utils] MethodGroupsHelper.collectMethodsByGroup() took 0 ms.
2026-04-24 23:01:29 INFO  org.testng.internal.Utils - [Utils] MethodGroupsHelper.sortMethods() took 2 ms.
2026-04-24 23:01:29 INFO  org.testng.internal.Utils - [Utils] MethodGroupsHelper.collectMethodsByGroup() took 0 ms.
2026-04-24 23:01:29 INFO  org.testng.internal.Utils - [Utils] MethodGroupsHelper.sortMethods() took 0 ms.
2026-04-24 23:01:29 INFO  org.testng.internal.Utils - [Utils] MethodGroupsHelper.collectMethodsByGroup() took 0 ms.
2026-04-24 23:01:29 INFO  org.testng.internal.Utils - [Utils] MethodGroupsHelper.sortMethods() took 0 ms.
2026-04-24 23:01:29 INFO  org.testng.internal.Utils - [Utils] MethodGroupsHelper.collectMethodsByGroup() took 0 ms.
2026-04-24 23:01:29 INFO  org.testng.internal.Utils - [Utils] MethodGroupsHelper.sortMethods() took 0 ms.
2026-04-24 23:01:29 INFO  org.testng.internal.Utils - [Utils] MethodGroupsHelper.collectMethodsByGroup() took 0 ms.
2026-04-24 23:01:29 INFO  org.testng.internal.Utils - [Utils] MethodGroupsHelper.sortMethods() took 13 ms.
2026-04-24 23:01:29 INFO  org.testng.internal.Utils - [Utils] MethodGroupsHelper.collectMethodsByGroup() took 0 ms.
2026-04-24 23:01:29 INFO  org.testng.internal.Utils - [Utils] MethodGroupsHelper.sortMethods() took 0 ms.
2026-04-24 23:01:29 INFO  org.testng.internal.Utils - [Utils] MethodGroupsHelper.collectMethodsByGroup() took 0 ms.
2026-04-24 23:01:29 INFO  org.testng.internal.Utils - [Utils] MethodGroupsHelper.sortMethods() took 0 ms.
2026-04-24 23:01:29 INFO  org.testng.internal.Utils - [Utils] MethodGroupsHelper.collectMethodsByGroup() took 0 ms.
2026-04-24 23:01:29 INFO  org.testng.internal.Utils - [Utils] MethodGroupsHelper.sortMethods() took 0 ms.
2026-04-24 23:01:29 INFO  org.testng.internal.Utils - [Utils] MethodGroupsHelper.collectMethodsByGroup() took 0 ms.
2026-04-24 23:01:29 INFO  org.testng.internal.Utils - [Utils] MethodGroupsHelper.sortMethods() took 0 ms.
2026-04-24 23:01:29 INFO  org.testng.internal.Utils - [Utils] MethodGroupsHelper.collectMethodsByGroup() took 0 ms.
2026-04-24 23:01:29 INFO  org.testng.internal.Utils - [Utils] MethodGroupsHelper.sortMethods() took 0 ms.
2026-04-24 23:01:29 INFO  org.testng.internal.Utils - [Utils] MethodGroupsHelper.collectMethodsByGroup() took 0 ms.
2026-04-24 23:01:29 INFO  org.testng.internal.Utils - [Utils] MethodGroupsHelper.sortMethods() took 0 ms.
2026-04-24 23:01:29 INFO  org.testng.internal.Utils - [Utils] MethodGroupsHelper.collectMethodsByGroup() took 0 ms.
2026-04-24 23:01:29 INFO  org.testng.internal.Utils - [Utils] MethodGroupsHelper.sortMethods() took 0 ms.
2026-04-24 23:01:29 INFO  org.testng.internal.Utils - [Utils] MethodGroupsHelper.collectMethodsByGroup() took 5 ms.
2026-04-24 23:01:29 INFO  org.testng.internal.Utils - [Utils] MethodGroupsHelper.sortMethods() took 1 ms.
2026-04-24 23:01:29 INFO  org.testng.internal.Utils - [Utils] MethodGroupsHelper.collectMethodsByGroup() took 0 ms.
2026-04-24 23:01:29 INFO  org.testng.internal.Utils - [Utils] MethodGroupsHelper.sortMethods() took 0 ms.
2026-04-24 23:01:29 INFO  org.testng.internal.Utils - [Utils] MethodGroupsHelper.collectMethodsByGroup() took 0 ms.
2026-04-24 23:01:29 INFO  org.testng.internal.Utils - [Utils] MethodGroupsHelper.sortMethods() took 0 ms.
2026-04-24 23:01:29 INFO  org.testng.internal.Utils - [TestNG] Running:
  C:\Users\Rahul\AppData\Local\Temp\testng-eclipse--1027519369\testng-customsuite.xml

2026-04-24 23:01:29 INFO  org.testng.internal.Utils - [Utils] DynamicGraphHelper.createDynamicGraph() took 5 ms.
2026-04-24 23:01:31 INFO  Hooks.Hooks - Browser is opened..!
2026-04-24 23:01:35 INFO  Hooks.Hooks - url is launched..!
2026-04-24 23:01:39 INFO  StepDefinations.ProductDetailSteps - Searching for product: Tshirts
2026-04-24 23:01:39 INFO  StepDefinations.ProductDetailSteps - Products loaded successfully on PLP
2026-04-24 23:01:40 INFO  StepDefinations.ProductDetailSteps - Clicked on product from PLP
2026-04-24 23:01:43 INFO  StepDefinations.ProductDetailSteps - Product Title: RARE ONES
2026-04-24 23:01:43 INFO  Hooks.Hooks - Driver is Quit successfully....!
2026-04-24 23:01:45 INFO  Hooks.Hooks - Browser is opened..!
2026-04-24 23:01:49 INFO  Hooks.Hooks - url is launched..!
2026-04-24 23:01:52 INFO  StepDefinations.ProductDetailSteps - Searching for product: Tshirts
2026-04-24 23:01:52 INFO  StepDefinations.ProductDetailSteps - Products loaded successfully on PLP
2026-04-24 23:01:53 INFO  StepDefinations.ProductDetailSteps - Clicked on product from PLP
2026-04-24 23:01:56 INFO  StepDefinations.ProductDetailSteps - Product Title: RARE ONES
2026-04-24 23:01:56 INFO  StepDefinations.ProductDetailSteps - Product Price: ₹649
2026-04-24 23:01:57 INFO  Hooks.Hooks - Driver is Quit successfully....!
2026-04-24 23:01:58 INFO  Hooks.Hooks - Browser is opened..!
2026-04-24 23:02:01 INFO  Hooks.Hooks - url is launched..!
2026-04-24 23:02:04 INFO  StepDefinations.ProductDetailSteps - Searching for product: Tshirts
2026-04-24 23:02:04 INFO  StepDefinations.ProductDetailSteps - Products loaded successfully on PLP
2026-04-24 23:02:05 INFO  StepDefinations.ProductDetailSteps - Clicked on product from PLP
2026-04-24 23:02:07 INFO  StepDefinations.ProductDetailSteps - No size available → Skipping Add to Bag step
2026-04-24 23:02:38 INFO  Hooks.Hooks - Driver is Quit successfully....!
2026-04-24 23:02:38 INFO  org.testng.internal.Utils - [TestNG] Time taken by org.testng.reporters.jq.Main@23ca36d: 62 ms
2026-04-24 23:02:38 INFO  org.testng.internal.Utils - [TestNG] Time taken by org.testng.reporters.FailedReporter@79a201cf: 14 ms
2026-04-24 23:02:38 INFO  org.testng.internal.Utils - [TestNG] Time taken by org.testng.reporters.XMLReporter@4b87074a: 8 ms
2026-04-24 23:02:38 INFO  org.testng.internal.Utils - [TestNG] Time taken by org.testng.reporters.EmailableReporter2@481b2f10: 7 ms
2026-04-24 23:02:38 INFO  org.testng.internal.Utils - [TestNG] Time taken by org.testng.reporters.JUnitReportReporter@577bf0aa: 17 ms
2026-04-24 23:02:38 INFO  org.testng.internal.Utils - [TestNG] Time taken by org.testng.internal.ExitCodeListener@7455dacb: 0 ms
2026-04-24 23:04:38 DEBUG org.testng.TestNG - suiteXmlPath: "C:\Users\Rahul\AppData\Local\Temp\testng-eclipse-1657702857\testng-customsuite.xml"
2026-04-24 23:04:39 INFO  org.testng.internal.Utils - [Utils] MethodGroupsHelper.collectMethodsByGroup() took 0 ms.
2026-04-24 23:04:39 INFO  org.testng.internal.Utils - [Utils] MethodGroupsHelper.sortMethods() took 1 ms.
2026-04-24 23:04:39 INFO  org.testng.internal.Utils - [Utils] MethodGroupsHelper.collectMethodsByGroup() took 0 ms.
2026-04-24 23:04:39 INFO  org.testng.internal.Utils - [Utils] MethodGroupsHelper.sortMethods() took 0 ms.
2026-04-24 23:04:39 INFO  org.testng.internal.Utils - [Utils] MethodGroupsHelper.collectMethodsByGroup() took 0 ms.
2026-04-24 23:04:39 INFO  org.testng.internal.Utils - [Utils] MethodGroupsHelper.sortMethods() took 0 ms.
2026-04-24 23:04:39 INFO  org.testng.internal.Utils - [Utils] MethodGroupsHelper.collectMethodsByGroup() took 0 ms.
2026-04-24 23:04:39 INFO  org.testng.internal.Utils - [Utils] MethodGroupsHelper.sortMethods() took 0 ms.
2026-04-24 23:04:39 INFO  org.testng.internal.Utils - [Utils] MethodGroupsHelper.collectMethodsByGroup() took 0 ms.
2026-04-24 23:04:39 INFO  org.testng.internal.Utils - [Utils] MethodGroupsHelper.sortMethods() took 19 ms.
2026-04-24 23:04:39 INFO  org.testng.internal.Utils - [Utils] MethodGroupsHelper.collectMethodsByGroup() took 0 ms.
2026-04-24 23:04:39 INFO  org.testng.internal.Utils - [Utils] MethodGroupsHelper.sortMethods() took 1 ms.
2026-04-24 23:04:39 INFO  org.testng.internal.Utils - [Utils] MethodGroupsHelper.collectMethodsByGroup() took 0 ms.
2026-04-24 23:04:39 INFO  org.testng.internal.Utils - [Utils] MethodGroupsHelper.sortMethods() took 0 ms.
2026-04-24 23:04:39 INFO  org.testng.internal.Utils - [Utils] MethodGroupsHelper.collectMethodsByGroup() took 0 ms.
2026-04-24 23:04:39 INFO  org.testng.internal.Utils - [Utils] MethodGroupsHelper.sortMethods() took 0 ms.
2026-04-24 23:04:39 INFO  org.testng.internal.Utils - [Utils] MethodGroupsHelper.collectMethodsByGroup() took 0 ms.
2026-04-24 23:04:39 INFO  org.testng.internal.Utils - [Utils] MethodGroupsHelper.sortMethods() took 0 ms.
2026-04-24 23:04:39 INFO  org.testng.internal.Utils - [Utils] MethodGroupsHelper.collectMethodsByGroup() took 0 ms.
2026-04-24 23:04:39 INFO  org.testng.internal.Utils - [Utils] MethodGroupsHelper.sortMethods() took 0 ms.
2026-04-24 23:04:39 INFO  org.testng.internal.Utils - [Utils] MethodGroupsHelper.collectMethodsByGroup() took 0 ms.
2026-04-24 23:04:39 INFO  org.testng.internal.Utils - [Utils] MethodGroupsHelper.sortMethods() took 0 ms.
2026-04-24 23:04:39 INFO  org.testng.internal.Utils - [Utils] MethodGroupsHelper.collectMethodsByGroup() took 0 ms.
2026-04-24 23:04:39 INFO  org.testng.internal.Utils - [Utils] MethodGroupsHelper.sortMethods() took 0 ms.
2026-04-24 23:04:39 INFO  org.testng.internal.Utils - [Utils] MethodGroupsHelper.collectMethodsByGroup() took 7 ms.
2026-04-24 23:04:39 INFO  org.testng.internal.Utils - [Utils] MethodGroupsHelper.sortMethods() took 0 ms.
2026-04-24 23:04:39 INFO  org.testng.internal.Utils - [Utils] MethodGroupsHelper.collectMethodsByGroup() took 0 ms.
2026-04-24 23:04:39 INFO  org.testng.internal.Utils - [Utils] MethodGroupsHelper.sortMethods() took 0 ms.
2026-04-24 23:04:39 INFO  org.testng.internal.Utils - [Utils] MethodGroupsHelper.collectMethodsByGroup() took 0 ms.
2026-04-24 23:04:39 INFO  org.testng.internal.Utils - [Utils] MethodGroupsHelper.sortMethods() took 0 ms.
2026-04-24 23:04:39 INFO  org.testng.internal.Utils - [TestNG] Running:
  C:\Users\Rahul\AppData\Local\Temp\testng-eclipse-1657702857\testng-customsuite.xml

2026-04-24 23:04:39 INFO  org.testng.internal.Utils - [Utils] DynamicGraphHelper.createDynamicGraph() took 8 ms.
2026-04-24 23:04:42 INFO  Hooks.Hooks - Browser is opened..!
2026-04-24 23:04:46 INFO  Hooks.Hooks - url is launched..!
2026-04-24 23:04:50 INFO  StepDefinations.ProductDetailSteps - Searching for product: Tshirts
2026-04-24 23:04:50 INFO  StepDefinations.ProductDetailSteps - Products loaded successfully on PLP
2026-04-24 23:04:51 INFO  StepDefinations.ProductDetailSteps - Clicked on product from PLP
2026-04-24 23:04:54 INFO  StepDefinations.ProductDetailSteps - No size available → Skipping Add to Bag step
2026-04-24 23:05:14 INFO  Hooks.Hooks - Driver is Quit successfully....!
2026-04-24 23:05:14 INFO  org.testng.internal.Utils - [TestNG] Time taken by org.testng.reporters.jq.Main@b0fd744: 72 ms
2026-04-24 23:05:14 INFO  org.testng.internal.Utils - [TestNG] Time taken by org.testng.reporters.FailedReporter@3a3ed300: 16 ms
2026-04-24 23:05:14 INFO  org.testng.internal.Utils - [TestNG] Time taken by org.testng.reporters.XMLReporter@68dd39d2: 10 ms
2026-04-24 23:05:14 INFO  org.testng.internal.Utils - [TestNG] Time taken by org.testng.reporters.EmailableReporter2@73a0f2b: 6 ms
2026-04-24 23:05:14 INFO  org.testng.internal.Utils - [TestNG] Time taken by org.testng.reporters.JUnitReportReporter@1faf386c: 9 ms
2026-04-24 23:05:14 INFO  org.testng.internal.Utils - [TestNG] Time taken by org.testng.internal.ExitCodeListener@4debbf0: 0 ms
2026-04-24 23:05:48 DEBUG org.testng.TestNG - suiteXmlPath: "C:\Users\Rahul\AppData\Local\Temp\testng-eclipse--1693182584\testng-customsuite.xml"
2026-04-24 23:05:48 INFO  org.testng.internal.Utils - [Utils] MethodGroupsHelper.collectMethodsByGroup() took 0 ms.
2026-04-24 23:05:48 INFO  org.testng.internal.Utils - [Utils] MethodGroupsHelper.sortMethods() took 0 ms.
2026-04-24 23:05:48 INFO  org.testng.internal.Utils - [Utils] MethodGroupsHelper.collectMethodsByGroup() took 0 ms.
2026-04-24 23:05:48 INFO  org.testng.internal.Utils - [Utils] MethodGroupsHelper.sortMethods() took 0 ms.
2026-04-24 23:05:48 INFO  org.testng.internal.Utils - [Utils] MethodGroupsHelper.collectMethodsByGroup() took 0 ms.
2026-04-24 23:05:48 INFO  org.testng.internal.Utils - [Utils] MethodGroupsHelper.sortMethods() took 0 ms.
2026-04-24 23:05:48 INFO  org.testng.internal.Utils - [Utils] MethodGroupsHelper.collectMethodsByGroup() took 0 ms.
2026-04-24 23:05:48 INFO  org.testng.internal.Utils - [Utils] MethodGroupsHelper.sortMethods() took 0 ms.
2026-04-24 23:05:48 INFO  org.testng.internal.Utils - [Utils] MethodGroupsHelper.collectMethodsByGroup() took 0 ms.
2026-04-24 23:05:48 INFO  org.testng.internal.Utils - [Utils] MethodGroupsHelper.sortMethods() took 12 ms.
2026-04-24 23:05:48 INFO  org.testng.internal.Utils - [Utils] MethodGroupsHelper.collectMethodsByGroup() took 0 ms.
2026-04-24 23:05:48 INFO  org.testng.internal.Utils - [Utils] MethodGroupsHelper.sortMethods() took 1 ms.
2026-04-24 23:05:48 INFO  org.testng.internal.Utils - [Utils] MethodGroupsHelper.collectMethodsByGroup() took 0 ms.
2026-04-24 23:05:48 INFO  org.testng.internal.Utils - [Utils] MethodGroupsHelper.sortMethods() took 0 ms.
2026-04-24 23:05:48 INFO  org.testng.internal.Utils - [Utils] MethodGroupsHelper.collectMethodsByGroup() took 0 ms.
2026-04-24 23:05:48 INFO  org.testng.internal.Utils - [Utils] MethodGroupsHelper.sortMethods() took 0 ms.
2026-04-24 23:05:48 INFO  org.testng.internal.Utils - [Utils] MethodGroupsHelper.collectMethodsByGroup() took 0 ms.
2026-04-24 23:05:48 INFO  org.testng.internal.Utils - [Utils] MethodGroupsHelper.sortMethods() took 0 ms.
2026-04-24 23:05:48 INFO  org.testng.internal.Utils - [Utils] MethodGroupsHelper.collectMethodsByGroup() took 0 ms.
2026-04-24 23:05:48 INFO  org.testng.internal.Utils - [Utils] MethodGroupsHelper.sortMethods() took 0 ms.
2026-04-24 23:05:48 INFO  org.testng.internal.Utils - [Utils] MethodGroupsHelper.collectMethodsByGroup() took 0 ms.
2026-04-24 23:05:48 INFO  org.testng.internal.Utils - [Utils] MethodGroupsHelper.sortMethods() took 0 ms.
2026-04-24 23:05:48 INFO  org.testng.internal.Utils - [Utils] MethodGroupsHelper.collectMethodsByGroup() took 0 ms.
2026-04-24 23:05:48 INFO  org.testng.internal.Utils - [Utils] MethodGroupsHelper.sortMethods() took 0 ms.
2026-04-24 23:05:48 INFO  org.testng.internal.Utils - [Utils] MethodGroupsHelper.collectMethodsByGroup() took 9 ms.
2026-04-24 23:05:48 INFO  org.testng.internal.Utils - [Utils] MethodGroupsHelper.sortMethods() took 1 ms.
2026-04-24 23:05:48 INFO  org.testng.internal.Utils - [Utils] MethodGroupsHelper.collectMethodsByGroup() took 0 ms.
2026-04-24 23:05:48 INFO  org.testng.internal.Utils - [Utils] MethodGroupsHelper.sortMethods() took 0 ms.
2026-04-24 23:05:48 INFO  org.testng.internal.Utils - [Utils] MethodGroupsHelper.collectMethodsByGroup() took 0 ms.
2026-04-24 23:05:48 INFO  org.testng.internal.Utils - [Utils] MethodGroupsHelper.sortMethods() took 0 ms.
2026-04-24 23:05:48 INFO  org.testng.internal.Utils - [TestNG] Running:
  C:\Users\Rahul\AppData\Local\Temp\testng-eclipse--1693182584\testng-customsuite.xml

2026-04-24 23:05:48 INFO  org.testng.internal.Utils - [Utils] DynamicGraphHelper.createDynamicGraph() took 4 ms.
2026-04-24 23:05:50 INFO  Hooks.Hooks - Browser is opened..!
2026-04-24 23:05:51 INFO  Hooks.Hooks - url is launched..!
2026-04-24 23:05:59 INFO  StepDefinations.ProductDetailSteps - Searching for product: Tshirts
2026-04-24 23:05:59 INFO  StepDefinations.ProductDetailSteps - Products loaded successfully on PLP
2026-04-24 23:06:00 INFO  StepDefinations.ProductDetailSteps - Clicked on product from PLP
2026-04-24 23:06:03 INFO  StepDefinations.ProductDetailSteps - Size selected
2026-04-24 23:06:34 INFO  StepDefinations.ProductDetailSteps - Product added to bag
2026-04-24 23:06:35 INFO  Hooks.Hooks - Driver is Quit successfully....!
2026-04-24 23:06:35 INFO  org.testng.internal.Utils - [TestNG] Time taken by org.testng.reporters.jq.Main@4207852d: 69 ms
2026-04-24 23:06:35 INFO  org.testng.internal.Utils - [TestNG] Time taken by org.testng.reporters.FailedReporter@839df62: 1 ms
2026-04-24 23:06:35 INFO  org.testng.internal.Utils - [TestNG] Time taken by org.testng.reporters.XMLReporter@e829999: 8 ms
2026-04-24 23:06:35 INFO  org.testng.internal.Utils - [TestNG] Time taken by org.testng.reporters.EmailableReporter2@4f2d014a: 8 ms
2026-04-24 23:06:35 INFO  org.testng.internal.Utils - [TestNG] Time taken by org.testng.reporters.JUnitReportReporter@54336976: 5 ms
2026-04-24 23:06:35 INFO  org.testng.internal.Utils - [TestNG] Time taken by org.testng.internal.ExitCodeListener@f25f48a: 1 ms
2026-04-24 23:14:32 DEBUG org.testng.TestNG - suiteXmlPath: "C:\Users\Rahul\AppData\Local\Temp\testng-eclipse--2007374650\testng-customsuite.xml"
2026-04-24 23:14:33 INFO  org.testng.internal.Utils - [Utils] MethodGroupsHelper.collectMethodsByGroup() took 1 ms.
2026-04-24 23:14:33 INFO  org.testng.internal.Utils - [Utils] MethodGroupsHelper.sortMethods() took 2 ms.
2026-04-24 23:14:33 INFO  org.testng.internal.Utils - [Utils] MethodGroupsHelper.collectMethodsByGroup() took 0 ms.
2026-04-24 23:14:33 INFO  org.testng.internal.Utils - [Utils] MethodGroupsHelper.sortMethods() took 0 ms.
2026-04-24 23:14:33 INFO  org.testng.internal.Utils - [Utils] MethodGroupsHelper.collectMethodsByGroup() took 0 ms.
2026-04-24 23:14:33 INFO  org.testng.internal.Utils - [Utils] MethodGroupsHelper.sortMethods() took 0 ms.
2026-04-24 23:14:33 INFO  org.testng.internal.Utils - [Utils] MethodGroupsHelper.collectMethodsByGroup() took 0 ms.
2026-04-24 23:14:33 INFO  org.testng.internal.Utils - [Utils] MethodGroupsHelper.sortMethods() took 0 ms.
2026-04-24 23:14:33 INFO  org.testng.internal.Utils - [Utils] MethodGroupsHelper.collectMethodsByGroup() took 0 ms.
2026-04-24 23:14:33 INFO  org.testng.internal.Utils - [Utils] MethodGroupsHelper.sortMethods() took 0 ms.
2026-04-24 23:14:33 INFO  org.testng.internal.Utils - [Utils] MethodGroupsHelper.collectMethodsByGroup() took 0 ms.
2026-04-24 23:14:33 INFO  org.testng.internal.Utils - [Utils] MethodGroupsHelper.sortMethods() took 0 ms.
2026-04-24 23:14:33 INFO  org.testng.internal.Utils - [Utils] MethodGroupsHelper.collectMethodsByGroup() took 0 ms.
2026-04-24 23:14:33 INFO  org.testng.internal.Utils - [Utils] MethodGroupsHelper.sortMethods() took 0 ms.
2026-04-24 23:14:33 INFO  org.testng.internal.Utils - [Utils] MethodGroupsHelper.collectMethodsByGroup() took 0 ms.
2026-04-24 23:14:33 INFO  org.testng.internal.Utils - [Utils] MethodGroupsHelper.sortMethods() took 0 ms.
2026-04-24 23:14:33 INFO  org.testng.internal.Utils - [Utils] MethodGroupsHelper.collectMethodsByGroup() took 8 ms.
2026-04-24 23:14:33 INFO  org.testng.internal.Utils - [Utils] MethodGroupsHelper.sortMethods() took 16 ms.
2026-04-24 23:14:33 INFO  org.testng.internal.Utils - [Utils] MethodGroupsHelper.collectMethodsByGroup() took 0 ms.
2026-04-24 23:14:33 INFO  org.testng.internal.Utils - [Utils] MethodGroupsHelper.sortMethods() took 1 ms.
2026-04-24 23:14:33 INFO  org.testng.internal.Utils - [Utils] MethodGroupsHelper.collectMethodsByGroup() took 0 ms.
2026-04-24 23:14:33 INFO  org.testng.internal.Utils - [Utils] MethodGroupsHelper.sortMethods() took 0 ms.
2026-04-24 23:14:33 INFO  org.testng.internal.Utils - [Utils] MethodGroupsHelper.collectMethodsByGroup() took 0 ms.
2026-04-24 23:14:33 INFO  org.testng.internal.Utils - [Utils] MethodGroupsHelper.sortMethods() took 0 ms.
2026-04-24 23:14:33 INFO  org.testng.internal.Utils - [Utils] MethodGroupsHelper.collectMethodsByGroup() took 9 ms.
2026-04-24 23:14:33 INFO  org.testng.internal.Utils - [Utils] MethodGroupsHelper.sortMethods() took 1 ms.
2026-04-24 23:14:33 INFO  org.testng.internal.Utils - [Utils] MethodGroupsHelper.collectMethodsByGroup() took 0 ms.
2026-04-24 23:14:33 INFO  org.testng.internal.Utils - [Utils] MethodGroupsHelper.sortMethods() took 0 ms.
2026-04-24 23:14:33 INFO  org.testng.internal.Utils - [Utils] MethodGroupsHelper.collectMethodsByGroup() took 0 ms.
2026-04-24 23:14:33 INFO  org.testng.internal.Utils - [Utils] MethodGroupsHelper.sortMethods() took 0 ms.
2026-04-24 23:14:33 INFO  org.testng.internal.Utils - [TestNG] Running:
  C:\Users\Rahul\AppData\Local\Temp\testng-eclipse--2007374650\testng-customsuite.xml

2026-04-24 23:14:33 INFO  org.testng.internal.Utils - [Utils] DynamicGraphHelper.createDynamicGraph() took 5 ms.
2026-04-24 23:14:49 INFO  org.testng.internal.Utils - [TestNG] Time taken by org.testng.reporters.jq.Main@4110765e: 69 ms
2026-04-24 23:14:49 INFO  org.testng.internal.Utils - [TestNG] Time taken by org.testng.reporters.FailedReporter@673919a7: 2 ms
2026-04-24 23:14:49 INFO  org.testng.internal.Utils - [TestNG] Time taken by org.testng.reporters.XMLReporter@64984b0f: 8 ms
2026-04-24 23:14:49 INFO  org.testng.internal.Utils - [TestNG] Time taken by org.testng.reporters.EmailableReporter2@546e61d5: 7 ms
2026-04-24 23:14:49 INFO  org.testng.internal.Utils - [TestNG] Time taken by org.testng.reporters.JUnitReportReporter@30364216: 8 ms
2026-04-24 23:14:49 INFO  org.testng.internal.Utils - [TestNG] Time taken by org.testng.internal.ExitCodeListener@38bb9d7a: 0 ms
2026-04-24 23:18:32 DEBUG org.testng.TestNG - suiteXmlPath: "C:\Users\Rahul\AppData\Local\Temp\testng-eclipse--456099378\testng-customsuite.xml"
2026-04-24 23:18:33 INFO  org.testng.internal.Utils - [Utils] MethodGroupsHelper.collectMethodsByGroup() took 1 ms.
2026-04-24 23:18:33 INFO  org.testng.internal.Utils - [Utils] MethodGroupsHelper.sortMethods() took 0 ms.
2026-04-24 23:18:33 INFO  org.testng.internal.Utils - [Utils] MethodGroupsHelper.collectMethodsByGroup() took 0 ms.
2026-04-24 23:18:33 INFO  org.testng.internal.Utils - [Utils] MethodGroupsHelper.sortMethods() took 0 ms.
2026-04-24 23:18:33 INFO  org.testng.internal.Utils - [Utils] MethodGroupsHelper.collectMethodsByGroup() took 0 ms.
2026-04-24 23:18:33 INFO  org.testng.internal.Utils - [Utils] MethodGroupsHelper.sortMethods() took 0 ms.
2026-04-24 23:18:33 INFO  org.testng.internal.Utils - [Utils] MethodGroupsHelper.collectMethodsByGroup() took 0 ms.
2026-04-24 23:18:33 INFO  org.testng.internal.Utils - [Utils] MethodGroupsHelper.sortMethods() took 0 ms.
2026-04-24 23:18:33 INFO  org.testng.internal.Utils - [Utils] MethodGroupsHelper.collectMethodsByGroup() took 0 ms.
2026-04-24 23:18:33 INFO  org.testng.internal.Utils - [Utils] MethodGroupsHelper.sortMethods() took 12 ms.
2026-04-24 23:18:33 INFO  org.testng.internal.Utils - [Utils] MethodGroupsHelper.collectMethodsByGroup() took 0 ms.
2026-04-24 23:18:33 INFO  org.testng.internal.Utils - [Utils] MethodGroupsHelper.sortMethods() took 0 ms.
2026-04-24 23:18:33 INFO  org.testng.internal.Utils - [Utils] MethodGroupsHelper.collectMethodsByGroup() took 0 ms.
2026-04-24 23:18:33 INFO  org.testng.internal.Utils - [Utils] MethodGroupsHelper.sortMethods() took 0 ms.
2026-04-24 23:18:33 INFO  org.testng.internal.Utils - [Utils] MethodGroupsHelper.collectMethodsByGroup() took 0 ms.
2026-04-24 23:18:33 INFO  org.testng.internal.Utils - [Utils] MethodGroupsHelper.sortMethods() took 0 ms.
2026-04-24 23:18:33 INFO  org.testng.internal.Utils - [Utils] MethodGroupsHelper.collectMethodsByGroup() took 0 ms.
2026-04-24 23:18:33 INFO  org.testng.internal.Utils - [Utils] MethodGroupsHelper.sortMethods() took 0 ms.
2026-04-24 23:18:33 INFO  org.testng.internal.Utils - [Utils] MethodGroupsHelper.collectMethodsByGroup() took 0 ms.
2026-04-24 23:18:33 INFO  org.testng.internal.Utils - [Utils] MethodGroupsHelper.sortMethods() took 0 ms.
2026-04-24 23:18:33 INFO  org.testng.internal.Utils - [Utils] MethodGroupsHelper.collectMethodsByGroup() took 0 ms.
2026-04-24 23:18:33 INFO  org.testng.internal.Utils - [Utils] MethodGroupsHelper.sortMethods() took 0 ms.
2026-04-24 23:18:33 INFO  org.testng.internal.Utils - [Utils] MethodGroupsHelper.collectMethodsByGroup() took 0 ms.
2026-04-24 23:18:33 INFO  org.testng.internal.Utils - [Utils] MethodGroupsHelper.sortMethods() took 0 ms.
2026-04-24 23:18:33 INFO  org.testng.internal.Utils - [Utils] MethodGroupsHelper.collectMethodsByGroup() took 7 ms.
2026-04-24 23:18:33 INFO  org.testng.internal.Utils - [Utils] MethodGroupsHelper.sortMethods() took 0 ms.
2026-04-24 23:18:33 INFO  org.testng.internal.Utils - [Utils] MethodGroupsHelper.collectMethodsByGroup() took 0 ms.
2026-04-24 23:18:33 INFO  org.testng.internal.Utils - [Utils] MethodGroupsHelper.sortMethods() took 0 ms.
2026-04-24 23:18:33 INFO  org.testng.internal.Utils - [Utils] MethodGroupsHelper.collectMethodsByGroup() took 0 ms.
2026-04-24 23:18:33 INFO  org.testng.internal.Utils - [Utils] MethodGroupsHelper.sortMethods() took 0 ms.
2026-04-24 23:18:33 INFO  org.testng.internal.Utils - [TestNG] Running:
  C:\Users\Rahul\AppData\Local\Temp\testng-eclipse--456099378\testng-customsuite.xml

2026-04-24 23:18:33 INFO  org.testng.internal.Utils - [Utils] DynamicGraphHelper.createDynamicGraph() took 9 ms.
2026-04-24 23:18:36 INFO  Hooks.Hooks - Browser is opened..!
2026-04-24 23:18:39 INFO  Hooks.Hooks - url is launched..!
2026-04-24 23:18:42 INFO  StepDefinations.ProductDetailSteps - Searching for product: Tshirts
2026-04-24 23:18:43 INFO  StepDefinations.ProductDetailSteps - Products loaded successfully on PLP
2026-04-24 23:18:43 INFO  StepDefinations.ProductDetailSteps - Clicked on product from PLP
2026-04-24 23:18:49 INFO  StepDefinations.ProductDetailSteps - user click on wishlist button to add product to wishlist without login:
2026-04-24 23:18:49 INFO  Hooks.Hooks - Driver is Quit successfully....!
2026-04-24 23:18:49 INFO  org.testng.internal.Utils - [TestNG] Time taken by org.testng.reporters.jq.Main@254449bb: 80 ms
2026-04-24 23:18:49 INFO  org.testng.internal.Utils - [TestNG] Time taken by org.testng.reporters.FailedReporter@2fd954f: 1 ms
2026-04-24 23:18:49 INFO  org.testng.internal.Utils - [TestNG] Time taken by org.testng.reporters.XMLReporter@3b1dc579: 10 ms
2026-04-24 23:18:49 INFO  org.testng.internal.Utils - [TestNG] Time taken by org.testng.reporters.EmailableReporter2@3134153d: 13 ms
2026-04-24 23:18:49 INFO  org.testng.internal.Utils - [TestNG] Time taken by org.testng.reporters.JUnitReportReporter@3468ee6e: 7 ms
2026-04-24 23:18:49 INFO  org.testng.internal.Utils - [TestNG] Time taken by org.testng.internal.ExitCodeListener@2f4b98f6: 1 ms
