2026-04-25 00:00:39 DEBUG org.testng.TestNG - suiteXmlPath: "C:\Users\Rahul\AppData\Local\Temp\testng-eclipse--1703098520\testng-customsuite.xml"
2026-04-25 00:00:40 INFO  org.testng.internal.Utils - [Utils] MethodGroupsHelper.collectMethodsByGroup() took 0 ms.
2026-04-25 00:00:40 INFO  org.testng.internal.Utils - [Utils] MethodGroupsHelper.sortMethods() took 0 ms.
2026-04-25 00:00:40 INFO  org.testng.internal.Utils - [Utils] MethodGroupsHelper.collectMethodsByGroup() took 0 ms.
2026-04-25 00:00:40 INFO  org.testng.internal.Utils - [Utils] MethodGroupsHelper.sortMethods() took 0 ms.
2026-04-25 00:00:40 INFO  org.testng.internal.Utils - [Utils] MethodGroupsHelper.collectMethodsByGroup() took 0 ms.
2026-04-25 00:00:40 INFO  org.testng.internal.Utils - [Utils] MethodGroupsHelper.sortMethods() took 0 ms.
2026-04-25 00:00:40 INFO  org.testng.internal.Utils - [Utils] MethodGroupsHelper.collectMethodsByGroup() took 0 ms.
2026-04-25 00:00:40 INFO  org.testng.internal.Utils - [Utils] MethodGroupsHelper.sortMethods() took 0 ms.
2026-04-25 00:00:40 INFO  org.testng.internal.Utils - [Utils] MethodGroupsHelper.collectMethodsByGroup() took 0 ms.
2026-04-25 00:00:40 INFO  org.testng.internal.Utils - [Utils] MethodGroupsHelper.sortMethods() took 6 ms.
2026-04-25 00:00:40 INFO  org.testng.internal.Utils - [Utils] MethodGroupsHelper.collectMethodsByGroup() took 0 ms.
2026-04-25 00:00:40 INFO  org.testng.internal.Utils - [Utils] MethodGroupsHelper.sortMethods() took 0 ms.
2026-04-25 00:00:40 INFO  org.testng.internal.Utils - [Utils] MethodGroupsHelper.collectMethodsByGroup() took 0 ms.
2026-04-25 00:00:40 INFO  org.testng.internal.Utils - [Utils] MethodGroupsHelper.sortMethods() took 0 ms.
2026-04-25 00:00:40 INFO  org.testng.internal.Utils - [Utils] MethodGroupsHelper.collectMethodsByGroup() took 0 ms.
2026-04-25 00:00:40 INFO  org.testng.internal.Utils - [Utils] MethodGroupsHelper.sortMethods() took 0 ms.
2026-04-25 00:00:40 INFO  org.testng.internal.Utils - [Utils] MethodGroupsHelper.collectMethodsByGroup() took 0 ms.
2026-04-25 00:00:40 INFO  org.testng.internal.Utils - [Utils] MethodGroupsHelper.sortMethods() took 0 ms.
2026-04-25 00:00:40 INFO  org.testng.internal.Utils - [Utils] MethodGroupsHelper.collectMethodsByGroup() took 0 ms.
2026-04-25 00:00:40 INFO  org.testng.internal.Utils - [Utils] MethodGroupsHelper.sortMethods() took 0 ms.
2026-04-25 00:00:40 INFO  org.testng.internal.Utils - [Utils] MethodGroupsHelper.collectMethodsByGroup() took 0 ms.
2026-04-25 00:00:40 INFO  org.testng.internal.Utils - [Utils] MethodGroupsHelper.sortMethods() took 0 ms.
2026-04-25 00:00:40 INFO  org.testng.internal.Utils - [Utils] MethodGroupsHelper.collectMethodsByGroup() took 0 ms.
2026-04-25 00:00:40 INFO  org.testng.internal.Utils - [Utils] MethodGroupsHelper.sortMethods() took 0 ms.
2026-04-25 00:00:40 INFO  org.testng.internal.Utils - [Utils] MethodGroupsHelper.collectMethodsByGroup() took 3 ms.
2026-04-25 00:00:40 INFO  org.testng.internal.Utils - [Utils] MethodGroupsHelper.sortMethods() took 0 ms.
2026-04-25 00:00:40 INFO  org.testng.internal.Utils - [Utils] MethodGroupsHelper.collectMethodsByGroup() took 0 ms.
2026-04-25 00:00:40 INFO  org.testng.internal.Utils - [Utils] MethodGroupsHelper.sortMethods() took 0 ms.
2026-04-25 00:00:40 INFO  org.testng.internal.Utils - [Utils] MethodGroupsHelper.collectMethodsByGroup() took 0 ms.
2026-04-25 00:00:40 INFO  org.testng.internal.Utils - [Utils] MethodGroupsHelper.sortMethods() took 0 ms.
2026-04-25 00:00:40 INFO  org.testng.internal.Utils - [TestNG] Running:
  C:\Users\Rahul\AppData\Local\Temp\testng-eclipse--1703098520\testng-customsuite.xml

2026-04-25 00:00:40 INFO  org.testng.internal.Utils - [Utils] DynamicGraphHelper.createDynamicGraph() took 3 ms.
2026-04-25 00:00:43 INFO  Hooks.Hooks - Browser is opened..!
2026-04-25 00:00:45 INFO  Hooks.Hooks - url is launched..!
2026-04-25 00:00:47 INFO  StepDefinations.ProductDetailSteps - Searching for product: Tshirts
2026-04-25 00:00:47 INFO  StepDefinations.ProductDetailSteps - Products loaded successfully on PLP
2026-04-25 00:00:48 INFO  StepDefinations.ProductDetailSteps - Clicked on product from PLP
2026-04-25 00:00:49 INFO  StepDefinations.ProductDetailSteps - Product Title: KEESOR
2026-04-25 00:00:50 INFO  Hooks.Hooks - Driver is Quit successfully....!
2026-04-25 00:00:51 INFO  Hooks.Hooks - Browser is opened..!
2026-04-25 00:00:53 INFO  Hooks.Hooks - url is launched..!
2026-04-25 00:00:56 INFO  StepDefinations.ProductDetailSteps - Searching for product: Tshirts
2026-04-25 00:00:56 INFO  StepDefinations.ProductDetailSteps - Products loaded successfully on PLP
2026-04-25 00:00:56 INFO  StepDefinations.ProductDetailSteps - Clicked on product from PLP
2026-04-25 00:00:58 INFO  StepDefinations.ProductDetailSteps - Product Title: KEESOR
2026-04-25 00:00:58 INFO  StepDefinations.ProductDetailSteps - Product Price: ₹199
2026-04-25 00:00:58 INFO  Hooks.Hooks - Driver is Quit successfully....!
2026-04-25 00:00:59 INFO  Hooks.Hooks - Browser is opened..!
2026-04-25 00:01:01 INFO  Hooks.Hooks - url is launched..!
2026-04-25 00:01:04 INFO  StepDefinations.ProductDetailSteps - Searching for product: Tshirts
2026-04-25 00:01:04 INFO  StepDefinations.ProductDetailSteps - Products loaded successfully on PLP
2026-04-25 00:01:04 INFO  StepDefinations.ProductDetailSteps - Clicked on product from PLP
2026-04-25 00:01:06 INFO  StepDefinations.ProductDetailSteps - No size available → Skipping Add to Bag step
2026-04-25 00:01:36 INFO  Hooks.Hooks - Driver is Quit successfully....!
2026-04-25 00:01:37 INFO  Hooks.Hooks - Browser is opened..!
2026-04-25 00:01:39 INFO  Hooks.Hooks - url is launched..!
2026-04-25 00:01:42 INFO  StepDefinations.ProductDetailSteps - Searching for product: Tshirts
2026-04-25 00:01:42 INFO  StepDefinations.ProductDetailSteps - Products loaded successfully on PLP
2026-04-25 00:01:42 INFO  StepDefinations.ProductDetailSteps - Clicked on product from PLP
2026-04-25 00:01:46 INFO  StepDefinations.ProductDetailSteps - user click on wishlist button to add product to wishlist without login:
2026-04-25 00:01:46 INFO  Hooks.Hooks - Driver is Quit successfully....!
2026-04-25 00:01:47 INFO  Hooks.Hooks - Browser is opened..!
2026-04-25 00:01:51 INFO  Hooks.Hooks - url is launched..!
2026-04-25 00:01:53 INFO  StepDefinations.ProductDetailSteps - Searching for product: Tshirts
2026-04-25 00:01:53 INFO  StepDefinations.ProductDetailSteps - Products loaded successfully on PLP
2026-04-25 00:01:54 INFO  StepDefinations.ProductDetailSteps - Clicked on product from PLP
2026-04-25 00:01:58 INFO  StepDefinations.ProductDetailSteps - Searching for product: Tshirts
2026-04-25 00:01:58 INFO  StepDefinations.ProductDetailSteps - Products loaded successfully on PLP
2026-04-25 00:01:58 INFO  StepDefinations.ProductDetailSteps - Clicked on product from PLP
2026-04-25 00:01:58 INFO  StepDefinations.ProductDetailSteps - Testing pincode: 411001
2026-04-25 00:02:11 INFO  StepDefinations.ProductDetailSteps - Valid pincode → 411001 | Message: Get it by Fri, May 01
2026-04-25 00:02:11 INFO  StepDefinations.ProductDetailSteps - Testing pincode: 560001
2026-04-25 00:02:23 INFO  StepDefinations.ProductDetailSteps - Valid pincode → 560001 | Message: Get it by Mon, Apr 27
2026-04-25 00:02:23 INFO  StepDefinations.ProductDetailSteps - Testing pincode: 000000
2026-04-25 00:02:54 INFO  Hooks.Hooks - Driver is Quit successfully....!
2026-04-25 00:02:54 INFO  org.testng.internal.Utils - [TestNG] Time taken by org.testng.reporters.jq.Main@dc8b2ff: 35 ms
2026-04-25 00:02:54 INFO  org.testng.internal.Utils - [TestNG] Time taken by org.testng.reporters.FailedReporter@1884e671: 12 ms
2026-04-25 00:02:54 INFO  org.testng.internal.Utils - [TestNG] Time taken by org.testng.reporters.XMLReporter@1de12397: 8 ms
2026-04-25 00:02:54 INFO  org.testng.internal.Utils - [TestNG] Time taken by org.testng.reporters.EmailableReporter2@5d3b6585: 4 ms
2026-04-25 00:02:54 INFO  org.testng.internal.Utils - [TestNG] Time taken by org.testng.reporters.JUnitReportReporter@65f5cae3: 4 ms
2026-04-25 00:02:54 INFO  org.testng.internal.Utils - [TestNG] Time taken by org.testng.internal.ExitCodeListener@6630dd28: 0 ms
2026-04-25 00:04:41 DEBUG org.testng.TestNG - suiteXmlPath: "C:\Users\Rahul\AppData\Local\Temp\testng-eclipse-2083751752\testng-customsuite.xml"
2026-04-25 00:04:41 INFO  org.testng.internal.Utils - [Utils] MethodGroupsHelper.collectMethodsByGroup() took 1 ms.
2026-04-25 00:04:41 INFO  org.testng.internal.Utils - [Utils] MethodGroupsHelper.sortMethods() took 1 ms.
2026-04-25 00:04:41 INFO  org.testng.internal.Utils - [Utils] MethodGroupsHelper.collectMethodsByGroup() took 0 ms.
2026-04-25 00:04:41 INFO  org.testng.internal.Utils - [Utils] MethodGroupsHelper.sortMethods() took 0 ms.
2026-04-25 00:04:41 INFO  org.testng.internal.Utils - [Utils] MethodGroupsHelper.collectMethodsByGroup() took 0 ms.
2026-04-25 00:04:41 INFO  org.testng.internal.Utils - [Utils] MethodGroupsHelper.sortMethods() took 0 ms.
2026-04-25 00:04:41 INFO  org.testng.internal.Utils - [Utils] MethodGroupsHelper.collectMethodsByGroup() took 0 ms.
2026-04-25 00:04:41 INFO  org.testng.internal.Utils - [Utils] MethodGroupsHelper.sortMethods() took 0 ms.
2026-04-25 00:04:41 INFO  org.testng.internal.Utils - [Utils] MethodGroupsHelper.collectMethodsByGroup() took 0 ms.
2026-04-25 00:04:41 INFO  org.testng.internal.Utils - [Utils] MethodGroupsHelper.sortMethods() took 6 ms.
2026-04-25 00:04:41 INFO  org.testng.internal.Utils - [Utils] MethodGroupsHelper.collectMethodsByGroup() took 0 ms.
2026-04-25 00:04:41 INFO  org.testng.internal.Utils - [Utils] MethodGroupsHelper.sortMethods() took 1 ms.
2026-04-25 00:04:41 INFO  org.testng.internal.Utils - [Utils] MethodGroupsHelper.collectMethodsByGroup() took 0 ms.
2026-04-25 00:04:41 INFO  org.testng.internal.Utils - [Utils] MethodGroupsHelper.sortMethods() took 0 ms.
2026-04-25 00:04:41 INFO  org.testng.internal.Utils - [Utils] MethodGroupsHelper.collectMethodsByGroup() took 0 ms.
2026-04-25 00:04:41 INFO  org.testng.internal.Utils - [Utils] MethodGroupsHelper.sortMethods() took 0 ms.
2026-04-25 00:04:41 INFO  org.testng.internal.Utils - [Utils] MethodGroupsHelper.collectMethodsByGroup() took 0 ms.
2026-04-25 00:04:41 INFO  org.testng.internal.Utils - [Utils] MethodGroupsHelper.sortMethods() took 0 ms.
2026-04-25 00:04:41 INFO  org.testng.internal.Utils - [Utils] MethodGroupsHelper.collectMethodsByGroup() took 0 ms.
2026-04-25 00:04:41 INFO  org.testng.internal.Utils - [Utils] MethodGroupsHelper.sortMethods() took 0 ms.
2026-04-25 00:04:41 INFO  org.testng.internal.Utils - [Utils] MethodGroupsHelper.collectMethodsByGroup() took 0 ms.
2026-04-25 00:04:41 INFO  org.testng.internal.Utils - [Utils] MethodGroupsHelper.sortMethods() took 0 ms.
2026-04-25 00:04:41 INFO  org.testng.internal.Utils - [Utils] MethodGroupsHelper.collectMethodsByGroup() took 0 ms.
2026-04-25 00:04:41 INFO  org.testng.internal.Utils - [Utils] MethodGroupsHelper.sortMethods() took 0 ms.
2026-04-25 00:04:41 INFO  org.testng.internal.Utils - [Utils] MethodGroupsHelper.collectMethodsByGroup() took 3 ms.
2026-04-25 00:04:41 INFO  org.testng.internal.Utils - [Utils] MethodGroupsHelper.sortMethods() took 0 ms.
2026-04-25 00:04:41 INFO  org.testng.internal.Utils - [Utils] MethodGroupsHelper.collectMethodsByGroup() took 0 ms.
2026-04-25 00:04:41 INFO  org.testng.internal.Utils - [Utils] MethodGroupsHelper.sortMethods() took 0 ms.
2026-04-25 00:04:41 INFO  org.testng.internal.Utils - [Utils] MethodGroupsHelper.collectMethodsByGroup() took 0 ms.
2026-04-25 00:04:41 INFO  org.testng.internal.Utils - [Utils] MethodGroupsHelper.sortMethods() took 0 ms.
2026-04-25 00:04:41 INFO  org.testng.internal.Utils - [TestNG] Running:
  C:\Users\Rahul\AppData\Local\Temp\testng-eclipse-2083751752\testng-customsuite.xml

2026-04-25 00:04:41 INFO  org.testng.internal.Utils - [Utils] DynamicGraphHelper.createDynamicGraph() took 5 ms.
2026-04-25 00:04:43 INFO  Hooks.Hooks - Browser is opened..!
2026-04-25 00:04:47 INFO  Hooks.Hooks - url is launched..!
2026-04-25 00:04:49 INFO  StepDefinations.ProductDetailSteps - Searching for product: Tshirts
2026-04-25 00:04:49 INFO  StepDefinations.ProductDetailSteps - Products loaded successfully on PLP
2026-04-25 00:04:50 INFO  StepDefinations.ProductDetailSteps - Clicked on product from PLP
2026-04-25 00:04:53 INFO  StepDefinations.ProductDetailSteps - user click on wishlist button to add product to wishlist without login:
2026-04-25 00:04:54 INFO  Hooks.Hooks - Driver is Quit successfully....!
2026-04-25 00:04:55 INFO  Hooks.Hooks - Browser is opened..!
2026-04-25 00:04:57 INFO  Hooks.Hooks - url is launched..!
2026-04-25 00:04:59 INFO  StepDefinations.ProductDetailSteps - Searching for product: Tshirts
2026-04-25 00:04:59 INFO  StepDefinations.ProductDetailSteps - Products loaded successfully on PLP
2026-04-25 00:05:00 INFO  StepDefinations.ProductDetailSteps - Clicked on product from PLP
2026-04-25 00:05:02 INFO  Hooks.Hooks - Driver is Quit successfully....!
2026-04-25 00:05:02 INFO  org.testng.internal.Utils - [TestNG] Time taken by org.testng.reporters.jq.Main@798dad3d: 40 ms
2026-04-25 00:05:02 INFO  org.testng.internal.Utils - [TestNG] Time taken by org.testng.reporters.FailedReporter@31b82e0f: 13 ms
2026-04-25 00:05:02 INFO  org.testng.internal.Utils - [TestNG] Time taken by org.testng.reporters.XMLReporter@f9cab00: 8 ms
2026-04-25 00:05:02 INFO  org.testng.internal.Utils - [TestNG] Time taken by org.testng.reporters.EmailableReporter2@1faf386c: 5 ms
2026-04-25 00:05:02 INFO  org.testng.internal.Utils - [TestNG] Time taken by org.testng.reporters.JUnitReportReporter@5a917723: 6 ms
2026-04-25 00:05:02 INFO  org.testng.internal.Utils - [TestNG] Time taken by org.testng.internal.ExitCodeListener@7e4579c7: 0 ms
2026-04-25 00:15:36 DEBUG org.testng.TestNG - suiteXmlPath: "C:\Users\Rahul\AppData\Local\Temp\testng-eclipse-1297091849\testng-customsuite.xml"
2026-04-25 00:15:36 INFO  org.testng.internal.Utils - [Utils] MethodGroupsHelper.collectMethodsByGroup() took 0 ms.
2026-04-25 00:15:36 INFO  org.testng.internal.Utils - [Utils] MethodGroupsHelper.sortMethods() took 2 ms.
2026-04-25 00:15:36 INFO  org.testng.internal.Utils - [Utils] MethodGroupsHelper.collectMethodsByGroup() took 0 ms.
2026-04-25 00:15:36 INFO  org.testng.internal.Utils - [Utils] MethodGroupsHelper.sortMethods() took 0 ms.
2026-04-25 00:15:36 INFO  org.testng.internal.Utils - [Utils] MethodGroupsHelper.collectMethodsByGroup() took 0 ms.
2026-04-25 00:15:36 INFO  org.testng.internal.Utils - [Utils] MethodGroupsHelper.sortMethods() took 0 ms.
2026-04-25 00:15:36 INFO  org.testng.internal.Utils - [Utils] MethodGroupsHelper.collectMethodsByGroup() took 0 ms.
2026-04-25 00:15:36 INFO  org.testng.internal.Utils - [Utils] MethodGroupsHelper.sortMethods() took 0 ms.
2026-04-25 00:15:36 INFO  org.testng.internal.Utils - [Utils] MethodGroupsHelper.collectMethodsByGroup() took 0 ms.
2026-04-25 00:15:36 INFO  org.testng.internal.Utils - [Utils] MethodGroupsHelper.sortMethods() took 8 ms.
2026-04-25 00:15:36 INFO  org.testng.internal.Utils - [Utils] MethodGroupsHelper.collectMethodsByGroup() took 0 ms.
2026-04-25 00:15:36 INFO  org.testng.internal.Utils - [Utils] MethodGroupsHelper.sortMethods() took 1 ms.
2026-04-25 00:15:36 INFO  org.testng.internal.Utils - [Utils] MethodGroupsHelper.collectMethodsByGroup() took 0 ms.
2026-04-25 00:15:36 INFO  org.testng.internal.Utils - [Utils] MethodGroupsHelper.sortMethods() took 0 ms.
2026-04-25 00:15:36 INFO  org.testng.internal.Utils - [Utils] MethodGroupsHelper.collectMethodsByGroup() took 0 ms.
2026-04-25 00:15:36 INFO  org.testng.internal.Utils - [Utils] MethodGroupsHelper.sortMethods() took 0 ms.
2026-04-25 00:15:36 INFO  org.testng.internal.Utils - [Utils] MethodGroupsHelper.collectMethodsByGroup() took 0 ms.
2026-04-25 00:15:36 INFO  org.testng.internal.Utils - [Utils] MethodGroupsHelper.sortMethods() took 0 ms.
2026-04-25 00:15:36 INFO  org.testng.internal.Utils - [Utils] MethodGroupsHelper.collectMethodsByGroup() took 0 ms.
2026-04-25 00:15:36 INFO  org.testng.internal.Utils - [Utils] MethodGroupsHelper.sortMethods() took 0 ms.
2026-04-25 00:15:36 INFO  org.testng.internal.Utils - [Utils] MethodGroupsHelper.collectMethodsByGroup() took 0 ms.
2026-04-25 00:15:36 INFO  org.testng.internal.Utils - [Utils] MethodGroupsHelper.sortMethods() took 0 ms.
2026-04-25 00:15:36 INFO  org.testng.internal.Utils - [Utils] MethodGroupsHelper.collectMethodsByGroup() took 0 ms.
2026-04-25 00:15:36 INFO  org.testng.internal.Utils - [Utils] MethodGroupsHelper.sortMethods() took 0 ms.
2026-04-25 00:15:36 INFO  org.testng.internal.Utils - [Utils] MethodGroupsHelper.collectMethodsByGroup() took 5 ms.
2026-04-25 00:15:36 INFO  org.testng.internal.Utils - [Utils] MethodGroupsHelper.sortMethods() took 0 ms.
2026-04-25 00:15:36 INFO  org.testng.internal.Utils - [Utils] MethodGroupsHelper.collectMethodsByGroup() took 0 ms.
2026-04-25 00:15:36 INFO  org.testng.internal.Utils - [Utils] MethodGroupsHelper.sortMethods() took 0 ms.
2026-04-25 00:15:36 INFO  org.testng.internal.Utils - [Utils] MethodGroupsHelper.collectMethodsByGroup() took 0 ms.
2026-04-25 00:15:36 INFO  org.testng.internal.Utils - [Utils] MethodGroupsHelper.sortMethods() took 0 ms.
2026-04-25 00:15:36 INFO  org.testng.internal.Utils - [TestNG] Running:
  C:\Users\Rahul\AppData\Local\Temp\testng-eclipse-1297091849\testng-customsuite.xml

2026-04-25 00:15:36 INFO  org.testng.internal.Utils - [Utils] DynamicGraphHelper.createDynamicGraph() took 7 ms.
2026-04-25 00:15:38 INFO  Hooks.Hooks - Browser is opened..!
2026-04-25 00:15:41 INFO  Hooks.Hooks - url is launched..!
2026-04-25 00:15:44 INFO  StepDefinations.ProductDetailSteps - Searching for product: Tshirts
2026-04-25 00:15:44 INFO  StepDefinations.ProductDetailSteps - Products loaded successfully on PLP
2026-04-25 00:15:45 INFO  StepDefinations.ProductDetailSteps - Clicked on product from PLP
2026-04-25 00:15:48 INFO  StepDefinations.ProductDetailSteps - user click on wishlist button to add product to wishlist without login:
2026-04-25 00:15:48 INFO  Hooks.Hooks - Driver is Quit successfully....!
2026-04-25 00:15:49 INFO  Hooks.Hooks - Browser is opened..!
2026-04-25 00:15:52 INFO  Hooks.Hooks - url is launched..!
2026-04-25 00:15:55 INFO  StepDefinations.ProductDetailSteps - Searching for product: Tshirts
2026-04-25 00:15:55 INFO  StepDefinations.ProductDetailSteps - Products loaded successfully on PLP
2026-04-25 00:15:55 INFO  StepDefinations.ProductDetailSteps - Clicked on product from PLP
2026-04-25 00:15:59 INFO  StepDefinations.ProductDetailSteps - Searching for product: Tshirts
2026-04-25 00:15:59 INFO  StepDefinations.ProductDetailSteps - Products loaded successfully on PLP
2026-04-25 00:16:00 INFO  StepDefinations.ProductDetailSteps - Clicked on product from PLP
2026-04-25 00:16:00 INFO  StepDefinations.ProductDetailSteps - Testing pincode: 411001
2026-04-25 00:16:13 INFO  StepDefinations.ProductDetailSteps - Valid pincode → 411001 | Message: Get it by Fri, May 01
2026-04-25 00:16:13 INFO  StepDefinations.ProductDetailSteps - Testing pincode: 560001
2026-04-25 00:16:24 INFO  StepDefinations.ProductDetailSteps - Valid pincode → 560001 | Message: Get it by Mon, Apr 27
2026-04-25 00:16:25 INFO  StepDefinations.ProductDetailSteps - Testing pincode: 000000
2026-04-25 00:16:56 INFO  Hooks.Hooks - Driver is Quit successfully....!
2026-04-25 00:16:56 INFO  org.testng.internal.Utils - [TestNG] Time taken by org.testng.reporters.jq.Main@4438938e: 36 ms
2026-04-25 00:16:56 INFO  org.testng.internal.Utils - [TestNG] Time taken by org.testng.reporters.FailedReporter@10e56da9: 10 ms
2026-04-25 00:16:56 INFO  org.testng.internal.Utils - [TestNG] Time taken by org.testng.reporters.XMLReporter@4ff66917: 7 ms
2026-04-25 00:16:56 INFO  org.testng.internal.Utils - [TestNG] Time taken by org.testng.reporters.EmailableReporter2@fe8aaeb: 6 ms
2026-04-25 00:16:56 INFO  org.testng.internal.Utils - [TestNG] Time taken by org.testng.reporters.JUnitReportReporter@6a6da47a: 8 ms
2026-04-25 00:16:56 INFO  org.testng.internal.Utils - [TestNG] Time taken by org.testng.internal.ExitCodeListener@8f39224: 0 ms
2026-04-25 00:17:37 DEBUG org.testng.TestNG - suiteXmlPath: "C:\Users\Rahul\AppData\Local\Temp\testng-eclipse--1079553537\testng-customsuite.xml"
2026-04-25 00:17:38 INFO  org.testng.internal.Utils - [Utils] MethodGroupsHelper.collectMethodsByGroup() took 0 ms.
2026-04-25 00:17:38 INFO  org.testng.internal.Utils - [Utils] MethodGroupsHelper.sortMethods() took 1 ms.
2026-04-25 00:17:38 INFO  org.testng.internal.Utils - [Utils] MethodGroupsHelper.collectMethodsByGroup() took 0 ms.
2026-04-25 00:17:38 INFO  org.testng.internal.Utils - [Utils] MethodGroupsHelper.sortMethods() took 0 ms.
2026-04-25 00:17:38 INFO  org.testng.internal.Utils - [Utils] MethodGroupsHelper.collectMethodsByGroup() took 0 ms.
2026-04-25 00:17:38 INFO  org.testng.internal.Utils - [Utils] MethodGroupsHelper.sortMethods() took 0 ms.
2026-04-25 00:17:38 INFO  org.testng.internal.Utils - [Utils] MethodGroupsHelper.collectMethodsByGroup() took 0 ms.
2026-04-25 00:17:38 INFO  org.testng.internal.Utils - [Utils] MethodGroupsHelper.sortMethods() took 0 ms.
2026-04-25 00:17:38 INFO  org.testng.internal.Utils - [Utils] MethodGroupsHelper.collectMethodsByGroup() took 0 ms.
2026-04-25 00:17:38 INFO  org.testng.internal.Utils - [Utils] MethodGroupsHelper.sortMethods() took 7 ms.
2026-04-25 00:17:38 INFO  org.testng.internal.Utils - [Utils] MethodGroupsHelper.collectMethodsByGroup() took 0 ms.
2026-04-25 00:17:38 INFO  org.testng.internal.Utils - [Utils] MethodGroupsHelper.sortMethods() took 1 ms.
2026-04-25 00:17:38 INFO  org.testng.internal.Utils - [Utils] MethodGroupsHelper.collectMethodsByGroup() took 0 ms.
2026-04-25 00:17:38 INFO  org.testng.internal.Utils - [Utils] MethodGroupsHelper.sortMethods() took 0 ms.
2026-04-25 00:17:38 INFO  org.testng.internal.Utils - [Utils] MethodGroupsHelper.collectMethodsByGroup() took 0 ms.
2026-04-25 00:17:38 INFO  org.testng.internal.Utils - [Utils] MethodGroupsHelper.sortMethods() took 0 ms.
2026-04-25 00:17:38 INFO  org.testng.internal.Utils - [Utils] MethodGroupsHelper.collectMethodsByGroup() took 0 ms.
2026-04-25 00:17:38 INFO  org.testng.internal.Utils - [Utils] MethodGroupsHelper.sortMethods() took 0 ms.
2026-04-25 00:17:38 INFO  org.testng.internal.Utils - [Utils] MethodGroupsHelper.collectMethodsByGroup() took 0 ms.
2026-04-25 00:17:38 INFO  org.testng.internal.Utils - [Utils] MethodGroupsHelper.sortMethods() took 0 ms.
2026-04-25 00:17:38 INFO  org.testng.internal.Utils - [Utils] MethodGroupsHelper.collectMethodsByGroup() took 0 ms.
2026-04-25 00:17:38 INFO  org.testng.internal.Utils - [Utils] MethodGroupsHelper.sortMethods() took 0 ms.
2026-04-25 00:17:38 INFO  org.testng.internal.Utils - [Utils] MethodGroupsHelper.collectMethodsByGroup() took 0 ms.
2026-04-25 00:17:38 INFO  org.testng.internal.Utils - [Utils] MethodGroupsHelper.sortMethods() took 0 ms.
2026-04-25 00:17:38 INFO  org.testng.internal.Utils - [Utils] MethodGroupsHelper.collectMethodsByGroup() took 6 ms.
2026-04-25 00:17:38 INFO  org.testng.internal.Utils - [Utils] MethodGroupsHelper.sortMethods() took 1 ms.
2026-04-25 00:17:38 INFO  org.testng.internal.Utils - [Utils] MethodGroupsHelper.collectMethodsByGroup() took 0 ms.
2026-04-25 00:17:38 INFO  org.testng.internal.Utils - [Utils] MethodGroupsHelper.sortMethods() took 1 ms.
2026-04-25 00:17:38 INFO  org.testng.internal.Utils - [Utils] MethodGroupsHelper.collectMethodsByGroup() took 0 ms.
2026-04-25 00:17:38 INFO  org.testng.internal.Utils - [Utils] MethodGroupsHelper.sortMethods() took 0 ms.
2026-04-25 00:17:38 INFO  org.testng.internal.Utils - [TestNG] Running:
  C:\Users\Rahul\AppData\Local\Temp\testng-eclipse--1079553537\testng-customsuite.xml

2026-04-25 00:17:38 INFO  org.testng.internal.Utils - [Utils] DynamicGraphHelper.createDynamicGraph() took 4 ms.
2026-04-25 00:17:40 INFO  Hooks.Hooks - Browser is opened..!
2026-04-25 00:17:43 INFO  Hooks.Hooks - url is launched..!
2026-04-25 00:17:46 INFO  StepDefinations.ProductDetailSteps - Searching for product: Tshirts
2026-04-25 00:17:46 INFO  StepDefinations.ProductDetailSteps - Products loaded successfully on PLP
2026-04-25 00:17:46 INFO  StepDefinations.ProductDetailSteps - Clicked on product from PLP
2026-04-25 00:17:51 INFO  StepDefinations.ProductDetailSteps - Searching for product: Tshirts
2026-04-25 00:17:51 INFO  StepDefinations.ProductDetailSteps - Products loaded successfully on PLP
2026-04-25 00:17:51 INFO  StepDefinations.ProductDetailSteps - Clicked on product from PLP
2026-04-25 00:17:51 INFO  StepDefinations.ProductDetailSteps - Testing pincode: 411001
2026-04-25 00:18:04 INFO  StepDefinations.ProductDetailSteps - Valid pincode → 411001 | Message: Get it by Fri, May 01
2026-04-25 00:18:04 INFO  StepDefinations.ProductDetailSteps - Testing pincode: 560001
2026-04-25 00:18:16 INFO  StepDefinations.ProductDetailSteps - Valid pincode → 560001 | Message: Get it by Mon, Apr 27
2026-04-25 00:18:16 INFO  StepDefinations.ProductDetailSteps - Testing pincode: 000000
2026-04-25 00:18:47 INFO  Hooks.Hooks - Driver is Quit successfully....!
2026-04-25 00:18:47 INFO  org.testng.internal.Utils - [TestNG] Time taken by org.testng.reporters.jq.Main@10e9a5fe: 35 ms
2026-04-25 00:18:47 INFO  org.testng.internal.Utils - [TestNG] Time taken by org.testng.reporters.FailedReporter@1cde374: 11 ms
2026-04-25 00:18:47 INFO  org.testng.internal.Utils - [TestNG] Time taken by org.testng.reporters.XMLReporter@4e48462d: 6 ms
2026-04-25 00:18:47 INFO  org.testng.internal.Utils - [TestNG] Time taken by org.testng.reporters.EmailableReporter2@33d230ce: 7 ms
2026-04-25 00:18:47 INFO  org.testng.internal.Utils - [TestNG] Time taken by org.testng.reporters.JUnitReportReporter@5d7f8467: 6 ms
2026-04-25 00:18:47 INFO  org.testng.internal.Utils - [TestNG] Time taken by org.testng.internal.ExitCodeListener@29bd85db: 0 ms
2026-04-25 00:24:22 DEBUG org.testng.TestNG - suiteXmlPath: "C:\Users\Rahul\AppData\Local\Temp\testng-eclipse-1353412973\testng-customsuite.xml"
2026-04-25 00:24:23 INFO  org.testng.internal.Utils - [Utils] MethodGroupsHelper.collectMethodsByGroup() took 0 ms.
2026-04-25 00:24:23 INFO  org.testng.internal.Utils - [Utils] MethodGroupsHelper.sortMethods() took 0 ms.
2026-04-25 00:24:23 INFO  org.testng.internal.Utils - [Utils] MethodGroupsHelper.collectMethodsByGroup() took 0 ms.
2026-04-25 00:24:23 INFO  org.testng.internal.Utils - [Utils] MethodGroupsHelper.sortMethods() took 0 ms.
2026-04-25 00:24:23 INFO  org.testng.internal.Utils - [Utils] MethodGroupsHelper.collectMethodsByGroup() took 0 ms.
2026-04-25 00:24:23 INFO  org.testng.internal.Utils - [Utils] MethodGroupsHelper.sortMethods() took 0 ms.
2026-04-25 00:24:23 INFO  org.testng.internal.Utils - [Utils] MethodGroupsHelper.collectMethodsByGroup() took 0 ms.
2026-04-25 00:24:23 INFO  org.testng.internal.Utils - [Utils] MethodGroupsHelper.sortMethods() took 0 ms.
2026-04-25 00:24:23 INFO  org.testng.internal.Utils - [Utils] MethodGroupsHelper.collectMethodsByGroup() took 0 ms.
2026-04-25 00:24:23 INFO  org.testng.internal.Utils - [Utils] MethodGroupsHelper.sortMethods() took 6 ms.
2026-04-25 00:24:23 INFO  org.testng.internal.Utils - [Utils] MethodGroupsHelper.collectMethodsByGroup() took 0 ms.
2026-04-25 00:24:23 INFO  org.testng.internal.Utils - [Utils] MethodGroupsHelper.sortMethods() took 0 ms.
2026-04-25 00:24:23 INFO  org.testng.internal.Utils - [Utils] MethodGroupsHelper.collectMethodsByGroup() took 0 ms.
2026-04-25 00:24:23 INFO  org.testng.internal.Utils - [Utils] MethodGroupsHelper.sortMethods() took 0 ms.
2026-04-25 00:24:23 INFO  org.testng.internal.Utils - [Utils] MethodGroupsHelper.collectMethodsByGroup() took 0 ms.
2026-04-25 00:24:23 INFO  org.testng.internal.Utils - [Utils] MethodGroupsHelper.sortMethods() took 0 ms.
2026-04-25 00:24:23 INFO  org.testng.internal.Utils - [Utils] MethodGroupsHelper.collectMethodsByGroup() took 0 ms.
2026-04-25 00:24:23 INFO  org.testng.internal.Utils - [Utils] MethodGroupsHelper.sortMethods() took 0 ms.
2026-04-25 00:24:23 INFO  org.testng.internal.Utils - [Utils] MethodGroupsHelper.collectMethodsByGroup() took 0 ms.
2026-04-25 00:24:23 INFO  org.testng.internal.Utils - [Utils] MethodGroupsHelper.sortMethods() took 0 ms.
2026-04-25 00:24:23 INFO  org.testng.internal.Utils - [Utils] MethodGroupsHelper.collectMethodsByGroup() took 0 ms.
2026-04-25 00:24:23 INFO  org.testng.internal.Utils - [Utils] MethodGroupsHelper.sortMethods() took 0 ms.
2026-04-25 00:24:23 INFO  org.testng.internal.Utils - [Utils] MethodGroupsHelper.collectMethodsByGroup() took 0 ms.
2026-04-25 00:24:23 INFO  org.testng.internal.Utils - [Utils] MethodGroupsHelper.sortMethods() took 0 ms.
2026-04-25 00:24:23 INFO  org.testng.internal.Utils - [Utils] MethodGroupsHelper.collectMethodsByGroup() took 4 ms.
2026-04-25 00:24:23 INFO  org.testng.internal.Utils - [Utils] MethodGroupsHelper.sortMethods() took 0 ms.
2026-04-25 00:24:23 INFO  org.testng.internal.Utils - [Utils] MethodGroupsHelper.collectMethodsByGroup() took 0 ms.
2026-04-25 00:24:23 INFO  org.testng.internal.Utils - [Utils] MethodGroupsHelper.sortMethods() took 0 ms.
2026-04-25 00:24:23 INFO  org.testng.internal.Utils - [Utils] MethodGroupsHelper.collectMethodsByGroup() took 0 ms.
2026-04-25 00:24:23 INFO  org.testng.internal.Utils - [Utils] MethodGroupsHelper.sortMethods() took 0 ms.
2026-04-25 00:24:23 INFO  org.testng.internal.Utils - [TestNG] Running:
  C:\Users\Rahul\AppData\Local\Temp\testng-eclipse-1353412973\testng-customsuite.xml

2026-04-25 00:24:23 INFO  org.testng.internal.Utils - [Utils] DynamicGraphHelper.createDynamicGraph() took 4 ms.
2026-04-25 00:24:24 INFO  Hooks.Hooks - Browser is opened..!
2026-04-25 00:24:28 INFO  Hooks.Hooks - url is launched..!
2026-04-25 00:24:30 INFO  StepDefinations.ProductDetailSteps - Searching for product: Tshirts
2026-04-25 00:24:30 INFO  StepDefinations.ProductDetailSteps - Products loaded successfully on PLP
2026-04-25 00:24:31 INFO  StepDefinations.ProductDetailSteps - Clicked on product from PLP
2026-04-25 00:24:35 INFO  StepDefinations.ProductDetailSteps - Searching for product: Tshirts
2026-04-25 00:24:35 INFO  StepDefinations.ProductDetailSteps - Products loaded successfully on PLP
2026-04-25 00:24:36 INFO  StepDefinations.ProductDetailSteps - Clicked on product from PLP
2026-04-25 00:24:36 INFO  StepDefinations.ProductDetailSteps - Testing pincode: 411001
2026-04-25 00:24:50 INFO  StepDefinations.ProductDetailSteps - Valid pincode → 411001 | Message: Get it by Fri, May 01
2026-04-25 00:24:50 INFO  StepDefinations.ProductDetailSteps - Testing pincode: 560001
2026-04-25 00:25:03 INFO  StepDefinations.ProductDetailSteps - Valid pincode → 560001 | Message: Get it by Mon, Apr 27
2026-04-25 00:25:03 INFO  StepDefinations.ProductDetailSteps - Testing pincode: 123456
2026-04-25 00:25:35 INFO  Hooks.Hooks - Driver is Quit successfully....!
2026-04-25 00:25:35 INFO  org.testng.internal.Utils - [TestNG] Time taken by org.testng.reporters.jq.Main@10e9a5fe: 35 ms
2026-04-25 00:25:35 INFO  org.testng.internal.Utils - [TestNG] Time taken by org.testng.reporters.FailedReporter@1cde374: 10 ms
2026-04-25 00:25:35 INFO  org.testng.internal.Utils - [TestNG] Time taken by org.testng.reporters.XMLReporter@4e48462d: 6 ms
2026-04-25 00:25:35 INFO  org.testng.internal.Utils - [TestNG] Time taken by org.testng.reporters.EmailableReporter2@33d230ce: 5 ms
2026-04-25 00:25:35 INFO  org.testng.internal.Utils - [TestNG] Time taken by org.testng.reporters.JUnitReportReporter@5d7f8467: 4 ms
2026-04-25 00:25:35 INFO  org.testng.internal.Utils - [TestNG] Time taken by org.testng.internal.ExitCodeListener@29bd85db: 0 ms
2026-04-25 00:30:57 DEBUG org.testng.TestNG - suiteXmlPath: "C:\Users\Rahul\AppData\Local\Temp\testng-eclipse--408617685\testng-customsuite.xml"
2026-04-25 00:30:57 INFO  org.testng.internal.Utils - [Utils] MethodGroupsHelper.collectMethodsByGroup() took 0 ms.
2026-04-25 00:30:57 INFO  org.testng.internal.Utils - [Utils] MethodGroupsHelper.sortMethods() took 0 ms.
2026-04-25 00:30:57 INFO  org.testng.internal.Utils - [Utils] MethodGroupsHelper.collectMethodsByGroup() took 0 ms.
2026-04-25 00:30:57 INFO  org.testng.internal.Utils - [Utils] MethodGroupsHelper.sortMethods() took 0 ms.
2026-04-25 00:30:57 INFO  org.testng.internal.Utils - [Utils] MethodGroupsHelper.collectMethodsByGroup() took 0 ms.
2026-04-25 00:30:57 INFO  org.testng.internal.Utils - [Utils] MethodGroupsHelper.sortMethods() took 0 ms.
2026-04-25 00:30:57 INFO  org.testng.internal.Utils - [Utils] MethodGroupsHelper.collectMethodsByGroup() took 0 ms.
2026-04-25 00:30:57 INFO  org.testng.internal.Utils - [Utils] MethodGroupsHelper.sortMethods() took 0 ms.
2026-04-25 00:30:57 INFO  org.testng.internal.Utils - [Utils] MethodGroupsHelper.collectMethodsByGroup() took 0 ms.
2026-04-25 00:30:57 INFO  org.testng.internal.Utils - [Utils] MethodGroupsHelper.sortMethods() took 0 ms.
2026-04-25 00:30:57 INFO  org.testng.internal.Utils - [Utils] MethodGroupsHelper.collectMethodsByGroup() took 0 ms.
2026-04-25 00:30:57 INFO  org.testng.internal.Utils - [Utils] MethodGroupsHelper.sortMethods() took 0 ms.
2026-04-25 00:30:57 INFO  org.testng.internal.Utils - [Utils] MethodGroupsHelper.collectMethodsByGroup() took 0 ms.
2026-04-25 00:30:57 INFO  org.testng.internal.Utils - [Utils] MethodGroupsHelper.sortMethods() took 0 ms.
2026-04-25 00:30:57 INFO  org.testng.internal.Utils - [Utils] MethodGroupsHelper.collectMethodsByGroup() took 0 ms.
2026-04-25 00:30:57 INFO  org.testng.internal.Utils - [Utils] MethodGroupsHelper.sortMethods() took 0 ms.
2026-04-25 00:30:57 INFO  org.testng.internal.Utils - [Utils] MethodGroupsHelper.collectMethodsByGroup() took 5 ms.
2026-04-25 00:30:57 INFO  org.testng.internal.Utils - [Utils] MethodGroupsHelper.sortMethods() took 10 ms.
2026-04-25 00:30:57 INFO  org.testng.internal.Utils - [Utils] MethodGroupsHelper.collectMethodsByGroup() took 0 ms.
2026-04-25 00:30:57 INFO  org.testng.internal.Utils - [Utils] MethodGroupsHelper.sortMethods() took 1 ms.
2026-04-25 00:30:57 INFO  org.testng.internal.Utils - [Utils] MethodGroupsHelper.collectMethodsByGroup() took 0 ms.
2026-04-25 00:30:57 INFO  org.testng.internal.Utils - [Utils] MethodGroupsHelper.sortMethods() took 0 ms.
2026-04-25 00:30:57 INFO  org.testng.internal.Utils - [Utils] MethodGroupsHelper.collectMethodsByGroup() took 0 ms.
2026-04-25 00:30:57 INFO  org.testng.internal.Utils - [Utils] MethodGroupsHelper.sortMethods() took 0 ms.
2026-04-25 00:30:57 INFO  org.testng.internal.Utils - [Utils] MethodGroupsHelper.collectMethodsByGroup() took 8 ms.
2026-04-25 00:30:57 INFO  org.testng.internal.Utils - [Utils] MethodGroupsHelper.sortMethods() took 0 ms.
2026-04-25 00:30:57 INFO  org.testng.internal.Utils - [Utils] MethodGroupsHelper.collectMethodsByGroup() took 0 ms.
2026-04-25 00:30:57 INFO  org.testng.internal.Utils - [Utils] MethodGroupsHelper.sortMethods() took 0 ms.
2026-04-25 00:30:57 INFO  org.testng.internal.Utils - [Utils] MethodGroupsHelper.collectMethodsByGroup() took 0 ms.
2026-04-25 00:30:57 INFO  org.testng.internal.Utils - [Utils] MethodGroupsHelper.sortMethods() took 0 ms.
2026-04-25 00:30:57 INFO  org.testng.internal.Utils - [TestNG] Running:
  C:\Users\Rahul\AppData\Local\Temp\testng-eclipse--408617685\testng-customsuite.xml

2026-04-25 00:30:57 INFO  org.testng.internal.Utils - [Utils] DynamicGraphHelper.createDynamicGraph() took 3 ms.
2026-04-25 00:31:09 INFO  org.testng.internal.Utils - [TestNG] Time taken by org.testng.reporters.jq.Main@eac3a26: 52 ms
2026-04-25 00:31:09 INFO  org.testng.internal.Utils - [TestNG] Time taken by org.testng.reporters.FailedReporter@7b306b9f: 1 ms
2026-04-25 00:31:09 INFO  org.testng.internal.Utils - [TestNG] Time taken by org.testng.reporters.XMLReporter@6f911326: 5 ms
2026-04-25 00:31:09 INFO  org.testng.internal.Utils - [TestNG] Time taken by org.testng.reporters.EmailableReporter2@51d387d3: 4 ms
2026-04-25 00:31:09 INFO  org.testng.internal.Utils - [TestNG] Time taken by org.testng.reporters.JUnitReportReporter@12eedfee: 6 ms
2026-04-25 00:31:09 INFO  org.testng.internal.Utils - [TestNG] Time taken by org.testng.internal.ExitCodeListener@3c3c4a71: 2 ms
2026-04-25 00:43:49 DEBUG org.testng.TestNG - suiteXmlPath: "C:\Users\Rahul\AppData\Local\Temp\testng-eclipse--208842182\testng-customsuite.xml"
2026-04-25 00:43:49 INFO  org.testng.internal.Utils - [Utils] MethodGroupsHelper.collectMethodsByGroup() took 0 ms.
2026-04-25 00:43:49 INFO  org.testng.internal.Utils - [Utils] MethodGroupsHelper.sortMethods() took 1 ms.
2026-04-25 00:43:49 INFO  org.testng.internal.Utils - [Utils] MethodGroupsHelper.collectMethodsByGroup() took 0 ms.
2026-04-25 00:43:49 INFO  org.testng.internal.Utils - [Utils] MethodGroupsHelper.sortMethods() took 0 ms.
2026-04-25 00:43:49 INFO  org.testng.internal.Utils - [Utils] MethodGroupsHelper.collectMethodsByGroup() took 0 ms.
2026-04-25 00:43:49 INFO  org.testng.internal.Utils - [Utils] MethodGroupsHelper.sortMethods() took 0 ms.
2026-04-25 00:43:49 INFO  org.testng.internal.Utils - [Utils] MethodGroupsHelper.collectMethodsByGroup() took 0 ms.
2026-04-25 00:43:49 INFO  org.testng.internal.Utils - [Utils] MethodGroupsHelper.sortMethods() took 0 ms.
2026-04-25 00:43:49 INFO  org.testng.internal.Utils - [Utils] MethodGroupsHelper.collectMethodsByGroup() took 0 ms.
2026-04-25 00:43:49 INFO  org.testng.internal.Utils - [Utils] MethodGroupsHelper.sortMethods() took 12 ms.
2026-04-25 00:43:49 INFO  org.testng.internal.Utils - [Utils] MethodGroupsHelper.collectMethodsByGroup() took 0 ms.
2026-04-25 00:43:49 INFO  org.testng.internal.Utils - [Utils] MethodGroupsHelper.sortMethods() took 0 ms.
2026-04-25 00:43:49 INFO  org.testng.internal.Utils - [Utils] MethodGroupsHelper.collectMethodsByGroup() took 0 ms.
2026-04-25 00:43:49 INFO  org.testng.internal.Utils - [Utils] MethodGroupsHelper.sortMethods() took 0 ms.
2026-04-25 00:43:49 INFO  org.testng.internal.Utils - [Utils] MethodGroupsHelper.collectMethodsByGroup() took 0 ms.
2026-04-25 00:43:49 INFO  org.testng.internal.Utils - [Utils] MethodGroupsHelper.sortMethods() took 0 ms.
2026-04-25 00:43:49 INFO  org.testng.internal.Utils - [Utils] MethodGroupsHelper.collectMethodsByGroup() took 0 ms.
2026-04-25 00:43:49 INFO  org.testng.internal.Utils - [Utils] MethodGroupsHelper.sortMethods() took 0 ms.
2026-04-25 00:43:49 INFO  org.testng.internal.Utils - [Utils] MethodGroupsHelper.collectMethodsByGroup() took 0 ms.
2026-04-25 00:43:49 INFO  org.testng.internal.Utils - [Utils] MethodGroupsHelper.sortMethods() took 0 ms.
2026-04-25 00:43:49 INFO  org.testng.internal.Utils - [Utils] MethodGroupsHelper.collectMethodsByGroup() took 0 ms.
2026-04-25 00:43:49 INFO  org.testng.internal.Utils - [Utils] MethodGroupsHelper.sortMethods() took 0 ms.
2026-04-25 00:43:49 INFO  org.testng.internal.Utils - [Utils] MethodGroupsHelper.collectMethodsByGroup() took 0 ms.
2026-04-25 00:43:49 INFO  org.testng.internal.Utils - [Utils] MethodGroupsHelper.sortMethods() took 0 ms.
2026-04-25 00:43:49 INFO  org.testng.internal.Utils - [Utils] MethodGroupsHelper.collectMethodsByGroup() took 7 ms.
2026-04-25 00:43:49 INFO  org.testng.internal.Utils - [Utils] MethodGroupsHelper.sortMethods() took 0 ms.
2026-04-25 00:43:49 INFO  org.testng.internal.Utils - [Utils] MethodGroupsHelper.collectMethodsByGroup() took 0 ms.
2026-04-25 00:43:49 INFO  org.testng.internal.Utils - [Utils] MethodGroupsHelper.sortMethods() took 0 ms.
2026-04-25 00:43:49 INFO  org.testng.internal.Utils - [Utils] MethodGroupsHelper.collectMethodsByGroup() took 0 ms.
2026-04-25 00:43:49 INFO  org.testng.internal.Utils - [Utils] MethodGroupsHelper.sortMethods() took 0 ms.
2026-04-25 00:43:49 INFO  org.testng.internal.Utils - [TestNG] Running:
  C:\Users\Rahul\AppData\Local\Temp\testng-eclipse--208842182\testng-customsuite.xml

2026-04-25 00:43:50 INFO  org.testng.internal.Utils - [Utils] DynamicGraphHelper.createDynamicGraph() took 7 ms.
2026-04-25 00:43:50 INFO  org.testng.internal.Utils - [TestNG] Time taken by org.testng.reporters.jq.Main@6b667cb3: 56 ms
2026-04-25 00:43:50 INFO  org.testng.internal.Utils - [TestNG] Time taken by org.testng.reporters.FailedReporter@363f0ba0: 12 ms
2026-04-25 00:43:50 INFO  org.testng.internal.Utils - [TestNG] Time taken by org.testng.reporters.XMLReporter@29528a22: 8 ms
2026-04-25 00:43:50 INFO  org.testng.internal.Utils - [TestNG] Time taken by org.testng.reporters.EmailableReporter2@64a4dd8d: 7 ms
2026-04-25 00:43:50 INFO  org.testng.internal.Utils - [TestNG] Time taken by org.testng.reporters.JUnitReportReporter@1fcf9739: 5 ms
2026-04-25 00:43:50 INFO  org.testng.internal.Utils - [TestNG] Time taken by org.testng.internal.ExitCodeListener@5b498842: 0 ms
2026-04-25 00:45:56 DEBUG org.testng.TestNG - suiteXmlPath: "C:\Users\Rahul\AppData\Local\Temp\testng-eclipse-1389236183\testng-customsuite.xml"
2026-04-25 00:45:57 INFO  org.testng.internal.Utils - [Utils] MethodGroupsHelper.collectMethodsByGroup() took 0 ms.
2026-04-25 00:45:57 INFO  org.testng.internal.Utils - [Utils] MethodGroupsHelper.sortMethods() took 2 ms.
2026-04-25 00:45:57 INFO  org.testng.internal.Utils - [Utils] MethodGroupsHelper.collectMethodsByGroup() took 0 ms.
2026-04-25 00:45:57 INFO  org.testng.internal.Utils - [Utils] MethodGroupsHelper.sortMethods() took 0 ms.
2026-04-25 00:45:57 INFO  org.testng.internal.Utils - [Utils] MethodGroupsHelper.collectMethodsByGroup() took 0 ms.
2026-04-25 00:45:57 INFO  org.testng.internal.Utils - [Utils] MethodGroupsHelper.sortMethods() took 1 ms.
2026-04-25 00:45:57 INFO  org.testng.internal.Utils - [Utils] MethodGroupsHelper.collectMethodsByGroup() took 0 ms.
2026-04-25 00:45:57 INFO  org.testng.internal.Utils - [Utils] MethodGroupsHelper.sortMethods() took 0 ms.
2026-04-25 00:45:57 INFO  org.testng.internal.Utils - [Utils] MethodGroupsHelper.collectMethodsByGroup() took 0 ms.
2026-04-25 00:45:57 INFO  org.testng.internal.Utils - [Utils] MethodGroupsHelper.sortMethods() took 14 ms.
2026-04-25 00:45:57 INFO  org.testng.internal.Utils - [Utils] MethodGroupsHelper.collectMethodsByGroup() took 0 ms.
2026-04-25 00:45:57 INFO  org.testng.internal.Utils - [Utils] MethodGroupsHelper.sortMethods() took 1 ms.
2026-04-25 00:45:57 INFO  org.testng.internal.Utils - [Utils] MethodGroupsHelper.collectMethodsByGroup() took 0 ms.
2026-04-25 00:45:57 INFO  org.testng.internal.Utils - [Utils] MethodGroupsHelper.sortMethods() took 0 ms.
2026-04-25 00:45:57 INFO  org.testng.internal.Utils - [Utils] MethodGroupsHelper.collectMethodsByGroup() took 0 ms.
2026-04-25 00:45:57 INFO  org.testng.internal.Utils - [Utils] MethodGroupsHelper.sortMethods() took 0 ms.
2026-04-25 00:45:57 INFO  org.testng.internal.Utils - [Utils] MethodGroupsHelper.collectMethodsByGroup() took 0 ms.
2026-04-25 00:45:57 INFO  org.testng.internal.Utils - [Utils] MethodGroupsHelper.sortMethods() took 0 ms.
2026-04-25 00:45:57 INFO  org.testng.internal.Utils - [Utils] MethodGroupsHelper.collectMethodsByGroup() took 0 ms.
2026-04-25 00:45:57 INFO  org.testng.internal.Utils - [Utils] MethodGroupsHelper.sortMethods() took 0 ms.
2026-04-25 00:45:57 INFO  org.testng.internal.Utils - [Utils] MethodGroupsHelper.collectMethodsByGroup() took 0 ms.
2026-04-25 00:45:57 INFO  org.testng.internal.Utils - [Utils] MethodGroupsHelper.sortMethods() took 0 ms.
2026-04-25 00:45:57 INFO  org.testng.internal.Utils - [Utils] MethodGroupsHelper.collectMethodsByGroup() took 0 ms.
2026-04-25 00:45:57 INFO  org.testng.internal.Utils - [Utils] MethodGroupsHelper.sortMethods() took 0 ms.
2026-04-25 00:45:57 INFO  org.testng.internal.Utils - [Utils] MethodGroupsHelper.collectMethodsByGroup() took 8 ms.
2026-04-25 00:45:57 INFO  org.testng.internal.Utils - [Utils] MethodGroupsHelper.sortMethods() took 0 ms.
2026-04-25 00:45:57 INFO  org.testng.internal.Utils - [Utils] MethodGroupsHelper.collectMethodsByGroup() took 0 ms.
2026-04-25 00:45:57 INFO  org.testng.internal.Utils - [Utils] MethodGroupsHelper.sortMethods() took 0 ms.
2026-04-25 00:45:57 INFO  org.testng.internal.Utils - [Utils] MethodGroupsHelper.collectMethodsByGroup() took 0 ms.
2026-04-25 00:45:57 INFO  org.testng.internal.Utils - [Utils] MethodGroupsHelper.sortMethods() took 0 ms.
2026-04-25 00:45:57 INFO  org.testng.internal.Utils - [TestNG] Running:
  C:\Users\Rahul\AppData\Local\Temp\testng-eclipse-1389236183\testng-customsuite.xml

2026-04-25 00:45:57 INFO  org.testng.internal.Utils - [Utils] DynamicGraphHelper.createDynamicGraph() took 9 ms.
2026-04-25 00:45:59 INFO  Hooks.Hooks - Browser is opened..!
2026-04-25 00:46:03 INFO  Hooks.Hooks - url is launched..!
2026-04-25 00:46:43 INFO  Hooks.Hooks - Driver is Quit successfully....!
2026-04-25 00:46:43 INFO  org.testng.internal.Utils - [TestNG] Time taken by org.testng.reporters.jq.Main@8bd076a: 51 ms
2026-04-25 00:46:43 INFO  org.testng.internal.Utils - [TestNG] Time taken by org.testng.reporters.FailedReporter@634ff56: 1 ms
2026-04-25 00:46:43 INFO  org.testng.internal.Utils - [TestNG] Time taken by org.testng.reporters.XMLReporter@48eaf42f: 11 ms
2026-04-25 00:46:43 INFO  org.testng.internal.Utils - [TestNG] Time taken by org.testng.reporters.EmailableReporter2@c7f4457: 5 ms
2026-04-25 00:46:43 INFO  org.testng.internal.Utils - [TestNG] Time taken by org.testng.reporters.JUnitReportReporter@7a687d8d: 7 ms
2026-04-25 00:46:43 INFO  org.testng.internal.Utils - [TestNG] Time taken by org.testng.internal.ExitCodeListener@4c82b5df: 1 ms
2026-04-25 00:48:26 DEBUG org.testng.TestNG - suiteXmlPath: "C:\Users\Rahul\AppData\Local\Temp\testng-eclipse-394827198\testng-customsuite.xml"
2026-04-25 00:48:27 INFO  org.testng.internal.Utils - [Utils] MethodGroupsHelper.collectMethodsByGroup() took 0 ms.
2026-04-25 00:48:27 INFO  org.testng.internal.Utils - [Utils] MethodGroupsHelper.sortMethods() took 1 ms.
2026-04-25 00:48:27 INFO  org.testng.internal.Utils - [Utils] MethodGroupsHelper.collectMethodsByGroup() took 0 ms.
2026-04-25 00:48:27 INFO  org.testng.internal.Utils - [Utils] MethodGroupsHelper.sortMethods() took 0 ms.
2026-04-25 00:48:27 INFO  org.testng.internal.Utils - [Utils] MethodGroupsHelper.collectMethodsByGroup() took 0 ms.
2026-04-25 00:48:27 INFO  org.testng.internal.Utils - [Utils] MethodGroupsHelper.sortMethods() took 0 ms.
2026-04-25 00:48:27 INFO  org.testng.internal.Utils - [Utils] MethodGroupsHelper.collectMethodsByGroup() took 0 ms.
2026-04-25 00:48:27 INFO  org.testng.internal.Utils - [Utils] MethodGroupsHelper.sortMethods() took 0 ms.
2026-04-25 00:48:27 INFO  org.testng.internal.Utils - [Utils] MethodGroupsHelper.collectMethodsByGroup() took 0 ms.
2026-04-25 00:48:27 INFO  org.testng.internal.Utils - [Utils] MethodGroupsHelper.sortMethods() took 13 ms.
2026-04-25 00:48:27 INFO  org.testng.internal.Utils - [Utils] MethodGroupsHelper.collectMethodsByGroup() took 0 ms.
2026-04-25 00:48:27 INFO  org.testng.internal.Utils - [Utils] MethodGroupsHelper.sortMethods() took 0 ms.
2026-04-25 00:48:27 INFO  org.testng.internal.Utils - [Utils] MethodGroupsHelper.collectMethodsByGroup() took 0 ms.
2026-04-25 00:48:27 INFO  org.testng.internal.Utils - [Utils] MethodGroupsHelper.sortMethods() took 0 ms.
2026-04-25 00:48:27 INFO  org.testng.internal.Utils - [Utils] MethodGroupsHelper.collectMethodsByGroup() took 0 ms.
2026-04-25 00:48:27 INFO  org.testng.internal.Utils - [Utils] MethodGroupsHelper.sortMethods() took 0 ms.
2026-04-25 00:48:27 INFO  org.testng.internal.Utils - [Utils] MethodGroupsHelper.collectMethodsByGroup() took 0 ms.
2026-04-25 00:48:27 INFO  org.testng.internal.Utils - [Utils] MethodGroupsHelper.sortMethods() took 0 ms.
2026-04-25 00:48:27 INFO  org.testng.internal.Utils - [Utils] MethodGroupsHelper.collectMethodsByGroup() took 0 ms.
2026-04-25 00:48:27 INFO  org.testng.internal.Utils - [Utils] MethodGroupsHelper.sortMethods() took 0 ms.
2026-04-25 00:48:27 INFO  org.testng.internal.Utils - [Utils] MethodGroupsHelper.collectMethodsByGroup() took 0 ms.
2026-04-25 00:48:27 INFO  org.testng.internal.Utils - [Utils] MethodGroupsHelper.sortMethods() took 0 ms.
2026-04-25 00:48:27 INFO  org.testng.internal.Utils - [Utils] MethodGroupsHelper.collectMethodsByGroup() took 0 ms.
2026-04-25 00:48:27 INFO  org.testng.internal.Utils - [Utils] MethodGroupsHelper.sortMethods() took 0 ms.
2026-04-25 00:48:27 INFO  org.testng.internal.Utils - [Utils] MethodGroupsHelper.collectMethodsByGroup() took 9 ms.
2026-04-25 00:48:27 INFO  org.testng.internal.Utils - [Utils] MethodGroupsHelper.sortMethods() took 0 ms.
2026-04-25 00:48:27 INFO  org.testng.internal.Utils - [Utils] MethodGroupsHelper.collectMethodsByGroup() took 0 ms.
2026-04-25 00:48:27 INFO  org.testng.internal.Utils - [Utils] MethodGroupsHelper.sortMethods() took 0 ms.
2026-04-25 00:48:27 INFO  org.testng.internal.Utils - [Utils] MethodGroupsHelper.collectMethodsByGroup() took 0 ms.
2026-04-25 00:48:27 INFO  org.testng.internal.Utils - [Utils] MethodGroupsHelper.sortMethods() took 0 ms.
2026-04-25 00:48:27 INFO  org.testng.internal.Utils - [TestNG] Running:
  C:\Users\Rahul\AppData\Local\Temp\testng-eclipse-394827198\testng-customsuite.xml

2026-04-25 00:48:27 INFO  org.testng.internal.Utils - [Utils] DynamicGraphHelper.createDynamicGraph() took 5 ms.
2026-04-25 00:48:29 INFO  Hooks.Hooks - Browser is opened..!
2026-04-25 00:48:34 INFO  Hooks.Hooks - url is launched..!
2026-04-25 00:49:14 INFO  Hooks.Hooks - Driver is Quit successfully....!
2026-04-25 00:49:16 INFO  Hooks.Hooks - Browser is opened..!
2026-04-25 00:49:20 INFO  Hooks.Hooks - url is launched..!
2026-04-25 00:49:59 INFO  Hooks.Hooks - Driver is Quit successfully....!
2026-04-25 00:49:59 INFO  org.testng.internal.Utils - [TestNG] Time taken by org.testng.reporters.jq.Main@590d6c76: 59 ms
2026-04-25 00:49:59 INFO  org.testng.internal.Utils - [TestNG] Time taken by org.testng.reporters.FailedReporter@5ec88f9e: 14 ms
2026-04-25 00:49:59 INFO  org.testng.internal.Utils - [TestNG] Time taken by org.testng.reporters.XMLReporter@251d7fdd: 9 ms
2026-04-25 00:49:59 INFO  org.testng.internal.Utils - [TestNG] Time taken by org.testng.reporters.EmailableReporter2@32ea16b7: 8 ms
2026-04-25 00:49:59 INFO  org.testng.internal.Utils - [TestNG] Time taken by org.testng.reporters.JUnitReportReporter@370c9018: 6 ms
2026-04-25 00:49:59 INFO  org.testng.internal.Utils - [TestNG] Time taken by org.testng.internal.ExitCodeListener@3c81cd82: 0 ms
2026-04-25 00:50:49 DEBUG org.testng.TestNG - suiteXmlPath: "C:\Users\Rahul\AppData\Local\Temp\testng-eclipse--1334808455\testng-customsuite.xml"
2026-04-25 00:50:50 INFO  org.testng.internal.Utils - [Utils] MethodGroupsHelper.collectMethodsByGroup() took 1 ms.
2026-04-25 00:50:50 INFO  org.testng.internal.Utils - [Utils] MethodGroupsHelper.sortMethods() took 2 ms.
2026-04-25 00:50:50 INFO  org.testng.internal.Utils - [Utils] MethodGroupsHelper.collectMethodsByGroup() took 0 ms.
2026-04-25 00:50:50 INFO  org.testng.internal.Utils - [Utils] MethodGroupsHelper.sortMethods() took 0 ms.
2026-04-25 00:50:50 INFO  org.testng.internal.Utils - [Utils] MethodGroupsHelper.collectMethodsByGroup() took 0 ms.
2026-04-25 00:50:50 INFO  org.testng.internal.Utils - [Utils] MethodGroupsHelper.sortMethods() took 0 ms.
2026-04-25 00:50:50 INFO  org.testng.internal.Utils - [Utils] MethodGroupsHelper.collectMethodsByGroup() took 0 ms.
2026-04-25 00:50:50 INFO  org.testng.internal.Utils - [Utils] MethodGroupsHelper.sortMethods() took 0 ms.
2026-04-25 00:50:50 INFO  org.testng.internal.Utils - [Utils] MethodGroupsHelper.collectMethodsByGroup() took 0 ms.
2026-04-25 00:50:50 INFO  org.testng.internal.Utils - [Utils] MethodGroupsHelper.sortMethods() took 13 ms.
2026-04-25 00:50:50 INFO  org.testng.internal.Utils - [Utils] MethodGroupsHelper.collectMethodsByGroup() took 0 ms.
2026-04-25 00:50:50 INFO  org.testng.internal.Utils - [Utils] MethodGroupsHelper.sortMethods() took 1 ms.
2026-04-25 00:50:50 INFO  org.testng.internal.Utils - [Utils] MethodGroupsHelper.collectMethodsByGroup() took 0 ms.
2026-04-25 00:50:50 INFO  org.testng.internal.Utils - [Utils] MethodGroupsHelper.sortMethods() took 0 ms.
2026-04-25 00:50:50 INFO  org.testng.internal.Utils - [Utils] MethodGroupsHelper.collectMethodsByGroup() took 0 ms.
2026-04-25 00:50:50 INFO  org.testng.internal.Utils - [Utils] MethodGroupsHelper.sortMethods() took 0 ms.
2026-04-25 00:50:50 INFO  org.testng.internal.Utils - [Utils] MethodGroupsHelper.collectMethodsByGroup() took 0 ms.
2026-04-25 00:50:50 INFO  org.testng.internal.Utils - [Utils] MethodGroupsHelper.sortMethods() took 0 ms.
2026-04-25 00:50:50 INFO  org.testng.internal.Utils - [Utils] MethodGroupsHelper.collectMethodsByGroup() took 0 ms.
2026-04-25 00:50:50 INFO  org.testng.internal.Utils - [Utils] MethodGroupsHelper.sortMethods() took 0 ms.
2026-04-25 00:50:50 INFO  org.testng.internal.Utils - [Utils] MethodGroupsHelper.collectMethodsByGroup() took 0 ms.
2026-04-25 00:50:50 INFO  org.testng.internal.Utils - [Utils] MethodGroupsHelper.sortMethods() took 0 ms.
2026-04-25 00:50:50 INFO  org.testng.internal.Utils - [Utils] MethodGroupsHelper.collectMethodsByGroup() took 0 ms.
2026-04-25 00:50:50 INFO  org.testng.internal.Utils - [Utils] MethodGroupsHelper.sortMethods() took 0 ms.
2026-04-25 00:50:50 INFO  org.testng.internal.Utils - [Utils] MethodGroupsHelper.collectMethodsByGroup() took 15 ms.
2026-04-25 00:50:50 INFO  org.testng.internal.Utils - [Utils] MethodGroupsHelper.sortMethods() took 0 ms.
2026-04-25 00:50:50 INFO  org.testng.internal.Utils - [Utils] MethodGroupsHelper.collectMethodsByGroup() took 0 ms.
2026-04-25 00:50:50 INFO  org.testng.internal.Utils - [Utils] MethodGroupsHelper.sortMethods() took 0 ms.
2026-04-25 00:50:50 INFO  org.testng.internal.Utils - [Utils] MethodGroupsHelper.collectMethodsByGroup() took 0 ms.
2026-04-25 00:50:50 INFO  org.testng.internal.Utils - [Utils] MethodGroupsHelper.sortMethods() took 0 ms.
2026-04-25 00:50:50 INFO  org.testng.internal.Utils - [TestNG] Running:
  C:\Users\Rahul\AppData\Local\Temp\testng-eclipse--1334808455\testng-customsuite.xml

2026-04-25 00:50:50 INFO  org.testng.internal.Utils - [Utils] DynamicGraphHelper.createDynamicGraph() took 11 ms.
2026-04-25 00:50:52 INFO  Hooks.Hooks - Browser is opened..!
2026-04-25 00:50:56 INFO  Hooks.Hooks - url is launched..!
2026-04-25 00:51:38 INFO  Hooks.Hooks - Driver is Quit successfully....!
2026-04-25 00:51:40 INFO  Hooks.Hooks - Browser is opened..!
2026-04-25 00:51:40 INFO  Hooks.Hooks - url is launched..!
2026-04-25 00:52:58 INFO  Hooks.Hooks - Driver is Quit successfully....!
2026-04-25 00:52:58 INFO  org.testng.internal.Utils - [TestNG] Time taken by org.testng.reporters.jq.Main@55d8c2c4: 70 ms
2026-04-25 00:52:58 INFO  org.testng.internal.Utils - [TestNG] Time taken by org.testng.reporters.FailedReporter@1b46392c: 19 ms
2026-04-25 00:52:58 INFO  org.testng.internal.Utils - [TestNG] Time taken by org.testng.reporters.XMLReporter@5ba1b62e: 14 ms
2026-04-25 00:52:58 INFO  org.testng.internal.Utils - [TestNG] Time taken by org.testng.reporters.EmailableReporter2@96abc76: 7 ms
2026-04-25 00:52:58 INFO  org.testng.internal.Utils - [TestNG] Time taken by org.testng.reporters.JUnitReportReporter@77aea: 7 ms
2026-04-25 00:52:58 INFO  org.testng.internal.Utils - [TestNG] Time taken by org.testng.internal.ExitCodeListener@73e4bb60: 0 ms
2026-04-25 00:56:06 DEBUG org.testng.TestNG - suiteXmlPath: "C:\Users\Rahul\AppData\Local\Temp\testng-eclipse-318886645\testng-customsuite.xml"
2026-04-25 00:56:06 INFO  org.testng.internal.Utils - [Utils] MethodGroupsHelper.collectMethodsByGroup() took 0 ms.
2026-04-25 00:56:06 INFO  org.testng.internal.Utils - [Utils] MethodGroupsHelper.sortMethods() took 4 ms.
2026-04-25 00:56:06 INFO  org.testng.internal.Utils - [Utils] MethodGroupsHelper.collectMethodsByGroup() took 0 ms.
2026-04-25 00:56:06 INFO  org.testng.internal.Utils - [Utils] MethodGroupsHelper.sortMethods() took 0 ms.
2026-04-25 00:56:06 INFO  org.testng.internal.Utils - [Utils] MethodGroupsHelper.collectMethodsByGroup() took 0 ms.
2026-04-25 00:56:06 INFO  org.testng.internal.Utils - [Utils] MethodGroupsHelper.sortMethods() took 0 ms.
2026-04-25 00:56:06 INFO  org.testng.internal.Utils - [Utils] MethodGroupsHelper.collectMethodsByGroup() took 0 ms.
2026-04-25 00:56:06 INFO  org.testng.internal.Utils - [Utils] MethodGroupsHelper.sortMethods() took 0 ms.
2026-04-25 00:56:06 INFO  org.testng.internal.Utils - [Utils] MethodGroupsHelper.collectMethodsByGroup() took 0 ms.
2026-04-25 00:56:06 INFO  org.testng.internal.Utils - [Utils] MethodGroupsHelper.sortMethods() took 0 ms.
2026-04-25 00:56:06 INFO  org.testng.internal.Utils - [Utils] MethodGroupsHelper.collectMethodsByGroup() took 0 ms.
2026-04-25 00:56:06 INFO  org.testng.internal.Utils - [Utils] MethodGroupsHelper.sortMethods() took 0 ms.
2026-04-25 00:56:06 INFO  org.testng.internal.Utils - [Utils] MethodGroupsHelper.collectMethodsByGroup() took 0 ms.
2026-04-25 00:56:06 INFO  org.testng.internal.Utils - [Utils] MethodGroupsHelper.sortMethods() took 0 ms.
2026-04-25 00:56:06 INFO  org.testng.internal.Utils - [Utils] MethodGroupsHelper.collectMethodsByGroup() took 0 ms.
2026-04-25 00:56:06 INFO  org.testng.internal.Utils - [Utils] MethodGroupsHelper.sortMethods() took 0 ms.
2026-04-25 00:56:06 INFO  org.testng.internal.Utils - [Utils] MethodGroupsHelper.collectMethodsByGroup() took 5 ms.
2026-04-25 00:56:06 INFO  org.testng.internal.Utils - [Utils] MethodGroupsHelper.sortMethods() took 15 ms.
2026-04-25 00:56:06 INFO  org.testng.internal.Utils - [Utils] MethodGroupsHelper.collectMethodsByGroup() took 0 ms.
2026-04-25 00:56:06 INFO  org.testng.internal.Utils - [Utils] MethodGroupsHelper.sortMethods() took 1 ms.
2026-04-25 00:56:06 INFO  org.testng.internal.Utils - [Utils] MethodGroupsHelper.collectMethodsByGroup() took 0 ms.
2026-04-25 00:56:06 INFO  org.testng.internal.Utils - [Utils] MethodGroupsHelper.sortMethods() took 0 ms.
2026-04-25 00:56:06 INFO  org.testng.internal.Utils - [Utils] MethodGroupsHelper.collectMethodsByGroup() took 0 ms.
2026-04-25 00:56:06 INFO  org.testng.internal.Utils - [Utils] MethodGroupsHelper.sortMethods() took 0 ms.
2026-04-25 00:56:06 INFO  org.testng.internal.Utils - [Utils] MethodGroupsHelper.collectMethodsByGroup() took 19 ms.
2026-04-25 00:56:06 INFO  org.testng.internal.Utils - [Utils] MethodGroupsHelper.sortMethods() took 1 ms.
2026-04-25 00:56:06 INFO  org.testng.internal.Utils - [Utils] MethodGroupsHelper.collectMethodsByGroup() took 0 ms.
2026-04-25 00:56:06 INFO  org.testng.internal.Utils - [Utils] MethodGroupsHelper.sortMethods() took 0 ms.
2026-04-25 00:56:06 INFO  org.testng.internal.Utils - [Utils] MethodGroupsHelper.collectMethodsByGroup() took 0 ms.
2026-04-25 00:56:06 INFO  org.testng.internal.Utils - [Utils] MethodGroupsHelper.sortMethods() took 0 ms.
2026-04-25 00:56:06 INFO  org.testng.internal.Utils - [TestNG] Running:
  C:\Users\Rahul\AppData\Local\Temp\testng-eclipse-318886645\testng-customsuite.xml

2026-04-25 00:56:06 INFO  org.testng.internal.Utils - [Utils] DynamicGraphHelper.createDynamicGraph() took 4 ms.
2026-04-25 00:57:00 INFO  com.Tests.ProductListingPageTest - Place Order button clicked
2026-04-25 00:57:31 INFO  org.testng.internal.Utils - [TestNG] Time taken by org.testng.reporters.jq.Main@5d3ff859: 80 ms
2026-04-25 00:57:31 INFO  org.testng.internal.Utils - [TestNG] Time taken by org.testng.reporters.FailedReporter@3e05586b: 12 ms
2026-04-25 00:57:31 INFO  org.testng.internal.Utils - [TestNG] Time taken by org.testng.reporters.XMLReporter@4d157493: 13 ms
2026-04-25 00:57:31 INFO  org.testng.internal.Utils - [TestNG] Time taken by org.testng.reporters.EmailableReporter2@60df7989: 14 ms
2026-04-25 00:57:31 INFO  org.testng.internal.Utils - [TestNG] Time taken by org.testng.reporters.JUnitReportReporter@59939293: 19 ms
2026-04-25 00:57:31 INFO  org.testng.internal.Utils - [TestNG] Time taken by org.testng.internal.ExitCodeListener@68b366e2: 0 ms
2026-04-25 01:02:12 DEBUG org.testng.TestNG - suiteXmlPath: "C:\Users\Rahul\AppData\Local\Temp\testng-eclipse-1275140904\testng-customsuite.xml"
2026-04-25 01:02:13 INFO  org.testng.internal.Utils - [Utils] MethodGroupsHelper.collectMethodsByGroup() took 0 ms.
2026-04-25 01:02:13 INFO  org.testng.internal.Utils - [Utils] MethodGroupsHelper.sortMethods() took 2 ms.
2026-04-25 01:02:13 INFO  org.testng.internal.Utils - [Utils] MethodGroupsHelper.collectMethodsByGroup() took 0 ms.
2026-04-25 01:02:13 INFO  org.testng.internal.Utils - [Utils] MethodGroupsHelper.sortMethods() took 0 ms.
2026-04-25 01:02:13 INFO  org.testng.internal.Utils - [Utils] MethodGroupsHelper.collectMethodsByGroup() took 0 ms.
2026-04-25 01:02:13 INFO  org.testng.internal.Utils - [Utils] MethodGroupsHelper.sortMethods() took 0 ms.
2026-04-25 01:02:13 INFO  org.testng.internal.Utils - [Utils] MethodGroupsHelper.collectMethodsByGroup() took 0 ms.
2026-04-25 01:02:13 INFO  org.testng.internal.Utils - [Utils] MethodGroupsHelper.sortMethods() took 0 ms.
2026-04-25 01:02:13 INFO  org.testng.internal.Utils - [Utils] MethodGroupsHelper.collectMethodsByGroup() took 0 ms.
2026-04-25 01:02:13 INFO  org.testng.internal.Utils - [Utils] MethodGroupsHelper.sortMethods() took 0 ms.
2026-04-25 01:02:13 INFO  org.testng.internal.Utils - [Utils] MethodGroupsHelper.collectMethodsByGroup() took 0 ms.
2026-04-25 01:02:13 INFO  org.testng.internal.Utils - [Utils] MethodGroupsHelper.sortMethods() took 0 ms.
2026-04-25 01:02:13 INFO  org.testng.internal.Utils - [Utils] MethodGroupsHelper.collectMethodsByGroup() took 0 ms.
2026-04-25 01:02:13 INFO  org.testng.internal.Utils - [Utils] MethodGroupsHelper.sortMethods() took 0 ms.
2026-04-25 01:02:13 INFO  org.testng.internal.Utils - [Utils] MethodGroupsHelper.collectMethodsByGroup() took 0 ms.
2026-04-25 01:02:13 INFO  org.testng.internal.Utils - [Utils] MethodGroupsHelper.sortMethods() took 0 ms.
2026-04-25 01:02:13 INFO  org.testng.internal.Utils - [Utils] MethodGroupsHelper.collectMethodsByGroup() took 8 ms.
2026-04-25 01:02:13 INFO  org.testng.internal.Utils - [Utils] MethodGroupsHelper.sortMethods() took 14 ms.
2026-04-25 01:02:13 INFO  org.testng.internal.Utils - [Utils] MethodGroupsHelper.collectMethodsByGroup() took 0 ms.
2026-04-25 01:02:13 INFO  org.testng.internal.Utils - [Utils] MethodGroupsHelper.sortMethods() took 0 ms.
2026-04-25 01:02:13 INFO  org.testng.internal.Utils - [Utils] MethodGroupsHelper.collectMethodsByGroup() took 0 ms.
2026-04-25 01:02:13 INFO  org.testng.internal.Utils - [Utils] MethodGroupsHelper.sortMethods() took 0 ms.
2026-04-25 01:02:13 INFO  org.testng.internal.Utils - [Utils] MethodGroupsHelper.collectMethodsByGroup() took 0 ms.
2026-04-25 01:02:13 INFO  org.testng.internal.Utils - [Utils] MethodGroupsHelper.sortMethods() took 0 ms.
2026-04-25 01:02:13 INFO  org.testng.internal.Utils - [Utils] MethodGroupsHelper.collectMethodsByGroup() took 12 ms.
2026-04-25 01:02:13 INFO  org.testng.internal.Utils - [Utils] MethodGroupsHelper.sortMethods() took 0 ms.
2026-04-25 01:02:13 INFO  org.testng.internal.Utils - [Utils] MethodGroupsHelper.collectMethodsByGroup() took 0 ms.
2026-04-25 01:02:13 INFO  org.testng.internal.Utils - [Utils] MethodGroupsHelper.sortMethods() took 0 ms.
2026-04-25 01:02:13 INFO  org.testng.internal.Utils - [Utils] MethodGroupsHelper.collectMethodsByGroup() took 0 ms.
2026-04-25 01:02:13 INFO  org.testng.internal.Utils - [Utils] MethodGroupsHelper.sortMethods() took 0 ms.
2026-04-25 01:02:13 INFO  org.testng.internal.Utils - [TestNG] Running:
  C:\Users\Rahul\AppData\Local\Temp\testng-eclipse-1275140904\testng-customsuite.xml

2026-04-25 01:02:13 INFO  org.testng.internal.Utils - [Utils] DynamicGraphHelper.createDynamicGraph() took 3 ms.
2026-04-25 01:03:07 INFO  com.Tests.ProductListingPageTest - Place Order button clicked
2026-04-25 01:03:07 INFO  org.testng.internal.Utils - [TestNG] Time taken by org.testng.reporters.jq.Main@257ef9ed: 49 ms
2026-04-25 01:03:07 INFO  org.testng.internal.Utils - [TestNG] Time taken by org.testng.reporters.FailedReporter@64f981e2: 1 ms
2026-04-25 01:03:07 INFO  org.testng.internal.Utils - [TestNG] Time taken by org.testng.reporters.XMLReporter@9b76b60: 8 ms
2026-04-25 01:03:07 INFO  org.testng.internal.Utils - [TestNG] Time taken by org.testng.reporters.EmailableReporter2@64920dc2: 6 ms
2026-04-25 01:03:07 INFO  org.testng.internal.Utils - [TestNG] Time taken by org.testng.reporters.JUnitReportReporter@2e766822: 8 ms
2026-04-25 01:03:07 INFO  org.testng.internal.Utils - [TestNG] Time taken by org.testng.internal.ExitCodeListener@3003e580: 0 ms
2026-04-25 01:07:00 DEBUG org.testng.TestNG - suiteXmlPath: "C:\Users\Rahul\AppData\Local\Temp\testng-eclipse--717860043\testng-customsuite.xml"
2026-04-25 01:07:01 INFO  org.testng.internal.Utils - [Utils] MethodGroupsHelper.collectMethodsByGroup() took 1 ms.
2026-04-25 01:07:01 INFO  org.testng.internal.Utils - [Utils] MethodGroupsHelper.sortMethods() took 0 ms.
2026-04-25 01:07:01 INFO  org.testng.internal.Utils - [Utils] MethodGroupsHelper.collectMethodsByGroup() took 0 ms.
2026-04-25 01:07:01 INFO  org.testng.internal.Utils - [Utils] MethodGroupsHelper.sortMethods() took 0 ms.
2026-04-25 01:07:01 INFO  org.testng.internal.Utils - [Utils] MethodGroupsHelper.collectMethodsByGroup() took 0 ms.
2026-04-25 01:07:01 INFO  org.testng.internal.Utils - [Utils] MethodGroupsHelper.sortMethods() took 0 ms.
2026-04-25 01:07:01 INFO  org.testng.internal.Utils - [Utils] MethodGroupsHelper.collectMethodsByGroup() took 0 ms.
2026-04-25 01:07:01 INFO  org.testng.internal.Utils - [Utils] MethodGroupsHelper.sortMethods() took 0 ms.
2026-04-25 01:07:01 INFO  org.testng.internal.Utils - [Utils] MethodGroupsHelper.collectMethodsByGroup() took 1 ms.
2026-04-25 01:07:01 INFO  org.testng.internal.Utils - [Utils] MethodGroupsHelper.sortMethods() took 13 ms.
2026-04-25 01:07:01 INFO  org.testng.internal.Utils - [Utils] MethodGroupsHelper.collectMethodsByGroup() took 0 ms.
2026-04-25 01:07:01 INFO  org.testng.internal.Utils - [Utils] MethodGroupsHelper.sortMethods() took 0 ms.
2026-04-25 01:07:01 INFO  org.testng.internal.Utils - [Utils] MethodGroupsHelper.collectMethodsByGroup() took 0 ms.
2026-04-25 01:07:01 INFO  org.testng.internal.Utils - [Utils] MethodGroupsHelper.sortMethods() took 0 ms.
2026-04-25 01:07:01 INFO  org.testng.internal.Utils - [Utils] MethodGroupsHelper.collectMethodsByGroup() took 0 ms.
2026-04-25 01:07:01 INFO  org.testng.internal.Utils - [Utils] MethodGroupsHelper.sortMethods() took 0 ms.
2026-04-25 01:07:01 INFO  org.testng.internal.Utils - [Utils] MethodGroupsHelper.collectMethodsByGroup() took 0 ms.
2026-04-25 01:07:01 INFO  org.testng.internal.Utils - [Utils] MethodGroupsHelper.sortMethods() took 0 ms.
2026-04-25 01:07:01 INFO  org.testng.internal.Utils - [Utils] MethodGroupsHelper.collectMethodsByGroup() took 0 ms.
2026-04-25 01:07:01 INFO  org.testng.internal.Utils - [Utils] MethodGroupsHelper.sortMethods() took 1 ms.
2026-04-25 01:07:01 INFO  org.testng.internal.Utils - [Utils] MethodGroupsHelper.collectMethodsByGroup() took 0 ms.
2026-04-25 01:07:01 INFO  org.testng.internal.Utils - [Utils] MethodGroupsHelper.sortMethods() took 0 ms.
2026-04-25 01:07:01 INFO  org.testng.internal.Utils - [Utils] MethodGroupsHelper.collectMethodsByGroup() took 0 ms.
2026-04-25 01:07:01 INFO  org.testng.internal.Utils - [Utils] MethodGroupsHelper.sortMethods() took 0 ms.
2026-04-25 01:07:01 INFO  org.testng.internal.Utils - [Utils] MethodGroupsHelper.collectMethodsByGroup() took 9 ms.
2026-04-25 01:07:01 INFO  org.testng.internal.Utils - [Utils] MethodGroupsHelper.sortMethods() took 0 ms.
2026-04-25 01:07:01 INFO  org.testng.internal.Utils - [Utils] MethodGroupsHelper.collectMethodsByGroup() took 0 ms.
2026-04-25 01:07:01 INFO  org.testng.internal.Utils - [Utils] MethodGroupsHelper.sortMethods() took 0 ms.
2026-04-25 01:07:01 INFO  org.testng.internal.Utils - [Utils] MethodGroupsHelper.collectMethodsByGroup() took 0 ms.
2026-04-25 01:07:01 INFO  org.testng.internal.Utils - [Utils] MethodGroupsHelper.sortMethods() took 0 ms.
2026-04-25 01:07:01 INFO  org.testng.internal.Utils - [TestNG] Running:
  C:\Users\Rahul\AppData\Local\Temp\testng-eclipse--717860043\testng-customsuite.xml

2026-04-25 01:07:01 INFO  org.testng.internal.Utils - [Utils] DynamicGraphHelper.createDynamicGraph() took 4 ms.
2026-04-25 01:07:04 INFO  Hooks.Hooks - Browser is opened..!
2026-04-25 01:07:08 INFO  Hooks.Hooks - url is launched..!
2026-04-25 01:07:49 INFO  Hooks.Hooks - Driver is Quit successfully....!
2026-04-25 01:07:49 INFO  org.testng.internal.Utils - [TestNG] Time taken by org.testng.reporters.jq.Main@fe09383: 59 ms
2026-04-25 01:07:49 INFO  org.testng.internal.Utils - [TestNG] Time taken by org.testng.reporters.FailedReporter@70a898b0: 2 ms
2026-04-25 01:07:49 INFO  org.testng.internal.Utils - [TestNG] Time taken by org.testng.reporters.XMLReporter@e91b4f4: 12 ms
2026-04-25 01:07:49 INFO  org.testng.internal.Utils - [TestNG] Time taken by org.testng.reporters.EmailableReporter2@2091833: 9 ms
2026-04-25 01:07:49 INFO  org.testng.internal.Utils - [TestNG] Time taken by org.testng.reporters.JUnitReportReporter@7ea2412c: 5 ms
2026-04-25 01:07:49 INFO  org.testng.internal.Utils - [TestNG] Time taken by org.testng.internal.ExitCodeListener@1c93b51e: 0 ms
2026-04-25 01:09:58 DEBUG org.testng.TestNG - suiteXmlPath: "C:\Users\Rahul\AppData\Local\Temp\testng-eclipse--579397762\testng-customsuite.xml"
2026-04-25 01:09:59 INFO  org.testng.internal.Utils - [Utils] MethodGroupsHelper.collectMethodsByGroup() took 1 ms.
2026-04-25 01:09:59 INFO  org.testng.internal.Utils - [Utils] MethodGroupsHelper.sortMethods() took 2 ms.
2026-04-25 01:09:59 INFO  org.testng.internal.Utils - [Utils] MethodGroupsHelper.collectMethodsByGroup() took 0 ms.
2026-04-25 01:09:59 INFO  org.testng.internal.Utils - [Utils] MethodGroupsHelper.sortMethods() took 0 ms.
2026-04-25 01:09:59 INFO  org.testng.internal.Utils - [Utils] MethodGroupsHelper.collectMethodsByGroup() took 0 ms.
2026-04-25 01:09:59 INFO  org.testng.internal.Utils - [Utils] MethodGroupsHelper.sortMethods() took 0 ms.
2026-04-25 01:09:59 INFO  org.testng.internal.Utils - [Utils] MethodGroupsHelper.collectMethodsByGroup() took 0 ms.
2026-04-25 01:09:59 INFO  org.testng.internal.Utils - [Utils] MethodGroupsHelper.sortMethods() took 0 ms.
2026-04-25 01:09:59 INFO  org.testng.internal.Utils - [Utils] MethodGroupsHelper.collectMethodsByGroup() took 0 ms.
2026-04-25 01:09:59 INFO  org.testng.internal.Utils - [Utils] MethodGroupsHelper.sortMethods() took 21 ms.
2026-04-25 01:09:59 INFO  org.testng.internal.Utils - [Utils] MethodGroupsHelper.collectMethodsByGroup() took 0 ms.
2026-04-25 01:09:59 INFO  org.testng.internal.Utils - [Utils] MethodGroupsHelper.sortMethods() took 0 ms.
2026-04-25 01:09:59 INFO  org.testng.internal.Utils - [Utils] MethodGroupsHelper.collectMethodsByGroup() took 0 ms.
2026-04-25 01:09:59 INFO  org.testng.internal.Utils - [Utils] MethodGroupsHelper.sortMethods() took 0 ms.
2026-04-25 01:09:59 INFO  org.testng.internal.Utils - [Utils] MethodGroupsHelper.collectMethodsByGroup() took 0 ms.
2026-04-25 01:09:59 INFO  org.testng.internal.Utils - [Utils] MethodGroupsHelper.sortMethods() took 1 ms.
2026-04-25 01:09:59 INFO  org.testng.internal.Utils - [Utils] MethodGroupsHelper.collectMethodsByGroup() took 0 ms.
2026-04-25 01:09:59 INFO  org.testng.internal.Utils - [Utils] MethodGroupsHelper.sortMethods() took 0 ms.
2026-04-25 01:09:59 INFO  org.testng.internal.Utils - [Utils] MethodGroupsHelper.collectMethodsByGroup() took 0 ms.
2026-04-25 01:09:59 INFO  org.testng.internal.Utils - [Utils] MethodGroupsHelper.sortMethods() took 0 ms.
2026-04-25 01:09:59 INFO  org.testng.internal.Utils - [Utils] MethodGroupsHelper.collectMethodsByGroup() took 0 ms.
2026-04-25 01:09:59 INFO  org.testng.internal.Utils - [Utils] MethodGroupsHelper.sortMethods() took 0 ms.
2026-04-25 01:09:59 INFO  org.testng.internal.Utils - [Utils] MethodGroupsHelper.collectMethodsByGroup() took 0 ms.
2026-04-25 01:09:59 INFO  org.testng.internal.Utils - [Utils] MethodGroupsHelper.sortMethods() took 0 ms.
2026-04-25 01:09:59 INFO  org.testng.internal.Utils - [Utils] MethodGroupsHelper.collectMethodsByGroup() took 12 ms.
2026-04-25 01:09:59 INFO  org.testng.internal.Utils - [Utils] MethodGroupsHelper.sortMethods() took 0 ms.
2026-04-25 01:09:59 INFO  org.testng.internal.Utils - [Utils] MethodGroupsHelper.collectMethodsByGroup() took 0 ms.
2026-04-25 01:09:59 INFO  org.testng.internal.Utils - [Utils] MethodGroupsHelper.sortMethods() took 1 ms.
2026-04-25 01:09:59 INFO  org.testng.internal.Utils - [Utils] MethodGroupsHelper.collectMethodsByGroup() took 0 ms.
2026-04-25 01:09:59 INFO  org.testng.internal.Utils - [Utils] MethodGroupsHelper.sortMethods() took 0 ms.
2026-04-25 01:09:59 INFO  org.testng.internal.Utils - [TestNG] Running:
  C:\Users\Rahul\AppData\Local\Temp\testng-eclipse--579397762\testng-customsuite.xml

2026-04-25 01:09:59 INFO  org.testng.internal.Utils - [Utils] DynamicGraphHelper.createDynamicGraph() took 9 ms.
2026-04-25 01:10:01 INFO  Hooks.Hooks - Browser is opened..!
2026-04-25 01:10:05 INFO  Hooks.Hooks - url is launched..!
2026-04-25 01:10:46 INFO  Hooks.Hooks - Driver is Quit successfully....!
2026-04-25 01:10:46 INFO  org.testng.internal.Utils - [TestNG] Time taken by org.testng.reporters.jq.Main@7edb6fca: 68 ms
2026-04-25 01:10:46 INFO  org.testng.internal.Utils - [TestNG] Time taken by org.testng.reporters.FailedReporter@628b819d: 1 ms
2026-04-25 01:10:46 INFO  org.testng.internal.Utils - [TestNG] Time taken by org.testng.reporters.XMLReporter@2d2b6960: 11 ms
2026-04-25 01:10:46 INFO  org.testng.internal.Utils - [TestNG] Time taken by org.testng.reporters.EmailableReporter2@5f7eee96: 7 ms
2026-04-25 01:10:46 INFO  org.testng.internal.Utils - [TestNG] Time taken by org.testng.reporters.JUnitReportReporter@180b3819: 5 ms
2026-04-25 01:10:46 INFO  org.testng.internal.Utils - [TestNG] Time taken by org.testng.internal.ExitCodeListener@733c464f: 0 ms
2026-04-25 01:12:34 DEBUG org.testng.TestNG - suiteXmlPath: "C:\Users\Rahul\AppData\Local\Temp\testng-eclipse-1555051218\testng-customsuite.xml"
2026-04-25 01:12:35 INFO  org.testng.internal.Utils - [Utils] MethodGroupsHelper.collectMethodsByGroup() took 1 ms.
2026-04-25 01:12:35 INFO  org.testng.internal.Utils - [Utils] MethodGroupsHelper.sortMethods() took 2 ms.
2026-04-25 01:12:35 INFO  org.testng.internal.Utils - [Utils] MethodGroupsHelper.collectMethodsByGroup() took 0 ms.
2026-04-25 01:12:35 INFO  org.testng.internal.Utils - [Utils] MethodGroupsHelper.sortMethods() took 0 ms.
2026-04-25 01:12:35 INFO  org.testng.internal.Utils - [Utils] MethodGroupsHelper.collectMethodsByGroup() took 0 ms.
2026-04-25 01:12:35 INFO  org.testng.internal.Utils - [Utils] MethodGroupsHelper.sortMethods() took 0 ms.
2026-04-25 01:12:35 INFO  org.testng.internal.Utils - [Utils] MethodGroupsHelper.collectMethodsByGroup() took 0 ms.
2026-04-25 01:12:35 INFO  org.testng.internal.Utils - [Utils] MethodGroupsHelper.sortMethods() took 0 ms.
2026-04-25 01:12:35 INFO  org.testng.internal.Utils - [Utils] MethodGroupsHelper.collectMethodsByGroup() took 0 ms.
2026-04-25 01:12:35 INFO  org.testng.internal.Utils - [Utils] MethodGroupsHelper.sortMethods() took 10 ms.
2026-04-25 01:12:35 INFO  org.testng.internal.Utils - [Utils] MethodGroupsHelper.collectMethodsByGroup() took 0 ms.
2026-04-25 01:12:35 INFO  org.testng.internal.Utils - [Utils] MethodGroupsHelper.sortMethods() took 1 ms.
2026-04-25 01:12:35 INFO  org.testng.internal.Utils - [Utils] MethodGroupsHelper.collectMethodsByGroup() took 0 ms.
2026-04-25 01:12:35 INFO  org.testng.internal.Utils - [Utils] MethodGroupsHelper.sortMethods() took 0 ms.
2026-04-25 01:12:35 INFO  org.testng.internal.Utils - [Utils] MethodGroupsHelper.collectMethodsByGroup() took 0 ms.
2026-04-25 01:12:35 INFO  org.testng.internal.Utils - [Utils] MethodGroupsHelper.sortMethods() took 0 ms.
2026-04-25 01:12:35 INFO  org.testng.internal.Utils - [Utils] MethodGroupsHelper.collectMethodsByGroup() took 0 ms.
2026-04-25 01:12:35 INFO  org.testng.internal.Utils - [Utils] MethodGroupsHelper.sortMethods() took 0 ms.
2026-04-25 01:12:35 INFO  org.testng.internal.Utils - [Utils] MethodGroupsHelper.collectMethodsByGroup() took 0 ms.
2026-04-25 01:12:35 INFO  org.testng.internal.Utils - [Utils] MethodGroupsHelper.sortMethods() took 0 ms.
2026-04-25 01:12:35 INFO  org.testng.internal.Utils - [Utils] MethodGroupsHelper.collectMethodsByGroup() took 0 ms.
2026-04-25 01:12:35 INFO  org.testng.internal.Utils - [Utils] MethodGroupsHelper.sortMethods() took 0 ms.
2026-04-25 01:12:35 INFO  org.testng.internal.Utils - [Utils] MethodGroupsHelper.collectMethodsByGroup() took 0 ms.
2026-04-25 01:12:35 INFO  org.testng.internal.Utils - [Utils] MethodGroupsHelper.sortMethods() took 0 ms.
2026-04-25 01:12:35 INFO  org.testng.internal.Utils - [Utils] MethodGroupsHelper.collectMethodsByGroup() took 6 ms.
2026-04-25 01:12:35 INFO  org.testng.internal.Utils - [Utils] MethodGroupsHelper.sortMethods() took 0 ms.
2026-04-25 01:12:35 INFO  org.testng.internal.Utils - [Utils] MethodGroupsHelper.collectMethodsByGroup() took 0 ms.
2026-04-25 01:12:35 INFO  org.testng.internal.Utils - [Utils] MethodGroupsHelper.sortMethods() took 0 ms.
2026-04-25 01:12:35 INFO  org.testng.internal.Utils - [Utils] MethodGroupsHelper.collectMethodsByGroup() took 0 ms.
2026-04-25 01:12:35 INFO  org.testng.internal.Utils - [Utils] MethodGroupsHelper.sortMethods() took 0 ms.
2026-04-25 01:12:35 INFO  org.testng.internal.Utils - [TestNG] Running:
  C:\Users\Rahul\AppData\Local\Temp\testng-eclipse-1555051218\testng-customsuite.xml

2026-04-25 01:12:35 INFO  org.testng.internal.Utils - [Utils] DynamicGraphHelper.createDynamicGraph() took 5 ms.
2026-04-25 01:12:38 INFO  Hooks.Hooks - Browser is opened..!
2026-04-25 01:12:45 INFO  Hooks.Hooks - url is launched..!
2026-04-25 01:13:29 INFO  Hooks.Hooks - Driver is Quit successfully....!
2026-04-25 01:13:29 INFO  org.testng.internal.Utils - [TestNG] Time taken by org.testng.reporters.jq.Main@d7bbf12: 60 ms
2026-04-25 01:13:29 INFO  org.testng.internal.Utils - [TestNG] Time taken by org.testng.reporters.FailedReporter@3a36cd5: 2 ms
2026-04-25 01:13:29 INFO  org.testng.internal.Utils - [TestNG] Time taken by org.testng.reporters.XMLReporter@5974b7e8: 11 ms
2026-04-25 01:13:29 INFO  org.testng.internal.Utils - [TestNG] Time taken by org.testng.reporters.EmailableReporter2@f557c37: 7 ms
2026-04-25 01:13:29 INFO  org.testng.internal.Utils - [TestNG] Time taken by org.testng.reporters.JUnitReportReporter@7061622: 6 ms
2026-04-25 01:13:29 INFO  org.testng.internal.Utils - [TestNG] Time taken by org.testng.internal.ExitCodeListener@32d418a9: 0 ms
2026-04-25 01:14:50 DEBUG org.testng.TestNG - suiteXmlPath: "C:\Users\Rahul\AppData\Local\Temp\testng-eclipse-1651390041\testng-customsuite.xml"
2026-04-25 01:14:51 INFO  org.testng.internal.Utils - [Utils] MethodGroupsHelper.collectMethodsByGroup() took 1 ms.
2026-04-25 01:14:51 INFO  org.testng.internal.Utils - [Utils] MethodGroupsHelper.sortMethods() took 1 ms.
2026-04-25 01:14:51 INFO  org.testng.internal.Utils - [Utils] MethodGroupsHelper.collectMethodsByGroup() took 0 ms.
2026-04-25 01:14:51 INFO  org.testng.internal.Utils - [Utils] MethodGroupsHelper.sortMethods() took 0 ms.
2026-04-25 01:14:51 INFO  org.testng.internal.Utils - [Utils] MethodGroupsHelper.collectMethodsByGroup() took 0 ms.
2026-04-25 01:14:51 INFO  org.testng.internal.Utils - [Utils] MethodGroupsHelper.sortMethods() took 0 ms.
2026-04-25 01:14:51 INFO  org.testng.internal.Utils - [Utils] MethodGroupsHelper.collectMethodsByGroup() took 0 ms.
2026-04-25 01:14:51 INFO  org.testng.internal.Utils - [Utils] MethodGroupsHelper.sortMethods() took 0 ms.
2026-04-25 01:14:51 INFO  org.testng.internal.Utils - [Utils] MethodGroupsHelper.collectMethodsByGroup() took 1 ms.
2026-04-25 01:14:51 INFO  org.testng.internal.Utils - [Utils] MethodGroupsHelper.sortMethods() took 12 ms.
2026-04-25 01:14:51 INFO  org.testng.internal.Utils - [Utils] MethodGroupsHelper.collectMethodsByGroup() took 0 ms.
2026-04-25 01:14:51 INFO  org.testng.internal.Utils - [Utils] MethodGroupsHelper.sortMethods() took 0 ms.
2026-04-25 01:14:51 INFO  org.testng.internal.Utils - [Utils] MethodGroupsHelper.collectMethodsByGroup() took 0 ms.
2026-04-25 01:14:51 INFO  org.testng.internal.Utils - [Utils] MethodGroupsHelper.sortMethods() took 0 ms.
2026-04-25 01:14:51 INFO  org.testng.internal.Utils - [Utils] MethodGroupsHelper.collectMethodsByGroup() took 0 ms.
2026-04-25 01:14:51 INFO  org.testng.internal.Utils - [Utils] MethodGroupsHelper.sortMethods() took 0 ms.
2026-04-25 01:14:51 INFO  org.testng.internal.Utils - [Utils] MethodGroupsHelper.collectMethodsByGroup() took 0 ms.
2026-04-25 01:14:51 INFO  org.testng.internal.Utils - [Utils] MethodGroupsHelper.sortMethods() took 0 ms.
2026-04-25 01:14:51 INFO  org.testng.internal.Utils - [Utils] MethodGroupsHelper.collectMethodsByGroup() took 0 ms.
2026-04-25 01:14:51 INFO  org.testng.internal.Utils - [Utils] MethodGroupsHelper.sortMethods() took 0 ms.
2026-04-25 01:14:51 INFO  org.testng.internal.Utils - [Utils] MethodGroupsHelper.collectMethodsByGroup() took 0 ms.
2026-04-25 01:14:51 INFO  org.testng.internal.Utils - [Utils] MethodGroupsHelper.sortMethods() took 0 ms.
2026-04-25 01:14:51 INFO  org.testng.internal.Utils - [Utils] MethodGroupsHelper.collectMethodsByGroup() took 0 ms.
2026-04-25 01:14:51 INFO  org.testng.internal.Utils - [Utils] MethodGroupsHelper.sortMethods() took 0 ms.
2026-04-25 01:14:51 INFO  org.testng.internal.Utils - [Utils] MethodGroupsHelper.collectMethodsByGroup() took 8 ms.
2026-04-25 01:14:51 INFO  org.testng.internal.Utils - [Utils] MethodGroupsHelper.sortMethods() took 0 ms.
2026-04-25 01:14:51 INFO  org.testng.internal.Utils - [Utils] MethodGroupsHelper.collectMethodsByGroup() took 0 ms.
2026-04-25 01:14:51 INFO  org.testng.internal.Utils - [Utils] MethodGroupsHelper.sortMethods() took 0 ms.
2026-04-25 01:14:51 INFO  org.testng.internal.Utils - [Utils] MethodGroupsHelper.collectMethodsByGroup() took 0 ms.
2026-04-25 01:14:51 INFO  org.testng.internal.Utils - [Utils] MethodGroupsHelper.sortMethods() took 0 ms.
2026-04-25 01:14:51 INFO  org.testng.internal.Utils - [TestNG] Running:
  C:\Users\Rahul\AppData\Local\Temp\testng-eclipse-1651390041\testng-customsuite.xml

2026-04-25 01:14:51 INFO  org.testng.internal.Utils - [Utils] DynamicGraphHelper.createDynamicGraph() took 5 ms.
2026-04-25 01:14:53 INFO  Hooks.Hooks - Browser is opened..!
2026-04-25 01:14:58 INFO  Hooks.Hooks - url is launched..!
2026-04-25 01:15:40 INFO  Hooks.Hooks - Driver is Quit successfully....!
2026-04-25 01:15:40 INFO  org.testng.internal.Utils - [TestNG] Time taken by org.testng.reporters.jq.Main@45e6d1e0: 52 ms
2026-04-25 01:15:40 INFO  org.testng.internal.Utils - [TestNG] Time taken by org.testng.reporters.FailedReporter@4a50d04a: 14 ms
2026-04-25 01:15:40 INFO  org.testng.internal.Utils - [TestNG] Time taken by org.testng.reporters.XMLReporter@83bb0f: 9 ms
2026-04-25 01:15:40 INFO  org.testng.internal.Utils - [TestNG] Time taken by org.testng.reporters.EmailableReporter2@307e4c44: 5 ms
2026-04-25 01:15:40 INFO  org.testng.internal.Utils - [TestNG] Time taken by org.testng.reporters.JUnitReportReporter@5482bcac: 5 ms
2026-04-25 01:15:40 INFO  org.testng.internal.Utils - [TestNG] Time taken by org.testng.internal.ExitCodeListener@10244722: 0 ms
2026-04-25 01:17:46 DEBUG org.testng.TestNG - suiteXmlPath: "C:\Users\Rahul\AppData\Local\Temp\testng-eclipse-758432172\testng-customsuite.xml"
2026-04-25 01:17:46 INFO  org.testng.internal.Utils - [Utils] MethodGroupsHelper.collectMethodsByGroup() took 0 ms.
2026-04-25 01:17:46 INFO  org.testng.internal.Utils - [Utils] MethodGroupsHelper.sortMethods() took 2 ms.
2026-04-25 01:17:46 INFO  org.testng.internal.Utils - [Utils] MethodGroupsHelper.collectMethodsByGroup() took 0 ms.
2026-04-25 01:17:46 INFO  org.testng.internal.Utils - [Utils] MethodGroupsHelper.sortMethods() took 0 ms.
2026-04-25 01:17:46 INFO  org.testng.internal.Utils - [Utils] MethodGroupsHelper.collectMethodsByGroup() took 0 ms.
2026-04-25 01:17:46 INFO  org.testng.internal.Utils - [Utils] MethodGroupsHelper.sortMethods() took 0 ms.
2026-04-25 01:17:46 INFO  org.testng.internal.Utils - [Utils] MethodGroupsHelper.collectMethodsByGroup() took 0 ms.
2026-04-25 01:17:46 INFO  org.testng.internal.Utils - [Utils] MethodGroupsHelper.sortMethods() took 0 ms.
2026-04-25 01:17:46 INFO  org.testng.internal.Utils - [Utils] MethodGroupsHelper.collectMethodsByGroup() took 0 ms.
2026-04-25 01:17:46 INFO  org.testng.internal.Utils - [Utils] MethodGroupsHelper.sortMethods() took 12 ms.
2026-04-25 01:17:46 INFO  org.testng.internal.Utils - [Utils] MethodGroupsHelper.collectMethodsByGroup() took 0 ms.
2026-04-25 01:17:46 INFO  org.testng.internal.Utils - [Utils] MethodGroupsHelper.sortMethods() took 1 ms.
2026-04-25 01:17:46 INFO  org.testng.internal.Utils - [Utils] MethodGroupsHelper.collectMethodsByGroup() took 0 ms.
2026-04-25 01:17:46 INFO  org.testng.internal.Utils - [Utils] MethodGroupsHelper.sortMethods() took 0 ms.
2026-04-25 01:17:46 INFO  org.testng.internal.Utils - [Utils] MethodGroupsHelper.collectMethodsByGroup() took 0 ms.
2026-04-25 01:17:46 INFO  org.testng.internal.Utils - [Utils] MethodGroupsHelper.sortMethods() took 0 ms.
2026-04-25 01:17:46 INFO  org.testng.internal.Utils - [Utils] MethodGroupsHelper.collectMethodsByGroup() took 0 ms.
2026-04-25 01:17:46 INFO  org.testng.internal.Utils - [Utils] MethodGroupsHelper.sortMethods() took 0 ms.
2026-04-25 01:17:46 INFO  org.testng.internal.Utils - [Utils] MethodGroupsHelper.collectMethodsByGroup() took 0 ms.
2026-04-25 01:17:46 INFO  org.testng.internal.Utils - [Utils] MethodGroupsHelper.sortMethods() took 0 ms.
2026-04-25 01:17:46 INFO  org.testng.internal.Utils - [Utils] MethodGroupsHelper.collectMethodsByGroup() took 0 ms.
2026-04-25 01:17:46 INFO  org.testng.internal.Utils - [Utils] MethodGroupsHelper.sortMethods() took 0 ms.
2026-04-25 01:17:46 INFO  org.testng.internal.Utils - [Utils] MethodGroupsHelper.collectMethodsByGroup() took 0 ms.
2026-04-25 01:17:46 INFO  org.testng.internal.Utils - [Utils] MethodGroupsHelper.sortMethods() took 0 ms.
2026-04-25 01:17:46 INFO  org.testng.internal.Utils - [Utils] MethodGroupsHelper.collectMethodsByGroup() took 7 ms.
2026-04-25 01:17:46 INFO  org.testng.internal.Utils - [Utils] MethodGroupsHelper.sortMethods() took 0 ms.
2026-04-25 01:17:46 INFO  org.testng.internal.Utils - [Utils] MethodGroupsHelper.collectMethodsByGroup() took 0 ms.
2026-04-25 01:17:46 INFO  org.testng.internal.Utils - [Utils] MethodGroupsHelper.sortMethods() took 0 ms.
2026-04-25 01:17:46 INFO  org.testng.internal.Utils - [Utils] MethodGroupsHelper.collectMethodsByGroup() took 0 ms.
2026-04-25 01:17:46 INFO  org.testng.internal.Utils - [Utils] MethodGroupsHelper.sortMethods() took 0 ms.
2026-04-25 01:17:46 INFO  org.testng.internal.Utils - [TestNG] Running:
  C:\Users\Rahul\AppData\Local\Temp\testng-eclipse-758432172\testng-customsuite.xml

2026-04-25 01:17:46 INFO  org.testng.internal.Utils - [Utils] DynamicGraphHelper.createDynamicGraph() took 5 ms.
2026-04-25 01:17:49 INFO  Hooks.Hooks - Browser is opened..!
2026-04-25 01:17:52 INFO  Hooks.Hooks - url is launched..!
2026-04-25 01:18:34 INFO  Hooks.Hooks - Driver is Quit successfully....!
2026-04-25 01:18:34 INFO  org.testng.internal.Utils - [TestNG] Time taken by org.testng.reporters.jq.Main@2d2b6960: 52 ms
2026-04-25 01:18:34 INFO  org.testng.internal.Utils - [TestNG] Time taken by org.testng.reporters.FailedReporter@40ef0af8: 2 ms
2026-04-25 01:18:34 INFO  org.testng.internal.Utils - [TestNG] Time taken by org.testng.reporters.XMLReporter@6f8e9d06: 9 ms
2026-04-25 01:18:34 INFO  org.testng.internal.Utils - [TestNG] Time taken by org.testng.reporters.EmailableReporter2@66bf40e5: 7 ms
2026-04-25 01:18:34 INFO  org.testng.internal.Utils - [TestNG] Time taken by org.testng.reporters.JUnitReportReporter@5a515e5d: 5 ms
2026-04-25 01:18:34 INFO  org.testng.internal.Utils - [TestNG] Time taken by org.testng.internal.ExitCodeListener@423a0e1d: 0 ms
2026-04-25 01:19:52 DEBUG org.testng.TestNG - suiteXmlPath: "C:\Users\Rahul\AppData\Local\Temp\testng-eclipse-503913934\testng-customsuite.xml"
2026-04-25 01:19:52 INFO  org.testng.internal.Utils - [Utils] MethodGroupsHelper.collectMethodsByGroup() took 0 ms.
2026-04-25 01:19:52 INFO  org.testng.internal.Utils - [Utils] MethodGroupsHelper.sortMethods() took 2 ms.
2026-04-25 01:19:52 INFO  org.testng.internal.Utils - [Utils] MethodGroupsHelper.collectMethodsByGroup() took 0 ms.
2026-04-25 01:19:52 INFO  org.testng.internal.Utils - [Utils] MethodGroupsHelper.sortMethods() took 0 ms.
2026-04-25 01:19:52 INFO  org.testng.internal.Utils - [Utils] MethodGroupsHelper.collectMethodsByGroup() took 0 ms.
2026-04-25 01:19:52 INFO  org.testng.internal.Utils - [Utils] MethodGroupsHelper.sortMethods() took 0 ms.
2026-04-25 01:19:52 INFO  org.testng.internal.Utils - [Utils] MethodGroupsHelper.collectMethodsByGroup() took 0 ms.
2026-04-25 01:19:52 INFO  org.testng.internal.Utils - [Utils] MethodGroupsHelper.sortMethods() took 0 ms.
2026-04-25 01:19:52 INFO  org.testng.internal.Utils - [Utils] MethodGroupsHelper.collectMethodsByGroup() took 0 ms.
2026-04-25 01:19:53 INFO  org.testng.internal.Utils - [Utils] MethodGroupsHelper.sortMethods() took 20 ms.
2026-04-25 01:19:53 INFO  org.testng.internal.Utils - [Utils] MethodGroupsHelper.collectMethodsByGroup() took 1 ms.
2026-04-25 01:19:53 INFO  org.testng.internal.Utils - [Utils] MethodGroupsHelper.sortMethods() took 0 ms.
2026-04-25 01:19:53 INFO  org.testng.internal.Utils - [Utils] MethodGroupsHelper.collectMethodsByGroup() took 0 ms.
2026-04-25 01:19:53 INFO  org.testng.internal.Utils - [Utils] MethodGroupsHelper.sortMethods() took 0 ms.
2026-04-25 01:19:53 INFO  org.testng.internal.Utils - [Utils] MethodGroupsHelper.collectMethodsByGroup() took 0 ms.
2026-04-25 01:19:53 INFO  org.testng.internal.Utils - [Utils] MethodGroupsHelper.sortMethods() took 0 ms.
2026-04-25 01:19:53 INFO  org.testng.internal.Utils - [Utils] MethodGroupsHelper.collectMethodsByGroup() took 0 ms.
2026-04-25 01:19:53 INFO  org.testng.internal.Utils - [Utils] MethodGroupsHelper.sortMethods() took 0 ms.
2026-04-25 01:19:53 INFO  org.testng.internal.Utils - [Utils] MethodGroupsHelper.collectMethodsByGroup() took 0 ms.
2026-04-25 01:19:53 INFO  org.testng.internal.Utils - [Utils] MethodGroupsHelper.sortMethods() took 0 ms.
2026-04-25 01:19:53 INFO  org.testng.internal.Utils - [Utils] MethodGroupsHelper.collectMethodsByGroup() took 0 ms.
2026-04-25 01:19:53 INFO  org.testng.internal.Utils - [Utils] MethodGroupsHelper.sortMethods() took 0 ms.
2026-04-25 01:19:53 INFO  org.testng.internal.Utils - [Utils] MethodGroupsHelper.collectMethodsByGroup() took 0 ms.
2026-04-25 01:19:53 INFO  org.testng.internal.Utils - [Utils] MethodGroupsHelper.sortMethods() took 0 ms.
2026-04-25 01:19:53 INFO  org.testng.internal.Utils - [Utils] MethodGroupsHelper.collectMethodsByGroup() took 6 ms.
2026-04-25 01:19:53 INFO  org.testng.internal.Utils - [Utils] MethodGroupsHelper.sortMethods() took 1 ms.
2026-04-25 01:19:53 INFO  org.testng.internal.Utils - [Utils] MethodGroupsHelper.collectMethodsByGroup() took 0 ms.
2026-04-25 01:19:53 INFO  org.testng.internal.Utils - [Utils] MethodGroupsHelper.sortMethods() took 0 ms.
2026-04-25 01:19:53 INFO  org.testng.internal.Utils - [Utils] MethodGroupsHelper.collectMethodsByGroup() took 0 ms.
2026-04-25 01:19:53 INFO  org.testng.internal.Utils - [Utils] MethodGroupsHelper.sortMethods() took 0 ms.
2026-04-25 01:19:53 INFO  org.testng.internal.Utils - [TestNG] Running:
  C:\Users\Rahul\AppData\Local\Temp\testng-eclipse-503913934\testng-customsuite.xml

2026-04-25 01:19:53 INFO  org.testng.internal.Utils - [Utils] DynamicGraphHelper.createDynamicGraph() took 7 ms.
2026-04-25 01:19:55 INFO  Hooks.Hooks - Browser is opened..!
2026-04-25 01:19:56 INFO  Hooks.Hooks - url is launched..!
2026-04-25 01:21:42 INFO  Hooks.Hooks - Driver is Quit successfully....!
2026-04-25 01:21:43 INFO  org.testng.internal.Utils - [TestNG] Time taken by org.testng.reporters.jq.Main@21e45a6f: 110 ms
2026-04-25 01:21:43 INFO  org.testng.internal.Utils - [TestNG] Time taken by org.testng.reporters.FailedReporter@42e4e589: 30 ms
2026-04-25 01:21:43 INFO  org.testng.internal.Utils - [TestNG] Time taken by org.testng.reporters.XMLReporter@740fefc6: 16 ms
2026-04-25 01:21:43 INFO  org.testng.internal.Utils - [TestNG] Time taken by org.testng.reporters.EmailableReporter2@4d4436d0: 13 ms
2026-04-25 01:21:43 INFO  org.testng.internal.Utils - [TestNG] Time taken by org.testng.reporters.JUnitReportReporter@477021ee: 10 ms
2026-04-25 01:21:43 INFO  org.testng.internal.Utils - [TestNG] Time taken by org.testng.internal.ExitCodeListener@2180e789: 0 ms
2026-04-25 01:24:32 DEBUG org.testng.TestNG - suiteXmlPath: "C:\Users\Rahul\AppData\Local\Temp\testng-eclipse-134168597\testng-customsuite.xml"
2026-04-25 01:24:32 INFO  org.testng.internal.Utils - [Utils] MethodGroupsHelper.collectMethodsByGroup() took 0 ms.
2026-04-25 01:24:32 INFO  org.testng.internal.Utils - [Utils] MethodGroupsHelper.sortMethods() took 2 ms.
2026-04-25 01:24:32 INFO  org.testng.internal.Utils - [Utils] MethodGroupsHelper.collectMethodsByGroup() took 0 ms.
2026-04-25 01:24:32 INFO  org.testng.internal.Utils - [Utils] MethodGroupsHelper.sortMethods() took 0 ms.
2026-04-25 01:24:32 INFO  org.testng.internal.Utils - [Utils] MethodGroupsHelper.collectMethodsByGroup() took 0 ms.
2026-04-25 01:24:32 INFO  org.testng.internal.Utils - [Utils] MethodGroupsHelper.sortMethods() took 0 ms.
2026-04-25 01:24:32 INFO  org.testng.internal.Utils - [Utils] MethodGroupsHelper.collectMethodsByGroup() took 0 ms.
2026-04-25 01:24:32 INFO  org.testng.internal.Utils - [Utils] MethodGroupsHelper.sortMethods() took 0 ms.
2026-04-25 01:24:32 INFO  org.testng.internal.Utils - [Utils] MethodGroupsHelper.collectMethodsByGroup() took 0 ms.
2026-04-25 01:24:32 INFO  org.testng.internal.Utils - [Utils] MethodGroupsHelper.sortMethods() took 0 ms.
2026-04-25 01:24:32 INFO  org.testng.internal.Utils - [Utils] MethodGroupsHelper.collectMethodsByGroup() took 0 ms.
2026-04-25 01:24:32 INFO  org.testng.internal.Utils - [Utils] MethodGroupsHelper.sortMethods() took 0 ms.
2026-04-25 01:24:32 INFO  org.testng.internal.Utils - [Utils] MethodGroupsHelper.collectMethodsByGroup() took 0 ms.
2026-04-25 01:24:32 INFO  org.testng.internal.Utils - [Utils] MethodGroupsHelper.sortMethods() took 0 ms.
2026-04-25 01:24:32 INFO  org.testng.internal.Utils - [Utils] MethodGroupsHelper.collectMethodsByGroup() took 0 ms.
2026-04-25 01:24:32 INFO  org.testng.internal.Utils - [Utils] MethodGroupsHelper.sortMethods() took 0 ms.
2026-04-25 01:24:32 INFO  org.testng.internal.Utils - [Utils] MethodGroupsHelper.collectMethodsByGroup() took 5 ms.
2026-04-25 01:24:32 INFO  org.testng.internal.Utils - [Utils] MethodGroupsHelper.sortMethods() took 12 ms.
2026-04-25 01:24:32 INFO  org.testng.internal.Utils - [Utils] MethodGroupsHelper.collectMethodsByGroup() took 0 ms.
2026-04-25 01:24:32 INFO  org.testng.internal.Utils - [Utils] MethodGroupsHelper.sortMethods() took 1 ms.
2026-04-25 01:24:32 INFO  org.testng.internal.Utils - [Utils] MethodGroupsHelper.collectMethodsByGroup() took 0 ms.
2026-04-25 01:24:32 INFO  org.testng.internal.Utils - [Utils] MethodGroupsHelper.sortMethods() took 0 ms.
2026-04-25 01:24:32 INFO  org.testng.internal.Utils - [Utils] MethodGroupsHelper.collectMethodsByGroup() took 0 ms.
2026-04-25 01:24:32 INFO  org.testng.internal.Utils - [Utils] MethodGroupsHelper.sortMethods() took 0 ms.
2026-04-25 01:24:32 INFO  org.testng.internal.Utils - [Utils] MethodGroupsHelper.collectMethodsByGroup() took 35 ms.
2026-04-25 01:24:32 INFO  org.testng.internal.Utils - [Utils] MethodGroupsHelper.sortMethods() took 0 ms.
2026-04-25 01:24:32 INFO  org.testng.internal.Utils - [Utils] MethodGroupsHelper.collectMethodsByGroup() took 0 ms.
2026-04-25 01:24:32 INFO  org.testng.internal.Utils - [Utils] MethodGroupsHelper.sortMethods() took 0 ms.
2026-04-25 01:24:32 INFO  org.testng.internal.Utils - [Utils] MethodGroupsHelper.collectMethodsByGroup() took 0 ms.
2026-04-25 01:24:32 INFO  org.testng.internal.Utils - [Utils] MethodGroupsHelper.sortMethods() took 0 ms.
2026-04-25 01:24:32 INFO  org.testng.internal.Utils - [TestNG] Running:
  C:\Users\Rahul\AppData\Local\Temp\testng-eclipse-134168597\testng-customsuite.xml

2026-04-25 01:24:32 INFO  org.testng.internal.Utils - [Utils] DynamicGraphHelper.createDynamicGraph() took 10 ms.
2026-04-25 01:25:49 INFO  org.testng.internal.Utils - [TestNG] Time taken by org.testng.reporters.jq.Main@13c8ac77: 67 ms
2026-04-25 01:25:49 INFO  org.testng.internal.Utils - [TestNG] Time taken by org.testng.reporters.FailedReporter@4fa4f485: 19 ms
2026-04-25 01:25:49 INFO  org.testng.internal.Utils - [TestNG] Time taken by org.testng.reporters.XMLReporter@73a0f2b: 18 ms
2026-04-25 01:25:49 INFO  org.testng.internal.Utils - [TestNG] Time taken by org.testng.reporters.EmailableReporter2@7e4579c7: 14 ms
2026-04-25 01:25:49 INFO  org.testng.internal.Utils - [TestNG] Time taken by org.testng.reporters.JUnitReportReporter@18a19e: 14 ms
2026-04-25 01:25:49 INFO  org.testng.internal.Utils - [TestNG] Time taken by org.testng.internal.ExitCodeListener@60a7e509: 0 ms
2026-04-25 01:28:11 DEBUG org.testng.TestNG - suiteXmlPath: "C:\Users\Rahul\AppData\Local\Temp\testng-eclipse--353958977\testng-customsuite.xml"
2026-04-25 01:28:12 INFO  org.testng.internal.Utils - [Utils] MethodGroupsHelper.collectMethodsByGroup() took 0 ms.
2026-04-25 01:28:12 INFO  org.testng.internal.Utils - [Utils] MethodGroupsHelper.sortMethods() took 3 ms.
2026-04-25 01:28:12 INFO  org.testng.internal.Utils - [Utils] MethodGroupsHelper.collectMethodsByGroup() took 0 ms.
2026-04-25 01:28:12 INFO  org.testng.internal.Utils - [Utils] MethodGroupsHelper.sortMethods() took 0 ms.
2026-04-25 01:28:12 INFO  org.testng.internal.Utils - [Utils] MethodGroupsHelper.collectMethodsByGroup() took 0 ms.
2026-04-25 01:28:12 INFO  org.testng.internal.Utils - [Utils] MethodGroupsHelper.sortMethods() took 0 ms.
2026-04-25 01:28:12 INFO  org.testng.internal.Utils - [Utils] MethodGroupsHelper.collectMethodsByGroup() took 0 ms.
2026-04-25 01:28:12 INFO  org.testng.internal.Utils - [Utils] MethodGroupsHelper.sortMethods() took 0 ms.
2026-04-25 01:28:12 INFO  org.testng.internal.Utils - [Utils] MethodGroupsHelper.collectMethodsByGroup() took 0 ms.
2026-04-25 01:28:12 INFO  org.testng.internal.Utils - [Utils] MethodGroupsHelper.sortMethods() took 0 ms.
2026-04-25 01:28:12 INFO  org.testng.internal.Utils - [Utils] MethodGroupsHelper.collectMethodsByGroup() took 0 ms.
2026-04-25 01:28:12 INFO  org.testng.internal.Utils - [Utils] MethodGroupsHelper.sortMethods() took 0 ms.
2026-04-25 01:28:12 INFO  org.testng.internal.Utils - [Utils] MethodGroupsHelper.collectMethodsByGroup() took 0 ms.
2026-04-25 01:28:12 INFO  org.testng.internal.Utils - [Utils] MethodGroupsHelper.sortMethods() took 0 ms.
2026-04-25 01:28:12 INFO  org.testng.internal.Utils - [Utils] MethodGroupsHelper.collectMethodsByGroup() took 0 ms.
2026-04-25 01:28:12 INFO  org.testng.internal.Utils - [Utils] MethodGroupsHelper.sortMethods() took 0 ms.
2026-04-25 01:28:12 INFO  org.testng.internal.Utils - [Utils] MethodGroupsHelper.collectMethodsByGroup() took 10 ms.
2026-04-25 01:28:12 INFO  org.testng.internal.Utils - [Utils] MethodGroupsHelper.sortMethods() took 18 ms.
2026-04-25 01:28:12 INFO  org.testng.internal.Utils - [Utils] MethodGroupsHelper.collectMethodsByGroup() took 0 ms.
2026-04-25 01:28:12 INFO  org.testng.internal.Utils - [Utils] MethodGroupsHelper.sortMethods() took 1 ms.
2026-04-25 01:28:12 INFO  org.testng.internal.Utils - [Utils] MethodGroupsHelper.collectMethodsByGroup() took 0 ms.
2026-04-25 01:28:12 INFO  org.testng.internal.Utils - [Utils] MethodGroupsHelper.sortMethods() took 0 ms.
2026-04-25 01:28:12 INFO  org.testng.internal.Utils - [Utils] MethodGroupsHelper.collectMethodsByGroup() took 0 ms.
2026-04-25 01:28:12 INFO  org.testng.internal.Utils - [Utils] MethodGroupsHelper.sortMethods() took 0 ms.
2026-04-25 01:28:12 INFO  org.testng.internal.Utils - [Utils] MethodGroupsHelper.collectMethodsByGroup() took 12 ms.
2026-04-25 01:28:12 INFO  org.testng.internal.Utils - [Utils] MethodGroupsHelper.sortMethods() took 0 ms.
2026-04-25 01:28:12 INFO  org.testng.internal.Utils - [Utils] MethodGroupsHelper.collectMethodsByGroup() took 0 ms.
2026-04-25 01:28:12 INFO  org.testng.internal.Utils - [Utils] MethodGroupsHelper.sortMethods() took 0 ms.
2026-04-25 01:28:12 INFO  org.testng.internal.Utils - [Utils] MethodGroupsHelper.collectMethodsByGroup() took 0 ms.
2026-04-25 01:28:12 INFO  org.testng.internal.Utils - [Utils] MethodGroupsHelper.sortMethods() took 0 ms.
2026-04-25 01:28:12 INFO  org.testng.internal.Utils - [TestNG] Running:
  C:\Users\Rahul\AppData\Local\Temp\testng-eclipse--353958977\testng-customsuite.xml

2026-04-25 01:28:12 INFO  org.testng.internal.Utils - [Utils] DynamicGraphHelper.createDynamicGraph() took 5 ms.
2026-04-25 01:29:09 INFO  org.testng.internal.Utils - [TestNG] Time taken by org.testng.reporters.jq.Main@44be69aa: 87 ms
2026-04-25 01:29:09 INFO  org.testng.internal.Utils - [TestNG] Time taken by org.testng.reporters.FailedReporter@10a98392: 19 ms
2026-04-25 01:29:09 INFO  org.testng.internal.Utils - [TestNG] Time taken by org.testng.reporters.XMLReporter@36baa049: 20 ms
2026-04-25 01:29:09 INFO  org.testng.internal.Utils - [TestNG] Time taken by org.testng.reporters.EmailableReporter2@4fe533ff: 15 ms
2026-04-25 01:29:09 INFO  org.testng.internal.Utils - [TestNG] Time taken by org.testng.reporters.JUnitReportReporter@5e5aafc6: 13 ms
2026-04-25 01:29:09 INFO  org.testng.internal.Utils - [TestNG] Time taken by org.testng.internal.ExitCodeListener@542f6803: 0 ms
2026-04-25 01:34:32 DEBUG org.testng.TestNG - suiteXmlPath: "C:\Users\Rahul\AppData\Local\Temp\testng-eclipse--570453303\testng-customsuite.xml"
2026-04-25 01:34:33 INFO  org.testng.internal.Utils - [Utils] MethodGroupsHelper.collectMethodsByGroup() took 0 ms.
2026-04-25 01:34:33 INFO  org.testng.internal.Utils - [Utils] MethodGroupsHelper.sortMethods() took 2 ms.
2026-04-25 01:34:33 INFO  org.testng.internal.Utils - [Utils] MethodGroupsHelper.collectMethodsByGroup() took 0 ms.
2026-04-25 01:34:33 INFO  org.testng.internal.Utils - [Utils] MethodGroupsHelper.sortMethods() took 0 ms.
2026-04-25 01:34:33 INFO  org.testng.internal.Utils - [Utils] MethodGroupsHelper.collectMethodsByGroup() took 0 ms.
2026-04-25 01:34:33 INFO  org.testng.internal.Utils - [Utils] MethodGroupsHelper.sortMethods() took 0 ms.
2026-04-25 01:34:33 INFO  org.testng.internal.Utils - [Utils] MethodGroupsHelper.collectMethodsByGroup() took 0 ms.
2026-04-25 01:34:33 INFO  org.testng.internal.Utils - [Utils] MethodGroupsHelper.sortMethods() took 0 ms.
2026-04-25 01:34:33 INFO  org.testng.internal.Utils - [Utils] MethodGroupsHelper.collectMethodsByGroup() took 0 ms.
2026-04-25 01:34:33 INFO  org.testng.internal.Utils - [Utils] MethodGroupsHelper.sortMethods() took 16 ms.
2026-04-25 01:34:33 INFO  org.testng.internal.Utils - [Utils] MethodGroupsHelper.collectMethodsByGroup() took 0 ms.
2026-04-25 01:34:33 INFO  org.testng.internal.Utils - [Utils] MethodGroupsHelper.sortMethods() took 1 ms.
2026-04-25 01:34:33 INFO  org.testng.internal.Utils - [Utils] MethodGroupsHelper.collectMethodsByGroup() took 0 ms.
2026-04-25 01:34:33 INFO  org.testng.internal.Utils - [Utils] MethodGroupsHelper.sortMethods() took 0 ms.
2026-04-25 01:34:33 INFO  org.testng.internal.Utils - [Utils] MethodGroupsHelper.collectMethodsByGroup() took 0 ms.
2026-04-25 01:34:33 INFO  org.testng.internal.Utils - [Utils] MethodGroupsHelper.sortMethods() took 0 ms.
2026-04-25 01:34:33 INFO  org.testng.internal.Utils - [Utils] MethodGroupsHelper.collectMethodsByGroup() took 0 ms.
2026-04-25 01:34:33 INFO  org.testng.internal.Utils - [Utils] MethodGroupsHelper.sortMethods() took 0 ms.
2026-04-25 01:34:33 INFO  org.testng.internal.Utils - [Utils] MethodGroupsHelper.collectMethodsByGroup() took 0 ms.
2026-04-25 01:34:33 INFO  org.testng.internal.Utils - [Utils] MethodGroupsHelper.sortMethods() took 0 ms.
2026-04-25 01:34:33 INFO  org.testng.internal.Utils - [Utils] MethodGroupsHelper.collectMethodsByGroup() took 0 ms.
2026-04-25 01:34:33 INFO  org.testng.internal.Utils - [Utils] MethodGroupsHelper.sortMethods() took 0 ms.
2026-04-25 01:34:33 INFO  org.testng.internal.Utils - [Utils] MethodGroupsHelper.collectMethodsByGroup() took 0 ms.
2026-04-25 01:34:33 INFO  org.testng.internal.Utils - [Utils] MethodGroupsHelper.sortMethods() took 0 ms.
2026-04-25 01:34:33 INFO  org.testng.internal.Utils - [Utils] MethodGroupsHelper.collectMethodsByGroup() took 6 ms.
2026-04-25 01:34:33 INFO  org.testng.internal.Utils - [Utils] MethodGroupsHelper.sortMethods() took 0 ms.
2026-04-25 01:34:33 INFO  org.testng.internal.Utils - [Utils] MethodGroupsHelper.collectMethodsByGroup() took 0 ms.
2026-04-25 01:34:33 INFO  org.testng.internal.Utils - [Utils] MethodGroupsHelper.sortMethods() took 0 ms.
2026-04-25 01:34:33 INFO  org.testng.internal.Utils - [Utils] MethodGroupsHelper.collectMethodsByGroup() took 0 ms.
2026-04-25 01:34:33 INFO  org.testng.internal.Utils - [Utils] MethodGroupsHelper.sortMethods() took 0 ms.
2026-04-25 01:34:33 INFO  org.testng.internal.Utils - [TestNG] Running:
  C:\Users\Rahul\AppData\Local\Temp\testng-eclipse--570453303\testng-customsuite.xml

2026-04-25 01:34:33 INFO  org.testng.internal.Utils - [Utils] DynamicGraphHelper.createDynamicGraph() took 5 ms.
2026-04-25 01:34:36 INFO  Hooks.Hooks - Browser is opened..!
2026-04-25 01:34:40 INFO  Hooks.Hooks - url is launched..!
2026-04-25 01:35:52 INFO  Hooks.Hooks - Driver is Quit successfully....!
2026-04-25 01:35:53 INFO  org.testng.internal.Utils - [TestNG] Time taken by org.testng.reporters.jq.Main@52f6900a: 79 ms
2026-04-25 01:35:53 INFO  org.testng.internal.Utils - [TestNG] Time taken by org.testng.reporters.FailedReporter@1cbc5693: 17 ms
2026-04-25 01:35:53 INFO  org.testng.internal.Utils - [TestNG] Time taken by org.testng.reporters.XMLReporter@d3e3085: 14 ms
2026-04-25 01:35:53 INFO  org.testng.internal.Utils - [TestNG] Time taken by org.testng.reporters.EmailableReporter2@2b6c7012: 10 ms
2026-04-25 01:35:53 INFO  org.testng.internal.Utils - [TestNG] Time taken by org.testng.reporters.JUnitReportReporter@7455dacb: 12 ms
2026-04-25 01:35:53 INFO  org.testng.internal.Utils - [TestNG] Time taken by org.testng.internal.ExitCodeListener@7634f2b: 0 ms
2026-04-25 09:15:53 DEBUG org.testng.TestNG - suiteXmlPath: "C:\Users\Rahul\AppData\Local\Temp\testng-eclipse--2068455383\testng-customsuite.xml"
2026-04-25 09:15:54 INFO  org.testng.internal.Utils - [Utils] MethodGroupsHelper.collectMethodsByGroup() took 2 ms.
2026-04-25 09:15:54 INFO  org.testng.internal.Utils - [Utils] MethodGroupsHelper.sortMethods() took 1 ms.
2026-04-25 09:15:54 INFO  org.testng.internal.Utils - [Utils] MethodGroupsHelper.collectMethodsByGroup() took 0 ms.
2026-04-25 09:15:54 INFO  org.testng.internal.Utils - [Utils] MethodGroupsHelper.sortMethods() took 0 ms.
2026-04-25 09:15:54 INFO  org.testng.internal.Utils - [Utils] MethodGroupsHelper.collectMethodsByGroup() took 0 ms.
2026-04-25 09:15:54 INFO  org.testng.internal.Utils - [Utils] MethodGroupsHelper.sortMethods() took 0 ms.
2026-04-25 09:15:54 INFO  org.testng.internal.Utils - [Utils] MethodGroupsHelper.collectMethodsByGroup() took 0 ms.
2026-04-25 09:15:54 INFO  org.testng.internal.Utils - [Utils] MethodGroupsHelper.sortMethods() took 0 ms.
2026-04-25 09:15:54 INFO  org.testng.internal.Utils - [Utils] MethodGroupsHelper.collectMethodsByGroup() took 0 ms.
2026-04-25 09:15:54 INFO  org.testng.internal.Utils - [Utils] MethodGroupsHelper.sortMethods() took 17 ms.
2026-04-25 09:15:54 INFO  org.testng.internal.Utils - [Utils] MethodGroupsHelper.collectMethodsByGroup() took 0 ms.
2026-04-25 09:15:54 INFO  org.testng.internal.Utils - [Utils] MethodGroupsHelper.sortMethods() took 0 ms.
2026-04-25 09:15:54 INFO  org.testng.internal.Utils - [Utils] MethodGroupsHelper.collectMethodsByGroup() took 0 ms.
2026-04-25 09:15:54 INFO  org.testng.internal.Utils - [Utils] MethodGroupsHelper.sortMethods() took 0 ms.
2026-04-25 09:15:54 INFO  org.testng.internal.Utils - [Utils] MethodGroupsHelper.collectMethodsByGroup() took 0 ms.
2026-04-25 09:15:54 INFO  org.testng.internal.Utils - [Utils] MethodGroupsHelper.sortMethods() took 0 ms.
2026-04-25 09:15:54 INFO  org.testng.internal.Utils - [Utils] MethodGroupsHelper.collectMethodsByGroup() took 0 ms.
2026-04-25 09:15:54 INFO  org.testng.internal.Utils - [Utils] MethodGroupsHelper.sortMethods() took 0 ms.
2026-04-25 09:15:54 INFO  org.testng.internal.Utils - [Utils] MethodGroupsHelper.collectMethodsByGroup() took 0 ms.
2026-04-25 09:15:54 INFO  org.testng.internal.Utils - [Utils] MethodGroupsHelper.sortMethods() took 0 ms.
2026-04-25 09:15:54 INFO  org.testng.internal.Utils - [Utils] MethodGroupsHelper.collectMethodsByGroup() took 0 ms.
2026-04-25 09:15:54 INFO  org.testng.internal.Utils - [Utils] MethodGroupsHelper.sortMethods() took 0 ms.
2026-04-25 09:15:54 INFO  org.testng.internal.Utils - [Utils] MethodGroupsHelper.collectMethodsByGroup() took 0 ms.
2026-04-25 09:15:54 INFO  org.testng.internal.Utils - [Utils] MethodGroupsHelper.sortMethods() took 0 ms.
2026-04-25 09:15:54 INFO  org.testng.internal.Utils - [Utils] MethodGroupsHelper.collectMethodsByGroup() took 6 ms.
2026-04-25 09:15:54 INFO  org.testng.internal.Utils - [Utils] MethodGroupsHelper.sortMethods() took 0 ms.
2026-04-25 09:15:54 INFO  org.testng.internal.Utils - [Utils] MethodGroupsHelper.collectMethodsByGroup() took 0 ms.
2026-04-25 09:15:54 INFO  org.testng.internal.Utils - [Utils] MethodGroupsHelper.sortMethods() took 0 ms.
2026-04-25 09:15:54 INFO  org.testng.internal.Utils - [Utils] MethodGroupsHelper.collectMethodsByGroup() took 0 ms.
2026-04-25 09:15:54 INFO  org.testng.internal.Utils - [Utils] MethodGroupsHelper.sortMethods() took 0 ms.
2026-04-25 09:15:54 INFO  org.testng.internal.Utils - [TestNG] Running:
  C:\Users\Rahul\AppData\Local\Temp\testng-eclipse--2068455383\testng-customsuite.xml

2026-04-25 09:15:54 INFO  org.testng.internal.Utils - [Utils] DynamicGraphHelper.createDynamicGraph() took 9 ms.
2026-04-25 09:15:57 INFO  Hooks.Hooks - Browser is opened..!
2026-04-25 09:16:00 INFO  Hooks.Hooks - url is launched..!
2026-04-25 09:16:35 INFO  Hooks.Hooks - Driver is Quit successfully....!
2026-04-25 09:16:35 INFO  org.testng.internal.Utils - [TestNG] Time taken by org.testng.reporters.jq.Main@4519f676: 81 ms
2026-04-25 09:16:35 INFO  org.testng.internal.Utils - [TestNG] Time taken by org.testng.reporters.FailedReporter@2eda072: 25 ms
2026-04-25 09:16:35 INFO  org.testng.internal.Utils - [TestNG] Time taken by org.testng.reporters.XMLReporter@2b916808: 14 ms
2026-04-25 09:16:35 INFO  org.testng.internal.Utils - [TestNG] Time taken by org.testng.reporters.EmailableReporter2@2b148329: 10 ms
2026-04-25 09:16:35 INFO  org.testng.internal.Utils - [TestNG] Time taken by org.testng.reporters.JUnitReportReporter@72b6832e: 10 ms
2026-04-25 09:16:35 INFO  org.testng.internal.Utils - [TestNG] Time taken by org.testng.internal.ExitCodeListener@3850e90c: 0 ms
2026-04-25 09:18:04 DEBUG org.testng.TestNG - suiteXmlPath: "C:\Users\Rahul\AppData\Local\Temp\testng-eclipse-2074875397\testng-customsuite.xml"
2026-04-25 09:18:04 INFO  org.testng.internal.Utils - [Utils] MethodGroupsHelper.collectMethodsByGroup() took 1 ms.
2026-04-25 09:18:04 INFO  org.testng.internal.Utils - [Utils] MethodGroupsHelper.sortMethods() took 3 ms.
2026-04-25 09:18:04 INFO  org.testng.internal.Utils - [Utils] MethodGroupsHelper.collectMethodsByGroup() took 0 ms.
2026-04-25 09:18:04 INFO  org.testng.internal.Utils - [Utils] MethodGroupsHelper.sortMethods() took 0 ms.
2026-04-25 09:18:04 INFO  org.testng.internal.Utils - [Utils] MethodGroupsHelper.collectMethodsByGroup() took 0 ms.
2026-04-25 09:18:04 INFO  org.testng.internal.Utils - [Utils] MethodGroupsHelper.sortMethods() took 0 ms.
2026-04-25 09:18:04 INFO  org.testng.internal.Utils - [Utils] MethodGroupsHelper.collectMethodsByGroup() took 0 ms.
2026-04-25 09:18:04 INFO  org.testng.internal.Utils - [Utils] MethodGroupsHelper.sortMethods() took 0 ms.
2026-04-25 09:18:04 INFO  org.testng.internal.Utils - [Utils] MethodGroupsHelper.collectMethodsByGroup() took 0 ms.
2026-04-25 09:18:04 INFO  org.testng.internal.Utils - [Utils] MethodGroupsHelper.sortMethods() took 15 ms.
2026-04-25 09:18:04 INFO  org.testng.internal.Utils - [Utils] MethodGroupsHelper.collectMethodsByGroup() took 0 ms.
2026-04-25 09:18:04 INFO  org.testng.internal.Utils - [Utils] MethodGroupsHelper.sortMethods() took 0 ms.
2026-04-25 09:18:04 INFO  org.testng.internal.Utils - [Utils] MethodGroupsHelper.collectMethodsByGroup() took 0 ms.
2026-04-25 09:18:04 INFO  org.testng.internal.Utils - [Utils] MethodGroupsHelper.sortMethods() took 0 ms.
2026-04-25 09:18:04 INFO  org.testng.internal.Utils - [Utils] MethodGroupsHelper.collectMethodsByGroup() took 0 ms.
2026-04-25 09:18:04 INFO  org.testng.internal.Utils - [Utils] MethodGroupsHelper.sortMethods() took 0 ms.
2026-04-25 09:18:04 INFO  org.testng.internal.Utils - [Utils] MethodGroupsHelper.collectMethodsByGroup() took 0 ms.
2026-04-25 09:18:04 INFO  org.testng.internal.Utils - [Utils] MethodGroupsHelper.sortMethods() took 0 ms.
2026-04-25 09:18:04 INFO  org.testng.internal.Utils - [Utils] MethodGroupsHelper.collectMethodsByGroup() took 0 ms.
2026-04-25 09:18:04 INFO  org.testng.internal.Utils - [Utils] MethodGroupsHelper.sortMethods() took 0 ms.
2026-04-25 09:18:04 INFO  org.testng.internal.Utils - [Utils] MethodGroupsHelper.collectMethodsByGroup() took 0 ms.
2026-04-25 09:18:04 INFO  org.testng.internal.Utils - [Utils] MethodGroupsHelper.sortMethods() took 0 ms.
2026-04-25 09:18:04 INFO  org.testng.internal.Utils - [Utils] MethodGroupsHelper.collectMethodsByGroup() took 0 ms.
2026-04-25 09:18:04 INFO  org.testng.internal.Utils - [Utils] MethodGroupsHelper.sortMethods() took 0 ms.
2026-04-25 09:18:04 INFO  org.testng.internal.Utils - [Utils] MethodGroupsHelper.collectMethodsByGroup() took 8 ms.
2026-04-25 09:18:04 INFO  org.testng.internal.Utils - [Utils] MethodGroupsHelper.sortMethods() took 0 ms.
2026-04-25 09:18:04 INFO  org.testng.internal.Utils - [Utils] MethodGroupsHelper.collectMethodsByGroup() took 0 ms.
2026-04-25 09:18:04 INFO  org.testng.internal.Utils - [Utils] MethodGroupsHelper.sortMethods() took 0 ms.
2026-04-25 09:18:04 INFO  org.testng.internal.Utils - [Utils] MethodGroupsHelper.collectMethodsByGroup() took 0 ms.
2026-04-25 09:18:04 INFO  org.testng.internal.Utils - [Utils] MethodGroupsHelper.sortMethods() took 0 ms.
2026-04-25 09:18:04 INFO  org.testng.internal.Utils - [TestNG] Running:
  C:\Users\Rahul\AppData\Local\Temp\testng-eclipse-2074875397\testng-customsuite.xml

2026-04-25 09:18:04 INFO  org.testng.internal.Utils - [Utils] DynamicGraphHelper.createDynamicGraph() took 9 ms.
2026-04-25 09:18:07 INFO  Hooks.Hooks - Browser is opened..!
2026-04-25 09:18:11 INFO  Hooks.Hooks - url is launched..!
2026-04-25 09:18:30 INFO  Hooks.Hooks - Driver is Quit successfully....!
2026-04-25 09:18:30 INFO  org.testng.internal.Utils - [TestNG] Time taken by org.testng.reporters.jq.Main@64deb58f: 65 ms
2026-04-25 09:18:30 INFO  org.testng.internal.Utils - [TestNG] Time taken by org.testng.reporters.FailedReporter@7f4701b1: 22 ms
2026-04-25 09:18:30 INFO  org.testng.internal.Utils - [TestNG] Time taken by org.testng.reporters.XMLReporter@3ba0ae41: 13 ms
2026-04-25 09:18:30 INFO  org.testng.internal.Utils - [TestNG] Time taken by org.testng.reporters.EmailableReporter2@3127cb44: 9 ms
2026-04-25 09:18:30 INFO  org.testng.internal.Utils - [TestNG] Time taken by org.testng.reporters.JUnitReportReporter@36b9cb99: 11 ms
2026-04-25 09:18:30 INFO  org.testng.internal.Utils - [TestNG] Time taken by org.testng.internal.ExitCodeListener@4130955c: 0 ms
2026-04-25 09:19:32 DEBUG org.testng.TestNG - suiteXmlPath: "C:\Users\Rahul\AppData\Local\Temp\testng-eclipse-1643110511\testng-customsuite.xml"
2026-04-25 09:19:33 INFO  org.testng.internal.Utils - [Utils] MethodGroupsHelper.collectMethodsByGroup() took 1 ms.
2026-04-25 09:19:33 INFO  org.testng.internal.Utils - [Utils] MethodGroupsHelper.sortMethods() took 2 ms.
2026-04-25 09:19:33 INFO  org.testng.internal.Utils - [Utils] MethodGroupsHelper.collectMethodsByGroup() took 0 ms.
2026-04-25 09:19:33 INFO  org.testng.internal.Utils - [Utils] MethodGroupsHelper.sortMethods() took 0 ms.
2026-04-25 09:19:33 INFO  org.testng.internal.Utils - [Utils] MethodGroupsHelper.collectMethodsByGroup() took 0 ms.
2026-04-25 09:19:33 INFO  org.testng.internal.Utils - [Utils] MethodGroupsHelper.sortMethods() took 0 ms.
2026-04-25 09:19:33 INFO  org.testng.internal.Utils - [Utils] MethodGroupsHelper.collectMethodsByGroup() took 0 ms.
2026-04-25 09:19:33 INFO  org.testng.internal.Utils - [Utils] MethodGroupsHelper.sortMethods() took 0 ms.
2026-04-25 09:19:33 INFO  org.testng.internal.Utils - [Utils] MethodGroupsHelper.collectMethodsByGroup() took 1 ms.
2026-04-25 09:19:33 INFO  org.testng.internal.Utils - [Utils] MethodGroupsHelper.sortMethods() took 15 ms.
2026-04-25 09:19:33 INFO  org.testng.internal.Utils - [Utils] MethodGroupsHelper.collectMethodsByGroup() took 0 ms.
2026-04-25 09:19:33 INFO  org.testng.internal.Utils - [Utils] MethodGroupsHelper.sortMethods() took 0 ms.
2026-04-25 09:19:33 INFO  org.testng.internal.Utils - [Utils] MethodGroupsHelper.collectMethodsByGroup() took 0 ms.
2026-04-25 09:19:33 INFO  org.testng.internal.Utils - [Utils] MethodGroupsHelper.sortMethods() took 0 ms.
2026-04-25 09:19:33 INFO  org.testng.internal.Utils - [Utils] MethodGroupsHelper.collectMethodsByGroup() took 0 ms.
2026-04-25 09:19:33 INFO  org.testng.internal.Utils - [Utils] MethodGroupsHelper.sortMethods() took 0 ms.
2026-04-25 09:19:33 INFO  org.testng.internal.Utils - [Utils] MethodGroupsHelper.collectMethodsByGroup() took 0 ms.
2026-04-25 09:19:33 INFO  org.testng.internal.Utils - [Utils] MethodGroupsHelper.sortMethods() took 0 ms.
2026-04-25 09:19:33 INFO  org.testng.internal.Utils - [Utils] MethodGroupsHelper.collectMethodsByGroup() took 0 ms.
2026-04-25 09:19:33 INFO  org.testng.internal.Utils - [Utils] MethodGroupsHelper.sortMethods() took 0 ms.
2026-04-25 09:19:33 INFO  org.testng.internal.Utils - [Utils] MethodGroupsHelper.collectMethodsByGroup() took 0 ms.
2026-04-25 09:19:33 INFO  org.testng.internal.Utils - [Utils] MethodGroupsHelper.sortMethods() took 0 ms.
2026-04-25 09:19:33 INFO  org.testng.internal.Utils - [Utils] MethodGroupsHelper.collectMethodsByGroup() took 0 ms.
2026-04-25 09:19:33 INFO  org.testng.internal.Utils - [Utils] MethodGroupsHelper.sortMethods() took 0 ms.
2026-04-25 09:19:33 INFO  org.testng.internal.Utils - [Utils] MethodGroupsHelper.collectMethodsByGroup() took 8 ms.
2026-04-25 09:19:33 INFO  org.testng.internal.Utils - [Utils] MethodGroupsHelper.sortMethods() took 0 ms.
2026-04-25 09:19:33 INFO  org.testng.internal.Utils - [Utils] MethodGroupsHelper.collectMethodsByGroup() took 0 ms.
2026-04-25 09:19:33 INFO  org.testng.internal.Utils - [Utils] MethodGroupsHelper.sortMethods() took 1 ms.
2026-04-25 09:19:33 INFO  org.testng.internal.Utils - [Utils] MethodGroupsHelper.collectMethodsByGroup() took 0 ms.
2026-04-25 09:19:33 INFO  org.testng.internal.Utils - [Utils] MethodGroupsHelper.sortMethods() took 0 ms.
2026-04-25 09:19:33 INFO  org.testng.internal.Utils - [TestNG] Running:
  C:\Users\Rahul\AppData\Local\Temp\testng-eclipse-1643110511\testng-customsuite.xml

2026-04-25 09:19:33 INFO  org.testng.internal.Utils - [Utils] DynamicGraphHelper.createDynamicGraph() took 7 ms.
2026-04-25 09:19:35 INFO  Hooks.Hooks - Browser is opened..!
2026-04-25 09:19:36 INFO  Hooks.Hooks - url is launched..!
2026-04-25 09:20:43 INFO  Hooks.Hooks - Driver is Quit successfully....!
2026-04-25 09:20:43 INFO  org.testng.internal.Utils - [TestNG] Time taken by org.testng.reporters.jq.Main@499ee966: 112 ms
2026-04-25 09:20:43 INFO  org.testng.internal.Utils - [TestNG] Time taken by org.testng.reporters.FailedReporter@5934ca1e: 27 ms
2026-04-25 09:20:43 INFO  org.testng.internal.Utils - [TestNG] Time taken by org.testng.reporters.XMLReporter@51c65a43: 15 ms
2026-04-25 09:20:43 INFO  org.testng.internal.Utils - [TestNG] Time taken by org.testng.reporters.EmailableReporter2@52bd9a27: 14 ms
2026-04-25 09:20:43 INFO  org.testng.internal.Utils - [TestNG] Time taken by org.testng.reporters.JUnitReportReporter@7eeb38b2: 9 ms
2026-04-25 09:20:43 INFO  org.testng.internal.Utils - [TestNG] Time taken by org.testng.internal.ExitCodeListener@d54d0f5: 0 ms
2026-04-25 09:21:40 DEBUG org.testng.TestNG - suiteXmlPath: "C:\Users\Rahul\AppData\Local\Temp\testng-eclipse-339397347\testng-customsuite.xml"
2026-04-25 09:21:40 INFO  org.testng.internal.Utils - [Utils] MethodGroupsHelper.collectMethodsByGroup() took 1 ms.
2026-04-25 09:21:40 INFO  org.testng.internal.Utils - [Utils] MethodGroupsHelper.sortMethods() took 2 ms.
2026-04-25 09:21:40 INFO  org.testng.internal.Utils - [Utils] MethodGroupsHelper.collectMethodsByGroup() took 0 ms.
2026-04-25 09:21:40 INFO  org.testng.internal.Utils - [Utils] MethodGroupsHelper.sortMethods() took 0 ms.
2026-04-25 09:21:40 INFO  org.testng.internal.Utils - [Utils] MethodGroupsHelper.collectMethodsByGroup() took 0 ms.
2026-04-25 09:21:40 INFO  org.testng.internal.Utils - [Utils] MethodGroupsHelper.sortMethods() took 0 ms.
2026-04-25 09:21:40 INFO  org.testng.internal.Utils - [Utils] MethodGroupsHelper.collectMethodsByGroup() took 0 ms.
2026-04-25 09:21:40 INFO  org.testng.internal.Utils - [Utils] MethodGroupsHelper.sortMethods() took 0 ms.
2026-04-25 09:21:40 INFO  org.testng.internal.Utils - [Utils] MethodGroupsHelper.collectMethodsByGroup() took 1 ms.
2026-04-25 09:21:40 INFO  org.testng.internal.Utils - [Utils] MethodGroupsHelper.sortMethods() took 16 ms.
2026-04-25 09:21:40 INFO  org.testng.internal.Utils - [Utils] MethodGroupsHelper.collectMethodsByGroup() took 0 ms.
2026-04-25 09:21:40 INFO  org.testng.internal.Utils - [Utils] MethodGroupsHelper.sortMethods() took 0 ms.
2026-04-25 09:21:40 INFO  org.testng.internal.Utils - [Utils] MethodGroupsHelper.collectMethodsByGroup() took 0 ms.
2026-04-25 09:21:40 INFO  org.testng.internal.Utils - [Utils] MethodGroupsHelper.sortMethods() took 0 ms.
2026-04-25 09:21:40 INFO  org.testng.internal.Utils - [Utils] MethodGroupsHelper.collectMethodsByGroup() took 0 ms.
2026-04-25 09:21:40 INFO  org.testng.internal.Utils - [Utils] MethodGroupsHelper.sortMethods() took 0 ms.
2026-04-25 09:21:40 INFO  org.testng.internal.Utils - [Utils] MethodGroupsHelper.collectMethodsByGroup() took 0 ms.
2026-04-25 09:21:40 INFO  org.testng.internal.Utils - [Utils] MethodGroupsHelper.sortMethods() took 0 ms.
2026-04-25 09:21:40 INFO  org.testng.internal.Utils - [Utils] MethodGroupsHelper.collectMethodsByGroup() took 0 ms.
2026-04-25 09:21:40 INFO  org.testng.internal.Utils - [Utils] MethodGroupsHelper.sortMethods() took 0 ms.
2026-04-25 09:21:40 INFO  org.testng.internal.Utils - [Utils] MethodGroupsHelper.collectMethodsByGroup() took 0 ms.
2026-04-25 09:21:40 INFO  org.testng.internal.Utils - [Utils] MethodGroupsHelper.sortMethods() took 0 ms.
2026-04-25 09:21:40 INFO  org.testng.internal.Utils - [Utils] MethodGroupsHelper.collectMethodsByGroup() took 0 ms.
2026-04-25 09:21:40 INFO  org.testng.internal.Utils - [Utils] MethodGroupsHelper.sortMethods() took 0 ms.
2026-04-25 09:21:40 INFO  org.testng.internal.Utils - [Utils] MethodGroupsHelper.collectMethodsByGroup() took 6 ms.
2026-04-25 09:21:40 INFO  org.testng.internal.Utils - [Utils] MethodGroupsHelper.sortMethods() took 0 ms.
2026-04-25 09:21:40 INFO  org.testng.internal.Utils - [Utils] MethodGroupsHelper.collectMethodsByGroup() took 0 ms.
2026-04-25 09:21:40 INFO  org.testng.internal.Utils - [Utils] MethodGroupsHelper.sortMethods() took 1 ms.
2026-04-25 09:21:40 INFO  org.testng.internal.Utils - [Utils] MethodGroupsHelper.collectMethodsByGroup() took 0 ms.
2026-04-25 09:21:40 INFO  org.testng.internal.Utils - [Utils] MethodGroupsHelper.sortMethods() took 0 ms.
2026-04-25 09:21:40 INFO  org.testng.internal.Utils - [TestNG] Running:
  C:\Users\Rahul\AppData\Local\Temp\testng-eclipse-339397347\testng-customsuite.xml

2026-04-25 09:21:40 INFO  org.testng.internal.Utils - [Utils] DynamicGraphHelper.createDynamicGraph() took 5 ms.
2026-04-25 09:21:42 INFO  Hooks.Hooks - Browser is opened..!
2026-04-25 09:21:43 INFO  Hooks.Hooks - url is launched..!
2026-04-25 09:22:52 INFO  Hooks.Hooks - Driver is Quit successfully....!
2026-04-25 09:22:53 INFO  org.testng.internal.Utils - [TestNG] Time taken by org.testng.reporters.jq.Main@499ee966: 69 ms
2026-04-25 09:22:53 INFO  org.testng.internal.Utils - [TestNG] Time taken by org.testng.reporters.FailedReporter@5934ca1e: 21 ms
2026-04-25 09:22:53 INFO  org.testng.internal.Utils - [TestNG] Time taken by org.testng.reporters.XMLReporter@51c65a43: 11 ms
2026-04-25 09:22:53 INFO  org.testng.internal.Utils - [TestNG] Time taken by org.testng.reporters.EmailableReporter2@52bd9a27: 10 ms
2026-04-25 09:22:53 INFO  org.testng.internal.Utils - [TestNG] Time taken by org.testng.reporters.JUnitReportReporter@7eeb38b2: 7 ms
2026-04-25 09:22:53 INFO  org.testng.internal.Utils - [TestNG] Time taken by org.testng.internal.ExitCodeListener@d54d0f5: 0 ms
2026-04-25 09:32:17 DEBUG org.testng.TestNG - suiteXmlPath: "C:\Users\Rahul\AppData\Local\Temp\testng-eclipse-454139531\testng-customsuite.xml"
2026-04-25 09:32:17 INFO  org.testng.internal.Utils - [Utils] MethodGroupsHelper.collectMethodsByGroup() took 1 ms.
2026-04-25 09:32:17 INFO  org.testng.internal.Utils - [Utils] MethodGroupsHelper.sortMethods() took 1 ms.
2026-04-25 09:32:17 INFO  org.testng.internal.Utils - [Utils] MethodGroupsHelper.collectMethodsByGroup() took 0 ms.
2026-04-25 09:32:17 INFO  org.testng.internal.Utils - [Utils] MethodGroupsHelper.sortMethods() took 0 ms.
2026-04-25 09:32:17 INFO  org.testng.internal.Utils - [Utils] MethodGroupsHelper.collectMethodsByGroup() took 0 ms.
2026-04-25 09:32:17 INFO  org.testng.internal.Utils - [Utils] MethodGroupsHelper.sortMethods() took 0 ms.
2026-04-25 09:32:17 INFO  org.testng.internal.Utils - [Utils] MethodGroupsHelper.collectMethodsByGroup() took 0 ms.
2026-04-25 09:32:17 INFO  org.testng.internal.Utils - [Utils] MethodGroupsHelper.sortMethods() took 0 ms.
2026-04-25 09:32:17 INFO  org.testng.internal.Utils - [Utils] MethodGroupsHelper.collectMethodsByGroup() took 0 ms.
2026-04-25 09:32:17 INFO  org.testng.internal.Utils - [Utils] MethodGroupsHelper.sortMethods() took 13 ms.
2026-04-25 09:32:17 INFO  org.testng.internal.Utils - [Utils] MethodGroupsHelper.collectMethodsByGroup() took 0 ms.
2026-04-25 09:32:17 INFO  org.testng.internal.Utils - [Utils] MethodGroupsHelper.sortMethods() took 1 ms.
2026-04-25 09:32:17 INFO  org.testng.internal.Utils - [Utils] MethodGroupsHelper.collectMethodsByGroup() took 0 ms.
2026-04-25 09:32:17 INFO  org.testng.internal.Utils - [Utils] MethodGroupsHelper.sortMethods() took 0 ms.
2026-04-25 09:32:17 INFO  org.testng.internal.Utils - [Utils] MethodGroupsHelper.collectMethodsByGroup() took 0 ms.
2026-04-25 09:32:17 INFO  org.testng.internal.Utils - [Utils] MethodGroupsHelper.sortMethods() took 0 ms.
2026-04-25 09:32:17 INFO  org.testng.internal.Utils - [Utils] MethodGroupsHelper.collectMethodsByGroup() took 0 ms.
2026-04-25 09:32:17 INFO  org.testng.internal.Utils - [Utils] MethodGroupsHelper.sortMethods() took 0 ms.
2026-04-25 09:32:17 INFO  org.testng.internal.Utils - [Utils] MethodGroupsHelper.collectMethodsByGroup() took 0 ms.
2026-04-25 09:32:17 INFO  org.testng.internal.Utils - [Utils] MethodGroupsHelper.sortMethods() took 0 ms.
2026-04-25 09:32:17 INFO  org.testng.internal.Utils - [Utils] MethodGroupsHelper.collectMethodsByGroup() took 0 ms.
2026-04-25 09:32:17 INFO  org.testng.internal.Utils - [Utils] MethodGroupsHelper.sortMethods() took 0 ms.
2026-04-25 09:32:17 INFO  org.testng.internal.Utils - [Utils] MethodGroupsHelper.collectMethodsByGroup() took 0 ms.
2026-04-25 09:32:17 INFO  org.testng.internal.Utils - [Utils] MethodGroupsHelper.sortMethods() took 0 ms.
2026-04-25 09:32:17 INFO  org.testng.internal.Utils - [Utils] MethodGroupsHelper.collectMethodsByGroup() took 13 ms.
2026-04-25 09:32:17 INFO  org.testng.internal.Utils - [Utils] MethodGroupsHelper.sortMethods() took 0 ms.
2026-04-25 09:32:17 INFO  org.testng.internal.Utils - [Utils] MethodGroupsHelper.collectMethodsByGroup() took 0 ms.
2026-04-25 09:32:17 INFO  org.testng.internal.Utils - [Utils] MethodGroupsHelper.sortMethods() took 0 ms.
2026-04-25 09:32:17 INFO  org.testng.internal.Utils - [Utils] MethodGroupsHelper.collectMethodsByGroup() took 0 ms.
2026-04-25 09:32:17 INFO  org.testng.internal.Utils - [Utils] MethodGroupsHelper.sortMethods() took 0 ms.
2026-04-25 09:32:17 INFO  org.testng.internal.Utils - [TestNG] Running:
  C:\Users\Rahul\AppData\Local\Temp\testng-eclipse-454139531\testng-customsuite.xml

2026-04-25 09:32:17 INFO  org.testng.internal.Utils - [Utils] DynamicGraphHelper.createDynamicGraph() took 8 ms.
2026-04-25 09:32:20 INFO  Hooks.Hooks - Browser is opened..!
2026-04-25 09:32:23 INFO  Hooks.Hooks - url is launched..!
2026-04-25 09:33:33 INFO  Hooks.Hooks - Driver is Quit successfully....!
2026-04-25 09:33:34 INFO  org.testng.internal.Utils - [TestNG] Time taken by org.testng.reporters.jq.Main@541bf968: 54 ms
2026-04-25 09:33:34 INFO  org.testng.internal.Utils - [TestNG] Time taken by org.testng.reporters.FailedReporter@16e99306: 18 ms
2026-04-25 09:33:34 INFO  org.testng.internal.Utils - [TestNG] Time taken by org.testng.reporters.XMLReporter@88b76f2: 13 ms
2026-04-25 09:33:34 INFO  org.testng.internal.Utils - [TestNG] Time taken by org.testng.reporters.EmailableReporter2@2c30c81d: 10 ms
2026-04-25 09:33:34 INFO  org.testng.internal.Utils - [TestNG] Time taken by org.testng.reporters.JUnitReportReporter@741741d0: 10 ms
2026-04-25 09:33:34 INFO  org.testng.internal.Utils - [TestNG] Time taken by org.testng.internal.ExitCodeListener@5f9f3e58: 0 ms
2026-04-25 09:33:45 DEBUG org.testng.TestNG - suiteXmlPath: "C:\Users\Rahul\AppData\Local\Temp\testng-eclipse--1789392602\testng-customsuite.xml"
2026-04-25 09:33:46 INFO  org.testng.internal.Utils - [Utils] MethodGroupsHelper.collectMethodsByGroup() took 0 ms.
2026-04-25 09:33:46 INFO  org.testng.internal.Utils - [Utils] MethodGroupsHelper.sortMethods() took 1 ms.
2026-04-25 09:33:46 INFO  org.testng.internal.Utils - [Utils] MethodGroupsHelper.collectMethodsByGroup() took 0 ms.
2026-04-25 09:33:46 INFO  org.testng.internal.Utils - [Utils] MethodGroupsHelper.sortMethods() took 0 ms.
2026-04-25 09:33:46 INFO  org.testng.internal.Utils - [Utils] MethodGroupsHelper.collectMethodsByGroup() took 0 ms.
2026-04-25 09:33:46 INFO  org.testng.internal.Utils - [Utils] MethodGroupsHelper.sortMethods() took 0 ms.
2026-04-25 09:33:46 INFO  org.testng.internal.Utils - [Utils] MethodGroupsHelper.collectMethodsByGroup() took 0 ms.
2026-04-25 09:33:46 INFO  org.testng.internal.Utils - [Utils] MethodGroupsHelper.sortMethods() took 0 ms.
2026-04-25 09:33:46 INFO  org.testng.internal.Utils - [Utils] MethodGroupsHelper.collectMethodsByGroup() took 0 ms.
2026-04-25 09:33:46 INFO  org.testng.internal.Utils - [Utils] MethodGroupsHelper.sortMethods() took 12 ms.
2026-04-25 09:33:46 INFO  org.testng.internal.Utils - [Utils] MethodGroupsHelper.collectMethodsByGroup() took 0 ms.
2026-04-25 09:33:46 INFO  org.testng.internal.Utils - [Utils] MethodGroupsHelper.sortMethods() took 0 ms.
2026-04-25 09:33:46 INFO  org.testng.internal.Utils - [Utils] MethodGroupsHelper.collectMethodsByGroup() took 0 ms.
2026-04-25 09:33:46 INFO  org.testng.internal.Utils - [Utils] MethodGroupsHelper.sortMethods() took 0 ms.
2026-04-25 09:33:46 INFO  org.testng.internal.Utils - [Utils] MethodGroupsHelper.collectMethodsByGroup() took 0 ms.
2026-04-25 09:33:46 INFO  org.testng.internal.Utils - [Utils] MethodGroupsHelper.sortMethods() took 0 ms.
2026-04-25 09:33:46 INFO  org.testng.internal.Utils - [Utils] MethodGroupsHelper.collectMethodsByGroup() took 0 ms.
2026-04-25 09:33:46 INFO  org.testng.internal.Utils - [Utils] MethodGroupsHelper.sortMethods() took 0 ms.
2026-04-25 09:33:46 INFO  org.testng.internal.Utils - [Utils] MethodGroupsHelper.collectMethodsByGroup() took 0 ms.
2026-04-25 09:33:46 INFO  org.testng.internal.Utils - [Utils] MethodGroupsHelper.sortMethods() took 0 ms.
2026-04-25 09:33:46 INFO  org.testng.internal.Utils - [Utils] MethodGroupsHelper.collectMethodsByGroup() took 0 ms.
2026-04-25 09:33:46 INFO  org.testng.internal.Utils - [Utils] MethodGroupsHelper.sortMethods() took 0 ms.
2026-04-25 09:33:46 INFO  org.testng.internal.Utils - [Utils] MethodGroupsHelper.collectMethodsByGroup() took 0 ms.
2026-04-25 09:33:46 INFO  org.testng.internal.Utils - [Utils] MethodGroupsHelper.sortMethods() took 0 ms.
2026-04-25 09:33:46 INFO  org.testng.internal.Utils - [Utils] MethodGroupsHelper.collectMethodsByGroup() took 20 ms.
2026-04-25 09:33:46 INFO  org.testng.internal.Utils - [Utils] MethodGroupsHelper.sortMethods() took 2 ms.
2026-04-25 09:33:46 INFO  org.testng.internal.Utils - [Utils] MethodGroupsHelper.collectMethodsByGroup() took 0 ms.
2026-04-25 09:33:46 INFO  org.testng.internal.Utils - [Utils] MethodGroupsHelper.sortMethods() took 0 ms.
2026-04-25 09:33:46 INFO  org.testng.internal.Utils - [Utils] MethodGroupsHelper.collectMethodsByGroup() took 0 ms.
2026-04-25 09:33:46 INFO  org.testng.internal.Utils - [Utils] MethodGroupsHelper.sortMethods() took 0 ms.
2026-04-25 09:33:46 INFO  org.testng.internal.Utils - [TestNG] Running:
  C:\Users\Rahul\AppData\Local\Temp\testng-eclipse--1789392602\testng-customsuite.xml

2026-04-25 09:33:46 INFO  org.testng.internal.Utils - [Utils] DynamicGraphHelper.createDynamicGraph() took 6 ms.
2026-04-25 09:33:49 INFO  Hooks.Hooks - Browser is opened..!
2026-04-25 09:33:52 INFO  Hooks.Hooks - url is launched..!
2026-04-25 09:34:18 INFO  Hooks.Hooks - Driver is Quit successfully....!
2026-04-25 09:34:18 INFO  org.testng.internal.Utils - [TestNG] Time taken by org.testng.reporters.jq.Main@516592b1: 58 ms
2026-04-25 09:34:18 INFO  org.testng.internal.Utils - [TestNG] Time taken by org.testng.reporters.FailedReporter@33188612: 17 ms
2026-04-25 09:34:18 INFO  org.testng.internal.Utils - [TestNG] Time taken by org.testng.reporters.XMLReporter@54a2d96e: 11 ms
2026-04-25 09:34:18 INFO  org.testng.internal.Utils - [TestNG] Time taken by org.testng.reporters.EmailableReporter2@66223d94: 6 ms
2026-04-25 09:34:18 INFO  org.testng.internal.Utils - [TestNG] Time taken by org.testng.reporters.JUnitReportReporter@6c184d4d: 8 ms
2026-04-25 09:34:18 INFO  org.testng.internal.Utils - [TestNG] Time taken by org.testng.internal.ExitCodeListener@7645f03e: 0 ms
2026-04-25 09:34:42 DEBUG org.testng.TestNG - suiteXmlPath: "C:\Users\Rahul\AppData\Local\Temp\testng-eclipse-851047154\testng-customsuite.xml"
2026-04-25 09:34:43 INFO  org.testng.internal.Utils - [Utils] MethodGroupsHelper.collectMethodsByGroup() took 1 ms.
2026-04-25 09:34:43 INFO  org.testng.internal.Utils - [Utils] MethodGroupsHelper.sortMethods() took 0 ms.
2026-04-25 09:34:43 INFO  org.testng.internal.Utils - [Utils] MethodGroupsHelper.collectMethodsByGroup() took 0 ms.
2026-04-25 09:34:43 INFO  org.testng.internal.Utils - [Utils] MethodGroupsHelper.sortMethods() took 0 ms.
2026-04-25 09:34:43 INFO  org.testng.internal.Utils - [Utils] MethodGroupsHelper.collectMethodsByGroup() took 0 ms.
2026-04-25 09:34:43 INFO  org.testng.internal.Utils - [Utils] MethodGroupsHelper.sortMethods() took 0 ms.
2026-04-25 09:34:43 INFO  org.testng.internal.Utils - [Utils] MethodGroupsHelper.collectMethodsByGroup() took 0 ms.
2026-04-25 09:34:43 INFO  org.testng.internal.Utils - [Utils] MethodGroupsHelper.sortMethods() took 0 ms.
2026-04-25 09:34:43 INFO  org.testng.internal.Utils - [Utils] MethodGroupsHelper.collectMethodsByGroup() took 0 ms.
2026-04-25 09:34:43 INFO  org.testng.internal.Utils - [Utils] MethodGroupsHelper.sortMethods() took 13 ms.
2026-04-25 09:34:43 INFO  org.testng.internal.Utils - [Utils] MethodGroupsHelper.collectMethodsByGroup() took 0 ms.
2026-04-25 09:34:43 INFO  org.testng.internal.Utils - [Utils] MethodGroupsHelper.sortMethods() took 1 ms.
2026-04-25 09:34:43 INFO  org.testng.internal.Utils - [Utils] MethodGroupsHelper.collectMethodsByGroup() took 0 ms.
2026-04-25 09:34:43 INFO  org.testng.internal.Utils - [Utils] MethodGroupsHelper.sortMethods() took 0 ms.
2026-04-25 09:34:43 INFO  org.testng.internal.Utils - [Utils] MethodGroupsHelper.collectMethodsByGroup() took 0 ms.
2026-04-25 09:34:43 INFO  org.testng.internal.Utils - [Utils] MethodGroupsHelper.sortMethods() took 0 ms.
2026-04-25 09:34:43 INFO  org.testng.internal.Utils - [Utils] MethodGroupsHelper.collectMethodsByGroup() took 0 ms.
2026-04-25 09:34:43 INFO  org.testng.internal.Utils - [Utils] MethodGroupsHelper.sortMethods() took 0 ms.
2026-04-25 09:34:43 INFO  org.testng.internal.Utils - [Utils] MethodGroupsHelper.collectMethodsByGroup() took 0 ms.
2026-04-25 09:34:43 INFO  org.testng.internal.Utils - [Utils] MethodGroupsHelper.sortMethods() took 0 ms.
2026-04-25 09:34:43 INFO  org.testng.internal.Utils - [Utils] MethodGroupsHelper.collectMethodsByGroup() took 0 ms.
2026-04-25 09:34:43 INFO  org.testng.internal.Utils - [Utils] MethodGroupsHelper.sortMethods() took 0 ms.
2026-04-25 09:34:43 INFO  org.testng.internal.Utils - [Utils] MethodGroupsHelper.collectMethodsByGroup() took 0 ms.
2026-04-25 09:34:43 INFO  org.testng.internal.Utils - [Utils] MethodGroupsHelper.sortMethods() took 0 ms.
2026-04-25 09:34:43 INFO  org.testng.internal.Utils - [Utils] MethodGroupsHelper.collectMethodsByGroup() took 9 ms.
2026-04-25 09:34:43 INFO  org.testng.internal.Utils - [Utils] MethodGroupsHelper.sortMethods() took 0 ms.
2026-04-25 09:34:43 INFO  org.testng.internal.Utils - [Utils] MethodGroupsHelper.collectMethodsByGroup() took 0 ms.
2026-04-25 09:34:43 INFO  org.testng.internal.Utils - [Utils] MethodGroupsHelper.sortMethods() took 0 ms.
2026-04-25 09:34:43 INFO  org.testng.internal.Utils - [Utils] MethodGroupsHelper.collectMethodsByGroup() took 0 ms.
2026-04-25 09:34:43 INFO  org.testng.internal.Utils - [Utils] MethodGroupsHelper.sortMethods() took 0 ms.
2026-04-25 09:34:43 INFO  org.testng.internal.Utils - [TestNG] Running:
  C:\Users\Rahul\AppData\Local\Temp\testng-eclipse-851047154\testng-customsuite.xml

2026-04-25 09:34:43 INFO  org.testng.internal.Utils - [Utils] DynamicGraphHelper.createDynamicGraph() took 6 ms.
2026-04-25 09:34:45 INFO  Hooks.Hooks - Browser is opened..!
2026-04-25 09:34:48 INFO  Hooks.Hooks - url is launched..!
2026-04-25 09:35:47 INFO  Hooks.Hooks - Driver is Quit successfully....!
2026-04-25 09:35:47 INFO  org.testng.internal.Utils - [TestNG] Time taken by org.testng.reporters.jq.Main@7d0100ea: 56 ms
2026-04-25 09:35:47 INFO  org.testng.internal.Utils - [TestNG] Time taken by org.testng.reporters.FailedReporter@2ed9f6f8: 21 ms
2026-04-25 09:35:47 INFO  org.testng.internal.Utils - [TestNG] Time taken by org.testng.reporters.XMLReporter@168ad26f: 11 ms
2026-04-25 09:35:47 INFO  org.testng.internal.Utils - [TestNG] Time taken by org.testng.reporters.EmailableReporter2@27dc627a: 14 ms
2026-04-25 09:35:47 INFO  org.testng.internal.Utils - [TestNG] Time taken by org.testng.reporters.JUnitReportReporter@733fb462: 9 ms
2026-04-25 09:35:47 INFO  org.testng.internal.Utils - [TestNG] Time taken by org.testng.internal.ExitCodeListener@623e0631: 0 ms
2026-04-25 09:41:26 DEBUG org.testng.TestNG - suiteXmlPath: "C:\Users\Rahul\AppData\Local\Temp\testng-eclipse--1235883954\testng-customsuite.xml"
2026-04-25 09:41:27 INFO  org.testng.internal.Utils - [Utils] MethodGroupsHelper.collectMethodsByGroup() took 1 ms.
2026-04-25 09:41:27 INFO  org.testng.internal.Utils - [Utils] MethodGroupsHelper.sortMethods() took 2 ms.
2026-04-25 09:41:27 INFO  org.testng.internal.Utils - [Utils] MethodGroupsHelper.collectMethodsByGroup() took 0 ms.
2026-04-25 09:41:27 INFO  org.testng.internal.Utils - [Utils] MethodGroupsHelper.sortMethods() took 0 ms.
2026-04-25 09:41:27 INFO  org.testng.internal.Utils - [Utils] MethodGroupsHelper.collectMethodsByGroup() took 0 ms.
2026-04-25 09:41:27 INFO  org.testng.internal.Utils - [Utils] MethodGroupsHelper.sortMethods() took 0 ms.
2026-04-25 09:41:27 INFO  org.testng.internal.Utils - [Utils] MethodGroupsHelper.collectMethodsByGroup() took 0 ms.
2026-04-25 09:41:27 INFO  org.testng.internal.Utils - [Utils] MethodGroupsHelper.sortMethods() took 1 ms.
2026-04-25 09:41:27 INFO  org.testng.internal.Utils - [Utils] MethodGroupsHelper.collectMethodsByGroup() took 0 ms.
2026-04-25 09:41:27 INFO  org.testng.internal.Utils - [Utils] MethodGroupsHelper.sortMethods() took 20 ms.
2026-04-25 09:41:27 INFO  org.testng.internal.Utils - [Utils] MethodGroupsHelper.collectMethodsByGroup() took 0 ms.
2026-04-25 09:41:27 INFO  org.testng.internal.Utils - [Utils] MethodGroupsHelper.sortMethods() took 0 ms.
2026-04-25 09:41:27 INFO  org.testng.internal.Utils - [Utils] MethodGroupsHelper.collectMethodsByGroup() took 0 ms.
2026-04-25 09:41:27 INFO  org.testng.internal.Utils - [Utils] MethodGroupsHelper.sortMethods() took 0 ms.
2026-04-25 09:41:27 INFO  org.testng.internal.Utils - [Utils] MethodGroupsHelper.collectMethodsByGroup() took 0 ms.
2026-04-25 09:41:27 INFO  org.testng.internal.Utils - [Utils] MethodGroupsHelper.sortMethods() took 1 ms.
2026-04-25 09:41:27 INFO  org.testng.internal.Utils - [Utils] MethodGroupsHelper.collectMethodsByGroup() took 0 ms.
2026-04-25 09:41:27 INFO  org.testng.internal.Utils - [Utils] MethodGroupsHelper.sortMethods() took 0 ms.
2026-04-25 09:41:27 INFO  org.testng.internal.Utils - [Utils] MethodGroupsHelper.collectMethodsByGroup() took 0 ms.
2026-04-25 09:41:27 INFO  org.testng.internal.Utils - [Utils] MethodGroupsHelper.sortMethods() took 0 ms.
2026-04-25 09:41:27 INFO  org.testng.internal.Utils - [Utils] MethodGroupsHelper.collectMethodsByGroup() took 0 ms.
2026-04-25 09:41:27 INFO  org.testng.internal.Utils - [Utils] MethodGroupsHelper.sortMethods() took 0 ms.
2026-04-25 09:41:27 INFO  org.testng.internal.Utils - [Utils] MethodGroupsHelper.collectMethodsByGroup() took 0 ms.
2026-04-25 09:41:27 INFO  org.testng.internal.Utils - [Utils] MethodGroupsHelper.sortMethods() took 0 ms.
2026-04-25 09:41:27 INFO  org.testng.internal.Utils - [Utils] MethodGroupsHelper.collectMethodsByGroup() took 8 ms.
2026-04-25 09:41:27 INFO  org.testng.internal.Utils - [Utils] MethodGroupsHelper.sortMethods() took 0 ms.
2026-04-25 09:41:27 INFO  org.testng.internal.Utils - [Utils] MethodGroupsHelper.collectMethodsByGroup() took 0 ms.
2026-04-25 09:41:27 INFO  org.testng.internal.Utils - [Utils] MethodGroupsHelper.sortMethods() took 0 ms.
2026-04-25 09:41:27 INFO  org.testng.internal.Utils - [Utils] MethodGroupsHelper.collectMethodsByGroup() took 0 ms.
2026-04-25 09:41:27 INFO  org.testng.internal.Utils - [Utils] MethodGroupsHelper.sortMethods() took 0 ms.
2026-04-25 09:41:27 INFO  org.testng.internal.Utils - [TestNG] Running:
  C:\Users\Rahul\AppData\Local\Temp\testng-eclipse--1235883954\testng-customsuite.xml

2026-04-25 09:41:27 INFO  org.testng.internal.Utils - [Utils] DynamicGraphHelper.createDynamicGraph() took 7 ms.
2026-04-25 09:41:29 INFO  Hooks.Hooks - Browser is opened..!
2026-04-25 09:41:33 INFO  Hooks.Hooks - url is launched..!
2026-04-25 09:42:41 INFO  Hooks.Hooks - Driver is Quit successfully....!
2026-04-25 09:42:41 INFO  org.testng.internal.Utils - [TestNG] Time taken by org.testng.reporters.jq.Main@741741d0: 45 ms
2026-04-25 09:42:41 INFO  org.testng.internal.Utils - [TestNG] Time taken by org.testng.reporters.FailedReporter@5c931134: 11 ms
2026-04-25 09:42:41 INFO  org.testng.internal.Utils - [TestNG] Time taken by org.testng.reporters.XMLReporter@261de205: 8 ms
2026-04-25 09:42:41 INFO  org.testng.internal.Utils - [TestNG] Time taken by org.testng.reporters.EmailableReporter2@2dfeb141: 7 ms
2026-04-25 09:42:41 INFO  org.testng.internal.Utils - [TestNG] Time taken by org.testng.reporters.JUnitReportReporter@4d0cc83e: 6 ms
2026-04-25 09:42:41 INFO  org.testng.internal.Utils - [TestNG] Time taken by org.testng.internal.ExitCodeListener@43da0955: 0 ms
2026-04-25 09:45:38 DEBUG org.testng.TestNG - suiteXmlPath: "C:\Users\Rahul\AppData\Local\Temp\testng-eclipse--832314651\testng-customsuite.xml"
2026-04-25 09:45:38 INFO  org.testng.internal.Utils - [Utils] MethodGroupsHelper.collectMethodsByGroup() took 1 ms.
2026-04-25 09:45:38 INFO  org.testng.internal.Utils - [Utils] MethodGroupsHelper.sortMethods() took 0 ms.
2026-04-25 09:45:38 INFO  org.testng.internal.Utils - [Utils] MethodGroupsHelper.collectMethodsByGroup() took 0 ms.
2026-04-25 09:45:38 INFO  org.testng.internal.Utils - [Utils] MethodGroupsHelper.sortMethods() took 0 ms.
2026-04-25 09:45:38 INFO  org.testng.internal.Utils - [Utils] MethodGroupsHelper.collectMethodsByGroup() took 0 ms.
2026-04-25 09:45:38 INFO  org.testng.internal.Utils - [Utils] MethodGroupsHelper.sortMethods() took 0 ms.
2026-04-25 09:45:38 INFO  org.testng.internal.Utils - [Utils] MethodGroupsHelper.collectMethodsByGroup() took 0 ms.
2026-04-25 09:45:38 INFO  org.testng.internal.Utils - [Utils] MethodGroupsHelper.sortMethods() took 0 ms.
2026-04-25 09:45:38 INFO  org.testng.internal.Utils - [Utils] MethodGroupsHelper.collectMethodsByGroup() took 0 ms.
2026-04-25 09:45:38 INFO  org.testng.internal.Utils - [Utils] MethodGroupsHelper.sortMethods() took 7 ms.
2026-04-25 09:45:38 INFO  org.testng.internal.Utils - [Utils] MethodGroupsHelper.collectMethodsByGroup() took 0 ms.
2026-04-25 09:45:38 INFO  org.testng.internal.Utils - [Utils] MethodGroupsHelper.sortMethods() took 0 ms.
2026-04-25 09:45:38 INFO  org.testng.internal.Utils - [Utils] MethodGroupsHelper.collectMethodsByGroup() took 0 ms.
2026-04-25 09:45:38 INFO  org.testng.internal.Utils - [Utils] MethodGroupsHelper.sortMethods() took 0 ms.
2026-04-25 09:45:38 INFO  org.testng.internal.Utils - [Utils] MethodGroupsHelper.collectMethodsByGroup() took 0 ms.
2026-04-25 09:45:38 INFO  org.testng.internal.Utils - [Utils] MethodGroupsHelper.sortMethods() took 0 ms.
2026-04-25 09:45:38 INFO  org.testng.internal.Utils - [Utils] MethodGroupsHelper.collectMethodsByGroup() took 0 ms.
2026-04-25 09:45:38 INFO  org.testng.internal.Utils - [Utils] MethodGroupsHelper.sortMethods() took 0 ms.
2026-04-25 09:45:38 INFO  org.testng.internal.Utils - [Utils] MethodGroupsHelper.collectMethodsByGroup() took 0 ms.
2026-04-25 09:45:38 INFO  org.testng.internal.Utils - [Utils] MethodGroupsHelper.sortMethods() took 0 ms.
2026-04-25 09:45:38 INFO  org.testng.internal.Utils - [Utils] MethodGroupsHelper.collectMethodsByGroup() took 0 ms.
2026-04-25 09:45:38 INFO  org.testng.internal.Utils - [Utils] MethodGroupsHelper.sortMethods() took 0 ms.
2026-04-25 09:45:38 INFO  org.testng.internal.Utils - [Utils] MethodGroupsHelper.collectMethodsByGroup() took 0 ms.
2026-04-25 09:45:38 INFO  org.testng.internal.Utils - [Utils] MethodGroupsHelper.sortMethods() took 0 ms.
2026-04-25 09:45:38 INFO  org.testng.internal.Utils - [Utils] MethodGroupsHelper.collectMethodsByGroup() took 3 ms.
2026-04-25 09:45:38 INFO  org.testng.internal.Utils - [Utils] MethodGroupsHelper.sortMethods() took 0 ms.
2026-04-25 09:45:38 INFO  org.testng.internal.Utils - [Utils] MethodGroupsHelper.collectMethodsByGroup() took 0 ms.
2026-04-25 09:45:38 INFO  org.testng.internal.Utils - [Utils] MethodGroupsHelper.sortMethods() took 0 ms.
2026-04-25 09:45:38 INFO  org.testng.internal.Utils - [Utils] MethodGroupsHelper.collectMethodsByGroup() took 0 ms.
2026-04-25 09:45:38 INFO  org.testng.internal.Utils - [Utils] MethodGroupsHelper.sortMethods() took 0 ms.
2026-04-25 09:45:38 INFO  org.testng.internal.Utils - [TestNG] Running:
  C:\Users\Rahul\AppData\Local\Temp\testng-eclipse--832314651\testng-customsuite.xml

2026-04-25 09:45:38 INFO  org.testng.internal.Utils - [Utils] DynamicGraphHelper.createDynamicGraph() took 3 ms.
2026-04-25 09:45:39 INFO  Hooks.Hooks - Browser is opened..!
2026-04-25 09:45:41 INFO  Hooks.Hooks - url is launched..!
2026-04-25 09:46:15 INFO  Hooks.Hooks - Driver is Quit successfully....!
2026-04-25 09:46:15 INFO  org.testng.internal.Utils - [TestNG] Time taken by org.testng.reporters.jq.Main@51f95f0d: 34 ms
2026-04-25 09:46:15 INFO  org.testng.internal.Utils - [TestNG] Time taken by org.testng.reporters.FailedReporter@733c464f: 13 ms
2026-04-25 09:46:15 INFO  org.testng.internal.Utils - [TestNG] Time taken by org.testng.reporters.XMLReporter@6a6c7f42: 7 ms
2026-04-25 09:46:15 INFO  org.testng.internal.Utils - [TestNG] Time taken by org.testng.reporters.EmailableReporter2@32d418a9: 7 ms
2026-04-25 09:46:15 INFO  org.testng.internal.Utils - [TestNG] Time taken by org.testng.reporters.JUnitReportReporter@4da1f38a: 6 ms
2026-04-25 09:46:15 INFO  org.testng.internal.Utils - [TestNG] Time taken by org.testng.internal.ExitCodeListener@3e377967: 0 ms
2026-04-25 09:46:41 DEBUG org.testng.TestNG - suiteXmlPath: "C:\Users\Rahul\AppData\Local\Temp\testng-eclipse--255683319\testng-customsuite.xml"
2026-04-25 09:46:41 INFO  org.testng.internal.Utils - [Utils] MethodGroupsHelper.collectMethodsByGroup() took 0 ms.
2026-04-25 09:46:41 INFO  org.testng.internal.Utils - [Utils] MethodGroupsHelper.sortMethods() took 0 ms.
2026-04-25 09:46:41 INFO  org.testng.internal.Utils - [Utils] MethodGroupsHelper.collectMethodsByGroup() took 0 ms.
2026-04-25 09:46:41 INFO  org.testng.internal.Utils - [Utils] MethodGroupsHelper.sortMethods() took 0 ms.
2026-04-25 09:46:41 INFO  org.testng.internal.Utils - [Utils] MethodGroupsHelper.collectMethodsByGroup() took 0 ms.
2026-04-25 09:46:41 INFO  org.testng.internal.Utils - [Utils] MethodGroupsHelper.sortMethods() took 0 ms.
2026-04-25 09:46:41 INFO  org.testng.internal.Utils - [Utils] MethodGroupsHelper.collectMethodsByGroup() took 0 ms.
2026-04-25 09:46:41 INFO  org.testng.internal.Utils - [Utils] MethodGroupsHelper.sortMethods() took 0 ms.
2026-04-25 09:46:41 INFO  org.testng.internal.Utils - [Utils] MethodGroupsHelper.collectMethodsByGroup() took 0 ms.
2026-04-25 09:46:41 INFO  org.testng.internal.Utils - [Utils] MethodGroupsHelper.sortMethods() took 7 ms.
2026-04-25 09:46:41 INFO  org.testng.internal.Utils - [Utils] MethodGroupsHelper.collectMethodsByGroup() took 0 ms.
2026-04-25 09:46:41 INFO  org.testng.internal.Utils - [Utils] MethodGroupsHelper.sortMethods() took 0 ms.
2026-04-25 09:46:41 INFO  org.testng.internal.Utils - [Utils] MethodGroupsHelper.collectMethodsByGroup() took 0 ms.
2026-04-25 09:46:41 INFO  org.testng.internal.Utils - [Utils] MethodGroupsHelper.sortMethods() took 0 ms.
2026-04-25 09:46:41 INFO  org.testng.internal.Utils - [Utils] MethodGroupsHelper.collectMethodsByGroup() took 0 ms.
2026-04-25 09:46:41 INFO  org.testng.internal.Utils - [Utils] MethodGroupsHelper.sortMethods() took 0 ms.
2026-04-25 09:46:41 INFO  org.testng.internal.Utils - [Utils] MethodGroupsHelper.collectMethodsByGroup() took 0 ms.
2026-04-25 09:46:41 INFO  org.testng.internal.Utils - [Utils] MethodGroupsHelper.sortMethods() took 0 ms.
2026-04-25 09:46:41 INFO  org.testng.internal.Utils - [Utils] MethodGroupsHelper.collectMethodsByGroup() took 0 ms.
2026-04-25 09:46:41 INFO  org.testng.internal.Utils - [Utils] MethodGroupsHelper.sortMethods() took 0 ms.
2026-04-25 09:46:41 INFO  org.testng.internal.Utils - [Utils] MethodGroupsHelper.collectMethodsByGroup() took 0 ms.
2026-04-25 09:46:41 INFO  org.testng.internal.Utils - [Utils] MethodGroupsHelper.sortMethods() took 0 ms.
2026-04-25 09:46:41 INFO  org.testng.internal.Utils - [Utils] MethodGroupsHelper.collectMethodsByGroup() took 0 ms.
2026-04-25 09:46:41 INFO  org.testng.internal.Utils - [Utils] MethodGroupsHelper.sortMethods() took 0 ms.
2026-04-25 09:46:41 INFO  org.testng.internal.Utils - [Utils] MethodGroupsHelper.collectMethodsByGroup() took 6 ms.
2026-04-25 09:46:41 INFO  org.testng.internal.Utils - [Utils] MethodGroupsHelper.sortMethods() took 0 ms.
2026-04-25 09:46:41 INFO  org.testng.internal.Utils - [Utils] MethodGroupsHelper.collectMethodsByGroup() took 0 ms.
2026-04-25 09:46:41 INFO  org.testng.internal.Utils - [Utils] MethodGroupsHelper.sortMethods() took 0 ms.
2026-04-25 09:46:41 INFO  org.testng.internal.Utils - [Utils] MethodGroupsHelper.collectMethodsByGroup() took 0 ms.
2026-04-25 09:46:41 INFO  org.testng.internal.Utils - [Utils] MethodGroupsHelper.sortMethods() took 0 ms.
2026-04-25 09:46:41 INFO  org.testng.internal.Utils - [TestNG] Running:
  C:\Users\Rahul\AppData\Local\Temp\testng-eclipse--255683319\testng-customsuite.xml

2026-04-25 09:46:42 INFO  org.testng.internal.Utils - [Utils] DynamicGraphHelper.createDynamicGraph() took 4 ms.
2026-04-25 09:46:43 INFO  Hooks.Hooks - Browser is opened..!
2026-04-25 09:46:46 INFO  Hooks.Hooks - url is launched..!
2026-04-25 09:46:53 INFO  Hooks.Hooks - Driver is Quit successfully....!
2026-04-25 09:46:53 INFO  org.testng.internal.Utils - [TestNG] Time taken by org.testng.reporters.jq.Main@7327a447: 37 ms
2026-04-25 09:46:53 INFO  org.testng.internal.Utils - [TestNG] Time taken by org.testng.reporters.FailedReporter@4a92c6a9: 14 ms
2026-04-25 09:46:53 INFO  org.testng.internal.Utils - [TestNG] Time taken by org.testng.reporters.XMLReporter@18b74ea: 9 ms
2026-04-25 09:46:53 INFO  org.testng.internal.Utils - [TestNG] Time taken by org.testng.reporters.EmailableReporter2@3e1fd62b: 6 ms
2026-04-25 09:46:53 INFO  org.testng.internal.Utils - [TestNG] Time taken by org.testng.reporters.JUnitReportReporter@40de8f93: 6 ms
2026-04-25 09:46:53 INFO  org.testng.internal.Utils - [TestNG] Time taken by org.testng.internal.ExitCodeListener@6ff0b1cc: 1 ms
2026-04-25 09:47:07 DEBUG org.testng.TestNG - suiteXmlPath: "C:\Users\Rahul\AppData\Local\Temp\testng-eclipse-1295886402\testng-customsuite.xml"
2026-04-25 09:47:07 INFO  org.testng.internal.Utils - [Utils] MethodGroupsHelper.collectMethodsByGroup() took 0 ms.
2026-04-25 09:47:07 INFO  org.testng.internal.Utils - [Utils] MethodGroupsHelper.sortMethods() took 1 ms.
2026-04-25 09:47:07 INFO  org.testng.internal.Utils - [Utils] MethodGroupsHelper.collectMethodsByGroup() took 0 ms.
2026-04-25 09:47:07 INFO  org.testng.internal.Utils - [Utils] MethodGroupsHelper.sortMethods() took 0 ms.
2026-04-25 09:47:07 INFO  org.testng.internal.Utils - [Utils] MethodGroupsHelper.collectMethodsByGroup() took 0 ms.
2026-04-25 09:47:07 INFO  org.testng.internal.Utils - [Utils] MethodGroupsHelper.sortMethods() took 0 ms.
2026-04-25 09:47:07 INFO  org.testng.internal.Utils - [Utils] MethodGroupsHelper.collectMethodsByGroup() took 0 ms.
2026-04-25 09:47:07 INFO  org.testng.internal.Utils - [Utils] MethodGroupsHelper.sortMethods() took 0 ms.
2026-04-25 09:47:07 INFO  org.testng.internal.Utils - [Utils] MethodGroupsHelper.collectMethodsByGroup() took 0 ms.
2026-04-25 09:47:07 INFO  org.testng.internal.Utils - [Utils] MethodGroupsHelper.sortMethods() took 6 ms.
2026-04-25 09:47:07 INFO  org.testng.internal.Utils - [Utils] MethodGroupsHelper.collectMethodsByGroup() took 0 ms.
2026-04-25 09:47:07 INFO  org.testng.internal.Utils - [Utils] MethodGroupsHelper.sortMethods() took 0 ms.
2026-04-25 09:47:07 INFO  org.testng.internal.Utils - [Utils] MethodGroupsHelper.collectMethodsByGroup() took 0 ms.
2026-04-25 09:47:07 INFO  org.testng.internal.Utils - [Utils] MethodGroupsHelper.sortMethods() took 0 ms.
2026-04-25 09:47:07 INFO  org.testng.internal.Utils - [Utils] MethodGroupsHelper.collectMethodsByGroup() took 0 ms.
2026-04-25 09:47:07 INFO  org.testng.internal.Utils - [Utils] MethodGroupsHelper.sortMethods() took 0 ms.
2026-04-25 09:47:07 INFO  org.testng.internal.Utils - [Utils] MethodGroupsHelper.collectMethodsByGroup() took 0 ms.
2026-04-25 09:47:07 INFO  org.testng.internal.Utils - [Utils] MethodGroupsHelper.sortMethods() took 0 ms.
2026-04-25 09:47:07 INFO  org.testng.internal.Utils - [Utils] MethodGroupsHelper.collectMethodsByGroup() took 0 ms.
2026-04-25 09:47:07 INFO  org.testng.internal.Utils - [Utils] MethodGroupsHelper.sortMethods() took 0 ms.
2026-04-25 09:47:07 INFO  org.testng.internal.Utils - [Utils] MethodGroupsHelper.collectMethodsByGroup() took 0 ms.
2026-04-25 09:47:07 INFO  org.testng.internal.Utils - [Utils] MethodGroupsHelper.sortMethods() took 0 ms.
2026-04-25 09:47:07 INFO  org.testng.internal.Utils - [Utils] MethodGroupsHelper.collectMethodsByGroup() took 0 ms.
2026-04-25 09:47:07 INFO  org.testng.internal.Utils - [Utils] MethodGroupsHelper.sortMethods() took 0 ms.
2026-04-25 09:47:07 INFO  org.testng.internal.Utils - [Utils] MethodGroupsHelper.collectMethodsByGroup() took 5 ms.
2026-04-25 09:47:07 INFO  org.testng.internal.Utils - [Utils] MethodGroupsHelper.sortMethods() took 0 ms.
2026-04-25 09:47:07 INFO  org.testng.internal.Utils - [Utils] MethodGroupsHelper.collectMethodsByGroup() took 0 ms.
2026-04-25 09:47:07 INFO  org.testng.internal.Utils - [Utils] MethodGroupsHelper.sortMethods() took 0 ms.
2026-04-25 09:47:07 INFO  org.testng.internal.Utils - [Utils] MethodGroupsHelper.collectMethodsByGroup() took 0 ms.
2026-04-25 09:47:07 INFO  org.testng.internal.Utils - [Utils] MethodGroupsHelper.sortMethods() took 0 ms.
2026-04-25 09:47:07 INFO  org.testng.internal.Utils - [TestNG] Running:
  C:\Users\Rahul\AppData\Local\Temp\testng-eclipse-1295886402\testng-customsuite.xml

2026-04-25 09:47:07 INFO  org.testng.internal.Utils - [Utils] DynamicGraphHelper.createDynamicGraph() took 3 ms.
2026-04-25 09:47:09 INFO  Hooks.Hooks - Browser is opened..!
2026-04-25 09:47:11 INFO  Hooks.Hooks - url is launched..!
2026-04-25 09:48:18 INFO  Hooks.Hooks - Driver is Quit successfully....!
2026-04-25 09:48:18 INFO  org.testng.internal.Utils - [TestNG] Time taken by org.testng.reporters.jq.Main@28e8888d: 33 ms
2026-04-25 09:48:18 INFO  org.testng.internal.Utils - [TestNG] Time taken by org.testng.reporters.FailedReporter@70ede57d: 13 ms
2026-04-25 09:48:18 INFO  org.testng.internal.Utils - [TestNG] Time taken by org.testng.reporters.XMLReporter@16b3c905: 6 ms
2026-04-25 09:48:18 INFO  org.testng.internal.Utils - [TestNG] Time taken by org.testng.reporters.EmailableReporter2@510689af: 5 ms
2026-04-25 09:48:18 INFO  org.testng.internal.Utils - [TestNG] Time taken by org.testng.reporters.JUnitReportReporter@4f363abd: 5 ms
2026-04-25 09:48:18 INFO  org.testng.internal.Utils - [TestNG] Time taken by org.testng.internal.ExitCodeListener@7302ff13: 0 ms
2026-04-25 09:48:32 DEBUG org.testng.TestNG - suiteXmlPath: "C:\Users\Rahul\AppData\Local\Temp\testng-eclipse--695699788\testng-customsuite.xml"
2026-04-25 09:48:32 INFO  org.testng.internal.Utils - [Utils] MethodGroupsHelper.collectMethodsByGroup() took 0 ms.
2026-04-25 09:48:32 INFO  org.testng.internal.Utils - [Utils] MethodGroupsHelper.sortMethods() took 0 ms.
2026-04-25 09:48:32 INFO  org.testng.internal.Utils - [Utils] MethodGroupsHelper.collectMethodsByGroup() took 0 ms.
2026-04-25 09:48:32 INFO  org.testng.internal.Utils - [Utils] MethodGroupsHelper.sortMethods() took 0 ms.
2026-04-25 09:48:32 INFO  org.testng.internal.Utils - [Utils] MethodGroupsHelper.collectMethodsByGroup() took 0 ms.
2026-04-25 09:48:32 INFO  org.testng.internal.Utils - [Utils] MethodGroupsHelper.sortMethods() took 0 ms.
2026-04-25 09:48:32 INFO  org.testng.internal.Utils - [Utils] MethodGroupsHelper.collectMethodsByGroup() took 0 ms.
2026-04-25 09:48:32 INFO  org.testng.internal.Utils - [Utils] MethodGroupsHelper.sortMethods() took 0 ms.
2026-04-25 09:48:32 INFO  org.testng.internal.Utils - [Utils] MethodGroupsHelper.collectMethodsByGroup() took 0 ms.
2026-04-25 09:48:32 INFO  org.testng.internal.Utils - [Utils] MethodGroupsHelper.sortMethods() took 7 ms.
2026-04-25 09:48:32 INFO  org.testng.internal.Utils - [Utils] MethodGroupsHelper.collectMethodsByGroup() took 0 ms.
2026-04-25 09:48:32 INFO  org.testng.internal.Utils - [Utils] MethodGroupsHelper.sortMethods() took 0 ms.
2026-04-25 09:48:32 INFO  org.testng.internal.Utils - [Utils] MethodGroupsHelper.collectMethodsByGroup() took 0 ms.
2026-04-25 09:48:32 INFO  org.testng.internal.Utils - [Utils] MethodGroupsHelper.sortMethods() took 0 ms.
2026-04-25 09:48:32 INFO  org.testng.internal.Utils - [Utils] MethodGroupsHelper.collectMethodsByGroup() took 0 ms.
2026-04-25 09:48:32 INFO  org.testng.internal.Utils - [Utils] MethodGroupsHelper.sortMethods() took 0 ms.
2026-04-25 09:48:32 INFO  org.testng.internal.Utils - [Utils] MethodGroupsHelper.collectMethodsByGroup() took 0 ms.
2026-04-25 09:48:32 INFO  org.testng.internal.Utils - [Utils] MethodGroupsHelper.sortMethods() took 0 ms.
2026-04-25 09:48:32 INFO  org.testng.internal.Utils - [Utils] MethodGroupsHelper.collectMethodsByGroup() took 0 ms.
2026-04-25 09:48:32 INFO  org.testng.internal.Utils - [Utils] MethodGroupsHelper.sortMethods() took 1 ms.
2026-04-25 09:48:32 INFO  org.testng.internal.Utils - [Utils] MethodGroupsHelper.collectMethodsByGroup() took 0 ms.
2026-04-25 09:48:32 INFO  org.testng.internal.Utils - [Utils] MethodGroupsHelper.sortMethods() took 0 ms.
2026-04-25 09:48:32 INFO  org.testng.internal.Utils - [Utils] MethodGroupsHelper.collectMethodsByGroup() took 0 ms.
2026-04-25 09:48:32 INFO  org.testng.internal.Utils - [Utils] MethodGroupsHelper.sortMethods() took 0 ms.
2026-04-25 09:48:32 INFO  org.testng.internal.Utils - [Utils] MethodGroupsHelper.collectMethodsByGroup() took 5 ms.
2026-04-25 09:48:32 INFO  org.testng.internal.Utils - [Utils] MethodGroupsHelper.sortMethods() took 1 ms.
2026-04-25 09:48:32 INFO  org.testng.internal.Utils - [Utils] MethodGroupsHelper.collectMethodsByGroup() took 0 ms.
2026-04-25 09:48:32 INFO  org.testng.internal.Utils - [Utils] MethodGroupsHelper.sortMethods() took 0 ms.
2026-04-25 09:48:32 INFO  org.testng.internal.Utils - [Utils] MethodGroupsHelper.collectMethodsByGroup() took 0 ms.
2026-04-25 09:48:32 INFO  org.testng.internal.Utils - [Utils] MethodGroupsHelper.sortMethods() took 0 ms.
2026-04-25 09:48:32 INFO  org.testng.internal.Utils - [TestNG] Running:
  C:\Users\Rahul\AppData\Local\Temp\testng-eclipse--695699788\testng-customsuite.xml

2026-04-25 09:48:32 INFO  org.testng.internal.Utils - [Utils] DynamicGraphHelper.createDynamicGraph() took 3 ms.
2026-04-25 09:48:34 INFO  Hooks.Hooks - Browser is opened..!
2026-04-25 09:48:36 INFO  Hooks.Hooks - url is launched..!
2026-04-25 09:49:26 INFO  Hooks.Hooks - Driver is Quit successfully....!
2026-04-25 09:49:26 INFO  org.testng.internal.Utils - [TestNG] Time taken by org.testng.reporters.jq.Main@5382184b: 39 ms
2026-04-25 09:49:26 INFO  org.testng.internal.Utils - [TestNG] Time taken by org.testng.reporters.FailedReporter@1b7f06c7: 14 ms
2026-04-25 09:49:26 INFO  org.testng.internal.Utils - [TestNG] Time taken by org.testng.reporters.XMLReporter@310b2b6f: 7 ms
2026-04-25 09:49:26 INFO  org.testng.internal.Utils - [TestNG] Time taken by org.testng.reporters.EmailableReporter2@41bfa9e9: 7 ms
2026-04-25 09:49:26 INFO  org.testng.internal.Utils - [TestNG] Time taken by org.testng.reporters.JUnitReportReporter@432af457: 6 ms
2026-04-25 09:49:26 INFO  org.testng.internal.Utils - [TestNG] Time taken by org.testng.internal.ExitCodeListener@f5a7226: 0 ms
2026-04-25 09:51:54 DEBUG org.testng.TestNG - suiteXmlPath: "C:\Users\Rahul\AppData\Local\Temp\testng-eclipse--1588192998\testng-customsuite.xml"
2026-04-25 09:51:54 INFO  org.testng.internal.Utils - [Utils] MethodGroupsHelper.collectMethodsByGroup() took 1 ms.
2026-04-25 09:51:54 INFO  org.testng.internal.Utils - [Utils] MethodGroupsHelper.sortMethods() took 0 ms.
2026-04-25 09:51:54 INFO  org.testng.internal.Utils - [Utils] MethodGroupsHelper.collectMethodsByGroup() took 0 ms.
2026-04-25 09:51:54 INFO  org.testng.internal.Utils - [Utils] MethodGroupsHelper.sortMethods() took 0 ms.
2026-04-25 09:51:54 INFO  org.testng.internal.Utils - [Utils] MethodGroupsHelper.collectMethodsByGroup() took 0 ms.
2026-04-25 09:51:54 INFO  org.testng.internal.Utils - [Utils] MethodGroupsHelper.sortMethods() took 0 ms.
2026-04-25 09:51:54 INFO  org.testng.internal.Utils - [Utils] MethodGroupsHelper.collectMethodsByGroup() took 0 ms.
2026-04-25 09:51:54 INFO  org.testng.internal.Utils - [Utils] MethodGroupsHelper.sortMethods() took 0 ms.
2026-04-25 09:51:54 INFO  org.testng.internal.Utils - [Utils] MethodGroupsHelper.collectMethodsByGroup() took 0 ms.
2026-04-25 09:51:54 INFO  org.testng.internal.Utils - [Utils] MethodGroupsHelper.sortMethods() took 6 ms.
2026-04-25 09:51:54 INFO  org.testng.internal.Utils - [Utils] MethodGroupsHelper.collectMethodsByGroup() took 0 ms.
2026-04-25 09:51:54 INFO  org.testng.internal.Utils - [Utils] MethodGroupsHelper.sortMethods() took 0 ms.
2026-04-25 09:51:54 INFO  org.testng.internal.Utils - [Utils] MethodGroupsHelper.collectMethodsByGroup() took 0 ms.
2026-04-25 09:51:54 INFO  org.testng.internal.Utils - [Utils] MethodGroupsHelper.sortMethods() took 0 ms.
2026-04-25 09:51:54 INFO  org.testng.internal.Utils - [Utils] MethodGroupsHelper.collectMethodsByGroup() took 0 ms.
2026-04-25 09:51:54 INFO  org.testng.internal.Utils - [Utils] MethodGroupsHelper.sortMethods() took 0 ms.
2026-04-25 09:51:54 INFO  org.testng.internal.Utils - [Utils] MethodGroupsHelper.collectMethodsByGroup() took 0 ms.
2026-04-25 09:51:54 INFO  org.testng.internal.Utils - [Utils] MethodGroupsHelper.sortMethods() took 0 ms.
2026-04-25 09:51:54 INFO  org.testng.internal.Utils - [Utils] MethodGroupsHelper.collectMethodsByGroup() took 0 ms.
2026-04-25 09:51:54 INFO  org.testng.internal.Utils - [Utils] MethodGroupsHelper.sortMethods() took 0 ms.
2026-04-25 09:51:54 INFO  org.testng.internal.Utils - [Utils] MethodGroupsHelper.collectMethodsByGroup() took 0 ms.
2026-04-25 09:51:54 INFO  org.testng.internal.Utils - [Utils] MethodGroupsHelper.sortMethods() took 0 ms.
2026-04-25 09:51:54 INFO  org.testng.internal.Utils - [Utils] MethodGroupsHelper.collectMethodsByGroup() took 0 ms.
2026-04-25 09:51:54 INFO  org.testng.internal.Utils - [Utils] MethodGroupsHelper.sortMethods() took 0 ms.
2026-04-25 09:51:54 INFO  org.testng.internal.Utils - [Utils] MethodGroupsHelper.collectMethodsByGroup() took 3 ms.
2026-04-25 09:51:54 INFO  org.testng.internal.Utils - [Utils] MethodGroupsHelper.sortMethods() took 1 ms.
2026-04-25 09:51:54 INFO  org.testng.internal.Utils - [Utils] MethodGroupsHelper.collectMethodsByGroup() took 0 ms.
2026-04-25 09:51:54 INFO  org.testng.internal.Utils - [Utils] MethodGroupsHelper.sortMethods() took 0 ms.
2026-04-25 09:51:54 INFO  org.testng.internal.Utils - [Utils] MethodGroupsHelper.collectMethodsByGroup() took 0 ms.
2026-04-25 09:51:54 INFO  org.testng.internal.Utils - [Utils] MethodGroupsHelper.sortMethods() took 0 ms.
2026-04-25 09:51:54 INFO  org.testng.internal.Utils - [TestNG] Running:
  C:\Users\Rahul\AppData\Local\Temp\testng-eclipse--1588192998\testng-customsuite.xml

2026-04-25 09:51:54 INFO  org.testng.internal.Utils - [Utils] DynamicGraphHelper.createDynamicGraph() took 3 ms.
2026-04-25 09:51:55 INFO  Hooks.Hooks - Browser is opened..!
2026-04-25 09:51:58 INFO  Hooks.Hooks - url is launched..!
2026-04-25 09:53:04 INFO  Hooks.Hooks - Driver is Quit successfully....!
2026-04-25 09:53:04 INFO  org.testng.internal.Utils - [TestNG] Time taken by org.testng.reporters.jq.Main@69aabcb0: 32 ms
2026-04-25 09:53:04 INFO  org.testng.internal.Utils - [TestNG] Time taken by org.testng.reporters.FailedReporter@5e0c4f21: 9 ms
2026-04-25 09:53:04 INFO  org.testng.internal.Utils - [TestNG] Time taken by org.testng.reporters.XMLReporter@46c10083: 7 ms
2026-04-25 09:53:04 INFO  org.testng.internal.Utils - [TestNG] Time taken by org.testng.reporters.EmailableReporter2@52b959df: 5 ms
2026-04-25 09:53:04 INFO  org.testng.internal.Utils - [TestNG] Time taken by org.testng.reporters.JUnitReportReporter@3c9ef6e9: 5 ms
2026-04-25 09:53:04 INFO  org.testng.internal.Utils - [TestNG] Time taken by org.testng.internal.ExitCodeListener@3cdff901: 0 ms
2026-04-25 10:04:50 DEBUG org.testng.TestNG - suiteXmlPath: "C:\Users\Rahul\AppData\Local\Temp\testng-eclipse-1430637696\testng-customsuite.xml"
2026-04-25 10:04:50 INFO  org.testng.internal.Utils - [Utils] MethodGroupsHelper.collectMethodsByGroup() took 1 ms.
2026-04-25 10:04:50 INFO  org.testng.internal.Utils - [Utils] MethodGroupsHelper.sortMethods() took 1 ms.
2026-04-25 10:04:50 INFO  org.testng.internal.Utils - [Utils] MethodGroupsHelper.collectMethodsByGroup() took 0 ms.
2026-04-25 10:04:50 INFO  org.testng.internal.Utils - [Utils] MethodGroupsHelper.sortMethods() took 0 ms.
2026-04-25 10:04:50 INFO  org.testng.internal.Utils - [Utils] MethodGroupsHelper.collectMethodsByGroup() took 0 ms.
2026-04-25 10:04:50 INFO  org.testng.internal.Utils - [Utils] MethodGroupsHelper.sortMethods() took 0 ms.
2026-04-25 10:04:50 INFO  org.testng.internal.Utils - [Utils] MethodGroupsHelper.collectMethodsByGroup() took 0 ms.
2026-04-25 10:04:50 INFO  org.testng.internal.Utils - [Utils] MethodGroupsHelper.sortMethods() took 0 ms.
2026-04-25 10:04:50 INFO  org.testng.internal.Utils - [Utils] MethodGroupsHelper.collectMethodsByGroup() took 0 ms.
2026-04-25 10:04:50 INFO  org.testng.internal.Utils - [Utils] MethodGroupsHelper.sortMethods() took 8 ms.
2026-04-25 10:04:50 INFO  org.testng.internal.Utils - [Utils] MethodGroupsHelper.collectMethodsByGroup() took 0 ms.
2026-04-25 10:04:50 INFO  org.testng.internal.Utils - [Utils] MethodGroupsHelper.sortMethods() took 0 ms.
2026-04-25 10:04:50 INFO  org.testng.internal.Utils - [Utils] MethodGroupsHelper.collectMethodsByGroup() took 0 ms.
2026-04-25 10:04:50 INFO  org.testng.internal.Utils - [Utils] MethodGroupsHelper.sortMethods() took 0 ms.
2026-04-25 10:04:50 INFO  org.testng.internal.Utils - [Utils] MethodGroupsHelper.collectMethodsByGroup() took 0 ms.
2026-04-25 10:04:50 INFO  org.testng.internal.Utils - [Utils] MethodGroupsHelper.sortMethods() took 0 ms.
2026-04-25 10:04:50 INFO  org.testng.internal.Utils - [Utils] MethodGroupsHelper.collectMethodsByGroup() took 0 ms.
2026-04-25 10:04:50 INFO  org.testng.internal.Utils - [Utils] MethodGroupsHelper.sortMethods() took 0 ms.
2026-04-25 10:04:50 INFO  org.testng.internal.Utils - [Utils] MethodGroupsHelper.collectMethodsByGroup() took 0 ms.
2026-04-25 10:04:50 INFO  org.testng.internal.Utils - [Utils] MethodGroupsHelper.sortMethods() took 0 ms.
2026-04-25 10:04:50 INFO  org.testng.internal.Utils - [Utils] MethodGroupsHelper.collectMethodsByGroup() took 0 ms.
2026-04-25 10:04:50 INFO  org.testng.internal.Utils - [Utils] MethodGroupsHelper.sortMethods() took 0 ms.
2026-04-25 10:04:50 INFO  org.testng.internal.Utils - [Utils] MethodGroupsHelper.collectMethodsByGroup() took 0 ms.
2026-04-25 10:04:50 INFO  org.testng.internal.Utils - [Utils] MethodGroupsHelper.sortMethods() took 0 ms.
2026-04-25 10:04:50 INFO  org.testng.internal.Utils - [Utils] MethodGroupsHelper.collectMethodsByGroup() took 3 ms.
2026-04-25 10:04:50 INFO  org.testng.internal.Utils - [Utils] MethodGroupsHelper.sortMethods() took 0 ms.
2026-04-25 10:04:50 INFO  org.testng.internal.Utils - [Utils] MethodGroupsHelper.collectMethodsByGroup() took 0 ms.
2026-04-25 10:04:50 INFO  org.testng.internal.Utils - [Utils] MethodGroupsHelper.sortMethods() took 0 ms.
2026-04-25 10:04:50 INFO  org.testng.internal.Utils - [Utils] MethodGroupsHelper.collectMethodsByGroup() took 0 ms.
2026-04-25 10:04:50 INFO  org.testng.internal.Utils - [Utils] MethodGroupsHelper.sortMethods() took 0 ms.
2026-04-25 10:04:50 INFO  org.testng.internal.Utils - [TestNG] Running:
  C:\Users\Rahul\AppData\Local\Temp\testng-eclipse-1430637696\testng-customsuite.xml

2026-04-25 10:04:50 INFO  org.testng.internal.Utils - [Utils] DynamicGraphHelper.createDynamicGraph() took 3 ms.
2026-04-25 10:04:52 INFO  Hooks.Hooks - Browser is opened..!
2026-04-25 10:04:55 INFO  Hooks.Hooks - url is launched..!
2026-04-25 10:05:19 INFO  Hooks.Hooks - Driver is Quit successfully....!
2026-04-25 10:05:19 INFO  org.testng.internal.Utils - [TestNG] Time taken by org.testng.reporters.jq.Main@f1266c6: 48 ms
2026-04-25 10:05:19 INFO  org.testng.internal.Utils - [TestNG] Time taken by org.testng.reporters.FailedReporter@626c19cf: 14 ms
2026-04-25 10:05:19 INFO  org.testng.internal.Utils - [TestNG] Time taken by org.testng.reporters.XMLReporter@2bc7db89: 10 ms
2026-04-25 10:05:19 INFO  org.testng.internal.Utils - [TestNG] Time taken by org.testng.reporters.EmailableReporter2@65e22def: 6 ms
2026-04-25 10:05:19 INFO  org.testng.internal.Utils - [TestNG] Time taken by org.testng.reporters.JUnitReportReporter@5dc769f9: 5 ms
2026-04-25 10:05:19 INFO  org.testng.internal.Utils - [TestNG] Time taken by org.testng.internal.ExitCodeListener@1b0e9707: 0 ms
2026-04-25 10:06:55 DEBUG org.testng.TestNG - suiteXmlPath: "C:\Users\Rahul\AppData\Local\Temp\testng-eclipse--2110824332\testng-customsuite.xml"
2026-04-25 10:06:56 INFO  org.testng.internal.Utils - [Utils] MethodGroupsHelper.collectMethodsByGroup() took 0 ms.
2026-04-25 10:06:56 INFO  org.testng.internal.Utils - [Utils] MethodGroupsHelper.sortMethods() took 0 ms.
2026-04-25 10:06:56 INFO  org.testng.internal.Utils - [Utils] MethodGroupsHelper.collectMethodsByGroup() took 0 ms.
2026-04-25 10:06:56 INFO  org.testng.internal.Utils - [Utils] MethodGroupsHelper.sortMethods() took 0 ms.
2026-04-25 10:06:56 INFO  org.testng.internal.Utils - [Utils] MethodGroupsHelper.collectMethodsByGroup() took 0 ms.
2026-04-25 10:06:56 INFO  org.testng.internal.Utils - [Utils] MethodGroupsHelper.sortMethods() took 0 ms.
2026-04-25 10:06:56 INFO  org.testng.internal.Utils - [Utils] MethodGroupsHelper.collectMethodsByGroup() took 0 ms.
2026-04-25 10:06:56 INFO  org.testng.internal.Utils - [Utils] MethodGroupsHelper.sortMethods() took 0 ms.
2026-04-25 10:06:56 INFO  org.testng.internal.Utils - [Utils] MethodGroupsHelper.collectMethodsByGroup() took 0 ms.
2026-04-25 10:06:56 INFO  org.testng.internal.Utils - [Utils] MethodGroupsHelper.sortMethods() took 5 ms.
2026-04-25 10:06:56 INFO  org.testng.internal.Utils - [Utils] MethodGroupsHelper.collectMethodsByGroup() took 0 ms.
2026-04-25 10:06:56 INFO  org.testng.internal.Utils - [Utils] MethodGroupsHelper.sortMethods() took 0 ms.
2026-04-25 10:06:56 INFO  org.testng.internal.Utils - [Utils] MethodGroupsHelper.collectMethodsByGroup() took 0 ms.
2026-04-25 10:06:56 INFO  org.testng.internal.Utils - [Utils] MethodGroupsHelper.sortMethods() took 0 ms.
2026-04-25 10:06:56 INFO  org.testng.internal.Utils - [Utils] MethodGroupsHelper.collectMethodsByGroup() took 0 ms.
2026-04-25 10:06:56 INFO  org.testng.internal.Utils - [Utils] MethodGroupsHelper.sortMethods() took 0 ms.
2026-04-25 10:06:56 INFO  org.testng.internal.Utils - [Utils] MethodGroupsHelper.collectMethodsByGroup() took 0 ms.
2026-04-25 10:06:56 INFO  org.testng.internal.Utils - [Utils] MethodGroupsHelper.sortMethods() took 0 ms.
2026-04-25 10:06:56 INFO  org.testng.internal.Utils - [Utils] MethodGroupsHelper.collectMethodsByGroup() took 0 ms.
2026-04-25 10:06:56 INFO  org.testng.internal.Utils - [Utils] MethodGroupsHelper.sortMethods() took 0 ms.
2026-04-25 10:06:56 INFO  org.testng.internal.Utils - [Utils] MethodGroupsHelper.collectMethodsByGroup() took 0 ms.
2026-04-25 10:06:56 INFO  org.testng.internal.Utils - [Utils] MethodGroupsHelper.sortMethods() took 0 ms.
2026-04-25 10:06:56 INFO  org.testng.internal.Utils - [Utils] MethodGroupsHelper.collectMethodsByGroup() took 0 ms.
2026-04-25 10:06:56 INFO  org.testng.internal.Utils - [Utils] MethodGroupsHelper.sortMethods() took 0 ms.
2026-04-25 10:06:56 INFO  org.testng.internal.Utils - [Utils] MethodGroupsHelper.collectMethodsByGroup() took 2 ms.
2026-04-25 10:06:56 INFO  org.testng.internal.Utils - [Utils] MethodGroupsHelper.sortMethods() took 0 ms.
2026-04-25 10:06:56 INFO  org.testng.internal.Utils - [Utils] MethodGroupsHelper.collectMethodsByGroup() took 0 ms.
2026-04-25 10:06:56 INFO  org.testng.internal.Utils - [Utils] MethodGroupsHelper.sortMethods() took 0 ms.
2026-04-25 10:06:56 INFO  org.testng.internal.Utils - [Utils] MethodGroupsHelper.collectMethodsByGroup() took 0 ms.
2026-04-25 10:06:56 INFO  org.testng.internal.Utils - [Utils] MethodGroupsHelper.sortMethods() took 0 ms.
2026-04-25 10:06:56 INFO  org.testng.internal.Utils - [TestNG] Running:
  C:\Users\Rahul\AppData\Local\Temp\testng-eclipse--2110824332\testng-customsuite.xml

2026-04-25 10:06:56 INFO  org.testng.internal.Utils - [Utils] DynamicGraphHelper.createDynamicGraph() took 3 ms.
2026-04-25 10:06:57 INFO  Hooks.Hooks - Browser is opened..!
2026-04-25 10:07:00 INFO  Hooks.Hooks - url is launched..!
2026-04-25 10:08:07 INFO  Hooks.Hooks - Driver is Quit successfully....!
2026-04-25 10:08:07 INFO  org.testng.internal.Utils - [TestNG] Time taken by org.testng.reporters.jq.Main@7015ebef: 39 ms
2026-04-25 10:08:07 INFO  org.testng.internal.Utils - [TestNG] Time taken by org.testng.reporters.FailedReporter@5729b410: 15 ms
2026-04-25 10:08:07 INFO  org.testng.internal.Utils - [TestNG] Time taken by org.testng.reporters.XMLReporter@27b337bb: 10 ms
2026-04-25 10:08:07 INFO  org.testng.internal.Utils - [TestNG] Time taken by org.testng.reporters.EmailableReporter2@487cd177: 5 ms
2026-04-25 10:08:07 INFO  org.testng.internal.Utils - [TestNG] Time taken by org.testng.reporters.JUnitReportReporter@6ee5f485: 5 ms
2026-04-25 10:08:07 INFO  org.testng.internal.Utils - [TestNG] Time taken by org.testng.internal.ExitCodeListener@20d19f2c: 0 ms
2026-04-25 10:16:40 DEBUG org.testng.TestNG - suiteXmlPath: "C:\Users\Rahul\eclipse-workspace\MyntraOriginal\testng.xml"
2026-04-25 10:17:28 DEBUG org.testng.TestNG - suiteXmlPath: "C:\Users\Rahul\eclipse-workspace\MyntraOriginal\testng.xml"
2026-04-25 10:21:47 DEBUG org.testng.TestNG - suiteXmlPath: "C:\Users\Rahul\eclipse-workspace\MyntraOriginal\testng.xml"
2026-04-25 10:22:25 DEBUG org.testng.TestNG - suiteXmlPath: "C:\Users\Rahul\eclipse-workspace\MyntraOriginal\testng.xml"
2026-04-25 10:22:59 DEBUG org.testng.TestNG - suiteXmlPath: "C:\Users\Rahul\eclipse-workspace\MyntraOriginal\testng.xml"
2026-04-25 10:22:59 INFO  org.testng.internal.Utils - [TestNG] Running:
  C:\Users\Rahul\eclipse-workspace\MyntraOriginal\testng.xml

2026-04-25 10:23:07 INFO  com.Tests.HomePageTest - Searching for: Kids
2026-04-25 10:23:23 INFO  com.Tests.HomePageTest - Searching for: Boys
2026-04-25 10:23:32 INFO  com.Tests.HomePageTest - Searching for: Girls
2026-04-25 10:23:50 INFO  com.Tests.HomePageTest - Searching for: Footwear
2026-04-25 10:23:57 INFO  com.Tests.HomePageTest - Searching for: Infants
2026-04-25 10:24:34 INFO  com.Tests.HomePageTest - Searching for: Toys & Games
2026-04-25 10:24:42 INFO  com.Tests.HomePageTest - Searching for: Accessories
2026-04-25 10:24:52 INFO  com.Tests.HomePageTest - Searching for: 
2026-04-25 10:25:27 INFO  com.Tests.HomePageTest - Searching for: @#$%
2026-04-25 10:26:32 INFO  com.Tests.HomePageTest - Searching for: !!!
2026-04-25 10:26:39 INFO  com.Tests.HomePageTest - Searching for: @@@@
2026-04-25 10:26:44 INFO  com.Tests.HomePageTest - Searching for: kids@@@
2026-04-25 10:27:22 INFO  com.Tests.HomePageTest - Searching for: 123@@abc
2026-04-25 10:27:59 INFO  com.Tests.HomePageTest - Searching for: 123456
2026-04-25 10:28:35 INFO  com.Tests.HomePageTest - Searching for: aaaaaaaaaaaaaaaaaaaaaaaaaaaaaaaa
2026-04-25 10:29:21 INFO  com.Tests.HomePageTest - Products are Displayed..
2026-04-25 10:29:31 INFO  com.Tests.HomePageTest - Products are Displayed..
2026-04-25 10:30:08 INFO  com.Tests.HomePageTest - Products are Displayed..
2026-04-25 11:04:15 DEBUG org.testng.TestNG - suiteXmlPath: "C:\Users\Rahul\AppData\Local\Temp\testng-eclipse-917373091\testng-customsuite.xml"
2026-04-25 11:04:15 INFO  org.testng.internal.Utils - [Utils] MethodGroupsHelper.collectMethodsByGroup() took 0 ms.
2026-04-25 11:04:15 INFO  org.testng.internal.Utils - [Utils] MethodGroupsHelper.sortMethods() took 1 ms.
2026-04-25 11:04:15 INFO  org.testng.internal.Utils - [Utils] MethodGroupsHelper.collectMethodsByGroup() took 0 ms.
2026-04-25 11:04:15 INFO  org.testng.internal.Utils - [Utils] MethodGroupsHelper.sortMethods() took 0 ms.
2026-04-25 11:04:15 INFO  org.testng.internal.Utils - [Utils] MethodGroupsHelper.collectMethodsByGroup() took 0 ms.
2026-04-25 11:04:15 INFO  org.testng.internal.Utils - [Utils] MethodGroupsHelper.sortMethods() took 0 ms.
2026-04-25 11:04:15 INFO  org.testng.internal.Utils - [Utils] MethodGroupsHelper.collectMethodsByGroup() took 0 ms.
2026-04-25 11:04:15 INFO  org.testng.internal.Utils - [Utils] MethodGroupsHelper.sortMethods() took 0 ms.
2026-04-25 11:04:15 INFO  org.testng.internal.Utils - [Utils] MethodGroupsHelper.collectMethodsByGroup() took 0 ms.
2026-04-25 11:04:15 INFO  org.testng.internal.Utils - [Utils] MethodGroupsHelper.sortMethods() took 0 ms.
2026-04-25 11:04:15 INFO  org.testng.internal.Utils - [Utils] MethodGroupsHelper.collectMethodsByGroup() took 0 ms.
2026-04-25 11:04:15 INFO  org.testng.internal.Utils - [Utils] MethodGroupsHelper.sortMethods() took 0 ms.
2026-04-25 11:04:15 INFO  org.testng.internal.Utils - [Utils] MethodGroupsHelper.collectMethodsByGroup() took 0 ms.
2026-04-25 11:04:15 INFO  org.testng.internal.Utils - [Utils] MethodGroupsHelper.sortMethods() took 0 ms.
2026-04-25 11:04:15 INFO  org.testng.internal.Utils - [Utils] MethodGroupsHelper.collectMethodsByGroup() took 0 ms.
2026-04-25 11:04:15 INFO  org.testng.internal.Utils - [Utils] MethodGroupsHelper.sortMethods() took 0 ms.
2026-04-25 11:04:15 INFO  org.testng.internal.Utils - [Utils] MethodGroupsHelper.collectMethodsByGroup() took 5 ms.
2026-04-25 11:04:15 INFO  org.testng.internal.Utils - [Utils] MethodGroupsHelper.sortMethods() took 10 ms.
2026-04-25 11:04:15 INFO  org.testng.internal.Utils - [Utils] MethodGroupsHelper.collectMethodsByGroup() took 1 ms.
2026-04-25 11:04:15 INFO  org.testng.internal.Utils - [Utils] MethodGroupsHelper.sortMethods() took 0 ms.
2026-04-25 11:04:15 INFO  org.testng.internal.Utils - [Utils] MethodGroupsHelper.collectMethodsByGroup() took 0 ms.
2026-04-25 11:04:15 INFO  org.testng.internal.Utils - [Utils] MethodGroupsHelper.sortMethods() took 0 ms.
2026-04-25 11:04:15 INFO  org.testng.internal.Utils - [Utils] MethodGroupsHelper.collectMethodsByGroup() took 0 ms.
2026-04-25 11:04:15 INFO  org.testng.internal.Utils - [Utils] MethodGroupsHelper.sortMethods() took 0 ms.
2026-04-25 11:04:15 INFO  org.testng.internal.Utils - [Utils] MethodGroupsHelper.collectMethodsByGroup() took 6 ms.
2026-04-25 11:04:15 INFO  org.testng.internal.Utils - [Utils] MethodGroupsHelper.sortMethods() took 0 ms.
2026-04-25 11:04:15 INFO  org.testng.internal.Utils - [Utils] MethodGroupsHelper.collectMethodsByGroup() took 0 ms.
2026-04-25 11:04:15 INFO  org.testng.internal.Utils - [Utils] MethodGroupsHelper.sortMethods() took 0 ms.
2026-04-25 11:04:15 INFO  org.testng.internal.Utils - [Utils] MethodGroupsHelper.collectMethodsByGroup() took 0 ms.
2026-04-25 11:04:15 INFO  org.testng.internal.Utils - [Utils] MethodGroupsHelper.sortMethods() took 0 ms.
2026-04-25 11:04:15 INFO  org.testng.internal.Utils - [TestNG] Running:
  C:\Users\Rahul\AppData\Local\Temp\testng-eclipse-917373091\testng-customsuite.xml

2026-04-25 11:04:15 INFO  org.testng.internal.Utils - [Utils] DynamicGraphHelper.createDynamicGraph() took 3 ms.
2026-04-25 11:04:15 ERROR org.testng.internal.Utils - [Error] java.io.FileNotFoundException: E:\Myntra_Framework\MyntraTestData.xlsx (The system cannot find the file specified)
	at java.base/java.io.FileInputStream.open0(Native Method)
	at java.base/java.io.FileInputStream.open(FileInputStream.java:213)
	at java.base/java.io.FileInputStream.&lt;init&gt;(FileInputStream.java:152)
	at java.base/java.io.FileInputStream.&lt;init&gt;(FileInputStream.java:106)
	at com.utilities.ExcelReader.readExcel(ExcelReader.java:14)
	at com.dataprovider.Pincode.getExcelData(Pincode.java:11)
	at java.base/jdk.internal.reflect.DirectMethodHandleAccessor.invoke(DirectMethodHandleAccessor.java:103)
	at java.base/java.lang.reflect.Method.invoke(Method.java:580)
	at org.testng.internal.invokers.MethodInvocationHelper.invokeMethod(MethodInvocationHelper.java:141)
	at org.testng.internal.invokers.MethodInvocationHelper.invokeMethod(MethodInvocationHelper.java:86)
	at org.testng.internal.invokers.MethodInvocationHelper.invokeMethodNoCheckedException(MethodInvocationHelper.java:54)
	at org.testng.internal.invokers.MethodInvocationHelper.invokeDataProvider(MethodInvocationHelper.java:159)
	at org.testng.internal.Parameters.handleParameters(Parameters.java:809)
	at org.testng.internal.Parameters.handleParameters(Parameters.java:734)
	at org.testng.internal.invokers.ParameterHandler.handleParameters(ParameterHandler.java:72)
	at org.testng.internal.invokers.ParameterHandler.createParameters(ParameterHandler.java:51)
	at org.testng.internal.invokers.TestInvoker$MethodInvocationAgent.invoke(TestInvoker.java:949)
	at org.testng.internal.invokers.TestInvoker.invokeTestMethods(TestInvoker.java:203)
	at org.testng.internal.invokers.TestMethodWorker.invokeTestMethods(TestMethodWorker.java:154)
	at org.testng.internal.invokers.TestMethodWorker.run(TestMethodWorker.java:134)
	at java.base/java.util.ArrayList.forEach(ArrayList.java:1596)
	at org.testng.TestRunner.privateRun(TestRunner.java:741)
	at org.testng.TestRunner.run(TestRunner.java:616)
	at org.testng.SuiteRunner.runTest(SuiteRunner.java:421)
	at org.testng.SuiteRunner.runSequentially(SuiteRunner.java:413)
	at org.testng.SuiteRunner.privateRun(SuiteRunner.java:373)
	at org.testng.SuiteRunner.run(SuiteRunner.java:312)
	at org.testng.SuiteRunnerWorker.runSuite(SuiteRunnerWorker.java:52)
	at org.testng.SuiteRunnerWorker.run(SuiteRunnerWorker.java:95)
	at org.testng.TestNG.runSuitesSequentially(TestNG.java:1274)
	at org.testng.TestNG.runSuitesLocally(TestNG.java:1208)
	at org.testng.TestNG.runSuites(TestNG.java:1112)
	at org.testng.TestNG.run(TestNG.java:1079)
	at org.testng.remote.AbstractRemoteTestNG.run(AbstractRemoteTestNG.java:115)
	at org.testng.remote.RemoteTestNG.initAndRun(RemoteTestNG.java:293)
	at org.testng.remote.RemoteTestNG.main(RemoteTestNG.java:91)

2026-04-25 11:04:15 INFO  org.testng.internal.Utils - [TestNG] Time taken by org.testng.reporters.jq.Main@400d912a: 34 ms
2026-04-25 11:04:15 INFO  org.testng.internal.Utils - [TestNG] Time taken by org.testng.reporters.FailedReporter@4303b7f0: 11 ms
2026-04-25 11:04:15 INFO  org.testng.internal.Utils - [TestNG] Time taken by org.testng.reporters.XMLReporter@6ef7623: 6 ms
2026-04-25 11:04:15 INFO  org.testng.internal.Utils - [TestNG] Time taken by org.testng.reporters.EmailableReporter2@3068b369: 7 ms
2026-04-25 11:04:15 INFO  org.testng.internal.Utils - [TestNG] Time taken by org.testng.reporters.JUnitReportReporter@1ec7d8b3: 5 ms
2026-04-25 11:04:15 INFO  org.testng.internal.Utils - [TestNG] Time taken by org.testng.internal.ExitCodeListener@3b0ca5e1: 0 ms
2026-04-25 11:05:37 DEBUG org.testng.TestNG - suiteXmlPath: "C:\Users\Rahul\AppData\Local\Temp\testng-eclipse--1051094227\testng-customsuite.xml"
2026-04-25 11:05:38 INFO  org.testng.internal.Utils - [Utils] MethodGroupsHelper.collectMethodsByGroup() took 1 ms.
2026-04-25 11:05:38 INFO  org.testng.internal.Utils - [Utils] MethodGroupsHelper.sortMethods() took 3 ms.
2026-04-25 11:05:38 INFO  org.testng.internal.Utils - [Utils] MethodGroupsHelper.collectMethodsByGroup() took 0 ms.
2026-04-25 11:05:38 INFO  org.testng.internal.Utils - [Utils] MethodGroupsHelper.sortMethods() took 0 ms.
2026-04-25 11:05:38 INFO  org.testng.internal.Utils - [Utils] MethodGroupsHelper.collectMethodsByGroup() took 0 ms.
2026-04-25 11:05:38 INFO  org.testng.internal.Utils - [Utils] MethodGroupsHelper.sortMethods() took 0 ms.
2026-04-25 11:05:38 INFO  org.testng.internal.Utils - [Utils] MethodGroupsHelper.collectMethodsByGroup() took 0 ms.
2026-04-25 11:05:38 INFO  org.testng.internal.Utils - [Utils] MethodGroupsHelper.sortMethods() took 0 ms.
2026-04-25 11:05:38 INFO  org.testng.internal.Utils - [Utils] MethodGroupsHelper.collectMethodsByGroup() took 0 ms.
2026-04-25 11:05:38 INFO  org.testng.internal.Utils - [Utils] MethodGroupsHelper.sortMethods() took 0 ms.
2026-04-25 11:05:38 INFO  org.testng.internal.Utils - [Utils] MethodGroupsHelper.collectMethodsByGroup() took 0 ms.
2026-04-25 11:05:38 INFO  org.testng.internal.Utils - [Utils] MethodGroupsHelper.sortMethods() took 0 ms.
2026-04-25 11:05:38 INFO  org.testng.internal.Utils - [Utils] MethodGroupsHelper.collectMethodsByGroup() took 0 ms.
2026-04-25 11:05:38 INFO  org.testng.internal.Utils - [Utils] MethodGroupsHelper.sortMethods() took 1 ms.
2026-04-25 11:05:38 INFO  org.testng.internal.Utils - [Utils] MethodGroupsHelper.collectMethodsByGroup() took 0 ms.
2026-04-25 11:05:38 INFO  org.testng.internal.Utils - [Utils] MethodGroupsHelper.sortMethods() took 0 ms.
2026-04-25 11:05:38 INFO  org.testng.internal.Utils - [Utils] MethodGroupsHelper.collectMethodsByGroup() took 7 ms.
2026-04-25 11:05:38 INFO  org.testng.internal.Utils - [Utils] MethodGroupsHelper.sortMethods() took 14 ms.
2026-04-25 11:05:38 INFO  org.testng.internal.Utils - [Utils] MethodGroupsHelper.collectMethodsByGroup() took 0 ms.
2026-04-25 11:05:38 INFO  org.testng.internal.Utils - [Utils] MethodGroupsHelper.sortMethods() took 0 ms.
2026-04-25 11:05:38 INFO  org.testng.internal.Utils - [Utils] MethodGroupsHelper.collectMethodsByGroup() took 0 ms.
2026-04-25 11:05:38 INFO  org.testng.internal.Utils - [Utils] MethodGroupsHelper.sortMethods() took 0 ms.
2026-04-25 11:05:38 INFO  org.testng.internal.Utils - [Utils] MethodGroupsHelper.collectMethodsByGroup() took 0 ms.
2026-04-25 11:05:38 INFO  org.testng.internal.Utils - [Utils] MethodGroupsHelper.sortMethods() took 0 ms.
2026-04-25 11:05:38 INFO  org.testng.internal.Utils - [Utils] MethodGroupsHelper.collectMethodsByGroup() took 9 ms.
2026-04-25 11:05:38 INFO  org.testng.internal.Utils - [Utils] MethodGroupsHelper.sortMethods() took 1 ms.
2026-04-25 11:05:38 INFO  org.testng.internal.Utils - [Utils] MethodGroupsHelper.collectMethodsByGroup() took 0 ms.
2026-04-25 11:05:38 INFO  org.testng.internal.Utils - [Utils] MethodGroupsHelper.sortMethods() took 0 ms.
2026-04-25 11:05:38 INFO  org.testng.internal.Utils - [Utils] MethodGroupsHelper.collectMethodsByGroup() took 0 ms.
2026-04-25 11:05:38 INFO  org.testng.internal.Utils - [Utils] MethodGroupsHelper.sortMethods() took 0 ms.
2026-04-25 11:05:38 INFO  org.testng.internal.Utils - [TestNG] Running:
  C:\Users\Rahul\AppData\Local\Temp\testng-eclipse--1051094227\testng-customsuite.xml

2026-04-25 11:05:38 INFO  org.testng.internal.Utils - [Utils] DynamicGraphHelper.createDynamicGraph() took 5 ms.
2026-04-25 11:05:38 ERROR org.testng.internal.Utils - [Error] java.io.FileNotFoundException: E:\Myntra_Framework\MyntraTestData.xlsx (The system cannot find the file specified)
	at java.base/java.io.FileInputStream.open0(Native Method)
	at java.base/java.io.FileInputStream.open(FileInputStream.java:213)
	at java.base/java.io.FileInputStream.&lt;init&gt;(FileInputStream.java:152)
	at java.base/java.io.FileInputStream.&lt;init&gt;(FileInputStream.java:106)
	at com.utilities.ExcelReader.readExcel(ExcelReader.java:14)
	at com.dataprovider.Pincode.getExcelData(Pincode.java:11)
	at java.base/jdk.internal.reflect.DirectMethodHandleAccessor.invoke(DirectMethodHandleAccessor.java:103)
	at java.base/java.lang.reflect.Method.invoke(Method.java:580)
	at org.testng.internal.invokers.MethodInvocationHelper.invokeMethod(MethodInvocationHelper.java:141)
	at org.testng.internal.invokers.MethodInvocationHelper.invokeMethod(MethodInvocationHelper.java:86)
	at org.testng.internal.invokers.MethodInvocationHelper.invokeMethodNoCheckedException(MethodInvocationHelper.java:54)
	at org.testng.internal.invokers.MethodInvocationHelper.invokeDataProvider(MethodInvocationHelper.java:159)
	at org.testng.internal.Parameters.handleParameters(Parameters.java:809)
	at org.testng.internal.Parameters.handleParameters(Parameters.java:734)
	at org.testng.internal.invokers.ParameterHandler.handleParameters(ParameterHandler.java:72)
	at org.testng.internal.invokers.ParameterHandler.createParameters(ParameterHandler.java:51)
	at org.testng.internal.invokers.TestInvoker$MethodInvocationAgent.invoke(TestInvoker.java:949)
	at org.testng.internal.invokers.TestInvoker.invokeTestMethods(TestInvoker.java:203)
	at org.testng.internal.invokers.TestMethodWorker.invokeTestMethods(TestMethodWorker.java:154)
	at org.testng.internal.invokers.TestMethodWorker.run(TestMethodWorker.java:134)
	at java.base/java.util.ArrayList.forEach(ArrayList.java:1596)
	at org.testng.TestRunner.privateRun(TestRunner.java:741)
	at org.testng.TestRunner.run(TestRunner.java:616)
	at org.testng.SuiteRunner.runTest(SuiteRunner.java:421)
	at org.testng.SuiteRunner.runSequentially(SuiteRunner.java:413)
	at org.testng.SuiteRunner.privateRun(SuiteRunner.java:373)
	at org.testng.SuiteRunner.run(SuiteRunner.java:312)
	at org.testng.SuiteRunnerWorker.runSuite(SuiteRunnerWorker.java:52)
	at org.testng.SuiteRunnerWorker.run(SuiteRunnerWorker.java:95)
	at org.testng.TestNG.runSuitesSequentially(TestNG.java:1274)
	at org.testng.TestNG.runSuitesLocally(TestNG.java:1208)
	at org.testng.TestNG.runSuites(TestNG.java:1112)
	at org.testng.TestNG.run(TestNG.java:1079)
	at org.testng.remote.AbstractRemoteTestNG.run(AbstractRemoteTestNG.java:115)
	at org.testng.remote.RemoteTestNG.initAndRun(RemoteTestNG.java:293)
	at org.testng.remote.RemoteTestNG.main(RemoteTestNG.java:91)

2026-04-25 11:05:38 INFO  org.testng.internal.Utils - [TestNG] Time taken by org.testng.reporters.jq.Main@400d912a: 58 ms
2026-04-25 11:05:38 INFO  org.testng.internal.Utils - [TestNG] Time taken by org.testng.reporters.FailedReporter@4303b7f0: 14 ms
2026-04-25 11:05:38 INFO  org.testng.internal.Utils - [TestNG] Time taken by org.testng.reporters.XMLReporter@6ef7623: 12 ms
2026-04-25 11:05:38 INFO  org.testng.internal.Utils - [TestNG] Time taken by org.testng.reporters.EmailableReporter2@3068b369: 20 ms
2026-04-25 11:05:38 INFO  org.testng.internal.Utils - [TestNG] Time taken by org.testng.reporters.JUnitReportReporter@1ec7d8b3: 12 ms
2026-04-25 11:05:38 INFO  org.testng.internal.Utils - [TestNG] Time taken by org.testng.internal.ExitCodeListener@3b0ca5e1: 0 ms
2026-04-25 11:10:04 DEBUG org.testng.TestNG - suiteXmlPath: "C:\Users\Rahul\AppData\Local\Temp\testng-eclipse--2090317975\testng-customsuite.xml"
2026-04-25 11:10:04 INFO  org.testng.internal.Utils - [Utils] MethodGroupsHelper.collectMethodsByGroup() took 1 ms.
2026-04-25 11:10:04 INFO  org.testng.internal.Utils - [Utils] MethodGroupsHelper.sortMethods() took 1 ms.
2026-04-25 11:10:04 INFO  org.testng.internal.Utils - [Utils] MethodGroupsHelper.collectMethodsByGroup() took 0 ms.
2026-04-25 11:10:04 INFO  org.testng.internal.Utils - [Utils] MethodGroupsHelper.sortMethods() took 0 ms.
2026-04-25 11:10:04 INFO  org.testng.internal.Utils - [Utils] MethodGroupsHelper.collectMethodsByGroup() took 0 ms.
2026-04-25 11:10:04 INFO  org.testng.internal.Utils - [Utils] MethodGroupsHelper.sortMethods() took 0 ms.
2026-04-25 11:10:04 INFO  org.testng.internal.Utils - [Utils] MethodGroupsHelper.collectMethodsByGroup() took 0 ms.
2026-04-25 11:10:04 INFO  org.testng.internal.Utils - [Utils] MethodGroupsHelper.sortMethods() took 0 ms.
2026-04-25 11:10:04 INFO  org.testng.internal.Utils - [Utils] MethodGroupsHelper.collectMethodsByGroup() took 0 ms.
2026-04-25 11:10:04 INFO  org.testng.internal.Utils - [Utils] MethodGroupsHelper.sortMethods() took 0 ms.
2026-04-25 11:10:04 INFO  org.testng.internal.Utils - [Utils] MethodGroupsHelper.collectMethodsByGroup() took 0 ms.
2026-04-25 11:10:04 INFO  org.testng.internal.Utils - [Utils] MethodGroupsHelper.sortMethods() took 0 ms.
2026-04-25 11:10:04 INFO  org.testng.internal.Utils - [Utils] MethodGroupsHelper.collectMethodsByGroup() took 0 ms.
2026-04-25 11:10:04 INFO  org.testng.internal.Utils - [Utils] MethodGroupsHelper.sortMethods() took 0 ms.
2026-04-25 11:10:04 INFO  org.testng.internal.Utils - [Utils] MethodGroupsHelper.collectMethodsByGroup() took 0 ms.
2026-04-25 11:10:04 INFO  org.testng.internal.Utils - [Utils] MethodGroupsHelper.sortMethods() took 0 ms.
2026-04-25 11:10:04 INFO  org.testng.internal.Utils - [Utils] MethodGroupsHelper.collectMethodsByGroup() took 10 ms.
2026-04-25 11:10:04 INFO  org.testng.internal.Utils - [Utils] MethodGroupsHelper.sortMethods() took 14 ms.
2026-04-25 11:10:04 INFO  org.testng.internal.Utils - [Utils] MethodGroupsHelper.collectMethodsByGroup() took 0 ms.
2026-04-25 11:10:04 INFO  org.testng.internal.Utils - [Utils] MethodGroupsHelper.sortMethods() took 0 ms.
2026-04-25 11:10:04 INFO  org.testng.internal.Utils - [Utils] MethodGroupsHelper.collectMethodsByGroup() took 0 ms.
2026-04-25 11:10:04 INFO  org.testng.internal.Utils - [Utils] MethodGroupsHelper.sortMethods() took 0 ms.
2026-04-25 11:10:04 INFO  org.testng.internal.Utils - [Utils] MethodGroupsHelper.collectMethodsByGroup() took 0 ms.
2026-04-25 11:10:04 INFO  org.testng.internal.Utils - [Utils] MethodGroupsHelper.sortMethods() took 0 ms.
2026-04-25 11:10:04 INFO  org.testng.internal.Utils - [Utils] MethodGroupsHelper.collectMethodsByGroup() took 12 ms.
2026-04-25 11:10:04 INFO  org.testng.internal.Utils - [Utils] MethodGroupsHelper.sortMethods() took 0 ms.
2026-04-25 11:10:04 INFO  org.testng.internal.Utils - [Utils] MethodGroupsHelper.collectMethodsByGroup() took 0 ms.
2026-04-25 11:10:04 INFO  org.testng.internal.Utils - [Utils] MethodGroupsHelper.sortMethods() took 0 ms.
2026-04-25 11:10:04 INFO  org.testng.internal.Utils - [Utils] MethodGroupsHelper.collectMethodsByGroup() took 0 ms.
2026-04-25 11:10:04 INFO  org.testng.internal.Utils - [Utils] MethodGroupsHelper.sortMethods() took 0 ms.
2026-04-25 11:10:04 INFO  org.testng.internal.Utils - [TestNG] Running:
  C:\Users\Rahul\AppData\Local\Temp\testng-eclipse--2090317975\testng-customsuite.xml

2026-04-25 11:10:04 INFO  org.testng.internal.Utils - [Utils] DynamicGraphHelper.createDynamicGraph() took 3 ms.
2026-04-25 11:10:04 ERROR org.testng.internal.Utils - [Error] java.io.FileNotFoundException: E:\Myntra_Framework\MyntraTestData.xlsx (The system cannot find the file specified)
	at java.base/java.io.FileInputStream.open0(Native Method)
	at java.base/java.io.FileInputStream.open(FileInputStream.java:213)
	at java.base/java.io.FileInputStream.&lt;init&gt;(FileInputStream.java:152)
	at java.base/java.io.FileInputStream.&lt;init&gt;(FileInputStream.java:106)
	at com.utilities.ExcelReader.readExcel(ExcelReader.java:14)
	at com.dataprovider.Pincode.getExcelData(Pincode.java:11)
	at java.base/jdk.internal.reflect.DirectMethodHandleAccessor.invoke(DirectMethodHandleAccessor.java:103)
	at java.base/java.lang.reflect.Method.invoke(Method.java:580)
	at org.testng.internal.invokers.MethodInvocationHelper.invokeMethod(MethodInvocationHelper.java:141)
	at org.testng.internal.invokers.MethodInvocationHelper.invokeMethod(MethodInvocationHelper.java:86)
	at org.testng.internal.invokers.MethodInvocationHelper.invokeMethodNoCheckedException(MethodInvocationHelper.java:54)
	at org.testng.internal.invokers.MethodInvocationHelper.invokeDataProvider(MethodInvocationHelper.java:159)
	at org.testng.internal.Parameters.handleParameters(Parameters.java:809)
	at org.testng.internal.Parameters.handleParameters(Parameters.java:734)
	at org.testng.internal.invokers.ParameterHandler.handleParameters(ParameterHandler.java:72)
	at org.testng.internal.invokers.ParameterHandler.createParameters(ParameterHandler.java:51)
	at org.testng.internal.invokers.TestInvoker$MethodInvocationAgent.invoke(TestInvoker.java:949)
	at org.testng.internal.invokers.TestInvoker.invokeTestMethods(TestInvoker.java:203)
	at org.testng.internal.invokers.TestMethodWorker.invokeTestMethods(TestMethodWorker.java:154)
	at org.testng.internal.invokers.TestMethodWorker.run(TestMethodWorker.java:134)
	at java.base/java.util.ArrayList.forEach(ArrayList.java:1596)
	at org.testng.TestRunner.privateRun(TestRunner.java:741)
	at org.testng.TestRunner.run(TestRunner.java:616)
	at org.testng.SuiteRunner.runTest(SuiteRunner.java:421)
	at org.testng.SuiteRunner.runSequentially(SuiteRunner.java:413)
	at org.testng.SuiteRunner.privateRun(SuiteRunner.java:373)
	at org.testng.SuiteRunner.run(SuiteRunner.java:312)
	at org.testng.SuiteRunnerWorker.runSuite(SuiteRunnerWorker.java:52)
	at org.testng.SuiteRunnerWorker.run(SuiteRunnerWorker.java:95)
	at org.testng.TestNG.runSuitesSequentially(TestNG.java:1274)
	at org.testng.TestNG.runSuitesLocally(TestNG.java:1208)
	at org.testng.TestNG.runSuites(TestNG.java:1112)
	at org.testng.TestNG.run(TestNG.java:1079)
	at org.testng.remote.AbstractRemoteTestNG.run(AbstractRemoteTestNG.java:115)
	at org.testng.remote.RemoteTestNG.initAndRun(RemoteTestNG.java:293)
	at org.testng.remote.RemoteTestNG.main(RemoteTestNG.java:91)

2026-04-25 11:10:05 INFO  org.testng.internal.Utils - [TestNG] Time taken by org.testng.reporters.jq.Main@400d912a: 52 ms
2026-04-25 11:10:05 INFO  org.testng.internal.Utils - [TestNG] Time taken by org.testng.reporters.FailedReporter@4303b7f0: 14 ms
2026-04-25 11:10:05 INFO  org.testng.internal.Utils - [TestNG] Time taken by org.testng.reporters.XMLReporter@6ef7623: 8 ms
2026-04-25 11:10:05 INFO  org.testng.internal.Utils - [TestNG] Time taken by org.testng.reporters.EmailableReporter2@3068b369: 12 ms
2026-04-25 11:10:05 INFO  org.testng.internal.Utils - [TestNG] Time taken by org.testng.reporters.JUnitReportReporter@1ec7d8b3: 8 ms
2026-04-25 11:10:05 INFO  org.testng.internal.Utils - [TestNG] Time taken by org.testng.internal.ExitCodeListener@3b0ca5e1: 0 ms
2026-04-25 11:11:27 DEBUG org.testng.TestNG - suiteXmlPath: "C:\Users\Rahul\AppData\Local\Temp\testng-eclipse--1875153039\testng-customsuite.xml"
2026-04-25 11:11:28 INFO  org.testng.internal.Utils - [Utils] MethodGroupsHelper.collectMethodsByGroup() took 1 ms.
2026-04-25 11:11:28 INFO  org.testng.internal.Utils - [Utils] MethodGroupsHelper.sortMethods() took 1 ms.
2026-04-25 11:11:28 INFO  org.testng.internal.Utils - [Utils] MethodGroupsHelper.collectMethodsByGroup() took 0 ms.
2026-04-25 11:11:28 INFO  org.testng.internal.Utils - [Utils] MethodGroupsHelper.sortMethods() took 0 ms.
2026-04-25 11:11:28 INFO  org.testng.internal.Utils - [Utils] MethodGroupsHelper.collectMethodsByGroup() took 0 ms.
2026-04-25 11:11:28 INFO  org.testng.internal.Utils - [Utils] MethodGroupsHelper.sortMethods() took 0 ms.
2026-04-25 11:11:28 INFO  org.testng.internal.Utils - [Utils] MethodGroupsHelper.collectMethodsByGroup() took 0 ms.
2026-04-25 11:11:28 INFO  org.testng.internal.Utils - [Utils] MethodGroupsHelper.sortMethods() took 0 ms.
2026-04-25 11:11:28 INFO  org.testng.internal.Utils - [Utils] MethodGroupsHelper.collectMethodsByGroup() took 0 ms.
2026-04-25 11:11:28 INFO  org.testng.internal.Utils - [Utils] MethodGroupsHelper.sortMethods() took 0 ms.
2026-04-25 11:11:28 INFO  org.testng.internal.Utils - [Utils] MethodGroupsHelper.collectMethodsByGroup() took 0 ms.
2026-04-25 11:11:28 INFO  org.testng.internal.Utils - [Utils] MethodGroupsHelper.sortMethods() took 0 ms.
2026-04-25 11:11:28 INFO  org.testng.internal.Utils - [Utils] MethodGroupsHelper.collectMethodsByGroup() took 0 ms.
2026-04-25 11:11:28 INFO  org.testng.internal.Utils - [Utils] MethodGroupsHelper.sortMethods() took 0 ms.
2026-04-25 11:11:28 INFO  org.testng.internal.Utils - [Utils] MethodGroupsHelper.collectMethodsByGroup() took 0 ms.
2026-04-25 11:11:28 INFO  org.testng.internal.Utils - [Utils] MethodGroupsHelper.sortMethods() took 0 ms.
2026-04-25 11:11:28 INFO  org.testng.internal.Utils - [Utils] MethodGroupsHelper.collectMethodsByGroup() took 12 ms.
2026-04-25 11:11:28 INFO  org.testng.internal.Utils - [Utils] MethodGroupsHelper.sortMethods() took 12 ms.
2026-04-25 11:11:28 INFO  org.testng.internal.Utils - [Utils] MethodGroupsHelper.collectMethodsByGroup() took 0 ms.
2026-04-25 11:11:28 INFO  org.testng.internal.Utils - [Utils] MethodGroupsHelper.sortMethods() took 0 ms.
2026-04-25 11:11:28 INFO  org.testng.internal.Utils - [Utils] MethodGroupsHelper.collectMethodsByGroup() took 0 ms.
2026-04-25 11:11:28 INFO  org.testng.internal.Utils - [Utils] MethodGroupsHelper.sortMethods() took 0 ms.
2026-04-25 11:11:28 INFO  org.testng.internal.Utils - [Utils] MethodGroupsHelper.collectMethodsByGroup() took 0 ms.
2026-04-25 11:11:28 INFO  org.testng.internal.Utils - [Utils] MethodGroupsHelper.sortMethods() took 0 ms.
2026-04-25 11:11:28 INFO  org.testng.internal.Utils - [Utils] MethodGroupsHelper.collectMethodsByGroup() took 10 ms.
2026-04-25 11:11:28 INFO  org.testng.internal.Utils - [Utils] MethodGroupsHelper.sortMethods() took 0 ms.
2026-04-25 11:11:28 INFO  org.testng.internal.Utils - [Utils] MethodGroupsHelper.collectMethodsByGroup() took 0 ms.
2026-04-25 11:11:28 INFO  org.testng.internal.Utils - [Utils] MethodGroupsHelper.sortMethods() took 0 ms.
2026-04-25 11:11:28 INFO  org.testng.internal.Utils - [Utils] MethodGroupsHelper.collectMethodsByGroup() took 0 ms.
2026-04-25 11:11:28 INFO  org.testng.internal.Utils - [Utils] MethodGroupsHelper.sortMethods() took 0 ms.
2026-04-25 11:11:28 INFO  org.testng.internal.Utils - [TestNG] Running:
  C:\Users\Rahul\AppData\Local\Temp\testng-eclipse--1875153039\testng-customsuite.xml

2026-04-25 11:11:28 INFO  org.testng.internal.Utils - [Utils] DynamicGraphHelper.createDynamicGraph() took 12 ms.
2026-04-25 11:11:28 ERROR org.testng.internal.Utils - [Error] java.io.FileNotFoundException: E:\Myntra_Framework\MyntraTestData.xlsx (The system cannot find the file specified)
	at java.base/java.io.FileInputStream.open0(Native Method)
	at java.base/java.io.FileInputStream.open(FileInputStream.java:213)
	at java.base/java.io.FileInputStream.&lt;init&gt;(FileInputStream.java:152)
	at java.base/java.io.FileInputStream.&lt;init&gt;(FileInputStream.java:106)
	at com.utilities.ExcelReader.readExcel(ExcelReader.java:14)
	at com.dataprovider.Pincode.getExcelData(Pincode.java:11)
	at java.base/jdk.internal.reflect.DirectMethodHandleAccessor.invoke(DirectMethodHandleAccessor.java:103)
	at java.base/java.lang.reflect.Method.invoke(Method.java:580)
	at org.testng.internal.invokers.MethodInvocationHelper.invokeMethod(MethodInvocationHelper.java:141)
	at org.testng.internal.invokers.MethodInvocationHelper.invokeMethod(MethodInvocationHelper.java:86)
	at org.testng.internal.invokers.MethodInvocationHelper.invokeMethodNoCheckedException(MethodInvocationHelper.java:54)
	at org.testng.internal.invokers.MethodInvocationHelper.invokeDataProvider(MethodInvocationHelper.java:159)
	at org.testng.internal.Parameters.handleParameters(Parameters.java:809)
	at org.testng.internal.Parameters.handleParameters(Parameters.java:734)
	at org.testng.internal.invokers.ParameterHandler.handleParameters(ParameterHandler.java:72)
	at org.testng.internal.invokers.ParameterHandler.createParameters(ParameterHandler.java:51)
	at org.testng.internal.invokers.TestInvoker$MethodInvocationAgent.invoke(TestInvoker.java:949)
	at org.testng.internal.invokers.TestInvoker.invokeTestMethods(TestInvoker.java:203)
	at org.testng.internal.invokers.TestMethodWorker.invokeTestMethods(TestMethodWorker.java:154)
	at org.testng.internal.invokers.TestMethodWorker.run(TestMethodWorker.java:134)
	at java.base/java.util.ArrayList.forEach(ArrayList.java:1596)
	at org.testng.TestRunner.privateRun(TestRunner.java:741)
	at org.testng.TestRunner.run(TestRunner.java:616)
	at org.testng.SuiteRunner.runTest(SuiteRunner.java:421)
	at org.testng.SuiteRunner.runSequentially(SuiteRunner.java:413)
	at org.testng.SuiteRunner.privateRun(SuiteRunner.java:373)
	at org.testng.SuiteRunner.run(SuiteRunner.java:312)
	at org.testng.SuiteRunnerWorker.runSuite(SuiteRunnerWorker.java:52)
	at org.testng.SuiteRunnerWorker.run(SuiteRunnerWorker.java:95)
	at org.testng.TestNG.runSuitesSequentially(TestNG.java:1274)
	at org.testng.TestNG.runSuitesLocally(TestNG.java:1208)
	at org.testng.TestNG.runSuites(TestNG.java:1112)
	at org.testng.TestNG.run(TestNG.java:1079)
	at org.testng.remote.AbstractRemoteTestNG.run(AbstractRemoteTestNG.java:115)
	at org.testng.remote.RemoteTestNG.initAndRun(RemoteTestNG.java:293)
	at org.testng.remote.RemoteTestNG.main(RemoteTestNG.java:91)

2026-04-25 11:11:28 INFO  org.testng.internal.Utils - [TestNG] Time taken by org.testng.reporters.jq.Main@400d912a: 78 ms
2026-04-25 11:11:28 INFO  org.testng.internal.Utils - [TestNG] Time taken by org.testng.reporters.FailedReporter@4303b7f0: 14 ms
2026-04-25 11:11:28 INFO  org.testng.internal.Utils - [TestNG] Time taken by org.testng.reporters.XMLReporter@6ef7623: 17 ms
2026-04-25 11:11:28 INFO  org.testng.internal.Utils - [TestNG] Time taken by org.testng.reporters.EmailableReporter2@3068b369: 17 ms
2026-04-25 11:11:28 INFO  org.testng.internal.Utils - [TestNG] Time taken by org.testng.reporters.JUnitReportReporter@1ec7d8b3: 8 ms
2026-04-25 11:11:28 INFO  org.testng.internal.Utils - [TestNG] Time taken by org.testng.internal.ExitCodeListener@3b0ca5e1: 0 ms
2026-04-25 11:13:44 DEBUG org.testng.TestNG - suiteXmlPath: "C:\Users\Rahul\AppData\Local\Temp\testng-eclipse-1719017944\testng-customsuite.xml"
2026-04-25 11:13:44 INFO  org.testng.internal.Utils - [Utils] MethodGroupsHelper.collectMethodsByGroup() took 1 ms.
2026-04-25 11:13:44 INFO  org.testng.internal.Utils - [Utils] MethodGroupsHelper.sortMethods() took 1 ms.
2026-04-25 11:13:44 INFO  org.testng.internal.Utils - [Utils] MethodGroupsHelper.collectMethodsByGroup() took 0 ms.
2026-04-25 11:13:44 INFO  org.testng.internal.Utils - [Utils] MethodGroupsHelper.sortMethods() took 0 ms.
2026-04-25 11:13:44 INFO  org.testng.internal.Utils - [Utils] MethodGroupsHelper.collectMethodsByGroup() took 0 ms.
2026-04-25 11:13:44 INFO  org.testng.internal.Utils - [Utils] MethodGroupsHelper.sortMethods() took 0 ms.
2026-04-25 11:13:44 INFO  org.testng.internal.Utils - [Utils] MethodGroupsHelper.collectMethodsByGroup() took 0 ms.
2026-04-25 11:13:44 INFO  org.testng.internal.Utils - [Utils] MethodGroupsHelper.sortMethods() took 0 ms.
2026-04-25 11:13:44 INFO  org.testng.internal.Utils - [Utils] MethodGroupsHelper.collectMethodsByGroup() took 0 ms.
2026-04-25 11:13:44 INFO  org.testng.internal.Utils - [Utils] MethodGroupsHelper.sortMethods() took 0 ms.
2026-04-25 11:13:44 INFO  org.testng.internal.Utils - [Utils] MethodGroupsHelper.collectMethodsByGroup() took 0 ms.
2026-04-25 11:13:44 INFO  org.testng.internal.Utils - [Utils] MethodGroupsHelper.sortMethods() took 0 ms.
2026-04-25 11:13:44 INFO  org.testng.internal.Utils - [Utils] MethodGroupsHelper.collectMethodsByGroup() took 0 ms.
2026-04-25 11:13:44 INFO  org.testng.internal.Utils - [Utils] MethodGroupsHelper.sortMethods() took 0 ms.
2026-04-25 11:13:44 INFO  org.testng.internal.Utils - [Utils] MethodGroupsHelper.collectMethodsByGroup() took 0 ms.
2026-04-25 11:13:44 INFO  org.testng.internal.Utils - [Utils] MethodGroupsHelper.sortMethods() took 0 ms.
2026-04-25 11:13:44 INFO  org.testng.internal.Utils - [Utils] MethodGroupsHelper.collectMethodsByGroup() took 7 ms.
2026-04-25 11:13:44 INFO  org.testng.internal.Utils - [Utils] MethodGroupsHelper.sortMethods() took 17 ms.
2026-04-25 11:13:44 INFO  org.testng.internal.Utils - [Utils] MethodGroupsHelper.collectMethodsByGroup() took 1 ms.
2026-04-25 11:13:44 INFO  org.testng.internal.Utils - [Utils] MethodGroupsHelper.sortMethods() took 0 ms.
2026-04-25 11:13:44 INFO  org.testng.internal.Utils - [Utils] MethodGroupsHelper.collectMethodsByGroup() took 0 ms.
2026-04-25 11:13:44 INFO  org.testng.internal.Utils - [Utils] MethodGroupsHelper.sortMethods() took 0 ms.
2026-04-25 11:13:44 INFO  org.testng.internal.Utils - [Utils] MethodGroupsHelper.collectMethodsByGroup() took 0 ms.
2026-04-25 11:13:44 INFO  org.testng.internal.Utils - [Utils] MethodGroupsHelper.sortMethods() took 0 ms.
2026-04-25 11:13:44 INFO  org.testng.internal.Utils - [Utils] MethodGroupsHelper.collectMethodsByGroup() took 9 ms.
2026-04-25 11:13:44 INFO  org.testng.internal.Utils - [Utils] MethodGroupsHelper.sortMethods() took 1 ms.
2026-04-25 11:13:44 INFO  org.testng.internal.Utils - [Utils] MethodGroupsHelper.collectMethodsByGroup() took 0 ms.
2026-04-25 11:13:44 INFO  org.testng.internal.Utils - [Utils] MethodGroupsHelper.sortMethods() took 0 ms.
2026-04-25 11:13:44 INFO  org.testng.internal.Utils - [Utils] MethodGroupsHelper.collectMethodsByGroup() took 0 ms.
2026-04-25 11:13:44 INFO  org.testng.internal.Utils - [Utils] MethodGroupsHelper.sortMethods() took 0 ms.
2026-04-25 11:13:44 INFO  org.testng.internal.Utils - [TestNG] Running:
  C:\Users\Rahul\AppData\Local\Temp\testng-eclipse-1719017944\testng-customsuite.xml

2026-04-25 11:13:44 INFO  org.testng.internal.Utils - [Utils] DynamicGraphHelper.createDynamicGraph() took 4 ms.
2026-04-25 11:13:45 DEBUG org.apache.poi.openxml4j.opc.PackageRelationshipCollection - Parsing relationship: /xl/_rels/workbook.xml.rels
2026-04-25 11:13:45 DEBUG org.apache.poi.openxml4j.opc.PackageRelationshipCollection - Parsing relationship: /_rels/.rels
2026-04-25 11:13:45 ERROR org.testng.internal.Utils - [Error] java.lang.IllegalArgumentException: Unexpected value: NUMERIC
	at com.utilities.ExcelReader.readExcel(ExcelReader.java:44)
	at com.dataprovider.Pincode.getExcelData(Pincode.java:11)
	at java.base/jdk.internal.reflect.DirectMethodHandleAccessor.invoke(DirectMethodHandleAccessor.java:103)
	at java.base/java.lang.reflect.Method.invoke(Method.java:580)
	at org.testng.internal.invokers.MethodInvocationHelper.invokeMethod(MethodInvocationHelper.java:141)
	at org.testng.internal.invokers.MethodInvocationHelper.invokeMethod(MethodInvocationHelper.java:86)
	at org.testng.internal.invokers.MethodInvocationHelper.invokeMethodNoCheckedException(MethodInvocationHelper.java:54)
	at org.testng.internal.invokers.MethodInvocationHelper.invokeDataProvider(MethodInvocationHelper.java:159)
	at org.testng.internal.Parameters.handleParameters(Parameters.java:809)
	at org.testng.internal.Parameters.handleParameters(Parameters.java:734)
	at org.testng.internal.invokers.ParameterHandler.handleParameters(ParameterHandler.java:72)
	at org.testng.internal.invokers.ParameterHandler.createParameters(ParameterHandler.java:51)
	at org.testng.internal.invokers.TestInvoker$MethodInvocationAgent.invoke(TestInvoker.java:949)
	at org.testng.internal.invokers.TestInvoker.invokeTestMethods(TestInvoker.java:203)
	at org.testng.internal.invokers.TestMethodWorker.invokeTestMethods(TestMethodWorker.java:154)
	at org.testng.internal.invokers.TestMethodWorker.run(TestMethodWorker.java:134)
	at java.base/java.util.ArrayList.forEach(ArrayList.java:1596)
	at org.testng.TestRunner.privateRun(TestRunner.java:741)
	at org.testng.TestRunner.run(TestRunner.java:616)
	at org.testng.SuiteRunner.runTest(SuiteRunner.java:421)
	at org.testng.SuiteRunner.runSequentially(SuiteRunner.java:413)
	at org.testng.SuiteRunner.privateRun(SuiteRunner.java:373)
	at org.testng.SuiteRunner.run(SuiteRunner.java:312)
	at org.testng.SuiteRunnerWorker.runSuite(SuiteRunnerWorker.java:52)
	at org.testng.SuiteRunnerWorker.run(SuiteRunnerWorker.java:95)
	at org.testng.TestNG.runSuitesSequentially(TestNG.java:1274)
	at org.testng.TestNG.runSuitesLocally(TestNG.java:1208)
	at org.testng.TestNG.runSuites(TestNG.java:1112)
	at org.testng.TestNG.run(TestNG.java:1079)
	at org.testng.remote.AbstractRemoteTestNG.run(AbstractRemoteTestNG.java:115)
	at org.testng.remote.RemoteTestNG.initAndRun(RemoteTestNG.java:293)
	at org.testng.remote.RemoteTestNG.main(RemoteTestNG.java:91)

2026-04-25 11:13:46 INFO  org.testng.internal.Utils - [TestNG] Time taken by org.testng.reporters.jq.Main@1daf3b44: 78 ms
2026-04-25 11:13:46 INFO  org.testng.internal.Utils - [TestNG] Time taken by org.testng.reporters.FailedReporter@36061cf3: 21 ms
2026-04-25 11:13:46 INFO  org.testng.internal.Utils - [TestNG] Time taken by org.testng.reporters.XMLReporter@39c385d6: 8 ms
2026-04-25 11:13:46 INFO  org.testng.internal.Utils - [TestNG] Time taken by org.testng.reporters.EmailableReporter2@260a3a5e: 6 ms
2026-04-25 11:13:46 INFO  org.testng.internal.Utils - [TestNG] Time taken by org.testng.reporters.JUnitReportReporter@4f5f6e45: 6 ms
2026-04-25 11:13:46 INFO  org.testng.internal.Utils - [TestNG] Time taken by org.testng.internal.ExitCodeListener@615e3f51: 0 ms
2026-04-25 11:19:06 DEBUG org.testng.TestNG - suiteXmlPath: "C:\Users\Rahul\AppData\Local\Temp\testng-eclipse--1316790440\testng-customsuite.xml"
2026-04-25 11:19:07 INFO  org.testng.internal.Utils - [Utils] MethodGroupsHelper.collectMethodsByGroup() took 1 ms.
2026-04-25 11:19:07 INFO  org.testng.internal.Utils - [Utils] MethodGroupsHelper.sortMethods() took 1 ms.
2026-04-25 11:19:07 INFO  org.testng.internal.Utils - [Utils] MethodGroupsHelper.collectMethodsByGroup() took 0 ms.
2026-04-25 11:19:07 INFO  org.testng.internal.Utils - [Utils] MethodGroupsHelper.sortMethods() took 0 ms.
2026-04-25 11:19:07 INFO  org.testng.internal.Utils - [Utils] MethodGroupsHelper.collectMethodsByGroup() took 0 ms.
2026-04-25 11:19:07 INFO  org.testng.internal.Utils - [Utils] MethodGroupsHelper.sortMethods() took 0 ms.
2026-04-25 11:19:07 INFO  org.testng.internal.Utils - [Utils] MethodGroupsHelper.collectMethodsByGroup() took 0 ms.
2026-04-25 11:19:07 INFO  org.testng.internal.Utils - [Utils] MethodGroupsHelper.sortMethods() took 0 ms.
2026-04-25 11:19:07 INFO  org.testng.internal.Utils - [Utils] MethodGroupsHelper.collectMethodsByGroup() took 0 ms.
2026-04-25 11:19:07 INFO  org.testng.internal.Utils - [Utils] MethodGroupsHelper.sortMethods() took 0 ms.
2026-04-25 11:19:07 INFO  org.testng.internal.Utils - [Utils] MethodGroupsHelper.collectMethodsByGroup() took 0 ms.
2026-04-25 11:19:07 INFO  org.testng.internal.Utils - [Utils] MethodGroupsHelper.sortMethods() took 0 ms.
2026-04-25 11:19:07 INFO  org.testng.internal.Utils - [Utils] MethodGroupsHelper.collectMethodsByGroup() took 0 ms.
2026-04-25 11:19:07 INFO  org.testng.internal.Utils - [Utils] MethodGroupsHelper.sortMethods() took 0 ms.
2026-04-25 11:19:07 INFO  org.testng.internal.Utils - [Utils] MethodGroupsHelper.collectMethodsByGroup() took 0 ms.
2026-04-25 11:19:07 INFO  org.testng.internal.Utils - [Utils] MethodGroupsHelper.sortMethods() took 0 ms.
2026-04-25 11:19:07 INFO  org.testng.internal.Utils - [Utils] MethodGroupsHelper.collectMethodsByGroup() took 6 ms.
2026-04-25 11:19:07 INFO  org.testng.internal.Utils - [Utils] MethodGroupsHelper.sortMethods() took 18 ms.
2026-04-25 11:19:07 INFO  org.testng.internal.Utils - [Utils] MethodGroupsHelper.collectMethodsByGroup() took 0 ms.
2026-04-25 11:19:07 INFO  org.testng.internal.Utils - [Utils] MethodGroupsHelper.sortMethods() took 0 ms.
2026-04-25 11:19:07 INFO  org.testng.internal.Utils - [Utils] MethodGroupsHelper.collectMethodsByGroup() took 0 ms.
2026-04-25 11:19:07 INFO  org.testng.internal.Utils - [Utils] MethodGroupsHelper.sortMethods() took 0 ms.
2026-04-25 11:19:07 INFO  org.testng.internal.Utils - [Utils] MethodGroupsHelper.collectMethodsByGroup() took 0 ms.
2026-04-25 11:19:07 INFO  org.testng.internal.Utils - [Utils] MethodGroupsHelper.sortMethods() took 0 ms.
2026-04-25 11:19:07 INFO  org.testng.internal.Utils - [Utils] MethodGroupsHelper.collectMethodsByGroup() took 9 ms.
2026-04-25 11:19:07 INFO  org.testng.internal.Utils - [Utils] MethodGroupsHelper.sortMethods() took 0 ms.
2026-04-25 11:19:07 INFO  org.testng.internal.Utils - [Utils] MethodGroupsHelper.collectMethodsByGroup() took 0 ms.
2026-04-25 11:19:07 INFO  org.testng.internal.Utils - [Utils] MethodGroupsHelper.sortMethods() took 0 ms.
2026-04-25 11:19:07 INFO  org.testng.internal.Utils - [Utils] MethodGroupsHelper.collectMethodsByGroup() took 0 ms.
2026-04-25 11:19:07 INFO  org.testng.internal.Utils - [Utils] MethodGroupsHelper.sortMethods() took 0 ms.
2026-04-25 11:19:07 INFO  org.testng.internal.Utils - [TestNG] Running:
  C:\Users\Rahul\AppData\Local\Temp\testng-eclipse--1316790440\testng-customsuite.xml

2026-04-25 11:19:07 INFO  org.testng.internal.Utils - [Utils] DynamicGraphHelper.createDynamicGraph() took 3 ms.
2026-04-25 11:19:07 DEBUG org.apache.poi.openxml4j.opc.PackageRelationshipCollection - Parsing relationship: /xl/_rels/workbook.xml.rels
2026-04-25 11:19:07 DEBUG org.apache.poi.openxml4j.opc.PackageRelationshipCollection - Parsing relationship: /_rels/.rels
2026-04-25 11:20:23 INFO  org.testng.internal.Utils - [TestNG] Time taken by org.testng.reporters.jq.Main@1ffd0114: 83 ms
2026-04-25 11:20:23 INFO  org.testng.internal.Utils - [TestNG] Time taken by org.testng.reporters.FailedReporter@37d0d373: 1 ms
2026-04-25 11:20:23 INFO  org.testng.internal.Utils - [TestNG] Time taken by org.testng.reporters.XMLReporter@305552d6: 19 ms
2026-04-25 11:20:23 INFO  org.testng.internal.Utils - [TestNG] Time taken by org.testng.reporters.EmailableReporter2@7757025d: 14 ms
2026-04-25 11:20:23 INFO  org.testng.internal.Utils - [TestNG] Time taken by org.testng.reporters.JUnitReportReporter@3a5e2525: 18 ms
2026-04-25 11:20:23 INFO  org.testng.internal.Utils - [TestNG] Time taken by org.testng.internal.ExitCodeListener@6546371: 0 ms
2026-04-25 12:24:48 DEBUG org.testng.TestNG - suiteXmlPath: "C:\Users\Rahul\eclipse-workspace\MyntraOriginal\testng2.xml"
2026-04-25 12:24:48 INFO  org.testng.internal.Utils - [TestNG] Running:
  C:\Users\Rahul\eclipse-workspace\MyntraOriginal\testng2.xml

2026-04-25 12:24:52 INFO  Hooks.Hooks - Browser is opened..!
2026-04-25 12:24:53 INFO  Hooks.Hooks - url is launched..!
2026-04-25 12:35:47 DEBUG org.testng.TestNG - suiteXmlPath: "C:\Users\Rahul\eclipse-workspace\MyntraOriginal\testng2.xml"
2026-04-25 12:35:48 INFO  org.testng.internal.Utils - [TestNG] Running:
  C:\Users\Rahul\eclipse-workspace\MyntraOriginal\testng2.xml

2026-04-25 12:35:54 INFO  Hooks.Hooks - Browser is opened..!
2026-04-25 12:35:54 INFO  Hooks.Hooks - Browser is opened..!
2026-04-25 12:35:54 INFO  Hooks.Hooks - Browser is opened..!
2026-04-25 12:35:54 INFO  Hooks.Hooks - Browser is opened..!
2026-04-25 12:35:54 INFO  Hooks.Hooks - Browser is opened..!
2026-04-25 12:35:54 INFO  Hooks.Hooks - Browser is opened..!
2026-04-25 12:35:54 INFO  Hooks.Hooks - Browser is opened..!
2026-04-25 12:35:54 INFO  Hooks.Hooks - Browser is opened..!
2026-04-25 12:35:55 INFO  Hooks.Hooks - Browser is opened..!
2026-04-25 12:35:55 INFO  Hooks.Hooks - Browser is opened..!
2026-04-25 12:35:56 INFO  Hooks.Hooks - url is launched..!
2026-04-25 12:35:56 INFO  Hooks.Hooks - url is launched..!
2026-04-25 12:35:56 INFO  Hooks.Hooks - url is launched..!
2026-04-25 12:36:46 INFO  Hooks.Hooks - url is launched..!
2026-04-25 12:36:47 INFO  Hooks.Hooks - url is launched..!
2026-04-25 12:36:51 INFO  Hooks.Hooks - url is launched..!
2026-04-25 12:36:59 INFO  Hooks.Hooks - url is launched..!
2026-04-25 12:37:02 INFO  Hooks.Hooks - url is launched..!
2026-04-25 12:37:09 INFO  Hooks.Hooks - url is launched..!
2026-04-25 12:37:14 INFO  Hooks.Hooks - url is launched..!
2026-04-25 12:37:29 INFO  Hooks.Hooks - Browser is opened..!
2026-04-25 12:37:29 INFO  Hooks.Hooks - Browser is opened..!
2026-04-25 12:37:29 INFO  Hooks.Hooks - Browser is opened..!
2026-04-25 12:37:29 INFO  Hooks.Hooks - Browser is opened..!
2026-04-25 12:37:29 INFO  Hooks.Hooks - Browser is opened..!
2026-04-25 12:37:31 INFO  Hooks.Hooks - Browser is opened..!
2026-04-25 12:37:46 INFO  Hooks.Hooks - Browser is opened..!
2026-04-25 12:37:46 INFO  Hooks.Hooks - Browser is opened..!
2026-04-25 12:37:46 INFO  Hooks.Hooks - Browser is opened..!
2026-04-25 12:37:47 INFO  Hooks.Hooks - url is launched..!
2026-04-25 12:38:08 INFO  Hooks.Hooks - Browser is opened..!
2026-04-25 12:38:17 INFO  Hooks.Hooks - url is launched..!
2026-04-25 12:38:20 INFO  Hooks.Hooks - url is launched..!
2026-04-25 12:43:07 DEBUG org.testng.TestNG - suiteXmlPath: "C:\Users\Rahul\eclipse-workspace\MyntraOriginal\testng2.xml"
2026-04-25 12:43:07 INFO  org.testng.internal.Utils - [TestNG] Running:
  C:\Users\Rahul\eclipse-workspace\MyntraOriginal\testng2.xml

2026-04-25 12:43:13 INFO  Hooks.Hooks - Browser is opened..!
2026-04-25 12:43:13 INFO  Hooks.Hooks - Browser is opened..!
2026-04-25 12:43:13 INFO  Hooks.Hooks - Browser is opened..!
2026-04-25 12:43:13 INFO  Hooks.Hooks - Browser is opened..!
2026-04-25 12:43:13 INFO  Hooks.Hooks - Browser is opened..!
2026-04-25 12:43:13 INFO  Hooks.Hooks - Browser is opened..!
2026-04-25 12:43:13 INFO  Hooks.Hooks - Browser is opened..!
2026-04-25 12:43:13 INFO  Hooks.Hooks - Browser is opened..!
2026-04-25 12:43:14 INFO  Hooks.Hooks - Browser is opened..!
2026-04-25 12:43:14 INFO  Hooks.Hooks - Browser is opened..!
2026-04-25 12:43:15 INFO  Hooks.Hooks - url is launched..!
2026-04-25 12:43:18 INFO  Hooks.Hooks - url is launched..!
2026-04-25 12:43:33 INFO  Hooks.Hooks - url is launched..!
2026-04-25 12:43:40 INFO  Hooks.Hooks - url is launched..!
2026-04-25 12:43:44 INFO  Hooks.Hooks - url is launched..!
2026-04-25 12:44:23 DEBUG org.testng.TestNG - suiteXmlPath: "C:\Users\Rahul\eclipse-workspace\MyntraOriginal\testng2.xml"
2026-04-25 12:44:24 INFO  org.testng.internal.Utils - [TestNG] Running:
  C:\Users\Rahul\eclipse-workspace\MyntraOriginal\testng2.xml

2026-04-25 12:44:29 INFO  Hooks.Hooks - Browser is opened..!
2026-04-25 12:44:29 INFO  Hooks.Hooks - Browser is opened..!
2026-04-25 12:44:29 INFO  Hooks.Hooks - Browser is opened..!
2026-04-25 12:44:29 INFO  Hooks.Hooks - Browser is opened..!
2026-04-25 12:44:30 INFO  Hooks.Hooks - url is launched..!
2026-04-25 12:44:30 INFO  Hooks.Hooks - Browser is opened..!
2026-04-25 12:44:30 INFO  Hooks.Hooks - Browser is opened..!
2026-04-25 12:44:30 INFO  Hooks.Hooks - Browser is opened..!
2026-04-25 12:44:51 INFO  Hooks.Hooks - Browser is opened..!
2026-04-25 12:44:51 INFO  Hooks.Hooks - Browser is opened..!
2026-04-25 12:44:54 INFO  Hooks.Hooks - Browser is opened..!
2026-04-25 12:45:53 INFO  Hooks.Hooks - url is launched..!
2026-04-25 12:46:19 INFO  Hooks.Hooks - url is launched..!
2026-04-25 12:46:21 INFO  Hooks.Hooks - url is launched..!
2026-04-25 12:46:24 INFO  Hooks.Hooks - url is launched..!
2026-04-25 12:46:31 INFO  Hooks.Hooks - url is launched..!
2026-04-25 12:46:41 INFO  Hooks.Hooks - url is launched..!
2026-04-25 12:48:49 INFO  Hooks.Hooks - Browser is opened..!
2026-04-25 12:48:51 INFO  Hooks.Hooks - Browser is opened..!
2026-04-25 12:48:51 INFO  Hooks.Hooks - Browser is opened..!
2026-04-25 12:48:53 INFO  Hooks.Hooks - Browser is opened..!
2026-04-25 12:49:00 INFO  Hooks.Hooks - Browser is opened..!
2026-04-25 12:49:07 INFO  Hooks.Hooks - Browser is opened..!
2026-04-25 12:49:08 INFO  Hooks.Hooks - Browser is opened..!
2026-04-25 12:49:08 INFO  Hooks.Hooks - Browser is opened..!
2026-04-25 12:49:13 INFO  Hooks.Hooks - Browser is opened..!
2026-04-25 12:49:15 INFO  Hooks.Hooks - Browser is opened..!
2026-04-25 13:32:12 INFO  Hooks.Hooks - Browser is opened..!
2026-04-25 13:32:14 INFO  Hooks.Hooks - url is launched..!
2026-04-25 13:32:15 INFO  Hooks.Hooks - Browser is opened..!
2026-04-25 13:32:25 INFO  Hooks.Hooks - Browser is opened..!
2026-04-25 13:32:27 INFO  Hooks.Hooks - url is launched..!
2026-04-25 13:32:38 INFO  Hooks.Hooks - url is launched..!
2026-04-25 13:35:36 INFO  Hooks.Hooks - Browser is opened..!
2026-04-25 13:35:39 INFO  Hooks.Hooks - Browser is opened..!
2026-04-25 13:35:40 INFO  Hooks.Hooks - Browser is opened..!
2026-04-25 13:35:40 INFO  Hooks.Hooks - Browser is opened..!
2026-04-25 13:35:41 INFO  Hooks.Hooks - Browser is opened..!
2026-04-25 13:35:41 INFO  Hooks.Hooks - Browser is opened..!
2026-04-25 13:35:41 INFO  Hooks.Hooks - Browser is opened..!
2026-04-25 13:36:40 INFO  Hooks.Hooks - Browser is opened..!
2026-04-25 13:37:06 INFO  Hooks.Hooks - url is launched..!
2026-04-25 13:37:06 INFO  StepDefinations.ProductListingPageStep - Searching product: Tshirts
2026-04-25 13:37:09 INFO  Hooks.Hooks - Browser is opened..!
2026-04-25 13:37:10 INFO  Hooks.Hooks - Browser is opened..!
2026-04-25 13:39:21 INFO  Hooks.Hooks - url is launched..!
2026-04-25 13:39:22 INFO  StepDefinations.ProductListingPageStep - Searching product: Tshirts
2026-04-25 13:40:10 INFO  Hooks.Hooks - url is launched..!
2026-04-25 13:40:10 INFO  StepDefinations.ProductListingPageStep - Searching product: Tshirts
2026-04-25 14:47:38 DEBUG org.testng.TestNG - suiteXmlPath: "C:\Users\Rahul\eclipse-workspace\MyntraOriginal\testng.xml"
2026-04-25 14:47:39 INFO  org.testng.internal.Utils - [TestNG] Running:
  C:\Users\Rahul\eclipse-workspace\MyntraOriginal\testng.xml

2026-04-25 14:47:45 INFO  com.Tests.HomePageTest - Searching for: Kids
2026-04-25 14:47:56 INFO  com.Tests.HomePageTest - Searching for: Boys
2026-04-25 14:48:13 INFO  com.Tests.HomePageTest - Searching for: Girls
2026-04-25 14:48:26 INFO  com.Tests.HomePageTest - Searching for: Footwear
2026-04-25 14:48:38 INFO  com.Tests.HomePageTest - Searching for: Infants
2026-04-25 14:49:09 INFO  com.Tests.HomePageTest - Searching for: Toys & Games
2026-04-25 14:49:18 INFO  com.Tests.HomePageTest - Searching for: Accessories
2026-04-25 14:49:37 INFO  com.Tests.HomePageTest - Searching for: 
2026-04-25 14:50:15 INFO  com.Tests.HomePageTest - Searching for: @#$%
2026-04-25 14:50:54 INFO  com.Tests.HomePageTest - Searching for: !!!
2026-04-25 14:51:05 INFO  com.Tests.HomePageTest - Searching for: @@@@
2026-04-25 14:51:16 INFO  com.Tests.HomePageTest - Searching for: kids@@@
2026-04-25 14:55:25 DEBUG org.testng.TestNG - suiteXmlPath: "C:\Users\Rahul\eclipse-workspace\MyntraOriginal\testng.xml"
2026-04-25 14:55:26 INFO  org.testng.internal.Utils - [TestNG] Running:
  C:\Users\Rahul\eclipse-workspace\MyntraOriginal\testng.xml

2026-04-25 14:55:41 INFO  com.Tests.HomePageTest - Searching for: Kids
2026-04-25 14:56:06 INFO  com.Tests.HomePageTest - Searching for: Boys
2026-04-25 14:56:34 INFO  com.Tests.HomePageTest - Searching for: Girls
2026-04-25 14:56:46 INFO  com.Tests.HomePageTest - Searching for: Footwear
2026-04-25 14:57:00 INFO  com.Tests.HomePageTest - Searching for: Infants
2026-04-25 14:57:13 INFO  com.Tests.HomePageTest - Searching for: Toys & Games
2026-04-25 14:57:23 INFO  com.Tests.HomePageTest - Searching for: Accessories
2026-04-25 14:57:38 INFO  com.Tests.HomePageTest - Searching for: 
2026-04-25 14:58:19 INFO  com.Tests.HomePageTest - Searching for: @#$%
2026-04-25 14:59:01 INFO  com.Tests.HomePageTest - Searching for: !!!
2026-04-25 14:59:13 INFO  com.Tests.HomePageTest - Searching for: @@@@
2026-04-25 14:59:25 INFO  com.Tests.HomePageTest - Searching for: kids@@@
2026-04-25 15:00:10 INFO  com.Tests.HomePageTest - Searching for: 123@@abc
2026-04-25 15:00:52 INFO  com.Tests.HomePageTest - Searching for: 123456
2026-04-25 15:01:33 INFO  com.Tests.HomePageTest - Searching for: aaaaaaaaaaaaaaaaaaaaaaaaaaaaaaaa
2026-04-25 15:02:31 INFO  com.Tests.HomePageTest - Products are Displayed..
2026-04-25 15:02:52 INFO  com.Tests.HomePageTest - Products are Displayed..
2026-04-25 15:03:59 INFO  com.Tests.HomePageTest - Products are Displayed..
2026-04-25 15:14:27 DEBUG org.testng.TestNG - suiteXmlPath: "C:\Users\Rahul\eclipse-workspace\MyntraOriginal\testng.xml"
2026-04-25 15:14:27 INFO  org.testng.internal.Utils - [TestNG] Running:
  C:\Users\Rahul\eclipse-workspace\MyntraOriginal\testng.xml

2026-04-25 15:14:36 INFO  com.Tests.HomePageTest - Searching for: Kids
2026-04-25 15:14:49 INFO  com.Tests.HomePageTest - Searching for: Boys
2026-04-25 15:15:00 INFO  com.Tests.HomePageTest - Searching for: Girls
2026-04-25 15:15:13 INFO  com.Tests.HomePageTest - Searching for: Footwear
2026-04-25 15:15:25 INFO  com.Tests.HomePageTest - Searching for: Infants
2026-04-25 15:15:35 INFO  com.Tests.HomePageTest - Searching for: Toys & Games
2026-04-25 15:15:48 INFO  com.Tests.HomePageTest - Searching for: Accessories
2026-04-25 15:15:59 INFO  com.Tests.HomePageTest - Searching for: 
2026-04-25 15:16:38 INFO  com.Tests.HomePageTest - Searching for: @#$%
2026-04-25 15:17:20 INFO  com.Tests.HomePageTest - Searching for: !!!
2026-04-25 15:17:32 INFO  com.Tests.HomePageTest - Searching for: @@@@
2026-04-25 15:17:48 INFO  com.Tests.HomePageTest - Searching for: kids@@@
2026-04-25 15:18:29 INFO  com.Tests.HomePageTest - Searching for: 123@@abc
2026-04-25 15:19:08 INFO  com.Tests.HomePageTest - Searching for: 123456
2026-04-25 15:19:49 INFO  com.Tests.HomePageTest - Searching for: aaaaaaaaaaaaaaaaaaaaaaaaaaaaaaaa
2026-04-25 15:20:51 INFO  com.Tests.HomePageTest - Products are Displayed..
2026-04-25 15:21:12 INFO  com.Tests.HomePageTest - Products are Displayed..
2026-04-25 15:22:26 INFO  com.Tests.HomePageTest - Products are Displayed..
2026-04-25 15:22:55 INFO  com.Tests.ProductListingPageTest - Category filter applied: Aprons
2026-04-25 15:22:55 INFO  com.Tests.ProductListingPageTest - Category  filter applied successfully..
2026-04-25 15:23:14 INFO  com.Tests.ProductListingPageTest - Category filter applied: Activity Toys and Games
2026-04-25 15:23:33 INFO  com.Tests.ProductListingPageTest - Category filter applied: Bedsheets
2026-04-25 15:23:33 INFO  com.Tests.ProductListingPageTest - Category  filter applied successfully..
2026-04-25 15:23:49 INFO  com.Tests.ProductListingPageTest - Category filter applied: Blankets Quilts and Dohars
2026-04-25 15:23:59 INFO  com.Tests.ProductListingPageTest - Category filter applied: Bodysuit
2026-04-25 15:23:59 INFO  com.Tests.ProductListingPageTest - Category  filter applied successfully..
2026-04-25 15:24:12 INFO  com.Tests.ProductListingPageTest - Category filter applied: Booties
2026-04-25 15:24:12 INFO  com.Tests.ProductListingPageTest - Category  filter applied successfully..
2026-04-25 15:24:30 INFO  com.Tests.ProductListingPageTest - Category filter applied: Backpacks
2026-04-25 15:24:30 INFO  com.Tests.ProductListingPageTest - Category  filter applied successfully..
2026-04-25 15:24:43 INFO  com.Tests.ProductListingPageTest - Category filter applied: Briefs
2026-04-25 15:24:43 INFO  com.Tests.ProductListingPageTest - Category  filter applied successfully..
2026-04-25 15:24:53 INFO  com.Tests.ProductListingPageTest - Category filter applied: Blazers
2026-04-25 15:24:53 INFO  com.Tests.ProductListingPageTest - Category  filter applied successfully..
2026-04-25 15:25:03 INFO  com.Tests.ProductListingPageTest - Category filter applied: Bibs
2026-04-25 15:25:03 INFO  com.Tests.ProductListingPageTest - Category  filter applied successfully..
2026-04-25 15:25:13 INFO  com.Tests.ProductListingPageTest - Category filter applied: Belts
2026-04-25 15:25:13 INFO  com.Tests.ProductListingPageTest - Category  filter applied successfully..
2026-04-25 15:25:23 INFO  com.Tests.ProductListingPageTest - Category filter applied: Boots
2026-04-25 15:25:23 INFO  com.Tests.ProductListingPageTest - Category  filter applied successfully..
2026-04-25 15:25:37 INFO  com.Tests.ProductListingPageTest - Category filter applied: Bed Covers
2026-04-25 15:25:49 INFO  com.Tests.ProductListingPageTest - Category filter applied: Caps
2026-04-25 15:25:49 INFO  com.Tests.ProductListingPageTest - Category  filter applied successfully..
2026-04-25 15:26:01 INFO  com.Tests.ProductListingPageTest - Category filter applied: Co-Ords
2026-04-25 15:26:01 INFO  com.Tests.ProductListingPageTest - Category  filter applied successfully..
2026-04-25 15:26:17 INFO  com.Tests.ProductListingPageTest - Category filter applied: Dungarees
2026-04-25 15:26:17 INFO  com.Tests.ProductListingPageTest - Category  filter applied successfully..
2026-04-25 15:26:28 INFO  com.Tests.ProductListingPageTest - Category filter applied: Diapers
2026-04-25 15:26:28 INFO  com.Tests.ProductListingPageTest - Category  filter applied successfully..
2026-04-25 15:26:38 INFO  com.Tests.ProductListingPageTest - Brand filter applied: BAESD
2026-04-25 15:26:38 INFO  com.Tests.ProductListingPageTest - Brand filter applied successfully..
2026-04-25 15:26:50 INFO  com.Tests.ProductListingPageTest - Brand filter applied: YK
2026-04-25 15:26:50 INFO  com.Tests.ProductListingPageTest - Brand filter applied successfully..
2026-04-25 15:27:02 INFO  com.Tests.ProductListingPageTest - Brand filter applied: V-Mart
2026-04-25 15:27:02 INFO  com.Tests.ProductListingPageTest - Brand filter applied successfully..
2026-04-25 15:27:41 INFO  com.Tests.ProductListingPageTest - Brand filter applied: LULU & SKY
2026-04-25 15:27:53 INFO  com.Tests.ProductListingPageTest - Brand filter applied: MINI KLUB
2026-04-25 15:28:03 INFO  com.Tests.ProductListingPageTest - Brand filter applied: INCLUD
2026-04-25 15:28:19 INFO  com.Tests.ProductListingPageTest - Brand filter applied: H&M
2026-04-25 15:29:13 INFO  com.Tests.ProductListingPageTest - Color filter applied successfully..
2026-04-25 15:30:16 INFO  com.Tests.ProductListingPageTest - Color filter applied successfully..
2026-04-25 15:30:33 INFO  com.Tests.ProductListingPageTest - Color filter applied successfully..
2026-04-25 15:31:25 INFO  com.Tests.ProductListingPageTest - Color filter applied successfully..
2026-04-25 15:31:37 INFO  com.Tests.ProductListingPageTest - Color filter applied successfully..
2026-04-25 15:45:53 DEBUG org.testng.TestNG - suiteXmlPath: "C:\Users\Rahul\eclipse-workspace\MyntraOriginal\testng2.xml"
2026-04-25 15:45:53 INFO  org.testng.internal.Utils - [TestNG] Running:
  C:\Users\Rahul\eclipse-workspace\MyntraOriginal\testng2.xml

2026-04-25 15:45:59 INFO  Hooks.Hooks - Browser is opened..!
2026-04-25 15:46:00 INFO  Hooks.Hooks - Browser is opened..!
2026-04-25 15:46:02 INFO  Hooks.Hooks - url is launched..!
2026-04-25 15:46:12 INFO  Hooks.Hooks - Browser is opened..!
2026-04-25 15:46:12 INFO  Hooks.Hooks - Browser is opened..!
2026-04-25 15:46:13 INFO  Hooks.Hooks - Browser is opened..!
2026-04-25 15:46:14 INFO  Hooks.Hooks - url is launched..!
2026-04-25 15:46:14 INFO  Hooks.Hooks - url is launched..!
2026-04-25 15:46:16 INFO  Hooks.Hooks - url is launched..!
2026-04-25 15:46:17 INFO  Hooks.Hooks - Browser is opened..!
2026-04-25 15:46:28 INFO  Hooks.Hooks - Browser is opened..!
2026-04-25 15:46:28 INFO  Hooks.Hooks - Browser is opened..!
2026-04-25 15:46:28 INFO  Hooks.Hooks - url is launched..!
2026-04-25 15:46:28 INFO  Hooks.Hooks - url is launched..!
2026-04-25 15:46:33 INFO  Hooks.Hooks - Browser is opened..!
2026-04-25 15:46:33 INFO  Hooks.Hooks - Browser is opened..!
2026-04-25 15:46:37 INFO  Hooks.Hooks - url is launched..!
2026-04-25 15:46:38 INFO  Hooks.Hooks - url is launched..!
2026-04-25 15:46:59 INFO  Hooks.Hooks - url is launched..!
2026-04-25 15:47:00 INFO  Hooks.Hooks - url is launched..!
2026-04-25 15:49:25 INFO  Hooks.Hooks - Browser is opened..!
2026-04-25 15:49:25 INFO  Hooks.Hooks - Browser is opened..!
2026-04-25 15:49:25 INFO  Hooks.Hooks - Browser is opened..!
2026-04-25 15:49:27 INFO  Hooks.Hooks - url is launched..!
2026-04-25 15:49:39 INFO  Hooks.Hooks - Browser is opened..!
2026-04-25 15:49:40 INFO  Hooks.Hooks - url is launched..!
2026-04-25 15:49:40 INFO  Hooks.Hooks - Browser is opened..!
2026-04-25 15:49:47 INFO  Hooks.Hooks - Browser is opened..!
2026-04-25 15:49:47 INFO  Hooks.Hooks - Browser is opened..!
2026-04-25 15:49:47 INFO  Hooks.Hooks - Browser is opened..!
2026-04-25 15:49:47 INFO  Hooks.Hooks - Browser is opened..!
2026-04-25 15:49:50 INFO  Hooks.Hooks - Browser is opened..!
2026-04-25 15:49:51 INFO  Hooks.Hooks - url is launched..!
2026-04-25 15:49:59 INFO  Hooks.Hooks - url is launched..!
2026-04-25 15:49:59 INFO  Hooks.Hooks - url is launched..!
2026-04-25 15:50:01 INFO  Hooks.Hooks - url is launched..!
2026-04-25 15:50:21 INFO  Hooks.Hooks - url is launched..!
2026-04-25 15:50:32 INFO  Hooks.Hooks - url is launched..!
2026-04-25 15:50:33 INFO  Hooks.Hooks - url is launched..!
2026-04-25 15:50:38 INFO  Hooks.Hooks - url is launched..!
2026-04-25 15:50:44 INFO  Hooks.Hooks - Browser is opened..!
2026-04-25 15:50:45 INFO  Hooks.Hooks - Browser is opened..!
2026-04-25 15:50:45 INFO  Hooks.Hooks - Browser is opened..!
2026-04-25 15:51:42 INFO  Hooks.Hooks - Browser is opened..!
2026-04-25 15:51:44 INFO  Hooks.Hooks - url is launched..!
2026-04-25 15:51:46 INFO  Hooks.Hooks - url is launched..!
2026-04-25 15:51:46 INFO  Hooks.Hooks - url is launched..!
2026-04-25 15:51:47 INFO  Hooks.Hooks - url is launched..!
2026-04-25 15:56:03 INFO  Hooks.Hooks - Browser is opened..!
2026-04-25 15:58:11 INFO  Hooks.Hooks - Browser is opened..!
2026-04-25 16:01:10 INFO  Hooks.Hooks - url is launched..!
2026-04-25 16:01:10 INFO  StepDefinations.ProductListingPageStep - Searching product: Tshirts
2026-04-25 16:01:50 INFO  Hooks.Hooks - Browser is opened..!
2026-04-25 16:01:51 INFO  Hooks.Hooks - Browser is opened..!
2026-04-25 16:01:51 INFO  Hooks.Hooks - Browser is opened..!
2026-04-25 16:01:52 INFO  Hooks.Hooks - Browser is opened..!
2026-04-25 16:01:52 INFO  Hooks.Hooks - Browser is opened..!
2026-04-25 16:01:52 INFO  Hooks.Hooks - Browser is opened..!
2026-04-25 16:01:52 INFO  Hooks.Hooks - Browser is opened..!
2026-04-25 16:01:52 INFO  Hooks.Hooks - url is launched..!
2026-04-25 16:01:52 INFO  Hooks.Hooks - Browser is opened..!
2026-04-25 16:01:52 INFO  StepDefinations.ProductListingPageStep - Searching product: Tshirts
2026-04-25 16:01:52 INFO  Hooks.Hooks - Browser is opened..!
2026-04-25 16:01:57 INFO  Hooks.Hooks - Browser is opened..!
2026-04-25 16:02:37 INFO  Hooks.Hooks - url is launched..!
2026-04-25 16:02:37 INFO  StepDefinations.ProductListingPageStep - Searching product: Tshirts
2026-04-25 16:02:52 INFO  Hooks.Hooks - Browser is opened..!
2026-04-25 16:02:53 INFO  Hooks.Hooks - Browser is opened..!
2026-04-25 16:02:53 INFO  Hooks.Hooks - url is launched..!
2026-04-25 16:02:53 INFO  StepDefinations.ProductListingPageStep - Searching product: Tshirts
2026-04-25 16:03:00 INFO  Hooks.Hooks - url is launched..!
2026-04-25 16:03:00 INFO  StepDefinations.ProductListingPageStep - Searching product: Tshirts
2026-04-25 16:03:02 INFO  Hooks.Hooks - url is launched..!
2026-04-25 16:03:02 INFO  StepDefinations.ProductListingPageStep - Searching product: Tshirts
2026-04-25 16:03:04 INFO  Hooks.Hooks - url is launched..!
2026-04-25 16:03:04 INFO  StepDefinations.ProductListingPageStep - Searching product: Tshirts
2026-04-25 16:03:07 INFO  Hooks.Hooks - url is launched..!
2026-04-25 16:03:07 INFO  StepDefinations.ProductListingPageStep - Searching product: Tshirts
2026-04-25 16:03:10 INFO  Hooks.Hooks - url is launched..!
2026-04-25 16:03:10 INFO  StepDefinations.ProductListingPageStep - Searching product: Tshirts
2026-04-25 16:03:12 INFO  Hooks.Hooks - url is launched..!
2026-04-25 16:03:12 INFO  StepDefinations.ProductListingPageStep - Searching product: Tshirts
2026-04-25 16:03:15 INFO  Hooks.Hooks - url is launched..!
2026-04-25 16:03:15 INFO  StepDefinations.ProductListingPageStep - Searching product: Tshirts
2026-04-25 16:03:16 INFO  Hooks.Hooks - url is launched..!
2026-04-25 16:03:16 INFO  StepDefinations.ProductListingPageStep - Searching product: Tshirts
2026-04-25 16:03:19 INFO  Hooks.Hooks - url is launched..!
2026-04-25 16:03:19 INFO  StepDefinations.ProductListingPageStep - Searching product: Tshirts
2026-04-25 16:04:29 INFO  Hooks.Hooks - Browser is opened..!
2026-04-25 16:04:42 INFO  Hooks.Hooks - url is launched..!
2026-04-25 16:04:43 INFO  StepDefinations.ProductListingPageStep - Searching product: Tshirts
2026-04-25 16:04:53 INFO  Hooks.Hooks - Browser is opened..!
2026-04-25 16:04:55 INFO  Hooks.Hooks - Browser is opened..!
2026-04-25 16:04:55 INFO  Hooks.Hooks - Browser is opened..!
2026-04-25 16:04:56 INFO  Hooks.Hooks - Browser is opened..!
2026-04-25 16:05:09 INFO  Hooks.Hooks - url is launched..!
2026-04-25 16:05:09 INFO  Hooks.Hooks - url is launched..!
2026-04-25 16:05:09 INFO  Hooks.Hooks - Browser is opened..!
2026-04-25 16:05:09 INFO  Hooks.Hooks - Browser is opened..!
2026-04-25 16:05:10 INFO  StepDefinations.ProductListingPageStep - Searching product: Tshirts
2026-04-25 16:05:10 INFO  StepDefinations.ProductListingPageStep - Searching product: Tshirts
2026-04-25 16:05:10 INFO  Hooks.Hooks - Browser is opened..!
2026-04-25 16:05:10 INFO  Hooks.Hooks - Browser is opened..!
2026-04-25 16:05:10 INFO  Hooks.Hooks - Browser is opened..!
2026-04-25 16:05:53 INFO  Hooks.Hooks - url is launched..!
2026-04-25 16:05:53 INFO  StepDefinations.ProductListingPageStep - Searching product: Tshirts
2026-04-25 16:06:32 INFO  Hooks.Hooks - url is launched..!
2026-04-25 16:06:32 INFO  StepDefinations.ProductListingPageStep - Searching product: Tshirts
2026-04-25 16:08:25 INFO  Hooks.Hooks - Browser is opened..!
2026-04-25 16:08:28 INFO  Hooks.Hooks - url is launched..!
2026-04-25 16:08:28 INFO  StepDefinations.ProductListingPageStep - Searching product: Tshirts
2026-04-25 16:08:56 INFO  Hooks.Hooks - Browser is opened..!
2026-04-25 16:09:02 INFO  Hooks.Hooks - Browser is opened..!
2026-04-25 16:09:07 INFO  Hooks.Hooks - Browser is opened..!
2026-04-25 16:09:07 INFO  Hooks.Hooks - Browser is opened..!
2026-04-25 16:09:07 INFO  Hooks.Hooks - Browser is opened..!
2026-04-25 16:09:09 INFO  Hooks.Hooks - Browser is opened..!
2026-04-25 16:09:33 INFO  Hooks.Hooks - url is launched..!
2026-04-25 16:09:33 INFO  StepDefinations.ProductListingPageStep - Searching product: Tshirts
2026-04-25 16:09:49 INFO  Hooks.Hooks - Browser is opened..!
2026-04-25 16:10:00 INFO  Hooks.Hooks - url is launched..!
2026-04-25 16:10:01 INFO  StepDefinations.ProductListingPageStep - Searching product: Tshirts
2026-04-25 16:10:02 INFO  Hooks.Hooks - url is launched..!
2026-04-25 16:10:02 INFO  StepDefinations.ProductListingPageStep - Searching product: Tshirts
2026-04-25 16:10:09 INFO  Hooks.Hooks - url is launched..!
2026-04-25 16:10:09 INFO  StepDefinations.ProductListingPageStep - Searching product: Tshirts
2026-04-25 16:10:10 INFO  Hooks.Hooks - url is launched..!
2026-04-25 16:10:10 INFO  StepDefinations.ProductListingPageStep - Searching product: Tshirts
2026-04-25 16:10:23 INFO  Hooks.Hooks - Browser is opened..!
2026-04-25 16:10:24 INFO  Hooks.Hooks - url is launched..!
2026-04-25 16:10:24 INFO  StepDefinations.ProductListingPageStep - Searching product: Tshirts
2026-04-25 16:10:36 INFO  StepDefinations.ProductListingPageStep - Applying category filter: 90% and above
2026-04-25 16:10:38 INFO  StepDefinations.ProductListingPageStep - selected discount: 90% and above
2026-04-25 16:10:38 INFO  StepDefinations.ProductListingPageStep - discount filter applied: 90% and above
2026-04-25 16:10:38 INFO  StepDefinations.ProductListingPageStep - discount filter applied successfully..
2026-04-25 16:18:59 INFO  Hooks.Hooks - Browser is opened..!
2026-04-25 16:19:01 INFO  Hooks.Hooks - url is launched..!
2026-04-25 16:19:01 INFO  StepDefinations.ProductListingPageStep - Searching product: Tshirts
2026-04-25 16:19:06 INFO  Hooks.Hooks - Browser is opened..!
2026-04-25 16:19:09 INFO  Hooks.Hooks - url is launched..!
2026-04-25 16:19:09 INFO  StepDefinations.ProductListingPageStep - Searching product: Tshirts
2026-04-25 16:19:22 INFO  Hooks.Hooks - Browser is opened..!
2026-04-25 16:19:24 INFO  Hooks.Hooks - url is launched..!
2026-04-25 16:19:29 INFO  StepDefinations.ProductDetailSteps - Searching for product: Tshirts
2026-04-25 16:19:30 INFO  StepDefinations.ProductDetailSteps - Products loaded successfully on PLP
2026-04-25 16:19:30 INFO  StepDefinations.ProductDetailSteps - Clicked on product from PLP
2026-04-25 16:19:32 INFO  StepDefinations.ProductDetailSteps - Product Title: DAMN GUD DG
2026-04-25 16:19:58 INFO  Hooks.Hooks - Browser is opened..!
2026-04-25 16:20:00 INFO  Hooks.Hooks - url is launched..!
2026-04-25 19:30:50 DEBUG org.testng.TestNG - suiteXmlPath: "C:\Users\Rahul\eclipse-workspace\MyntraOriginal\testng2.xml"
2026-04-25 19:30:50 INFO  org.testng.internal.Utils - [TestNG] Running:
  C:\Users\Rahul\eclipse-workspace\MyntraOriginal\testng2.xml

2026-04-25 19:30:55 INFO  Hooks.Hooks - Browser is opened..!
2026-04-25 19:30:56 INFO  Hooks.Hooks - url is launched..!
2026-04-25 19:32:34 INFO  Hooks.Hooks - Browser is opened..!
2026-04-25 19:32:39 INFO  Hooks.Hooks - url is launched..!
2026-04-25 19:37:38 DEBUG org.testng.TestNG - suiteXmlPath: "C:\Users\Rahul\AppData\Local\Temp\testng-eclipse--1720415051\testng-customsuite.xml"
2026-04-25 19:37:38 INFO  org.testng.internal.Utils - [Utils] MethodGroupsHelper.collectMethodsByGroup() took 0 ms.
2026-04-25 19:37:38 INFO  org.testng.internal.Utils - [Utils] MethodGroupsHelper.sortMethods() took 2 ms.
2026-04-25 19:37:38 INFO  org.testng.internal.Utils - [Utils] MethodGroupsHelper.collectMethodsByGroup() took 0 ms.
2026-04-25 19:37:38 INFO  org.testng.internal.Utils - [Utils] MethodGroupsHelper.sortMethods() took 0 ms.
2026-04-25 19:37:38 INFO  org.testng.internal.Utils - [Utils] MethodGroupsHelper.collectMethodsByGroup() took 0 ms.
2026-04-25 19:37:38 INFO  org.testng.internal.Utils - [Utils] MethodGroupsHelper.sortMethods() took 0 ms.
2026-04-25 19:37:38 INFO  org.testng.internal.Utils - [Utils] MethodGroupsHelper.collectMethodsByGroup() took 0 ms.
2026-04-25 19:37:38 INFO  org.testng.internal.Utils - [Utils] MethodGroupsHelper.sortMethods() took 0 ms.
2026-04-25 19:37:38 INFO  org.testng.internal.Utils - [Utils] MethodGroupsHelper.collectMethodsByGroup() took 0 ms.
2026-04-25 19:37:38 INFO  org.testng.internal.Utils - [Utils] MethodGroupsHelper.sortMethods() took 12 ms.
2026-04-25 19:37:38 INFO  org.testng.internal.Utils - [Utils] MethodGroupsHelper.collectMethodsByGroup() took 0 ms.
2026-04-25 19:37:38 INFO  org.testng.internal.Utils - [Utils] MethodGroupsHelper.sortMethods() took 0 ms.
2026-04-25 19:37:38 INFO  org.testng.internal.Utils - [Utils] MethodGroupsHelper.collectMethodsByGroup() took 0 ms.
2026-04-25 19:37:38 INFO  org.testng.internal.Utils - [Utils] MethodGroupsHelper.sortMethods() took 0 ms.
2026-04-25 19:37:38 INFO  org.testng.internal.Utils - [Utils] MethodGroupsHelper.collectMethodsByGroup() took 0 ms.
2026-04-25 19:37:38 INFO  org.testng.internal.Utils - [Utils] MethodGroupsHelper.sortMethods() took 0 ms.
2026-04-25 19:37:38 INFO  org.testng.internal.Utils - [Utils] MethodGroupsHelper.collectMethodsByGroup() took 0 ms.
2026-04-25 19:37:38 INFO  org.testng.internal.Utils - [Utils] MethodGroupsHelper.sortMethods() took 0 ms.
2026-04-25 19:37:38 INFO  org.testng.internal.Utils - [Utils] MethodGroupsHelper.collectMethodsByGroup() took 0 ms.
2026-04-25 19:37:38 INFO  org.testng.internal.Utils - [Utils] MethodGroupsHelper.sortMethods() took 0 ms.
2026-04-25 19:37:38 INFO  org.testng.internal.Utils - [Utils] MethodGroupsHelper.collectMethodsByGroup() took 0 ms.
2026-04-25 19:37:38 INFO  org.testng.internal.Utils - [Utils] MethodGroupsHelper.sortMethods() took 0 ms.
2026-04-25 19:37:38 INFO  org.testng.internal.Utils - [Utils] MethodGroupsHelper.collectMethodsByGroup() took 0 ms.
2026-04-25 19:37:38 INFO  org.testng.internal.Utils - [Utils] MethodGroupsHelper.sortMethods() took 0 ms.
2026-04-25 19:37:38 INFO  org.testng.internal.Utils - [Utils] MethodGroupsHelper.collectMethodsByGroup() took 8 ms.
2026-04-25 19:37:38 INFO  org.testng.internal.Utils - [Utils] MethodGroupsHelper.sortMethods() took 1 ms.
2026-04-25 19:37:38 INFO  org.testng.internal.Utils - [Utils] MethodGroupsHelper.collectMethodsByGroup() took 0 ms.
2026-04-25 19:37:38 INFO  org.testng.internal.Utils - [Utils] MethodGroupsHelper.sortMethods() took 0 ms.
2026-04-25 19:37:38 INFO  org.testng.internal.Utils - [Utils] MethodGroupsHelper.collectMethodsByGroup() took 0 ms.
2026-04-25 19:37:38 INFO  org.testng.internal.Utils - [Utils] MethodGroupsHelper.sortMethods() took 0 ms.
2026-04-25 19:37:38 INFO  org.testng.internal.Utils - [TestNG] Running:
  C:\Users\Rahul\AppData\Local\Temp\testng-eclipse--1720415051\testng-customsuite.xml

2026-04-25 19:37:38 INFO  org.testng.internal.Utils - [Utils] DynamicGraphHelper.createDynamicGraph() took 6 ms.
2026-04-25 19:37:41 INFO  Hooks.Hooks - Browser is opened..!
2026-04-25 19:37:44 INFO  Hooks.Hooks - url is launched..!
2026-04-25 19:39:43 INFO  Hooks.Hooks - Browser is opened..!
2026-04-25 19:39:47 INFO  Hooks.Hooks - url is launched..!
2026-04-25 19:49:42 INFO  Hooks.Hooks - Browser is opened..!
2026-04-25 19:49:49 INFO  Hooks.Hooks - url is launched..!
2026-04-25 19:49:59 INFO  Hooks.Hooks - Browser is opened..!
2026-04-25 19:50:05 INFO  Hooks.Hooks - url is launched..!
2026-04-25 19:50:31 DEBUG org.testng.TestNG - suiteXmlPath: "C:\Users\Rahul\AppData\Local\Temp\testng-eclipse--1913732204\testng-customsuite.xml"
2026-04-25 19:50:32 INFO  org.testng.internal.Utils - [Utils] MethodGroupsHelper.collectMethodsByGroup() took 0 ms.
2026-04-25 19:50:32 INFO  org.testng.internal.Utils - [Utils] MethodGroupsHelper.sortMethods() took 1 ms.
2026-04-25 19:50:32 INFO  org.testng.internal.Utils - [Utils] MethodGroupsHelper.collectMethodsByGroup() took 0 ms.
2026-04-25 19:50:32 INFO  org.testng.internal.Utils - [Utils] MethodGroupsHelper.sortMethods() took 0 ms.
2026-04-25 19:50:32 INFO  org.testng.internal.Utils - [Utils] MethodGroupsHelper.collectMethodsByGroup() took 0 ms.
2026-04-25 19:50:32 INFO  org.testng.internal.Utils - [Utils] MethodGroupsHelper.sortMethods() took 0 ms.
2026-04-25 19:50:32 INFO  org.testng.internal.Utils - [Utils] MethodGroupsHelper.collectMethodsByGroup() took 0 ms.
2026-04-25 19:50:32 INFO  org.testng.internal.Utils - [Utils] MethodGroupsHelper.sortMethods() took 0 ms.
2026-04-25 19:50:32 INFO  org.testng.internal.Utils - [Utils] MethodGroupsHelper.collectMethodsByGroup() took 1 ms.
2026-04-25 19:50:32 INFO  org.testng.internal.Utils - [Utils] MethodGroupsHelper.sortMethods() took 11 ms.
2026-04-25 19:50:32 INFO  org.testng.internal.Utils - [Utils] MethodGroupsHelper.collectMethodsByGroup() took 0 ms.
2026-04-25 19:50:32 INFO  org.testng.internal.Utils - [Utils] MethodGroupsHelper.sortMethods() took 0 ms.
2026-04-25 19:50:32 INFO  org.testng.internal.Utils - [Utils] MethodGroupsHelper.collectMethodsByGroup() took 0 ms.
2026-04-25 19:50:32 INFO  org.testng.internal.Utils - [Utils] MethodGroupsHelper.sortMethods() took 0 ms.
2026-04-25 19:50:32 INFO  org.testng.internal.Utils - [Utils] MethodGroupsHelper.collectMethodsByGroup() took 0 ms.
2026-04-25 19:50:32 INFO  org.testng.internal.Utils - [Utils] MethodGroupsHelper.sortMethods() took 0 ms.
2026-04-25 19:50:32 INFO  org.testng.internal.Utils - [Utils] MethodGroupsHelper.collectMethodsByGroup() took 0 ms.
2026-04-25 19:50:32 INFO  org.testng.internal.Utils - [Utils] MethodGroupsHelper.sortMethods() took 0 ms.
2026-04-25 19:50:32 INFO  org.testng.internal.Utils - [Utils] MethodGroupsHelper.collectMethodsByGroup() took 0 ms.
2026-04-25 19:50:32 INFO  org.testng.internal.Utils - [Utils] MethodGroupsHelper.sortMethods() took 0 ms.
2026-04-25 19:50:32 INFO  org.testng.internal.Utils - [Utils] MethodGroupsHelper.collectMethodsByGroup() took 0 ms.
2026-04-25 19:50:32 INFO  org.testng.internal.Utils - [Utils] MethodGroupsHelper.sortMethods() took 0 ms.
2026-04-25 19:50:32 INFO  org.testng.internal.Utils - [Utils] MethodGroupsHelper.collectMethodsByGroup() took 0 ms.
2026-04-25 19:50:32 INFO  org.testng.internal.Utils - [Utils] MethodGroupsHelper.sortMethods() took 0 ms.
2026-04-25 19:50:32 INFO  org.testng.internal.Utils - [Utils] MethodGroupsHelper.collectMethodsByGroup() took 7 ms.
2026-04-25 19:50:32 INFO  org.testng.internal.Utils - [Utils] MethodGroupsHelper.sortMethods() took 0 ms.
2026-04-25 19:50:32 INFO  org.testng.internal.Utils - [Utils] MethodGroupsHelper.collectMethodsByGroup() took 0 ms.
2026-04-25 19:50:32 INFO  org.testng.internal.Utils - [Utils] MethodGroupsHelper.sortMethods() took 0 ms.
2026-04-25 19:50:32 INFO  org.testng.internal.Utils - [Utils] MethodGroupsHelper.collectMethodsByGroup() took 0 ms.
2026-04-25 19:50:32 INFO  org.testng.internal.Utils - [Utils] MethodGroupsHelper.sortMethods() took 0 ms.
2026-04-25 19:50:32 INFO  org.testng.internal.Utils - [TestNG] Running:
  C:\Users\Rahul\AppData\Local\Temp\testng-eclipse--1913732204\testng-customsuite.xml

2026-04-25 19:50:32 INFO  org.testng.internal.Utils - [Utils] DynamicGraphHelper.createDynamicGraph() took 12 ms.
2026-04-25 19:50:34 INFO  Hooks.Hooks - Browser is opened..!
2026-04-25 19:50:35 INFO  Hooks.Hooks - url is launched..!
2026-04-25 19:52:23 INFO  Hooks.Hooks - Browser is opened..!
2026-04-25 19:52:28 INFO  Hooks.Hooks - url is launched..!
2026-04-25 19:54:32 DEBUG org.testng.TestNG - suiteXmlPath: "C:\Users\Rahul\AppData\Local\Temp\testng-eclipse--1252411786\testng-customsuite.xml"
2026-04-25 19:54:32 INFO  org.testng.internal.Utils - [Utils] MethodGroupsHelper.collectMethodsByGroup() took 0 ms.
2026-04-25 19:54:32 INFO  org.testng.internal.Utils - [Utils] MethodGroupsHelper.sortMethods() took 2 ms.
2026-04-25 19:54:32 INFO  org.testng.internal.Utils - [Utils] MethodGroupsHelper.collectMethodsByGroup() took 0 ms.
2026-04-25 19:54:32 INFO  org.testng.internal.Utils - [Utils] MethodGroupsHelper.sortMethods() took 0 ms.
2026-04-25 19:54:32 INFO  org.testng.internal.Utils - [Utils] MethodGroupsHelper.collectMethodsByGroup() took 0 ms.
2026-04-25 19:54:32 INFO  org.testng.internal.Utils - [Utils] MethodGroupsHelper.sortMethods() took 0 ms.
2026-04-25 19:54:32 INFO  org.testng.internal.Utils - [Utils] MethodGroupsHelper.collectMethodsByGroup() took 0 ms.
2026-04-25 19:54:32 INFO  org.testng.internal.Utils - [Utils] MethodGroupsHelper.sortMethods() took 0 ms.
2026-04-25 19:54:32 INFO  org.testng.internal.Utils - [Utils] MethodGroupsHelper.collectMethodsByGroup() took 1 ms.
2026-04-25 19:54:32 INFO  org.testng.internal.Utils - [Utils] MethodGroupsHelper.sortMethods() took 12 ms.
2026-04-25 19:54:32 INFO  org.testng.internal.Utils - [Utils] MethodGroupsHelper.collectMethodsByGroup() took 0 ms.
2026-04-25 19:54:32 INFO  org.testng.internal.Utils - [Utils] MethodGroupsHelper.sortMethods() took 0 ms.
2026-04-25 19:54:32 INFO  org.testng.internal.Utils - [Utils] MethodGroupsHelper.collectMethodsByGroup() took 0 ms.
2026-04-25 19:54:32 INFO  org.testng.internal.Utils - [Utils] MethodGroupsHelper.sortMethods() took 0 ms.
2026-04-25 19:54:32 INFO  org.testng.internal.Utils - [Utils] MethodGroupsHelper.collectMethodsByGroup() took 0 ms.
2026-04-25 19:54:32 INFO  org.testng.internal.Utils - [Utils] MethodGroupsHelper.sortMethods() took 0 ms.
2026-04-25 19:54:32 INFO  org.testng.internal.Utils - [Utils] MethodGroupsHelper.collectMethodsByGroup() took 0 ms.
2026-04-25 19:54:32 INFO  org.testng.internal.Utils - [Utils] MethodGroupsHelper.sortMethods() took 0 ms.
2026-04-25 19:54:32 INFO  org.testng.internal.Utils - [Utils] MethodGroupsHelper.collectMethodsByGroup() took 0 ms.
2026-04-25 19:54:32 INFO  org.testng.internal.Utils - [Utils] MethodGroupsHelper.sortMethods() took 0 ms.
2026-04-25 19:54:32 INFO  org.testng.internal.Utils - [Utils] MethodGroupsHelper.collectMethodsByGroup() took 0 ms.
2026-04-25 19:54:32 INFO  org.testng.internal.Utils - [Utils] MethodGroupsHelper.sortMethods() took 0 ms.
2026-04-25 19:54:32 INFO  org.testng.internal.Utils - [Utils] MethodGroupsHelper.collectMethodsByGroup() took 0 ms.
2026-04-25 19:54:32 INFO  org.testng.internal.Utils - [Utils] MethodGroupsHelper.sortMethods() took 0 ms.
2026-04-25 19:54:32 INFO  org.testng.internal.Utils - [Utils] MethodGroupsHelper.collectMethodsByGroup() took 8 ms.
2026-04-25 19:54:32 INFO  org.testng.internal.Utils - [Utils] MethodGroupsHelper.sortMethods() took 0 ms.
2026-04-25 19:54:32 INFO  org.testng.internal.Utils - [Utils] MethodGroupsHelper.collectMethodsByGroup() took 0 ms.
2026-04-25 19:54:32 INFO  org.testng.internal.Utils - [Utils] MethodGroupsHelper.sortMethods() took 0 ms.
2026-04-25 19:54:32 INFO  org.testng.internal.Utils - [Utils] MethodGroupsHelper.collectMethodsByGroup() took 0 ms.
2026-04-25 19:54:32 INFO  org.testng.internal.Utils - [Utils] MethodGroupsHelper.sortMethods() took 0 ms.
2026-04-25 19:54:32 INFO  org.testng.internal.Utils - [TestNG] Running:
  C:\Users\Rahul\AppData\Local\Temp\testng-eclipse--1252411786\testng-customsuite.xml

2026-04-25 19:54:32 INFO  org.testng.internal.Utils - [Utils] DynamicGraphHelper.createDynamicGraph() took 6 ms.
2026-04-25 19:54:35 INFO  Hooks.Hooks - Browser is opened..!
2026-04-25 19:54:39 INFO  Hooks.Hooks - url is launched..!
2026-04-25 19:55:25 INFO  Hooks.Hooks - Browser is opened..!
2026-04-25 19:55:26 INFO  Hooks.Hooks - url is launched..!
2026-04-25 19:57:03 INFO  Hooks.Hooks - Browser is opened..!
2026-04-25 19:57:06 INFO  Hooks.Hooks - url is launched..!
2026-04-25 20:02:36 DEBUG org.testng.TestNG - suiteXmlPath: "C:\Users\Rahul\AppData\Local\Temp\testng-eclipse--1705572658\testng-customsuite.xml"
2026-04-25 20:02:37 INFO  org.testng.internal.Utils - [Utils] MethodGroupsHelper.collectMethodsByGroup() took 1 ms.
2026-04-25 20:02:37 INFO  org.testng.internal.Utils - [Utils] MethodGroupsHelper.sortMethods() took 2 ms.
2026-04-25 20:02:37 INFO  org.testng.internal.Utils - [Utils] MethodGroupsHelper.collectMethodsByGroup() took 0 ms.
2026-04-25 20:02:37 INFO  org.testng.internal.Utils - [Utils] MethodGroupsHelper.sortMethods() took 0 ms.
2026-04-25 20:02:37 INFO  org.testng.internal.Utils - [Utils] MethodGroupsHelper.collectMethodsByGroup() took 0 ms.
2026-04-25 20:02:37 INFO  org.testng.internal.Utils - [Utils] MethodGroupsHelper.sortMethods() took 0 ms.
2026-04-25 20:02:37 INFO  org.testng.internal.Utils - [Utils] MethodGroupsHelper.collectMethodsByGroup() took 0 ms.
2026-04-25 20:02:37 INFO  org.testng.internal.Utils - [Utils] MethodGroupsHelper.sortMethods() took 0 ms.
2026-04-25 20:02:37 INFO  org.testng.internal.Utils - [Utils] MethodGroupsHelper.collectMethodsByGroup() took 1 ms.
2026-04-25 20:02:37 INFO  org.testng.internal.Utils - [Utils] MethodGroupsHelper.sortMethods() took 12 ms.
2026-04-25 20:02:37 INFO  org.testng.internal.Utils - [Utils] MethodGroupsHelper.collectMethodsByGroup() took 0 ms.
2026-04-25 20:02:37 INFO  org.testng.internal.Utils - [Utils] MethodGroupsHelper.sortMethods() took 0 ms.
2026-04-25 20:02:37 INFO  org.testng.internal.Utils - [Utils] MethodGroupsHelper.collectMethodsByGroup() took 0 ms.
2026-04-25 20:02:37 INFO  org.testng.internal.Utils - [Utils] MethodGroupsHelper.sortMethods() took 1 ms.
2026-04-25 20:02:37 INFO  org.testng.internal.Utils - [Utils] MethodGroupsHelper.collectMethodsByGroup() took 0 ms.
2026-04-25 20:02:37 INFO  org.testng.internal.Utils - [Utils] MethodGroupsHelper.sortMethods() took 0 ms.
2026-04-25 20:02:37 INFO  org.testng.internal.Utils - [Utils] MethodGroupsHelper.collectMethodsByGroup() took 0 ms.
2026-04-25 20:02:37 INFO  org.testng.internal.Utils - [Utils] MethodGroupsHelper.sortMethods() took 0 ms.
2026-04-25 20:02:37 INFO  org.testng.internal.Utils - [Utils] MethodGroupsHelper.collectMethodsByGroup() took 0 ms.
2026-04-25 20:02:37 INFO  org.testng.internal.Utils - [Utils] MethodGroupsHelper.sortMethods() took 0 ms.
2026-04-25 20:02:37 INFO  org.testng.internal.Utils - [Utils] MethodGroupsHelper.collectMethodsByGroup() took 0 ms.
2026-04-25 20:02:37 INFO  org.testng.internal.Utils - [Utils] MethodGroupsHelper.sortMethods() took 0 ms.
2026-04-25 20:02:37 INFO  org.testng.internal.Utils - [Utils] MethodGroupsHelper.collectMethodsByGroup() took 0 ms.
2026-04-25 20:02:37 INFO  org.testng.internal.Utils - [Utils] MethodGroupsHelper.sortMethods() took 0 ms.
2026-04-25 20:02:37 INFO  org.testng.internal.Utils - [Utils] MethodGroupsHelper.collectMethodsByGroup() took 6 ms.
2026-04-25 20:02:37 INFO  org.testng.internal.Utils - [Utils] MethodGroupsHelper.sortMethods() took 0 ms.
2026-04-25 20:02:37 INFO  org.testng.internal.Utils - [Utils] MethodGroupsHelper.collectMethodsByGroup() took 0 ms.
2026-04-25 20:02:37 INFO  org.testng.internal.Utils - [Utils] MethodGroupsHelper.sortMethods() took 0 ms.
2026-04-25 20:02:37 INFO  org.testng.internal.Utils - [Utils] MethodGroupsHelper.collectMethodsByGroup() took 0 ms.
2026-04-25 20:02:37 INFO  org.testng.internal.Utils - [Utils] MethodGroupsHelper.sortMethods() took 0 ms.
2026-04-25 20:02:37 INFO  org.testng.internal.Utils - [TestNG] Running:
  C:\Users\Rahul\AppData\Local\Temp\testng-eclipse--1705572658\testng-customsuite.xml

2026-04-25 20:02:37 INFO  org.testng.internal.Utils - [Utils] DynamicGraphHelper.createDynamicGraph() took 9 ms.
2026-04-25 20:02:39 INFO  Hooks.Hooks - Browser is opened..!
2026-04-25 20:02:43 INFO  Hooks.Hooks - url is launched..!
2026-04-25 20:05:14 DEBUG org.testng.TestNG - suiteXmlPath: "C:\Users\Rahul\eclipse-workspace\MyntraOriginal\testng2.xml"
2026-04-25 20:05:14 INFO  org.testng.internal.Utils - [XmlSuite] [WARN] 'parallel' value 'true' is no longer valid, defaulting to 'methods'.
2026-04-25 20:05:14 INFO  org.testng.internal.Utils - [TestNG] Running:
  C:\Users\Rahul\eclipse-workspace\MyntraOriginal\testng2.xml

2026-04-25 20:05:17 INFO  Hooks.Hooks - Browser is opened..!
2026-04-25 20:05:20 INFO  Hooks.Hooks - url is launched..!
2026-04-25 20:06:55 INFO  Hooks.Hooks - Browser is opened..!
2026-04-25 20:07:01 INFO  Hooks.Hooks - url is launched..!
2026-04-25 20:08:42 INFO  Hooks.Hooks - Browser is opened..!
2026-04-25 20:08:48 INFO  Hooks.Hooks - url is launched..!
2026-04-25 20:10:24 INFO  Hooks.Hooks - Browser is opened..!
2026-04-25 20:10:29 INFO  Hooks.Hooks - url is launched..!
2026-04-25 20:12:17 INFO  Hooks.Hooks - Browser is opened..!
2026-04-25 20:12:21 INFO  Hooks.Hooks - url is launched..!
2026-04-25 20:14:54 DEBUG org.testng.TestNG - suiteXmlPath: "C:\Users\Rahul\eclipse-workspace\MyntraOriginal\testng2.xml"
2026-04-25 20:14:54 INFO  org.testng.internal.Utils - [XmlSuite] [WARN] 'parallel' value 'true' is no longer valid, defaulting to 'methods'.
2026-04-25 20:14:55 INFO  org.testng.internal.Utils - [TestNG] Running:
  C:\Users\Rahul\eclipse-workspace\MyntraOriginal\testng2.xml

2026-04-25 20:14:57 INFO  Hooks.Hooks - Browser is opened..!
2026-04-25 20:14:58 INFO  Hooks.Hooks - url is launched..!
2026-04-25 20:16:13 INFO  Hooks.Hooks - Browser is opened..!
2026-04-25 20:16:17 INFO  Hooks.Hooks - url is launched..!
2026-04-25 20:17:28 INFO  Hooks.Hooks - Browser is opened..!
2026-04-25 20:17:28 INFO  Hooks.Hooks - url is launched..!
2026-04-25 20:18:42 INFO  Hooks.Hooks - Browser is opened..!
2026-04-25 20:18:46 INFO  Hooks.Hooks - url is launched..!
2026-04-25 20:19:55 INFO  Hooks.Hooks - Browser is opened..!
2026-04-25 20:19:59 INFO  Hooks.Hooks - url is launched..!
2026-04-25 20:21:08 INFO  Hooks.Hooks - Browser is opened..!
2026-04-25 20:21:42 INFO  Hooks.Hooks - url is launched..!
2026-04-25 20:22:54 INFO  Hooks.Hooks - Browser is opened..!
2026-04-25 20:22:58 INFO  Hooks.Hooks - url is launched..!
2026-04-25 20:24:08 INFO  Hooks.Hooks - Browser is opened..!
2026-04-25 20:24:09 INFO  Hooks.Hooks - url is launched..!
2026-04-25 20:25:21 INFO  Hooks.Hooks - Browser is opened..!
2026-04-25 20:25:25 INFO  Hooks.Hooks - url is launched..!
2026-04-25 20:26:36 INFO  Hooks.Hooks - Browser is opened..!
2026-04-25 20:26:38 INFO  Hooks.Hooks - url is launched..!
2026-04-25 20:27:07 INFO  Hooks.Hooks - Browser is opened..!
2026-04-25 20:27:09 INFO  Hooks.Hooks - url is launched..!
2026-04-25 20:27:40 INFO  Hooks.Hooks - Browser is opened..!
2026-04-25 20:27:47 INFO  Hooks.Hooks - url is launched..!
2026-04-25 20:28:23 INFO  Hooks.Hooks - Browser is opened..!
2026-04-25 20:28:24 INFO  Hooks.Hooks - url is launched..!
2026-04-25 20:29:01 INFO  Hooks.Hooks - Browser is opened..!
2026-04-25 20:29:06 INFO  Hooks.Hooks - url is launched..!
2026-04-25 20:29:17 INFO  Hooks.Hooks - Browser is opened..!
2026-04-25 20:29:22 INFO  Hooks.Hooks - url is launched..!
2026-04-25 20:29:56 INFO  Hooks.Hooks - Browser is opened..!
2026-04-25 20:29:58 INFO  Hooks.Hooks - url is launched..!
2026-04-25 20:30:33 INFO  Hooks.Hooks - Browser is opened..!
2026-04-25 20:30:40 INFO  Hooks.Hooks - url is launched..!
2026-04-25 20:31:14 INFO  Hooks.Hooks - Browser is opened..!
2026-04-25 20:31:19 INFO  Hooks.Hooks - url is launched..!
2026-04-25 20:31:50 INFO  Hooks.Hooks - Browser is opened..!
2026-04-25 20:31:51 INFO  Hooks.Hooks - url is launched..!
2026-04-25 20:32:22 INFO  Hooks.Hooks - Browser is opened..!
2026-04-25 20:32:24 INFO  Hooks.Hooks - url is launched..!
2026-04-25 20:32:58 INFO  Hooks.Hooks - Browser is opened..!
2026-04-25 20:33:02 INFO  Hooks.Hooks - url is launched..!
2026-04-25 20:33:31 INFO  Hooks.Hooks - Browser is opened..!
2026-04-25 20:33:36 INFO  Hooks.Hooks - url is launched..!
2026-04-25 20:34:06 INFO  Hooks.Hooks - Browser is opened..!
2026-04-25 20:34:10 INFO  Hooks.Hooks - url is launched..!
2026-04-25 20:34:34 INFO  Hooks.Hooks - Browser is opened..!
2026-04-25 20:34:36 INFO  Hooks.Hooks - url is launched..!
2026-04-25 20:35:07 INFO  Hooks.Hooks - Browser is opened..!
2026-04-25 20:35:11 INFO  Hooks.Hooks - url is launched..!
2026-04-25 20:35:39 INFO  Hooks.Hooks - Browser is opened..!
2026-04-25 20:35:43 INFO  Hooks.Hooks - url is launched..!
2026-04-25 20:36:15 INFO  Hooks.Hooks - Browser is opened..!
2026-04-25 20:36:18 INFO  Hooks.Hooks - url is launched..!
2026-04-25 20:36:48 INFO  Hooks.Hooks - Browser is opened..!
2026-04-25 20:36:52 INFO  Hooks.Hooks - url is launched..!
2026-04-25 20:37:18 INFO  Hooks.Hooks - Browser is opened..!
2026-04-25 20:37:24 INFO  Hooks.Hooks - url is launched..!
2026-04-25 20:37:56 INFO  Hooks.Hooks - Browser is opened..!
2026-04-25 20:37:59 INFO  Hooks.Hooks - url is launched..!
2026-04-25 20:38:27 INFO  Hooks.Hooks - Browser is opened..!
2026-04-25 20:38:32 INFO  Hooks.Hooks - url is launched..!
2026-04-25 20:38:34 INFO  Hooks.Hooks - Browser is opened..!
2026-04-25 20:38:35 INFO  Hooks.Hooks - url is launched..!
2026-04-25 20:39:11 INFO  Hooks.Hooks - Browser is opened..!
2026-04-25 20:39:18 INFO  Hooks.Hooks - url is launched..!
2026-04-25 20:39:48 INFO  Hooks.Hooks - Browser is opened..!
2026-04-25 20:39:51 INFO  Hooks.Hooks - url is launched..!
2026-04-25 20:39:53 INFO  StepDefinations.NavigationTestStep - search bar is visible....
2026-04-25 20:40:19 INFO  Hooks.Hooks - Browser is opened..!
2026-04-25 20:40:24 INFO  Hooks.Hooks - url is launched..!
2026-04-25 20:40:26 INFO  StepDefinations.NavigationTestStep - wishList Icon is visible....
2026-04-25 20:40:52 INFO  Hooks.Hooks - Browser is opened..!
2026-04-25 20:40:53 INFO  Hooks.Hooks - url is launched..!
2026-04-25 20:40:59 INFO  StepDefinations.NavigationTestStep - kids page displays...
2026-04-25 20:41:26 INFO  Hooks.Hooks - Browser is opened..!
2026-04-25 20:41:32 INFO  Hooks.Hooks - url is launched..!
2026-04-25 20:41:37 INFO  StepDefinations.NavigationTestStep - Products are Displayed..
2026-04-25 20:42:03 INFO  Hooks.Hooks - Browser is opened..!
2026-04-25 20:42:08 INFO  Hooks.Hooks - url is launched..!
2026-04-25 20:43:18 INFO  Hooks.Hooks - Browser is opened..!
2026-04-25 20:43:23 INFO  Hooks.Hooks - url is launched..!
2026-04-25 20:43:28 INFO  StepDefinations.ProductDetailSteps - Searching for product: Tshirts
2026-04-25 20:43:28 INFO  StepDefinations.ProductDetailSteps - Products loaded successfully on PLP
2026-04-25 20:43:29 INFO  StepDefinations.ProductDetailSteps - Clicked on product from PLP
2026-04-25 20:43:33 INFO  StepDefinations.ProductDetailSteps - Product Title: Nap Chief
2026-04-25 20:44:14 INFO  Hooks.Hooks - Browser is opened..!
2026-04-25 20:44:18 INFO  Hooks.Hooks - url is launched..!
2026-04-25 20:44:22 INFO  StepDefinations.ProductDetailSteps - Searching for product: Tshirts
2026-04-25 20:44:23 INFO  StepDefinations.ProductDetailSteps - Products loaded successfully on PLP
2026-04-25 20:44:24 INFO  StepDefinations.ProductDetailSteps - Clicked on product from PLP
2026-04-25 20:44:27 INFO  StepDefinations.ProductDetailSteps - Product Title: Nap Chief
2026-04-25 20:44:27 INFO  StepDefinations.ProductDetailSteps - Product Price: ₹430
2026-04-25 20:44:55 INFO  Hooks.Hooks - Browser is opened..!
2026-04-25 20:44:59 INFO  Hooks.Hooks - url is launched..!
2026-04-25 20:45:03 INFO  StepDefinations.ProductDetailSteps - Searching for product: Tshirts
2026-04-25 20:45:03 INFO  StepDefinations.ProductDetailSteps - Products loaded successfully on PLP
2026-04-25 20:45:04 INFO  StepDefinations.ProductDetailSteps - Clicked on product from PLP
2026-04-25 20:45:07 INFO  StepDefinations.ProductDetailSteps - No size available → Skipping Add to Bag step
2026-04-25 20:45:39 INFO  Hooks.Hooks - Browser is opened..!
2026-04-25 20:45:44 INFO  Hooks.Hooks - url is launched..!
2026-04-25 20:45:48 INFO  StepDefinations.ProductDetailSteps - Searching for product: Tshirts
2026-04-25 20:45:48 INFO  StepDefinations.ProductDetailSteps - Products loaded successfully on PLP
2026-04-25 20:45:49 INFO  StepDefinations.ProductDetailSteps - Clicked on product from PLP
2026-04-25 20:45:56 INFO  StepDefinations.ProductDetailSteps - user click on wishlist button to add product to wishlist without login:
2026-04-25 20:46:02 INFO  Hooks.Hooks - Browser is opened..!
2026-04-25 20:46:08 INFO  Hooks.Hooks - url is launched..!
2026-04-25 20:46:12 INFO  StepDefinations.ProductDetailSteps - Searching for product: Tshirts
2026-04-25 20:46:12 INFO  StepDefinations.ProductDetailSteps - Products loaded successfully on PLP
2026-04-25 20:46:14 INFO  StepDefinations.ProductDetailSteps - Clicked on product from PLP
2026-04-25 20:46:21 INFO  StepDefinations.ProductDetailSteps - Searching for product: Tshirts
2026-04-25 20:46:22 INFO  StepDefinations.ProductDetailSteps - Products loaded successfully on PLP
2026-04-25 20:46:22 INFO  StepDefinations.ProductDetailSteps - Clicked on product from PLP
2026-04-25 20:46:22 INFO  StepDefinations.ProductDetailSteps - Testing pincode: 411001
2026-04-25 20:46:40 INFO  StepDefinations.ProductDetailSteps - Valid pincode → 411001 | Message: Get it by Tue, Apr 28
2026-04-25 20:46:40 INFO  StepDefinations.ProductDetailSteps - Testing pincode: 560001
2026-04-25 20:46:53 INFO  StepDefinations.ProductDetailSteps - Valid pincode → 560001 | Message: Get it by Tue, Apr 28
2026-04-25 20:46:54 INFO  StepDefinations.ProductDetailSteps - Testing pincode: 123456
2026-04-25 20:47:29 INFO  Hooks.Hooks - Browser is opened..!
2026-04-25 20:47:33 INFO  Hooks.Hooks - url is launched..!
2026-04-25 20:47:33 INFO  StepDefinations.ProductListingPageStep - Searching product: Tshirts
2026-04-25 20:47:38 INFO  StepDefinations.ProductListingPageStep - Product count: 507845
2026-04-25 20:47:38 INFO  StepDefinations.ProductListingPageStep - Checking products visibility on PLP
2026-04-25 20:48:06 INFO  Hooks.Hooks - Browser is opened..!
2026-04-25 20:48:11 INFO  Hooks.Hooks - url is launched..!
2026-04-25 20:48:11 INFO  StepDefinations.ProductListingPageStep - Searching product: Tshirts
2026-04-25 20:48:41 INFO  Hooks.Hooks - Browser is opened..!
2026-04-25 20:48:42 INFO  Hooks.Hooks - url is launched..!
2026-04-25 20:48:43 INFO  StepDefinations.ProductListingPageStep - Searching product: Tshirts
2026-04-25 20:48:57 INFO  Hooks.Hooks - Browser is opened..!
2026-04-25 20:49:03 INFO  Hooks.Hooks - url is launched..!
2026-04-25 20:49:03 INFO  StepDefinations.ProductListingPageStep - Searching product: Tshirts
2026-04-25 20:49:35 INFO  Hooks.Hooks - Browser is opened..!
2026-04-25 20:49:38 INFO  Hooks.Hooks - url is launched..!
2026-04-25 20:49:38 INFO  StepDefinations.ProductListingPageStep - Searching product: Tshirts
2026-04-25 20:50:08 INFO  Hooks.Hooks - Browser is opened..!
2026-04-25 20:50:14 INFO  Hooks.Hooks - url is launched..!
2026-04-25 20:50:14 INFO  StepDefinations.ProductListingPageStep - Searching product: Tshirts
2026-04-25 20:50:45 INFO  Hooks.Hooks - Browser is opened..!
2026-04-25 20:50:49 INFO  Hooks.Hooks - url is launched..!
2026-04-25 20:50:49 INFO  StepDefinations.ProductListingPageStep - Searching product: Tshirts
2026-04-25 20:51:18 INFO  Hooks.Hooks - Browser is opened..!
2026-04-25 20:51:23 INFO  Hooks.Hooks - url is launched..!
2026-04-25 20:51:23 INFO  StepDefinations.ProductListingPageStep - Searching product: Tshirts
2026-04-25 20:51:53 INFO  Hooks.Hooks - Browser is opened..!
2026-04-25 20:51:57 INFO  Hooks.Hooks - url is launched..!
2026-04-25 20:51:57 INFO  StepDefinations.ProductListingPageStep - Searching product: Tshirts
2026-04-25 20:52:28 INFO  Hooks.Hooks - Browser is opened..!
2026-04-25 20:52:32 INFO  Hooks.Hooks - url is launched..!
2026-04-25 20:52:32 INFO  StepDefinations.ProductListingPageStep - Searching product: Tshirts
2026-04-25 20:53:01 INFO  Hooks.Hooks - Browser is opened..!
2026-04-25 20:53:04 INFO  Hooks.Hooks - url is launched..!
2026-04-25 20:53:04 INFO  StepDefinations.ProductListingPageStep - Searching product: Tshirts
2026-04-25 20:53:34 INFO  Hooks.Hooks - Browser is opened..!
2026-04-25 20:53:38 INFO  Hooks.Hooks - url is launched..!
2026-04-25 20:53:38 INFO  StepDefinations.ProductListingPageStep - Searching product: Tshirts
2026-04-25 20:54:13 INFO  Hooks.Hooks - Browser is opened..!
2026-04-25 20:54:19 INFO  Hooks.Hooks - url is launched..!
2026-04-25 20:54:19 INFO  StepDefinations.ProductListingPageStep - Searching product: Tshirts
2026-04-25 20:54:50 INFO  Hooks.Hooks - Browser is opened..!
2026-04-25 20:54:55 INFO  Hooks.Hooks - url is launched..!
2026-04-25 20:54:55 INFO  StepDefinations.ProductListingPageStep - Searching product: Tshirts
2026-04-25 20:55:25 INFO  Hooks.Hooks - Browser is opened..!
2026-04-25 20:55:30 INFO  Hooks.Hooks - url is launched..!
2026-04-25 20:55:30 INFO  StepDefinations.ProductListingPageStep - Searching product: Tshirts
2026-04-25 20:55:59 INFO  Hooks.Hooks - Browser is opened..!
2026-04-25 20:56:02 INFO  Hooks.Hooks - url is launched..!
2026-04-25 20:56:02 INFO  StepDefinations.ProductListingPageStep - Searching product: Tshirts
2026-04-25 20:56:34 INFO  Hooks.Hooks - Browser is opened..!
2026-04-25 20:56:39 INFO  Hooks.Hooks - url is launched..!
2026-04-25 20:56:39 INFO  StepDefinations.ProductListingPageStep - Searching product: Tshirts
2026-04-25 20:57:09 INFO  Hooks.Hooks - Browser is opened..!
2026-04-25 20:57:16 INFO  Hooks.Hooks - url is launched..!
2026-04-25 20:57:16 INFO  StepDefinations.ProductListingPageStep - Searching product: Tshirts
2026-04-25 20:57:47 INFO  Hooks.Hooks - Browser is opened..!
2026-04-25 20:57:51 INFO  Hooks.Hooks - url is launched..!
2026-04-25 20:57:51 INFO  StepDefinations.ProductListingPageStep - Searching product: Tshirts
2026-04-25 20:58:22 INFO  Hooks.Hooks - Browser is opened..!
2026-04-25 20:58:26 INFO  Hooks.Hooks - url is launched..!
2026-04-25 20:58:26 INFO  StepDefinations.ProductListingPageStep - Searching product: Tshirts
2026-04-25 20:59:22 INFO  Hooks.Hooks - Browser is opened..!
2026-04-25 20:59:27 INFO  Hooks.Hooks - url is launched..!
2026-04-25 20:59:27 INFO  StepDefinations.ProductListingPageStep - Searching product: Tshirts
2026-04-25 21:00:01 INFO  Hooks.Hooks - Browser is opened..!
2026-04-25 21:00:06 INFO  Hooks.Hooks - url is launched..!
2026-04-25 21:00:06 INFO  StepDefinations.ProductListingPageStep - Searching product: Tshirts
2026-04-25 21:00:44 INFO  Hooks.Hooks - Browser is opened..!
2026-04-25 21:00:48 INFO  Hooks.Hooks - url is launched..!
2026-04-25 21:00:48 INFO  StepDefinations.ProductListingPageStep - Searching product: Tshirts
2026-04-25 21:01:20 INFO  Hooks.Hooks - Browser is opened..!
2026-04-25 21:01:23 INFO  Hooks.Hooks - url is launched..!
2026-04-25 21:01:23 INFO  StepDefinations.ProductListingPageStep - Searching product: Tshirts
2026-04-25 21:01:54 INFO  Hooks.Hooks - Browser is opened..!
2026-04-25 21:01:59 INFO  Hooks.Hooks - url is launched..!
2026-04-25 21:01:59 INFO  StepDefinations.ProductListingPageStep - Searching product: Tshirts
2026-04-25 21:02:29 INFO  Hooks.Hooks - Browser is opened..!
2026-04-25 21:02:34 INFO  Hooks.Hooks - url is launched..!
2026-04-25 21:02:34 INFO  StepDefinations.ProductListingPageStep - Searching product: Tshirts
2026-04-25 21:02:39 INFO  StepDefinations.ProductListingPageStep - Applying category filter: White
2026-04-25 21:02:40 INFO  StepDefinations.ProductListingPageStep - Colour filter applied: White
2026-04-25 21:02:40 INFO  StepDefinations.ProductListingPageStep - Colour filter applied successfully..
2026-04-25 21:03:06 INFO  Hooks.Hooks - Browser is opened..!
2026-04-25 21:03:12 INFO  Hooks.Hooks - url is launched..!
2026-04-25 21:03:12 INFO  StepDefinations.ProductListingPageStep - Searching product: Tshirts
2026-04-25 21:03:15 INFO  StepDefinations.ProductListingPageStep - Applying category filter: Blue
2026-04-25 21:03:17 INFO  StepDefinations.ProductListingPageStep - Colour filter applied: Blue
2026-04-25 21:03:17 INFO  StepDefinations.ProductListingPageStep - Colour filter applied successfully..
2026-04-25 21:03:43 INFO  Hooks.Hooks - Browser is opened..!
2026-04-25 21:03:47 INFO  Hooks.Hooks - url is launched..!
2026-04-25 21:03:47 INFO  StepDefinations.ProductListingPageStep - Searching product: Tshirts
2026-04-25 21:03:56 INFO  StepDefinations.ProductListingPageStep - Applying category filter: Black
2026-04-25 21:03:58 INFO  StepDefinations.ProductListingPageStep - Colour filter applied: Black
2026-04-25 21:03:58 INFO  StepDefinations.ProductListingPageStep - Colour filter applied successfully..
2026-04-25 21:04:24 INFO  Hooks.Hooks - Browser is opened..!
2026-04-25 21:04:29 INFO  Hooks.Hooks - url is launched..!
2026-04-25 21:04:29 INFO  StepDefinations.ProductListingPageStep - Searching product: Tshirts
2026-04-25 21:04:33 INFO  StepDefinations.ProductListingPageStep - Applying category filter: Brown
2026-04-25 21:05:06 INFO  Hooks.Hooks - Browser is opened..!
2026-04-25 21:05:11 INFO  Hooks.Hooks - url is launched..!
2026-04-25 21:05:11 INFO  StepDefinations.ProductListingPageStep - Searching product: Tshirts
2026-04-25 21:05:16 INFO  StepDefinations.ProductListingPageStep - Applying category filter: Red
2026-04-25 21:05:17 INFO  StepDefinations.ProductListingPageStep - Colour filter applied: Red
2026-04-25 21:05:17 INFO  StepDefinations.ProductListingPageStep - Colour filter applied successfully..
2026-04-25 21:05:41 INFO  Hooks.Hooks - Browser is opened..!
2026-04-25 21:05:48 INFO  Hooks.Hooks - url is launched..!
2026-04-25 21:05:48 INFO  StepDefinations.ProductListingPageStep - Searching product: Tshirts
2026-04-25 21:05:52 INFO  StepDefinations.ProductListingPageStep - Applying category filter: Green
2026-04-25 21:05:54 INFO  StepDefinations.ProductListingPageStep - Colour filter applied: Green
2026-04-25 21:05:54 INFO  StepDefinations.ProductListingPageStep - Colour filter applied successfully..
2026-04-25 21:06:18 INFO  Hooks.Hooks - Browser is opened..!
2026-04-25 21:06:21 INFO  Hooks.Hooks - url is launched..!
2026-04-25 21:06:21 INFO  StepDefinations.ProductListingPageStep - Searching product: Tshirts
2026-04-25 21:06:27 INFO  StepDefinations.ProductListingPageStep - Applying category filter: 10% and above
2026-04-25 21:06:28 INFO  StepDefinations.ProductListingPageStep - selected discount: 10% and above
2026-04-25 21:06:28 INFO  StepDefinations.ProductListingPageStep - discount filter applied: 10% and above
2026-04-25 21:06:28 INFO  StepDefinations.ProductListingPageStep - discount filter applied successfully..
2026-04-25 21:06:54 INFO  Hooks.Hooks - Browser is opened..!
2026-04-25 21:06:55 INFO  Hooks.Hooks - url is launched..!
2026-04-25 21:06:55 INFO  StepDefinations.ProductListingPageStep - Searching product: Tshirts
2026-04-25 21:07:03 INFO  StepDefinations.ProductListingPageStep - Applying category filter: 20% and above
2026-04-25 21:07:04 INFO  StepDefinations.ProductListingPageStep - selected discount: 20% and above
2026-04-25 21:07:04 INFO  StepDefinations.ProductListingPageStep - discount filter applied: 20% and above
2026-04-25 21:07:04 INFO  StepDefinations.ProductListingPageStep - discount filter applied successfully..
2026-04-25 21:07:30 INFO  Hooks.Hooks - Browser is opened..!
2026-04-25 21:07:35 INFO  Hooks.Hooks - url is launched..!
2026-04-25 21:07:35 INFO  StepDefinations.ProductListingPageStep - Searching product: Tshirts
2026-04-25 21:07:40 INFO  StepDefinations.ProductListingPageStep - Applying category filter: 30% and above
2026-04-25 21:07:40 INFO  StepDefinations.ProductListingPageStep - selected discount: 30% and above
2026-04-25 21:07:40 INFO  StepDefinations.ProductListingPageStep - discount filter applied: 30% and above
2026-04-25 21:07:40 INFO  StepDefinations.ProductListingPageStep - discount filter applied successfully..
2026-04-25 21:08:05 INFO  Hooks.Hooks - Browser is opened..!
2026-04-25 21:08:09 INFO  Hooks.Hooks - url is launched..!
2026-04-25 21:08:09 INFO  StepDefinations.ProductListingPageStep - Searching product: Tshirts
2026-04-25 21:08:13 INFO  StepDefinations.ProductListingPageStep - Applying category filter: 40% and above
2026-04-25 21:08:14 INFO  StepDefinations.ProductListingPageStep - selected discount: 40% and above
2026-04-25 21:08:14 INFO  StepDefinations.ProductListingPageStep - discount filter applied: 40% and above
2026-04-25 21:08:14 INFO  StepDefinations.ProductListingPageStep - discount filter applied successfully..
2026-04-25 21:08:38 INFO  Hooks.Hooks - Browser is opened..!
2026-04-25 21:08:44 INFO  Hooks.Hooks - url is launched..!
2026-04-25 21:08:44 INFO  StepDefinations.ProductListingPageStep - Searching product: Tshirts
2026-04-25 21:08:47 INFO  StepDefinations.ProductListingPageStep - Applying category filter: 50% and above
2026-04-25 21:08:48 INFO  StepDefinations.ProductListingPageStep - selected discount: 50% and above
2026-04-25 21:08:48 INFO  StepDefinations.ProductListingPageStep - discount filter applied: 50% and above
2026-04-25 21:08:48 INFO  StepDefinations.ProductListingPageStep - discount filter applied successfully..
2026-04-25 21:09:13 INFO  Hooks.Hooks - Browser is opened..!
2026-04-25 21:09:18 INFO  Hooks.Hooks - url is launched..!
2026-04-25 21:09:18 INFO  StepDefinations.ProductListingPageStep - Searching product: Tshirts
2026-04-25 21:09:23 INFO  StepDefinations.ProductListingPageStep - Applying category filter: 60% and above
2026-04-25 21:09:23 INFO  StepDefinations.ProductListingPageStep - selected discount: 60% and above
2026-04-25 21:09:23 INFO  StepDefinations.ProductListingPageStep - discount filter applied: 60% and above
2026-04-25 21:09:23 INFO  StepDefinations.ProductListingPageStep - discount filter applied successfully..
2026-04-25 21:09:50 INFO  Hooks.Hooks - Browser is opened..!
2026-04-25 21:09:58 INFO  Hooks.Hooks - url is launched..!
2026-04-25 21:09:58 INFO  StepDefinations.ProductListingPageStep - Searching product: Tshirts
2026-04-25 21:10:06 INFO  StepDefinations.ProductListingPageStep - Applying category filter: 70% and above
2026-04-25 21:10:07 INFO  StepDefinations.ProductListingPageStep - selected discount: 70% and above
2026-04-25 21:10:07 INFO  StepDefinations.ProductListingPageStep - discount filter applied: 70% and above
2026-04-25 21:10:07 INFO  StepDefinations.ProductListingPageStep - discount filter applied successfully..
2026-04-25 21:10:31 INFO  Hooks.Hooks - Browser is opened..!
2026-04-25 21:10:36 INFO  Hooks.Hooks - url is launched..!
2026-04-25 21:10:36 INFO  StepDefinations.ProductListingPageStep - Searching product: Tshirts
2026-04-25 21:10:41 INFO  StepDefinations.ProductListingPageStep - Applying category filter: 80% and above
2026-04-25 21:10:42 INFO  StepDefinations.ProductListingPageStep - selected discount: 80% and above
2026-04-25 21:10:42 INFO  StepDefinations.ProductListingPageStep - discount filter applied: 80% and above
2026-04-25 21:10:42 INFO  StepDefinations.ProductListingPageStep - discount filter applied successfully..
2026-04-25 21:11:10 INFO  Hooks.Hooks - Browser is opened..!
2026-04-25 21:11:16 INFO  Hooks.Hooks - url is launched..!
2026-04-25 21:11:16 INFO  StepDefinations.ProductListingPageStep - Searching product: Tshirts
2026-04-25 21:11:25 INFO  StepDefinations.ProductListingPageStep - Applying category filter: 90% and above
2026-04-25 21:11:28 INFO  StepDefinations.ProductListingPageStep - selected discount: 90% and above
2026-04-25 21:11:28 INFO  StepDefinations.ProductListingPageStep - discount filter applied: 90% and above
2026-04-25 21:11:28 INFO  StepDefinations.ProductListingPageStep - discount filter applied successfully..
2026-04-25 22:05:40 DEBUG org.testng.TestNG - suiteXmlPath: "C:\Users\Rahul\eclipse-workspace\MyntraOriginal\testng2.xml"
2026-04-25 22:05:40 INFO  org.testng.internal.Utils - [XmlSuite] [WARN] 'parallel' value 'true' is no longer valid, defaulting to 'methods'.
2026-04-25 22:05:41 INFO  org.testng.internal.Utils - [TestNG] Running:
  C:\Users\Rahul\eclipse-workspace\MyntraOriginal\testng2.xml

2026-04-25 22:05:44 INFO  Hooks.Hooks - Browser is opened..!
2026-04-25 22:05:48 INFO  Hooks.Hooks - url is launched..!
2026-04-25 22:06:42 INFO  Hooks.Hooks - Browser is opened..!
2026-04-25 22:07:38 INFO  Hooks.Hooks - Browser is opened..!
2026-04-25 22:07:39 INFO  Hooks.Hooks - url is launched..!
2026-04-25 22:13:22 INFO  Hooks.Hooks - Browser is opened..!
2026-04-25 22:13:25 INFO  Hooks.Hooks - url is launched..!
2026-04-25 22:27:10 INFO  Hooks.Hooks - Browser is opened..!
2026-04-25 22:27:14 INFO  Hooks.Hooks - url is launched..!
2026-04-25 22:29:42 INFO  Hooks.Hooks - Browser is opened..!
2026-04-25 22:29:43 INFO  Hooks.Hooks - url is launched..!
2026-04-25 22:29:53 INFO  Hooks.Hooks - Browser is opened..!
2026-04-25 22:30:26 INFO  Hooks.Hooks - url is launched..!
2026-04-25 22:30:27 INFO  Hooks.Hooks - Browser is opened..!
2026-04-25 22:30:32 INFO  Hooks.Hooks - url is launched..!
2026-04-25 22:31:45 INFO  Hooks.Hooks - Browser is opened..!
2026-04-25 22:31:46 INFO  Hooks.Hooks - Browser is opened..!
2026-04-25 22:31:49 INFO  Hooks.Hooks - url is launched..!
2026-04-25 22:31:58 INFO  Hooks.Hooks - url is launched..!
2026-04-25 22:37:45 DEBUG org.testng.TestNG - suiteXmlPath: "C:\Users\Rahul\eclipse-workspace\MyntraOriginal\testng2.xml"
2026-04-25 22:37:46 INFO  org.testng.internal.Utils - [TestNG] Running:
  C:\Users\Rahul\eclipse-workspace\MyntraOriginal\testng2.xml

2026-04-25 22:37:48 INFO  Hooks.Hooks - Browser is opened..!
2026-04-25 22:37:51 INFO  Hooks.Hooks - url is launched..!
2026-04-25 22:39:09 INFO  Hooks.Hooks - Browser is opened..!
2026-04-25 22:39:12 INFO  Hooks.Hooks - url is launched..!
2026-04-25 22:40:21 INFO  Hooks.Hooks - Browser is opened..!
2026-04-25 22:40:25 INFO  Hooks.Hooks - url is launched..!
2026-04-25 22:41:36 INFO  Hooks.Hooks - Browser is opened..!
2026-04-25 22:41:39 INFO  Hooks.Hooks - url is launched..!
2026-04-25 22:48:37 DEBUG org.testng.TestNG - suiteXmlPath: "C:\Users\Rahul\AppData\Local\Temp\testng-eclipse-1180262370\testng-customsuite.xml"
2026-04-25 22:48:37 INFO  org.testng.internal.Utils - [Utils] MethodGroupsHelper.collectMethodsByGroup() took 0 ms.
2026-04-25 22:48:37 INFO  org.testng.internal.Utils - [Utils] MethodGroupsHelper.sortMethods() took 1 ms.
2026-04-25 22:48:37 INFO  org.testng.internal.Utils - [Utils] MethodGroupsHelper.collectMethodsByGroup() took 0 ms.
2026-04-25 22:48:37 INFO  org.testng.internal.Utils - [Utils] MethodGroupsHelper.sortMethods() took 0 ms.
2026-04-25 22:48:37 INFO  org.testng.internal.Utils - [Utils] MethodGroupsHelper.collectMethodsByGroup() took 0 ms.
2026-04-25 22:48:37 INFO  org.testng.internal.Utils - [Utils] MethodGroupsHelper.sortMethods() took 0 ms.
2026-04-25 22:48:37 INFO  org.testng.internal.Utils - [Utils] MethodGroupsHelper.collectMethodsByGroup() took 0 ms.
2026-04-25 22:48:37 INFO  org.testng.internal.Utils - [Utils] MethodGroupsHelper.sortMethods() took 0 ms.
2026-04-25 22:48:37 INFO  org.testng.internal.Utils - [Utils] MethodGroupsHelper.collectMethodsByGroup() took 1 ms.
2026-04-25 22:48:37 INFO  org.testng.internal.Utils - [Utils] MethodGroupsHelper.sortMethods() took 9 ms.
2026-04-25 22:48:37 INFO  org.testng.internal.Utils - [Utils] MethodGroupsHelper.collectMethodsByGroup() took 0 ms.
2026-04-25 22:48:37 INFO  org.testng.internal.Utils - [Utils] MethodGroupsHelper.sortMethods() took 0 ms.
2026-04-25 22:48:37 INFO  org.testng.internal.Utils - [Utils] MethodGroupsHelper.collectMethodsByGroup() took 0 ms.
2026-04-25 22:48:37 INFO  org.testng.internal.Utils - [Utils] MethodGroupsHelper.sortMethods() took 0 ms.
2026-04-25 22:48:37 INFO  org.testng.internal.Utils - [Utils] MethodGroupsHelper.collectMethodsByGroup() took 0 ms.
2026-04-25 22:48:37 INFO  org.testng.internal.Utils - [Utils] MethodGroupsHelper.sortMethods() took 0 ms.
2026-04-25 22:48:37 INFO  org.testng.internal.Utils - [Utils] MethodGroupsHelper.collectMethodsByGroup() took 0 ms.
2026-04-25 22:48:37 INFO  org.testng.internal.Utils - [Utils] MethodGroupsHelper.sortMethods() took 0 ms.
2026-04-25 22:48:37 INFO  org.testng.internal.Utils - [Utils] MethodGroupsHelper.collectMethodsByGroup() took 0 ms.
2026-04-25 22:48:37 INFO  org.testng.internal.Utils - [Utils] MethodGroupsHelper.sortMethods() took 0 ms.
2026-04-25 22:48:37 INFO  org.testng.internal.Utils - [Utils] MethodGroupsHelper.collectMethodsByGroup() took 0 ms.
2026-04-25 22:48:37 INFO  org.testng.internal.Utils - [Utils] MethodGroupsHelper.sortMethods() took 0 ms.
2026-04-25 22:48:37 INFO  org.testng.internal.Utils - [Utils] MethodGroupsHelper.collectMethodsByGroup() took 0 ms.
2026-04-25 22:48:37 INFO  org.testng.internal.Utils - [Utils] MethodGroupsHelper.sortMethods() took 0 ms.
2026-04-25 22:48:37 INFO  org.testng.internal.Utils - [Utils] MethodGroupsHelper.collectMethodsByGroup() took 5 ms.
2026-04-25 22:48:37 INFO  org.testng.internal.Utils - [Utils] MethodGroupsHelper.sortMethods() took 1 ms.
2026-04-25 22:48:37 INFO  org.testng.internal.Utils - [Utils] MethodGroupsHelper.collectMethodsByGroup() took 0 ms.
2026-04-25 22:48:37 INFO  org.testng.internal.Utils - [Utils] MethodGroupsHelper.sortMethods() took 0 ms.
2026-04-25 22:48:37 INFO  org.testng.internal.Utils - [Utils] MethodGroupsHelper.collectMethodsByGroup() took 0 ms.
2026-04-25 22:48:37 INFO  org.testng.internal.Utils - [Utils] MethodGroupsHelper.sortMethods() took 0 ms.
2026-04-25 22:48:37 INFO  org.testng.internal.Utils - [TestNG] Running:
  C:\Users\Rahul\AppData\Local\Temp\testng-eclipse-1180262370\testng-customsuite.xml

2026-04-25 22:48:37 INFO  org.testng.internal.Utils - [Utils] DynamicGraphHelper.createDynamicGraph() took 4 ms.
2026-04-25 22:48:40 INFO  Hooks.Hooks - Browser is opened..!
2026-04-25 22:48:44 INFO  Hooks.Hooks - url is launched..!
2026-04-25 22:50:31 INFO  Hooks.Hooks - Browser is opened..!
2026-04-25 22:50:35 INFO  Hooks.Hooks - url is launched..!
2026-04-25 22:51:59 INFO  Hooks.Hooks - Browser is opened..!
2026-04-25 22:52:03 INFO  Hooks.Hooks - url is launched..!
2026-04-25 22:53:17 INFO  Hooks.Hooks - Browser is opened..!
2026-04-25 22:53:20 INFO  Hooks.Hooks - url is launched..!
2026-04-25 22:54:30 INFO  Hooks.Hooks - Browser is opened..!
2026-04-25 22:54:35 INFO  Hooks.Hooks - url is launched..!
2026-04-25 22:55:55 INFO  Hooks.Hooks - Browser is opened..!
2026-04-25 22:56:00 INFO  Hooks.Hooks - url is launched..!
2026-04-25 22:57:12 INFO  Hooks.Hooks - Browser is opened..!
2026-04-25 22:57:17 INFO  Hooks.Hooks - url is launched..!
2026-04-25 22:58:30 INFO  Hooks.Hooks - Browser is opened..!
2026-04-25 22:58:34 INFO  Hooks.Hooks - url is launched..!
2026-04-25 22:59:43 INFO  Hooks.Hooks - Browser is opened..!
2026-04-25 22:59:45 INFO  Hooks.Hooks - url is launched..!
2026-04-25 23:00:57 INFO  Hooks.Hooks - Browser is opened..!
2026-04-25 23:00:59 INFO  Hooks.Hooks - url is launched..!
2026-04-25 23:01:25 INFO  Hooks.Hooks - Browser is opened..!
2026-04-25 23:01:29 INFO  Hooks.Hooks - url is launched..!
2026-04-25 23:01:58 INFO  Hooks.Hooks - Browser is opened..!
2026-04-25 23:01:59 INFO  Hooks.Hooks - url is launched..!
2026-04-25 23:02:37 INFO  Hooks.Hooks - Browser is opened..!
2026-04-25 23:02:41 INFO  Hooks.Hooks - url is launched..!
2026-04-25 23:03:15 INFO  Hooks.Hooks - Browser is opened..!
2026-04-25 23:03:18 INFO  Hooks.Hooks - url is launched..!
2026-04-25 23:03:28 INFO  Hooks.Hooks - Browser is opened..!
2026-04-25 23:03:32 INFO  Hooks.Hooks - url is launched..!
2026-04-25 23:04:01 INFO  Hooks.Hooks - Browser is opened..!
2026-04-25 23:04:03 INFO  Hooks.Hooks - url is launched..!
2026-04-25 23:04:33 INFO  Hooks.Hooks - Browser is opened..!
2026-04-25 23:04:37 INFO  Hooks.Hooks - url is launched..!
2026-04-25 23:05:04 INFO  Hooks.Hooks - Browser is opened..!
2026-04-25 23:05:07 INFO  Hooks.Hooks - url is launched..!
2026-04-25 23:05:35 INFO  Hooks.Hooks - Browser is opened..!
2026-04-25 23:05:39 INFO  Hooks.Hooks - url is launched..!
2026-04-25 23:06:09 INFO  Hooks.Hooks - Browser is opened..!
2026-04-25 23:06:10 INFO  Hooks.Hooks - url is launched..!
2026-04-25 23:06:48 INFO  Hooks.Hooks - Browser is opened..!
2026-04-25 23:06:51 INFO  Hooks.Hooks - url is launched..!
2026-04-25 23:07:19 INFO  Hooks.Hooks - Browser is opened..!
2026-04-25 23:07:23 INFO  Hooks.Hooks - url is launched..!
2026-04-25 23:07:47 INFO  Hooks.Hooks - Browser is opened..!
2026-04-25 23:07:51 INFO  Hooks.Hooks - url is launched..!
2026-04-25 23:08:12 INFO  Hooks.Hooks - Browser is opened..!
2026-04-25 23:08:16 INFO  Hooks.Hooks - url is launched..!
2026-04-25 23:08:37 INFO  Hooks.Hooks - Browser is opened..!
2026-04-25 23:08:40 INFO  Hooks.Hooks - url is launched..!
2026-04-25 23:09:04 INFO  Hooks.Hooks - Browser is opened..!
2026-04-25 23:09:08 INFO  Hooks.Hooks - url is launched..!
2026-04-25 23:09:39 INFO  Hooks.Hooks - Browser is opened..!
2026-04-25 23:09:42 INFO  Hooks.Hooks - url is launched..!
2026-04-25 23:10:07 INFO  Hooks.Hooks - Browser is opened..!
2026-04-25 23:10:10 INFO  Hooks.Hooks - url is launched..!
2026-04-25 23:10:33 INFO  Hooks.Hooks - Browser is opened..!
2026-04-25 23:10:37 INFO  Hooks.Hooks - url is launched..!
2026-04-25 23:11:05 INFO  Hooks.Hooks - Browser is opened..!
2026-04-25 23:11:05 INFO  Hooks.Hooks - url is launched..!
2026-04-25 23:11:09 INFO  Hooks.Hooks - Browser is opened..!
2026-04-25 23:11:13 INFO  Hooks.Hooks - url is launched..!
2026-04-25 23:11:15 INFO  Hooks.Hooks - Browser is opened..!
2026-04-25 23:11:19 INFO  Hooks.Hooks - url is launched..!
2026-04-25 23:11:51 INFO  Hooks.Hooks - Browser is opened..!
2026-04-25 23:11:55 INFO  Hooks.Hooks - url is launched..!
2026-04-25 23:12:21 INFO  Hooks.Hooks - Browser is opened..!
2026-04-25 23:12:26 INFO  Hooks.Hooks - url is launched..!
2026-04-25 23:12:28 INFO  StepDefinations.NavigationTestStep - search bar is visible....
2026-04-25 23:12:52 INFO  Hooks.Hooks - Browser is opened..!
2026-04-25 23:12:56 INFO  Hooks.Hooks - url is launched..!
2026-04-25 23:12:58 INFO  StepDefinations.NavigationTestStep - wishList Icon is visible....
2026-04-25 23:13:22 INFO  Hooks.Hooks - Browser is opened..!
2026-04-25 23:13:25 INFO  Hooks.Hooks - url is launched..!
2026-04-25 23:13:27 INFO  StepDefinations.NavigationTestStep - kids page displays...
2026-04-25 23:13:48 INFO  Hooks.Hooks - Browser is opened..!
2026-04-25 23:13:50 INFO  Hooks.Hooks - url is launched..!
2026-04-25 23:13:55 INFO  StepDefinations.NavigationTestStep - Products are Displayed..
2026-04-25 23:14:14 INFO  Hooks.Hooks - Browser is opened..!
2026-04-25 23:14:16 INFO  Hooks.Hooks - url is launched..!
2026-04-25 23:15:23 INFO  Hooks.Hooks - Browser is opened..!
2026-04-25 23:15:25 INFO  Hooks.Hooks - url is launched..!
2026-04-25 23:15:27 INFO  StepDefinations.ProductDetailSteps - Searching for product: Tshirts
2026-04-25 23:15:27 INFO  StepDefinations.ProductDetailSteps - Products loaded successfully on PLP
2026-04-25 23:15:28 INFO  StepDefinations.ProductDetailSteps - Clicked on product from PLP
2026-04-25 23:15:29 INFO  StepDefinations.ProductDetailSteps - Product Title: Pepe Jeans
2026-04-25 23:15:49 INFO  Hooks.Hooks - Browser is opened..!
2026-04-25 23:15:52 INFO  Hooks.Hooks - url is launched..!
2026-04-25 23:15:56 INFO  StepDefinations.ProductDetailSteps - Searching for product: Tshirts
2026-04-25 23:15:56 INFO  StepDefinations.ProductDetailSteps - Products loaded successfully on PLP
2026-04-25 23:15:57 INFO  StepDefinations.ProductDetailSteps - Clicked on product from PLP
2026-04-25 23:15:58 INFO  StepDefinations.ProductDetailSteps - Product Title: Pepe Jeans
2026-04-25 23:15:58 INFO  StepDefinations.ProductDetailSteps - Product Price: ₹699
2026-04-25 23:16:19 INFO  Hooks.Hooks - Browser is opened..!
2026-04-25 23:16:21 INFO  Hooks.Hooks - url is launched..!
2026-04-25 23:16:23 INFO  StepDefinations.ProductDetailSteps - Searching for product: Tshirts
2026-04-25 23:16:23 INFO  StepDefinations.ProductDetailSteps - Products loaded successfully on PLP
2026-04-25 23:16:24 INFO  StepDefinations.ProductDetailSteps - Clicked on product from PLP
2026-04-25 23:16:25 INFO  StepDefinations.ProductDetailSteps - No size available → Skipping Add to Bag step
2026-04-25 23:16:57 INFO  Hooks.Hooks - Browser is opened..!
2026-04-25 23:17:00 INFO  Hooks.Hooks - url is launched..!
2026-04-25 23:17:03 INFO  StepDefinations.ProductDetailSteps - Searching for product: Tshirts
2026-04-25 23:17:03 INFO  StepDefinations.ProductDetailSteps - Products loaded successfully on PLP
2026-04-25 23:17:04 INFO  StepDefinations.ProductDetailSteps - Clicked on product from PLP
2026-04-25 23:17:08 INFO  StepDefinations.ProductDetailSteps - user click on wishlist button to add product to wishlist without login:
2026-04-25 23:17:11 INFO  Hooks.Hooks - Browser is opened..!
2026-04-25 23:17:14 INFO  Hooks.Hooks - url is launched..!
2026-04-25 23:17:17 INFO  StepDefinations.ProductDetailSteps - Searching for product: Tshirts
2026-04-25 23:17:17 INFO  StepDefinations.ProductDetailSteps - Products loaded successfully on PLP
2026-04-25 23:17:17 INFO  StepDefinations.ProductDetailSteps - Clicked on product from PLP
2026-04-25 23:17:21 INFO  StepDefinations.ProductDetailSteps - Searching for product: Tshirts
2026-04-25 23:17:21 INFO  StepDefinations.ProductDetailSteps - Products loaded successfully on PLP
2026-04-25 23:17:22 INFO  StepDefinations.ProductDetailSteps - Clicked on product from PLP
2026-04-25 23:17:22 INFO  StepDefinations.ProductDetailSteps - Testing pincode: 411001
2026-04-25 23:17:35 INFO  StepDefinations.ProductDetailSteps - Invalid pincode → 411001
2026-04-25 23:17:36 INFO  StepDefinations.ProductDetailSteps - Testing pincode: 560001
2026-04-25 23:17:48 INFO  StepDefinations.ProductDetailSteps - Valid pincode → 560001 | Message: Get it by Sun, Apr 26
2026-04-25 23:17:49 INFO  StepDefinations.ProductDetailSteps - Testing pincode: 123456
2026-04-25 23:18:22 INFO  Hooks.Hooks - Browser is opened..!
2026-04-25 23:18:25 INFO  Hooks.Hooks - url is launched..!
2026-04-25 23:18:25 INFO  StepDefinations.ProductListingPageStep - Searching product: Tshirts
2026-04-25 23:18:30 INFO  StepDefinations.ProductListingPageStep - Product count: 507681
2026-04-25 23:18:30 INFO  StepDefinations.ProductListingPageStep - Checking products visibility on PLP
2026-04-25 23:18:50 INFO  Hooks.Hooks - Browser is opened..!
2026-04-25 23:18:52 INFO  Hooks.Hooks - url is launched..!
2026-04-25 23:18:52 INFO  StepDefinations.ProductListingPageStep - Searching product: Tshirts
2026-04-25 23:19:15 INFO  Hooks.Hooks - Browser is opened..!
2026-04-25 23:19:17 INFO  Hooks.Hooks - url is launched..!
2026-04-25 23:19:17 INFO  StepDefinations.ProductListingPageStep - Searching product: Tshirts
2026-04-25 23:19:40 INFO  Hooks.Hooks - Browser is opened..!
2026-04-25 23:19:43 INFO  Hooks.Hooks - url is launched..!
2026-04-25 23:19:43 INFO  StepDefinations.ProductListingPageStep - Searching product: Tshirts
2026-04-25 23:20:05 INFO  Hooks.Hooks - Browser is opened..!
2026-04-25 23:20:08 INFO  Hooks.Hooks - url is launched..!
2026-04-25 23:20:08 INFO  StepDefinations.ProductListingPageStep - Searching product: Tshirts
2026-04-25 23:20:31 INFO  Hooks.Hooks - Browser is opened..!
2026-04-25 23:20:34 INFO  Hooks.Hooks - url is launched..!
2026-04-25 23:20:34 INFO  StepDefinations.ProductListingPageStep - Searching product: Tshirts
2026-04-25 23:20:56 INFO  Hooks.Hooks - Browser is opened..!
2026-04-25 23:20:58 INFO  Hooks.Hooks - url is launched..!
2026-04-25 23:20:58 INFO  StepDefinations.ProductListingPageStep - Searching product: Tshirts
2026-04-25 23:21:22 INFO  Hooks.Hooks - Browser is opened..!
2026-04-25 23:21:25 INFO  Hooks.Hooks - url is launched..!
2026-04-25 23:21:25 INFO  StepDefinations.ProductListingPageStep - Searching product: Tshirts
2026-04-25 23:21:48 INFO  Hooks.Hooks - Browser is opened..!
2026-04-25 23:21:51 INFO  Hooks.Hooks - url is launched..!
2026-04-25 23:21:51 INFO  StepDefinations.ProductListingPageStep - Searching product: Tshirts
2026-04-25 23:22:15 INFO  Hooks.Hooks - Browser is opened..!
2026-04-25 23:22:18 INFO  Hooks.Hooks - url is launched..!
2026-04-25 23:22:18 INFO  StepDefinations.ProductListingPageStep - Searching product: Tshirts
2026-04-25 23:22:40 INFO  Hooks.Hooks - Browser is opened..!
2026-04-25 23:22:44 INFO  Hooks.Hooks - url is launched..!
2026-04-25 23:22:44 INFO  StepDefinations.ProductListingPageStep - Searching product: Tshirts
2026-04-25 23:23:07 INFO  Hooks.Hooks - Browser is opened..!
2026-04-25 23:23:10 INFO  Hooks.Hooks - url is launched..!
2026-04-25 23:23:10 INFO  StepDefinations.ProductListingPageStep - Searching product: Tshirts
2026-04-25 23:23:32 INFO  Hooks.Hooks - Browser is opened..!
2026-04-25 23:23:34 INFO  Hooks.Hooks - url is launched..!
2026-04-25 23:23:34 INFO  StepDefinations.ProductListingPageStep - Searching product: Tshirts
2026-04-25 23:23:57 INFO  Hooks.Hooks - Browser is opened..!
2026-04-25 23:24:00 INFO  Hooks.Hooks - url is launched..!
2026-04-25 23:24:00 INFO  StepDefinations.ProductListingPageStep - Searching product: Tshirts
2026-04-25 23:24:24 INFO  Hooks.Hooks - Browser is opened..!
2026-04-25 23:24:27 INFO  Hooks.Hooks - url is launched..!
2026-04-25 23:24:27 INFO  StepDefinations.ProductListingPageStep - Searching product: Tshirts
2026-04-25 23:24:50 INFO  Hooks.Hooks - Browser is opened..!
2026-04-25 23:24:53 INFO  Hooks.Hooks - url is launched..!
2026-04-25 23:24:53 INFO  StepDefinations.ProductListingPageStep - Searching product: Tshirts
2026-04-25 23:25:15 INFO  Hooks.Hooks - Browser is opened..!
2026-04-25 23:25:18 INFO  Hooks.Hooks - url is launched..!
2026-04-25 23:25:18 INFO  StepDefinations.ProductListingPageStep - Searching product: Tshirts
2026-04-25 23:25:41 INFO  Hooks.Hooks - Browser is opened..!
2026-04-25 23:25:44 INFO  Hooks.Hooks - url is launched..!
2026-04-25 23:25:44 INFO  StepDefinations.ProductListingPageStep - Searching product: Tshirts
2026-04-25 23:26:07 INFO  Hooks.Hooks - Browser is opened..!
2026-04-25 23:26:09 INFO  Hooks.Hooks - url is launched..!
2026-04-25 23:26:09 INFO  StepDefinations.ProductListingPageStep - Searching product: Tshirts
2026-04-25 23:26:32 INFO  Hooks.Hooks - Browser is opened..!
2026-04-25 23:26:37 INFO  Hooks.Hooks - url is launched..!
2026-04-25 23:26:37 INFO  StepDefinations.ProductListingPageStep - Searching product: Tshirts
2026-04-25 23:27:00 INFO  Hooks.Hooks - Browser is opened..!
2026-04-25 23:27:03 INFO  Hooks.Hooks - url is launched..!
2026-04-25 23:27:03 INFO  StepDefinations.ProductListingPageStep - Searching product: Tshirts
2026-04-25 23:27:25 INFO  Hooks.Hooks - Browser is opened..!
2026-04-25 23:27:28 INFO  Hooks.Hooks - url is launched..!
2026-04-25 23:27:28 INFO  StepDefinations.ProductListingPageStep - Searching product: Tshirts
2026-04-25 23:27:51 INFO  Hooks.Hooks - Browser is opened..!
2026-04-25 23:27:54 INFO  Hooks.Hooks - url is launched..!
2026-04-25 23:27:54 INFO  StepDefinations.ProductListingPageStep - Searching product: Tshirts
2026-04-25 23:28:16 INFO  Hooks.Hooks - Browser is opened..!
2026-04-25 23:28:19 INFO  Hooks.Hooks - url is launched..!
2026-04-25 23:28:19 INFO  StepDefinations.ProductListingPageStep - Searching product: Tshirts
2026-04-25 23:28:42 INFO  Hooks.Hooks - Browser is opened..!
2026-04-25 23:28:45 INFO  Hooks.Hooks - url is launched..!
2026-04-25 23:28:45 INFO  StepDefinations.ProductListingPageStep - Searching product: Tshirts
2026-04-25 23:29:10 INFO  Hooks.Hooks - Browser is opened..!
2026-04-25 23:29:13 INFO  Hooks.Hooks - url is launched..!
2026-04-25 23:29:13 INFO  StepDefinations.ProductListingPageStep - Searching product: Tshirts
2026-04-25 23:29:15 INFO  StepDefinations.ProductListingPageStep - Applying category filter: White
2026-04-25 23:29:17 INFO  StepDefinations.ProductListingPageStep - Colour filter applied: White
2026-04-25 23:29:17 INFO  StepDefinations.ProductListingPageStep - Colour filter applied successfully..
2026-04-25 23:29:36 INFO  Hooks.Hooks - Browser is opened..!
2026-04-25 23:29:39 INFO  Hooks.Hooks - url is launched..!
2026-04-25 23:29:39 INFO  StepDefinations.ProductListingPageStep - Searching product: Tshirts
2026-04-25 23:29:42 INFO  StepDefinations.ProductListingPageStep - Applying category filter: Blue
2026-04-25 23:29:43 INFO  StepDefinations.ProductListingPageStep - Colour filter applied: Blue
2026-04-25 23:29:43 INFO  StepDefinations.ProductListingPageStep - Colour filter applied successfully..
2026-04-25 23:30:03 INFO  Hooks.Hooks - Browser is opened..!
2026-04-25 23:30:05 INFO  Hooks.Hooks - url is launched..!
2026-04-25 23:30:05 INFO  StepDefinations.ProductListingPageStep - Searching product: Tshirts
2026-04-25 23:30:08 INFO  StepDefinations.ProductListingPageStep - Applying category filter: Black
2026-04-25 23:30:09 INFO  StepDefinations.ProductListingPageStep - Colour filter applied: Black
2026-04-25 23:30:09 INFO  StepDefinations.ProductListingPageStep - Colour filter applied successfully..
2026-04-25 23:30:29 INFO  Hooks.Hooks - Browser is opened..!
2026-04-25 23:30:31 INFO  Hooks.Hooks - url is launched..!
2026-04-25 23:30:31 INFO  StepDefinations.ProductListingPageStep - Searching product: Tshirts
2026-04-25 23:30:34 INFO  StepDefinations.ProductListingPageStep - Applying category filter: Brown
2026-04-25 23:31:07 INFO  Hooks.Hooks - Browser is opened..!
2026-04-25 23:31:10 INFO  Hooks.Hooks - url is launched..!
2026-04-25 23:31:10 INFO  StepDefinations.ProductListingPageStep - Searching product: Tshirts
2026-04-25 23:31:13 INFO  StepDefinations.ProductListingPageStep - Applying category filter: Red
2026-04-25 23:31:15 INFO  StepDefinations.ProductListingPageStep - Colour filter applied: Red
2026-04-25 23:31:15 INFO  StepDefinations.ProductListingPageStep - Colour filter applied successfully..
2026-04-25 23:31:36 INFO  Hooks.Hooks - Browser is opened..!
2026-04-25 23:31:38 INFO  Hooks.Hooks - url is launched..!
2026-04-25 23:31:38 INFO  StepDefinations.ProductListingPageStep - Searching product: Tshirts
2026-04-25 23:31:41 INFO  StepDefinations.ProductListingPageStep - Applying category filter: Green
2026-04-25 23:31:42 INFO  StepDefinations.ProductListingPageStep - Colour filter applied: Green
2026-04-25 23:31:42 INFO  StepDefinations.ProductListingPageStep - Colour filter applied successfully..
2026-04-25 23:32:02 INFO  Hooks.Hooks - Browser is opened..!
2026-04-25 23:32:04 INFO  Hooks.Hooks - url is launched..!
2026-04-25 23:32:04 INFO  StepDefinations.ProductListingPageStep - Searching product: Tshirts
2026-04-25 23:32:07 INFO  StepDefinations.ProductListingPageStep - Applying category filter: 10% and above
2026-04-25 23:32:08 INFO  StepDefinations.ProductListingPageStep - selected discount: 10% and above
2026-04-25 23:32:08 INFO  StepDefinations.ProductListingPageStep - discount filter applied: 10% and above
2026-04-25 23:32:08 INFO  StepDefinations.ProductListingPageStep - discount filter applied successfully..
2026-04-25 23:32:30 INFO  Hooks.Hooks - Browser is opened..!
2026-04-25 23:32:33 INFO  Hooks.Hooks - url is launched..!
2026-04-25 23:32:33 INFO  StepDefinations.ProductListingPageStep - Searching product: Tshirts
2026-04-25 23:32:36 INFO  StepDefinations.ProductListingPageStep - Applying category filter: 20% and above
2026-04-25 23:32:36 INFO  StepDefinations.ProductListingPageStep - selected discount: 20% and above
2026-04-25 23:32:36 INFO  StepDefinations.ProductListingPageStep - discount filter applied: 20% and above
2026-04-25 23:32:36 INFO  StepDefinations.ProductListingPageStep - discount filter applied successfully..
2026-04-25 23:32:58 INFO  Hooks.Hooks - Browser is opened..!
2026-04-25 23:33:01 INFO  Hooks.Hooks - url is launched..!
2026-04-25 23:33:01 INFO  StepDefinations.ProductListingPageStep - Searching product: Tshirts
2026-04-25 23:33:06 INFO  StepDefinations.ProductListingPageStep - Applying category filter: 30% and above
2026-04-25 23:33:06 INFO  StepDefinations.ProductListingPageStep - selected discount: 30% and above
2026-04-25 23:33:06 INFO  StepDefinations.ProductListingPageStep - discount filter applied: 30% and above
2026-04-25 23:33:06 INFO  StepDefinations.ProductListingPageStep - discount filter applied successfully..
2026-04-25 23:33:26 INFO  Hooks.Hooks - Browser is opened..!
2026-04-25 23:33:27 INFO  Hooks.Hooks - url is launched..!
2026-04-25 23:33:28 INFO  StepDefinations.ProductListingPageStep - Searching product: Tshirts
2026-04-25 23:33:31 INFO  StepDefinations.ProductListingPageStep - Applying category filter: 40% and above
2026-04-25 23:33:32 INFO  StepDefinations.ProductListingPageStep - selected discount: 40% and above
2026-04-25 23:33:32 INFO  StepDefinations.ProductListingPageStep - discount filter applied: 40% and above
2026-04-25 23:33:32 INFO  StepDefinations.ProductListingPageStep - discount filter applied successfully..
2026-04-25 23:33:54 INFO  Hooks.Hooks - Browser is opened..!
2026-04-25 23:33:57 INFO  Hooks.Hooks - url is launched..!
2026-04-25 23:33:57 INFO  StepDefinations.ProductListingPageStep - Searching product: Tshirts
2026-04-25 23:34:00 INFO  StepDefinations.ProductListingPageStep - Applying category filter: 50% and above
2026-04-25 23:34:00 INFO  StepDefinations.ProductListingPageStep - selected discount: 50% and above
2026-04-25 23:34:00 INFO  StepDefinations.ProductListingPageStep - discount filter applied: 50% and above
2026-04-25 23:34:00 INFO  StepDefinations.ProductListingPageStep - discount filter applied successfully..
2026-04-25 23:34:22 INFO  Hooks.Hooks - Browser is opened..!
2026-04-25 23:34:24 INFO  Hooks.Hooks - url is launched..!
2026-04-25 23:34:24 INFO  StepDefinations.ProductListingPageStep - Searching product: Tshirts
2026-04-25 23:34:27 INFO  StepDefinations.ProductListingPageStep - Applying category filter: 60% and above
2026-04-25 23:34:27 INFO  StepDefinations.ProductListingPageStep - selected discount: 60% and above
2026-04-25 23:34:27 INFO  StepDefinations.ProductListingPageStep - discount filter applied: 60% and above
2026-04-25 23:34:27 INFO  StepDefinations.ProductListingPageStep - discount filter applied successfully..
2026-04-25 23:34:49 INFO  Hooks.Hooks - Browser is opened..!
2026-04-25 23:34:52 INFO  Hooks.Hooks - url is launched..!
2026-04-25 23:34:52 INFO  StepDefinations.ProductListingPageStep - Searching product: Tshirts
2026-04-25 23:34:54 INFO  StepDefinations.ProductListingPageStep - Applying category filter: 70% and above
2026-04-25 23:34:54 INFO  StepDefinations.ProductListingPageStep - selected discount: 70% and above
2026-04-25 23:34:54 INFO  StepDefinations.ProductListingPageStep - discount filter applied: 70% and above
2026-04-25 23:34:54 INFO  StepDefinations.ProductListingPageStep - discount filter applied successfully..
2026-04-25 23:35:15 INFO  Hooks.Hooks - Browser is opened..!
2026-04-25 23:35:18 INFO  Hooks.Hooks - url is launched..!
2026-04-25 23:35:18 INFO  StepDefinations.ProductListingPageStep - Searching product: Tshirts
2026-04-25 23:35:20 INFO  StepDefinations.ProductListingPageStep - Applying category filter: 80% and above
2026-04-25 23:35:21 INFO  StepDefinations.ProductListingPageStep - selected discount: 80% and above
2026-04-25 23:35:21 INFO  StepDefinations.ProductListingPageStep - discount filter applied: 80% and above
2026-04-25 23:35:21 INFO  StepDefinations.ProductListingPageStep - discount filter applied successfully..
2026-04-25 23:35:41 INFO  Hooks.Hooks - Browser is opened..!
2026-04-25 23:35:44 INFO  Hooks.Hooks - url is launched..!
2026-04-25 23:35:44 INFO  StepDefinations.ProductListingPageStep - Searching product: Tshirts
2026-04-25 23:35:47 INFO  StepDefinations.ProductListingPageStep - Applying category filter: 90% and above
2026-04-25 23:35:47 INFO  StepDefinations.ProductListingPageStep - selected discount: 90% and above
2026-04-25 23:35:47 INFO  StepDefinations.ProductListingPageStep - discount filter applied: 90% and above
2026-04-25 23:35:47 INFO  StepDefinations.ProductListingPageStep - discount filter applied successfully..
2026-04-25 23:36:06 INFO  org.testng.internal.Utils - [TestNG] Time taken by org.testng.reporters.jq.Main@7c23224a: 52 ms
2026-04-25 23:36:06 INFO  org.testng.internal.Utils - [TestNG] Time taken by org.testng.reporters.FailedReporter@57165724: 11 ms
2026-04-25 23:36:06 INFO  org.testng.internal.Utils - [TestNG] Time taken by org.testng.reporters.XMLReporter@5cb88f3d: 18 ms
2026-04-25 23:36:06 INFO  org.testng.internal.Utils - [TestNG] Time taken by org.testng.reporters.EmailableReporter2@2e18c1e: 7 ms
2026-04-25 23:36:06 INFO  org.testng.internal.Utils - [TestNG] Time taken by org.testng.reporters.JUnitReportReporter@21262735: 23 ms
2026-04-25 23:36:06 INFO  org.testng.internal.Utils - [TestNG] Time taken by org.testng.internal.ExitCodeListener@c33d5e3: 0 ms
